"","G1_1","G1_2","G1_3","G1_4","G1_5","G1_6","G1_7","G1_8","G1_9","G1_10","G2_1","G2_2","G2_3","G2_4","G2_5","G2_6","G2_7","G2_8","G2_9","G2_10"
"P00001",112785.558310912,68372.9261592013,219137.52516765,97991.7840173956,82844.7994465539,71528.0742115933,99759.8081830359,52770.4445852184,66522.0966508327,281790.810914716,107716.840715185,129228.043147925,181306.084157547,42271.1603505189,61930.7739031832,111559.013041642,53396.0772100247,72524.6876736524,88810.8583683976,88060.3489325728
"P00002",186707.659352564,212926.033805641,191211.21247385,114694.704796595,105543.281992383,113503.851765372,93185.42728946,203033.830465579,152770.10163494,115127.732596571,312562.673965209,283119.04757654,154268.71922182,131191.608286465,172380.767837116,129402.235367031,109410.245087007,213452.207685876,137635.334912675,184424.347296626
"P00003",160639.761769323,380454.989312017,220346.894600014,107863.547738766,286068.431751133,431522.262423358,428138.567443745,228732.514306699,353945.41311299,325501.447417934,311570.654405859,578449.296005942,557721.961494815,278797.493923642,320916.627378953,327802.07366887,165361.68871449,149308.73025171,398414.174541974,197165.385537947
"P00004",318204.509828919,1042686.16278688,338550.037403305,83949.7460356197,673201.307049377,841062.970610298,712940.729967836,396144.471326747,483811.907957767,720985.795042032,456305.370117265,1008864.16016826,386292.174157489,728914.837292621,522800.637953868,1190163.04417487,193404.724258251,511355.269154369,422860.819997446,422725.004231895
"P00005",523053.179325641,499120.856865927,546367.428438205,525893.146127196,384952.933534015,420734.673538714,322223.096848359,500925.739654191,285904.172326787,229187.660455436,483593.566965694,282317.644782569,487682.664669134,291616.208029764,836874.264298109,755819.065742637,370610.387509424,547500.209379441,328651.947367413,1046045.53640583
"P00006",178460.087017627,191052.229254864,198106.625957335,191180.310477836,248970.445911096,351634.238927808,124274.404260968,329152.854871974,314225.557645382,155283.338462806,332084.14199826,291926.362894329,181850.850853023,203457.133969326,84494.8661417723,303612.023504152,171757.501242372,363850.490222046,247241.966171587,269463.39450387
"P00007",103614.21549087,109779.456723147,106607.373902206,132529.886280647,158430.810183066,52118.908331098,125702.988604104,55923.654428816,72374.8516109663,51835.3180714171,127867.232589458,112245.537381006,203259.330358481,75331.4474851091,173728.086617573,52060.9197253843,96835.3756255159,121329.320355316,111768.770703974,104978.651465834
"P00008",196573.546663463,493085.394936492,555871.13214864,313666.292289534,358974.104700887,482351.796346665,177871.608169966,245492.306803212,536221.207625473,306751.998644695,312073.390721237,142352.212025395,116674.236330314,458964.918358659,224230.739164916,248456.401934053,336125.025922473,217689.504194306,385104.335144568,262273.729921498
"P00009",213818.756544291,658633.982562969,285071.090929712,163218.041606863,539312.220044286,270549.521220642,452742.17095325,255049.788246782,420053.84779766,341839.267099126,345747.687389037,600654.020212165,288798.391848094,277273.199015587,391733.705410328,622391.267961167,841647.179921809,156555.011137147,414150.968722323,174349.147572797
"P00010",672285.929649228,679995.13008611,330524.452515374,527756.070732994,782921.414460204,592357.525837997,513684.28512582,732942.740199561,437409.497779275,512165.350697808,837919.239267718,756739.337041082,705621.233820032,1036193.24530951,384342.258853859,462594.774497242,401297.572238665,812975.72290513,767318.351680379,632938.978089624
"P00011",192092.87493864,188599.847521323,215318.724011148,495229.803174388,239182.892600744,168499.245571303,177576.121183001,190503.622076102,106544.780933013,336991.431173858,210777.114548528,71704.0127682499,354956.204461927,84878.1252541943,158811.756857647,118777.386336376,141620.620518015,285090.856848831,146439.438528209,154491.587388099
"P00012",487411.27541576,1114947.66469463,298571.056134954,250668.201959199,434132.958854564,191056.879553977,276602.046290101,705707.135561072,185571.165968933,345010.78297789,234207.373928554,361613.296781746,301671.513929029,401683.071011717,276212.282847508,409430.358385811,446034.238625469,234220.32484022,428753.979061412,918575.827590812
"P00013",250943.054443573,791967.597186769,284625.834012902,524943.499575946,897867.850102157,457521.986474161,326030.208268628,458947.909172262,506349.86256186,454485.823283138,889263.443865615,385650.894414709,520476.556200702,286156.279800715,1160883.32214298,723701.771022625,448992.093709303,459256.939770827,333277.677217678,461550.375446707
"P00014",231909.220503361,155639.993911013,186949.573999669,202282.890323572,229016.409566546,410277.780176976,172173.546881838,244678.848587179,300451.41022859,250552.594421284,210725.299493969,105901.185644739,184856.503469449,167783.507613995,282743.452744594,190420.65501531,275703.08882481,163457.787787737,105664.867558603,203481.664244891
"P00015",307947.853622491,158824.606417042,593900.139470905,333357.538367547,226407.206305203,200925.253419317,283768.179731326,242162.652230342,172820.972931377,296398.022960455,310916.482229377,195173.386075587,211636.810387741,166159.482757906,434156.943942611,408051.412041998,427634.425725071,517201.08144015,396310.30726997,581627.189904145
"P00016",3180511.73351785,2484422.30336306,2621538.85835002,5865484.83036909,1697907.8099864,2188487.21375086,2726931.42443307,5083537.73071355,2318901.19823721,3411758.44678357,2428064.28687142,2865916.26924047,4020051.49082,2802712.50213802,2585927.86029301,4862983.5887633,4267875.54887667,1964958.68743504,3021105.99423217,3363225.74875891
"P00017",103128.068000016,57450.4384300445,61993.5432674684,70903.9845627672,38592.4114679119,116852.247123935,116031.570735024,67005.0535764867,67403.8589004595,99491.5861881731,148869.657395249,64421.6026571988,197146.250489944,184268.77342159,114139.889426044,109521.978074688,58552.0742864273,96390.22374988,53436.0741545604,53500.9915232725
"P00018",255848.278810536,866746.005208855,189919.530800572,503481.070305617,557394.676429318,464908.838691831,322558.324707691,306342.324648092,573745.532226627,469282.650373607,610476.574151987,462400.025333098,705312.398168164,479400.787126886,435259.173268348,636629.487523026,430755.171338057,203204.625040313,577011.924840254,399204.702675426
"P00019",256623.813437874,550588.612830936,410474.674435843,358910.69553171,303711.078854725,309849.942475052,223409.676100951,290125.69702694,63681.9362701326,283794.368750891,215507.928967124,219935.326187224,204916.665570476,187796.679299499,459872.775703168,463314.290956264,194270.52001097,365836.456463827,328385.766398021,154947.789161301
"P00020",609670.027738362,157568.121697457,638175.564729949,622347.489879938,405595.497960988,346101.264171906,589381.098147167,267451.902498828,711397.377913218,370509.617536487,769556.751029701,211427.903010365,339098.560790673,535518.263230103,328060.479228004,525117.549960123,1011006.25425225,374531.838491357,804199.55637099,648601.552751197
"P00021",44917.8325374539,89205.6761867624,184487.80465442,116614.212465805,84549.3433634541,142771.293933019,139793.590414733,94599.1183145312,56180.5659475861,91393.713960416,91823.1293596428,144825.863959762,54673.4522524351,60486.2933044056,118255.008287517,37283.6157423863,207816.972478809,156996.111896292,139668.102836589,125489.193790593
"P00022",385029.094215666,574725.72502199,328349.674066099,191201.928065193,170070.513622146,664720.554222047,262026.570052187,504990.067575619,873759.899446704,401590.321184136,131270.024747839,283927.288695257,191179.021565809,745088.603823982,429962.23842014,655684.074168487,243852.049590024,343996.376823437,342712.953316673,224025.84609883
"P00023",2520408.11904741,645838.960390179,2131971.91786937,5877346.18091755,1538628.67117094,1111983.36449865,1965405.22878561,1264608.76851295,1582928.54669953,1296359.07078279,1598481.34909243,1351837.99134968,677540.892450894,1541973.21223152,969430.263025333,1077658.90052585,2014175.55307456,698598.590380505,1523851.11988815,1431201.27308626
"P00024",426199.947904526,205917.856150157,400134.009488262,431025.984671516,181495.828092875,306817.058223747,705020.315716049,593734.402723543,367499.511441997,254194.331919751,888600.135540269,265530.211774803,474658.920475154,253741.502351642,311023.076274866,337065.759240575,458109.163755102,389877.834056732,214851.336159319,292192.225415361
"P00025",1243383.44232386,441888.414674241,672235.874892719,1559955.41052024,1484215.79681991,1320479.59362843,1412799.54749843,3041399.32911671,859280.260593277,1403925.7123216,1067661.34437356,1056236.13435456,766931.15496281,1328369.07024902,1128149.19143545,695795.148890605,954478.762762909,1435239.70757537,780990.772293176,669339.494697471
"P00026",192617.930452719,134969.163849453,194970.775634014,115480.862321216,218988.013166029,359535.654803595,178330.004167646,189654.405233432,297787.919359548,149878.576750322,158097.277696949,71255.9752591303,158743.758676077,104920.744802919,91647.3816802936,123442.855780707,294563.49707965,294483.62793812,260058.544036708,242741.761694608
"P00027",830130.060620151,307353.384265818,191104.172986125,805368.321634006,766050.4192865,690203.597334677,450078.186915456,834042.187613516,318260.95387404,858043.63186829,121810.121379453,92846.0084909844,141395.490875758,68465.5696187594,133683.702448106,178686.334082969,191704.444152501,124833.830402126,293568.323178996,161127.435366983
"P00028",128496.528122787,115221.207947133,147221.444310407,98221.0684915731,79009.5412614819,68784.2406742224,119866.847299387,53642.0926712541,91063.9827780466,86915.6585236356,45356.4884062229,42117.7835837481,56411.6523778358,95279.7140378994,52005.1467652048,47292.9169014585,80480.0820040678,50010.9412718508,44111.725260352,31181.653979168
"P00029",252274.485313227,575360.471495446,696133.006992781,285262.467901656,370156.043086736,563173.281709444,341357.817291667,708525.745609445,406187.191937991,738577.982368148,755699.396892864,637250.325244994,258743.271417797,567102.292149362,305027.162289319,377660.973208717,202446.188926076,306978.762137618,640627.812793686,545452.637390626
"P00030",261450.041023537,335977.269121937,973241.707467305,682699.925840403,304807.348831068,412587.367476015,564337.690938158,228364.620094055,735698.648757354,540112.884084163,457425.692742481,231259.069831973,324061.378333138,212237.371977819,551100.120903577,138808.984631894,690668.464081269,549042.807441315,460174.380942173,587405.580248879
"P00031",553850.068991833,351962.682970117,169194.779858769,416284.797138636,206114.219736207,179151.990496134,461764.118438062,256331.953109658,334550.761621757,256987.802709715,438789.304820208,192144.019446358,264299.102096997,422917.43912816,273861.694947629,226573.089157712,338114.341912639,291439.987504744,211285.144763596,389735.615789532
"P00032",338599.936265515,763877.008193371,414510.523904893,217469.42713658,236822.697807124,270740.195305105,456957.452953952,242720.481604875,377016.160000927,298275.287046303,208014.625950621,518740.279102283,665489.186347167,227112.226886839,361163.824092549,114931.622310437,398816.525541294,128399.744147804,270937.278032316,570825.387521384
"P00033",217418.950596765,420642.567618849,268484.031003893,451888.906509169,250159.193589798,318328.62892675,473967.855447576,147603.789219829,420811.129640576,326447.228483155,477742.025863053,285389.25264536,440831.899241045,250994.010181699,402570.601142158,337227.555348973,477794.914234862,378146.201156263,367496.919501361,629378.421526436
"P00034",697274.795571851,1905109.15850042,779672.670183468,1389258.15485637,2208459.21392608,2791173.16951005,686024.75760367,1854400.36492734,1284539.89998263,1337608.71696978,889220.83429615,680207.145131687,1980996.73762506,2161702.5493949,1742034.38129954,1110746.80663853,1252227.19910491,1106724.60626136,1178335.58798951,866801.892848153
"P00035",51575.0264235862,19576.4389639755,46835.3256606911,104984.66454907,73825.7823362618,36750.6215794058,84509.5388034771,45880.3664542462,48299.5280664112,45658.7335047154,796276.462884704,161497.051693131,284966.717522776,79538.6629670089,166452.929299404,120956.443790103,535028.639931469,225115.525267931,259798.17821984,192900.190974793
"P00036",206972.501724049,183482.821748916,131578.906371805,618169.854074997,150345.071611443,193908.971111139,355239.418274483,74353.3773672517,296856.81608154,230608.406935245,211257.095519096,399452.747660011,334723.163769896,368935.883336788,454602.4245937,436338.771792585,407548.826158552,328683.253846506,366763.914942792,337680.151054426
"P00037",629333.449742824,426099.669595932,1013807.01885075,725386.466203842,1183598.82132894,617241.928542933,1046625.24918287,663630.693263594,675485.237732952,358335.885515053,701545.476108456,678931.343525986,800401.123492572,1062403.89065794,275457.786818111,1910137.98151011,524544.182377126,850714.58998099,1115770.52261639,551579.646442051
"P00038",509471.692280306,1012233.87849786,523563.072043445,460209.935616264,453099.195614537,533031.933767366,935554.558727302,715624.325698085,854903.270819626,891856.684568196,263722.213174869,497875.002222426,1117804.7696254,432871.392041506,383881.063504951,909975.642681257,663676.730547105,876276.439104573,500974.540727991,638325.228136884
"P00039",75282.709352904,84494.8861179092,154288.14727974,278388.915062595,176748.571946227,101025.92216901,155366.68205388,256496.048659381,243678.663957885,70498.9536190017,148390.436034124,153803.632388751,121895.449910263,74759.1618376841,65069.2757378882,54102.3095646057,202196.387443917,150880.633970824,103322.648002587,129274.704429935
"P00040",624957.327094149,378995.19765656,241614.16370347,562415.31303288,296814.359019719,372757.351712219,598703.343693558,317635.138943394,473600.636625906,281629.233810739,85242.6752812176,275747.816993462,524034.704890495,177443.923347507,636824.314703394,196455.242421719,348222.765593251,271642.065692237,399025.358616323,299779.767132056
"P00041",161703.098527363,86454.6418578681,251283.438842918,165856.772601393,126088.70153233,116326.604028793,122770.371072871,58619.4298995563,160063.316130428,78785.0266849134,364250.066348759,116597.945531756,48770.0534373002,59868.4330492448,43695.9625795482,21771.1048631231,163966.911425551,173966.985989039,145323.919165996,135441.474722915
"P00042",203866.746045369,288460.646643351,198463.291872339,286329.820929109,378292.840816778,498255.375312566,338913.379079747,765166.996768115,293715.35218136,650324.860773498,371011.870312494,389006.401732139,282927.233914347,211391.933238736,292646.782700093,508684.301832043,293910.301762207,300547.43643191,181346.077131451,471107.278244408
"P00043",1010200.39850549,994000.622630336,1338810.59183273,573604.421494854,1035096.07419174,654937.044124621,934862.612333301,1509646.0401303,1242321.86537022,585237.822922463,1488349.34315642,671201.519684375,622894.687121054,902158.298622944,732803.510491698,322255.119732674,883272.964134088,1303041.71653635,872600.07154807,1790191.5969642
"P00044",1017669.29977587,588771.830182729,892219.029443979,677118.889476681,1493006.32322306,1205066.34595224,1502936.812796,850242.722538064,1420261.69224369,619488.068124373,939473.820021873,763693.373688193,925494.698784264,1091738.80087341,1757532.34853858,1684666.99675743,1103939.68684184,694180.475612764,898107.206327724,1155445.47446692
"P00045",113370.52493519,269646.881706035,112126.199262426,187555.668785511,100922.016398112,217846.824617194,71788.0364407299,95028.3995894497,174044.47938447,104334.367434291,58952.3968180252,231261.98428887,197336.761604428,112391.964431071,124644.304647604,112209.27052337,98580.1872455188,284273.161984178,137388.922403639,197064.493066394
"P00046",593020.096841933,835049.175399125,287055.810058465,562333.431902158,483257.725354711,681716.064910966,145575.289475497,592096.834205669,438519.149241988,585227.088038526,376150.122498118,522800.967295365,326570.277979642,346549.22832957,907168.021781316,324128.273367472,602493.792167759,467956.957666971,672888.239363234,398703.544783808
"P00047",207540.108241415,150826.273727993,203617.125044607,340347.383686283,144159.225662863,251126.808446103,545596.904162488,99820.8470601132,125986.664228511,179314.989281886,219363.370097603,214018.933294317,184882.655947192,114902.093444394,281533.934256688,123660.441366572,282978.991280113,306874.268918374,233096.470934026,353157.848138885
"P00048",1239908.48192319,336946.114022443,422670.340143578,255779.321599512,438070.376186354,792091.912587208,382083.935682983,412864.677866516,382457.252604178,332473.382588207,316870.300316361,568226.038672833,344493.534153016,368016.985115465,901556.578507708,828578.254227652,343539.915383781,504451.232936285,337412.751822842,432153.68624391
"P00049",303427.192273106,929788.930584105,248065.851094753,193655.796472656,452782.708364922,325766.125694473,100389.116327122,352507.860119736,422668.059125435,311973.812997979,204606.528205704,817083.784275164,259297.051282747,579054.871551954,482834.631616474,787345.997003562,470275.248495426,246225.765303968,235528.284921655,448940.923691583
"P00050",151478.656534059,65411.3102617598,62669.4622822174,82153.1797808524,84661.1202851632,44915.6696143818,48894.4289998665,59002.2381978703,56599.9525891355,69522.4580111062,119961.664579646,28171.88044451,72182.8121693925,110615.808263035,51247.7138240426,47056.5407183243,177411.039710636,74703.3363092211,68368.8168601018,93930.7499491632
"P00051",101124.001686641,22298.5432738443,43074.6855742797,45378.0143628624,73073.5540712072,48168.9979078743,56260.5711069362,34445.5983198454,76886.014711441,44646.794978223,60528.0306579747,74535.2783753253,36554.1272060553,46107.6754556527,130598.775768157,42259.5057235275,110981.162823837,48307.0119021893,48098.1465419933,19509.0801239733
"P00052",46319.872049075,119283.761580074,61973.5274204228,83753.632136726,142053.022673613,116562.37150987,47892.5571914685,65549.2754603372,40317.7047587565,74784.0655996411,59908.1337491356,51205.2991793698,48999.8714654646,83022.1331941708,99530.0066109241,30743.1769694427,38984.5063818085,67267.1657889009,73410.3281965393,52793.5021687553
"P00053",1018834.32298724,1004779.53030232,1701349.86786168,684324.086199525,1217176.15923328,2998843.7691782,1713384.71601486,1531177.39510174,1851713.90339524,1697846.59197526,1166675.9114392,1543094.68542526,1379161.23327512,1123993.88108738,1061791.08079449,1417945.2254824,1440447.09287511,1045252.03757943,1235617.19121713,1262116.55896518
"P00054",98000.781336904,91410.489164827,104013.327699691,104501.707415394,93227.4295907507,154278.354932952,88044.5860133135,175932.685010698,189774.217465164,54520.5977958441,152105.960904435,79703.7934923798,71798.6691599975,82803.9055545532,162664.230950112,104172.21812723,105420.005260646,127359.1335398,152525.508878306,140629.4216786
"P00055",236556.362625913,227462.836037931,410476.9269661,395094.729681212,489217.384653219,482889.287022142,627053.46990732,593887.81866349,164631.953245957,311458.186901266,706291.592761426,256632.202933393,384526.233362188,354351.805150243,270906.480520083,339433.838262046,865228.049230351,651998.537163213,274962.580427219,741731.45828595
"P00056",269839.084381789,125897.309093472,227995.265130156,335961.764674922,149706.85713731,93580.0197066455,564864.494644707,211595.704108567,307058.344680615,305781.123456928,319615.890514844,216030.52453617,574505.306947868,146416.974661343,230531.801326576,92070.6794104764,178767.525477878,430968.731184972,178280.849445407,278221.49888317
"P00057",490248.845505855,594716.908687447,439555.707971338,406367.689858007,364653.810979863,184636.740147551,695623.155838085,233887.229033873,427660.298118425,272706.888202421,469296.604018752,657805.082039515,382158.776264205,446509.853979262,836452.058702245,454541.775039793,370240.740034879,661348.818192726,425674.840624264,193447.89042361
"P00058",344864.585066164,328222.207742059,452031.32968244,580360.33638798,371344.380278402,673096.750376246,207483.613750776,206309.639363161,353520.184037681,308817.580584262,459914.376573159,277246.006386066,209922.791120057,305283.42533598,403431.764277619,249656.171377181,467845.098159551,355250.586370214,243267.311141334,275557.424435961
"P00059",248050.570944644,91315.623343916,380485.707339207,413894.27955476,263640.696425259,175158.429647071,216041.044169344,528281.800530351,245771.816761501,366984.350971631,299760.539465036,205895.838278431,191650.916633242,366695.939579037,300602.716059534,260276.007926545,444240.223254987,230587.413882877,377639.398025665,379620.35030897
"P00060",625913.279983204,535102.844271667,916456.631184276,560090.494898873,1488039.82534018,1081177.1912388,572454.922641457,455974.777007694,405696.386742041,450238.673048949,207633.556228173,1263510.56658655,371136.67546149,594653.875276073,546673.888890906,2126859.53666651,284130.187408359,642156.648232298,583348.194638137,633460.800816007
"P00061",218974.951998121,101083.067096155,173081.055563245,125020.594945297,126265.391628224,139562.126774203,192922.48788777,67415.1355429908,324410.838063591,138691.589276038,108454.924514183,99254.3719509772,129805.894398419,97956.2541960324,138088.024561472,119751.704406321,244364.147578737,106063.515537879,112122.235432985,168586.913104448
"P00062",164964.138681078,223392.571640251,173696.133763111,265165.928108027,234869.991187166,245562.031173737,367032.659118337,158893.295843918,259652.332619004,396434.101179915,452455.672618904,223103.55708482,248483.911708622,283593.391816468,191037.12536774,203750.697471849,419008.882332803,138703.31522783,485407.264262571,335732.612589783
"P00063",705129.483083978,531871.48398573,1020529.05617772,819814.679210016,1072141.13825634,603839.358895929,909830.909063204,916973.250371128,697606.208047539,411662.061176472,643310.877319145,1147258.11730786,454932.417406106,888902.006558445,735244.733680035,502756.917042533,1911186.98008306,765898.264342655,591321.894954559,714466.300991106
"P00064",402389.9573079,518394.565132576,817769.9102987,293298.871489189,374918.782174447,607673.349397414,505263.813744388,568667.641127629,766039.119619772,738145.504020235,475709.832591293,458329.753396638,276457.453800496,323565.562307425,1062748.02741309,503402.084221745,317317.566004658,397905.274228557,412507.031177524,689735.697066695
"P00065",1238689.79445441,495193.425530583,660224.862863271,993728.821561891,1822174.52216798,946462.393253616,513174.297949239,1754539.43099771,1147985.02490208,1354312.70214271,606109.081113733,1676949.13882578,2060950.35887832,835906.18615809,1773050.69942323,1567737.69437893,621815.353912345,1466897.34995459,864269.27553436,869573.132931212
"P00066",672493.195755766,1021784.47641368,814190.508027133,902584.826253046,525449.467173208,1941754.94566164,1509107.08018237,1125703.15694053,1460132.49272607,691680.596788391,909373.530589129,553178.017623918,884972.220655394,464235.502937095,994137.874342765,786503.936044179,871730.202489471,996518.579139631,521446.080888802,1200775.53858714
"P00067",640218.609370538,469426.857722969,640221.798783263,829212.365613123,398622.505662538,338022.923605333,645177.319300415,526519.11054859,349753.472673617,375623.84856978,742598.317402954,506228.172566035,406453.936586802,243087.810959932,162685.915927482,643883.865378191,663993.514447125,318366.234339046,1002536.51570403,338618.927245565
"P00068",220626.683814094,127132.50002139,251306.104046469,190383.843383558,45467.1175659173,127830.255559713,213067.086673885,85479.5683301395,137131.494540371,111731.297164981,89979.0828297948,181902.994422961,93193.7970924091,111726.865372163,181605.610948095,192402.211009718,63307.9764957562,168824.288362516,261946.485540675,96369.2148778616
"P00069",242927.754173794,335377.77746432,460360.457220343,288667.584343789,287428.5429134,167084.348031914,263959.556762446,303225.676049503,371543.567159167,229110.520889059,332364.553348464,490432.75082693,236972.420843431,289633.206505224,212690.71616477,183965.044428668,221270.904139524,394483.84693206,212261.388711204,302484.740244772
"P00070",225535.277144098,75060.0222794258,282276.302629663,423973.359262991,136243.213035216,179697.601870154,317901.181271209,290308.827115484,194144.031795351,152990.505984419,226048.124809987,194653.651799015,177381.615504823,113351.270950407,78676.6090425492,140621.610331578,177554.51549704,184483.596533345,206376.951827511,590251.899848382
"P00071",168305.583858461,81851.0408544363,293004.721463512,440363.520589094,303453.937454135,109651.409344879,264567.379614773,210425.195144904,336686.751378789,158278.538186418,271343.274504935,169237.784214641,262844.777053569,87885.9604528474,146396.41216025,325259.827154956,579962.973541734,346089.479579426,145018.716609396,256991.238585534
"P00072",222142.861496733,68175.1398814133,292630.393336711,203136.055475052,119777.88760596,190702.321085338,64479.0568482568,70769.2650084755,81217.5142763335,165341.806352609,126627.894394919,167965.985358088,140138.591193843,71739.3292794164,75631.060363505,129607.766584217,127666.328135146,206146.080519269,74558.8582793624,165178.492728934
"P00073",33752.4610686837,17230.1088777479,32081.9620877444,20886.6388797074,18820.6912042368,10951.5017347091,45064.8974595379,42349.9247024817,40963.7404706533,48807.3978296009,46384.7676601457,14130.2820759473,17568.6021940534,28254.565431147,25160.4303167641,26384.0662712892,26727.047795,22990.8307466427,27450.2929981255,57984.8498386412
"P00074",143853.241638607,502332.074899082,271829.411580779,177844.00417797,383635.54147231,505346.774718222,270008.802243301,338011.811505061,528849.245072375,383188.926572439,390419.816012782,757969.352486522,281301.60749708,321217.761650111,489771.358196635,353081.37060945,162479.252057517,443422.801182357,290580.164801872,194905.582654736
"P00075",93782.4197254982,187922.975991727,171090.861861868,236591.097001915,134394.809491936,96328.5891909538,130144.569944855,61393.8609762917,163418.61484297,103701.303302104,77188.9949139393,79217.0279100554,148392.301241879,99920.9123122831,244157.388161373,104403.286587018,54992.2237445844,87889.695020475,120064.331926008,139100.455537596
"P00076",363962.25081301,223047.534493968,371535.646492701,283963.372437856,346689.469949329,229377.693568154,471916.040720355,262104.497120504,364723.527758046,224648.274569935,604693.317041666,103378.373208804,214781.880335721,172824.40798076,397196.65942622,211935.612361381,777057.10938262,501072.150178016,284746.930714923,529257.77188583
"P00077",67905.9076017741,36880.7797902925,78724.2229114974,121937.917211101,43320.7271854776,74652.7370795522,145560.039949377,42902.1559903127,58131.9827196955,53243.9573352706,78618.7014558649,71274.5143643433,40489.1052540235,44348.7927364145,49984.6234193393,19754.4213603752,70573.5090881563,58236.7642668573,41830.7486555202,51395.2967927905
"P00078",318803.763794646,430284.981418319,257473.722521232,515234.562845082,384972.698346701,621167.736722549,286088.216530941,667424.489137708,361678.254274257,579501.527837066,332206.173998542,247788.934242414,423257.218469836,356286.143874201,1306416.24407385,371793.095931152,607539.822246889,768041.333515261,690591.979470027,871785.243384962
"P00079",926648.34984754,388961.758268677,515747.445021041,1588354.14841488,564767.144300737,1510296.70678573,731314.209621352,681691.701809987,730936.407128356,283936.68214425,508977.734943038,250032.14572862,928029.511955101,1199898.84676737,457376.236425758,644442.838157923,1277941.35539574,442175.298424693,666831.515821671,837401.849772193
"P00080",82658.28440145,51145.5143556712,34689.6132183125,114617.105280016,30540.2789599209,52771.1070222567,89198.9444103586,40381.3527394743,66946.4249485669,31468.5968582762,26663.3158487945,27634.6636023096,96202.8361947375,45596.9077638167,32880.1346888425,35265.8919484606,75472.9371212228,87338.618503116,47128.1040752516,62661.689178641
"P00081",1690493.3971699,531749.745441228,921589.195156144,1504216.71477071,1124421.79327974,1148994.13660645,1081948.85079595,603945.215957276,853083.512108811,1062665.19478155,1456993.74215775,460887.072969521,362289.262093107,908617.738874102,448267.246164374,614819.160057683,1804647.9011234,1642224.42118364,736200.808431264,2320485.38382706
"P00082",49184.4616838378,14793.896214452,40258.2065965036,32191.7350419553,27067.7150991812,40539.0288141371,31593.7881285606,52083.4278231416,16862.7349980592,24719.6195280057,43825.4166324632,26305.637385722,65547.6851266902,44642.0474381432,40601.4067094241,40209.3061605742,63315.7955139103,17170.563347469,20485.6202881435,76849.429715451
"P00083",378691.557980586,617466.830987006,561731.488970923,738748.019678625,296392.544269445,537721.06499402,396702.825714013,418623.431411866,411329.575448072,309058.970895648,488901.98840169,732591.954191596,752038.931332316,173775.285675935,500980.448739203,212336.401081089,427137.917126825,619082.399599291,124003.873267183,290469.268876094
"P00084",485963.12977366,513803.856232131,843402.372914066,355799.418868052,312569.225631326,344526.708843026,286906.83480743,318475.700054997,234791.584028193,249727.476152339,467948.419269252,1145104.55798518,527757.792614017,459586.557877415,171205.623986481,504222.335119297,810683.312099752,598612.651500823,422680.064257727,376799.567193735
"P00085",324082.404443963,72132.8648891522,296138.726062967,207775.930112224,217408.313224469,212645.669952266,364291.209543221,197087.503544598,329352.734879729,299026.014657066,275266.259579074,243195.810098668,278345.123147551,202308.894163453,134099.160337715,115256.874274446,429176.739603623,75231.6191263674,235451.74616422,148439.33287837
"P00086",3351974.96792446,3987357.93303681,3048369.05551455,1969634.46305804,2344661.33859119,3500349.56954669,2328731.58868252,3449773.48373281,1728002.27668602,1898817.60280805,912615.804254206,3200150.34410969,2246771.54785888,1276987.79973597,3069623.72082518,1480613.479161,1867431.08918558,4028278.04842154,2866037.91171319,1596325.63927879
"P00087",90344.91582401,196899.327621216,52996.5987880019,143623.189023432,126105.467577197,140213.375780641,123362.219637501,118981.43991484,100241.646210799,77623.1522847452,110783.75147482,34349.9877356643,53022.5894735462,224737.533044371,77945.1435193457,88514.6352303755,110645.150988805,89967.1652419857,79819.7491083442,97170.8554770905
"P00088",318007.784089899,609856.299385268,326842.25936384,220918.153531871,524779.574306481,745797.758607334,370198.904950092,633135.866086371,445501.58636257,482586.326644116,327853.301638353,305165.438570951,249630.123823762,1394127.85981155,422311.043630977,296847.143864697,638477.25234651,217738.300792665,513984.859941766,261838.446534516
"P00089",180020.188503431,143897.270801146,178392.135978424,210565.738464032,147535.889162352,374815.326060911,264228.968295047,110411.988722449,72093.6491124517,84777.9655896602,82851.3937849955,67756.8406560911,179872.952354477,125606.922032991,132008.91206122,161214.221119428,237134.16898661,163455.593621928,113692.229465444,122623.478728731
"P00090",474430.194596364,580715.830429383,293371.561198735,508366.578937683,333688.057089449,503599.867766204,262426.809081344,464851.810787769,363525.086317614,383185.776440744,419189.258188272,481778.839984449,797969.334901197,367676.121348948,511990.567778835,328513.201691523,525616.03763314,927564.659077342,1020336.93719042,531602.563849118
"P00091",210285.995005348,417244.422652435,338249.945401479,114298.718777949,817078.852431267,335868.400873648,206024.973599024,357879.568772759,403846.372338466,505559.922497442,331802.702083266,370555.597378689,349706.261837064,676423.071723906,459871.058123884,532791.258135099,487528.665048048,156135.802486247,206462.047296622,363533.435736022
"P00092",261263.666433754,437287.10754342,337327.527704717,452738.202436055,449260.388307402,338154.640730429,574396.291686295,289125.324454472,104735.703023048,213439.866183818,599789.461979423,369310.488342868,213240.771609288,326657.659543326,238022.122978709,339140.328365046,451680.034597192,881826.031156141,267959.589707271,564311.592006237
"P00093",578221.515267929,109893.270575969,340351.543533227,539429.734176409,311547.105964374,288930.223775444,254164.490810536,472449.307061276,165651.588014239,110749.256178015,469230.253690426,468758.381879901,334570.105844447,268765.353830276,204619.423997385,165490.970502483,393988.489610155,328910.951880461,126694.997382138,167692.313247162
"P00094",473166.654249202,786139.728227839,531722.589809394,257927.495759695,493388.519870339,644811.744854608,250906.964111653,1392030.03025963,1050410.828475,549216.38104682,726036.910083935,1547662.3079865,737737.855089886,1258996.10028133,1121587.44576948,879816.585920937,459054.868189133,613258.504689689,918457.373526586,776099.170904279
"P00095",2726279.65520591,6703470.48541318,907557.311456973,1323134.68947056,1063485.71596743,2408813.78025887,1286328.66713752,1543156.46463958,2499837.99339349,1325768.68301161,1664529.0065229,2716744.08771724,2633913.56209365,4416452.49251371,3291578.42825401,11322693.8425424,1632934.26876496,1257756.17506997,3358547.3480893,1369472.98388256
"P00096",493095.679982089,1369869.62159518,202973.932738441,188811.953820719,909247.421198893,764120.39127066,357105.395434436,468298.886029413,459547.855714227,938231.688919968,512209.766277708,1561140.58582483,636028.793914242,2582107.07471231,1090817.99796113,1694438.9847684,312711.764162189,383907.506506247,694874.753133921,772454.404553171
"P00097",175701.210120268,228268.0094499,559426.803140776,287720.665468227,463710.506355088,477627.223899219,249663.479143289,307161.389167296,422693.049952429,354539.512384511,548929.631977576,213490.485019612,377889.084427833,135251.304832705,128242.218702296,192183.225514463,675578.333832835,524540.250619679,304690.655430464,135272.48013615
"P00098",198597.872691209,68779.7541829208,157126.834821001,68970.5109731128,94847.3415481024,98362.0638485933,207801.672146904,132255.424293379,106465.063842393,101730.577156483,29074.5068815968,9817.93565730961,36297.2201474686,35972.1843280364,31216.0524344868,40923.3453507402,34353.1394048502,20880.4870096012,35797.719736846,31474.893635331
"P00099",1292479.55040076,462971.850031485,2582224.34844823,1720110.26480693,491144.914677564,639493.278412637,1524718.78882195,2309643.50932879,1658721.2401132,1411338.55436014,1121714.62723069,435461.05145553,1218437.75778079,1013224.83119892,921937.059512689,769998.684596998,1725272.83053069,2285736.57217521,1599426.80578262,1567431.09383225
"P00100",699626.610423427,280869.37129692,534186.959746231,1250810.31475795,423594.134892489,735114.051351477,795976.599270014,613323.070198366,986949.446840437,635041.38253692,720776.795742597,399483.26190279,619406.375058896,790630.346503918,583374.400262372,446217.626177037,514543.010889325,746455.917555044,1117294.55378998,589760.334267036
"P00101",2439318.88193305,3772141.98775209,2405620.47765411,1965563.99612533,3438042.39369282,1996014.72902629,3799770.06311272,3426842.25718634,6187298.96055999,1405664.6645305,3695091.27079738,1671309.49218259,1567792.65790087,4044130.96048058,4195506.70012742,7709376.18091398,1406575.75264143,3724835.77583104,1344255.25950352,3079219.9702072
"P00102",177164.232684366,251277.346455688,707424.945727125,676219.505673237,232823.646564831,344515.305305653,582568.325483872,237346.118067197,196203.710815342,305485.121746983,451671.750710971,111936.048847453,418889.487354641,101940.825206559,354587.015544986,291015.713110597,487990.585676552,244737.74292505,462246.817116549,352235.093626091
"P00103",140786.346399008,680174.80689127,305418.178934841,157078.29145865,388287.970627852,465554.302016901,134442.488358842,751519.859997525,257358.635558949,390507.649516532,343654.474736309,294919.068431304,317752.164994271,682314.190662102,434430.769400033,251302.759831995,290675.174491823,521167.654049208,314132.699115739,269410.825605066
"P00104",278118.945794181,163135.722692163,488642.970973961,451756.628044632,279325.36477925,486005.455267599,238897.686069454,286137.529052007,249239.693852488,671647.802495804,821211.812117638,251633.197334483,381108.308798554,274144.978445025,280068.196196627,134862.162851803,768771.479700164,375595.890061028,325537.860089507,388635.805518438
"P00105",75750.513152376,140170.408339614,69228.7002091351,71772.3533408607,367695.176371821,100368.118949351,127757.36175999,151664.064449247,198212.11993968,104265.488751176,95928.8290966087,129902.70714911,89780.8455378598,105716.234681086,79457.8452568534,182026.10307869,78023.939546791,135205.879743099,167254.463360997,143213.882198795
"P00106",590834.545327915,1168559.56828424,910239.920737805,923707.558267925,1710861.06674847,495302.444584469,1088412.68817861,695101.430751284,819019.039106418,1340392.64859409,1581311.6636838,896838.756434851,1314410.53110437,1313272.14460942,1086070.85116216,587633.016165568,1517958.33231565,1236590.72541414,815830.53135913,1165377.76130107
"P00107",278681.446031087,377815.478390942,1157564.63305924,754438.416914953,672542.987518715,703970.543874871,396390.386582988,300554.631361652,652772.827658363,465700.137111011,572086.219092381,449070.598689229,676067.610393893,436042.625449285,911875.889959409,519096.45753753,959518.894908835,279509.340632253,637381.674772629,602515.524335997
"P00108",6227897.08077561,5584144.60260527,7205565.29804006,4951056.88880848,5036585.12584298,2824156.003342,6319205.39453628,6529385.11981565,6576377.36792404,7314086.15310227,5403893.81221784,4541947.91849367,8264369.29036128,3089451.12559422,4115350.95622454,4592262.18009227,8983734.47409438,10414327.5179884,4401047.89668431,8967866.1359171
"P00109",570002.361091687,229264.745322517,349648.798645924,701846.150121692,540521.4719322,298651.66656722,281644.333784537,330201.635385084,154194.488348719,423197.806657737,395743.614227858,307690.820314236,348447.818448849,258582.477492035,218083.072470536,152555.330701944,448277.933735984,229233.319341809,250136.552351418,372578.250550115
"P00110",98830.7186695568,64852.2515694609,110052.783960186,84425.0704042671,133597.295712458,101138.804376329,76557.8728938058,78370.513259443,76533.7576517349,157515.001581265,58745.2961906602,131078.822377321,73884.3082180936,188062.559050924,144560.594376972,102220.483487332,95428.3606043458,216832.621604952,115126.592672208,86614.044529497
"P00111",578702.384248074,230883.174311079,1234271.67479072,1427746.53424589,363154.71859975,425717.709159771,663413.045853897,422732.955389124,502290.45027295,317564.320077274,786908.534868271,69350.7792350753,463128.618365524,214570.001567701,112833.933775536,160794.617764373,709986.868633404,664257.501943546,593612.508830266,860388.594909599
"P00112",62060.9089427681,126000.288457196,58331.1559418082,43941.9897029586,96081.8957909094,111124.783809805,118584.410477564,104300.512913119,64718.2587999921,109027.887490771,121891.487204106,117560.614520965,135316.610132036,80454.0782885575,87703.8047886488,104609.292654891,99521.4867722111,127671.76732774,140264.703762114,35731.3412526551
"P00113",218295.498014736,344919.576137857,220573.324006642,179825.321050253,402782.046956159,607967.058268522,221425.61323932,138228.427147567,819008.833075263,284603.463495704,283093.133477382,398602.916871083,650536.781554181,243044.155811627,299559.527316394,510179.976547934,161129.041755331,393234.873968043,206826.895768122,354719.348115819
"P00114",241571.10612414,142942.830556014,161556.088694524,124361.49535912,164560.706601781,77257.8652586235,130594.408070285,241608.882050203,121314.834708715,273980.640376313,305327.676714189,100675.594710614,106669.133273786,137013.158332963,91634.7964479183,594020.987715744,127462.306278544,128515.555151982,319740.823514583,161653.603688844
"P00115",786236.542537348,1644988.39037391,1125778.18410311,1219596.72161664,3570878.98480622,1255384.71246391,1932776.99638112,489989.632638751,1151946.47239833,1696487.76468518,642977.721569893,2237469.17187408,1277982.89160991,963437.294679675,929307.476799981,793275.027798663,3277559.25483225,1231550.4845651,1560180.65850171,1181881.68354648
"P00116",386595.83367087,162259.937650279,345397.276984978,750406.780216187,363246.387211681,270100.859042469,493258.696542815,349648.604656963,244145.597722654,449753.874692493,571014.193587135,231249.260650151,162511.260018119,350233.976004679,100865.664070208,194283.629596047,734843.229087121,539454.240932523,547495.447883456,463736.552213174
"P00117",702406.105163982,806723.794143787,583968.404711179,263142.022136509,788478.628087515,869816.717230476,595700.97716138,531031.209551593,396539.402872975,422557.651084082,933649.24159496,667804.73578229,408241.275315405,449475.088295516,368723.381575483,659155.475425524,418468.634646143,271211.034359897,268949.074679677,510278.523063664
"P00118",396374.195041642,442300.9578027,314616.627723307,541258.127323478,877530.190161384,377962.080428943,777035.954233191,788051.185268984,660199.67529658,690916.223442132,534095.375892679,984149.26370315,513607.398250955,562150.190337368,1028610.87117515,556905.374286097,482261.645803969,1091958.54839059,875673.269941983,754872.445529063
"P00119",62188.3057409849,103506.95214365,44614.1773726499,20247.5198567709,77128.5473808864,41195.1532397933,52475.8241422112,53042.5830972631,36518.9046348358,57474.2308736514,56839.052594277,72432.7312421305,34569.7191293369,97751.5068590829,55000.1590021738,161984.826802795,71038.4238431901,96899.3063617116,108615.497447079,34472.0279918435
"P00120",184603.383597757,218210.42653894,316734.65740919,247743.305713848,115879.120774523,98388.0196571925,190371.139260598,163681.699567244,156014.433830311,430266.238435613,105938.40048038,307666.411553822,141824.745581552,154213.654514333,256625.475675461,153311.81449735,570639.516487226,245890.395308149,137393.842711026,97349.0962805323
"P00121",93466.3255436071,57654.1763290056,91784.6561188773,200815.437225901,128456.193771801,45721.8138290346,162354.051271069,187370.873873241,123776.355368162,97307.2776063333,378725.700215702,431132.965716015,632328.689995928,187878.418356195,337635.231461571,281721.774553398,562787.014588143,305790.823573159,322012.723070954,405154.426085374
"P00122",908577.013420838,364899.10200815,850746.127866183,693774.613828497,491966.301042535,313714.518440849,1574717.63287131,444267.205264058,585531.166046758,289783.869241418,418767.206920753,492469.369069111,454955.118310562,402621.179145196,267072.912038578,193138.155109369,431354.665221787,1163233.27729991,1015303.6338167,452734.028276699
"P00123",73290.7163644481,324585.056660043,52986.0572527973,64991.4885672927,125617.749903863,67132.0001372692,108975.009858793,233971.541572295,100839.634565013,229712.978150517,117302.457765249,208331.395212806,135062.048395715,151735.441975613,165459.730330328,249129.231851624,132302.509988843,66649.7161727965,114096.564993434,175262.383069572
"P00124",272831.724611259,237456.536817017,198690.454896435,298961.776688944,255832.438281511,308533.371558065,545560.285387064,235365.662899802,291108.40397455,242461.462186982,211922.491751617,734639.105007915,524013.053032337,355820.987827325,278478.875213377,433541.05791731,560415.263538846,552957.504593515,378733.834513154,189174.640749953
"P00125",89110.5576518547,82323.8720757614,31301.4198746757,75034.0629344521,89058.8609593936,39264.2622582089,47420.2475334593,70686.0839466041,71813.9364712171,46074.1947897061,23227.4682451465,104556.030276297,67013.203161742,159220.580855989,50342.1072103887,79445.6315979326,47923.9649236689,107191.843979109,20755.0082316818,35161.9033163085
"P00126",235678.070007627,362507.1059088,356485.92165883,253649.337142367,157525.438968114,537313.051512783,547572.745602728,121393.626265572,563139.734410485,283766.939008055,166884.119810189,274311.283427929,330092.739354925,277050.993669997,213324.359644714,397835.781674665,335845.72039861,230574.491835973,224587.049450462,332365.413583227
"P00127",57348.0524910028,83800.0681140384,65278.2658159437,79111.7961249053,26733.3753147611,69318.6249438231,40409.5779679992,30597.3082347019,28372.7385315497,27540.9645477092,39824.441618632,25208.7099667081,39942.8453644189,41184.1658179943,73076.9536750915,87432.7474107813,51497.1133443174,76334.1230109137,98529.9438667432,96447.8053927148
"P00128",548718.990120163,386815.143353484,311613.012058697,469402.841948917,249743.189304804,514933.976309978,263369.300670309,828220.857048926,188135.453111431,438115.458194257,796425.553489203,683175.076109355,523427.896067158,164901.662226114,278373.524956371,726957.474008614,254014.854386198,501852.299281903,274825.138806319,529506.136567129
"P00129",285686.433263503,332183.627738828,256691.464989201,157498.332396208,343790.555793956,233661.014261329,428041.829486221,174753.366841185,149429.659876615,397032.996975404,289994.290954185,292551.279425685,307297.38135435,384414.854062691,210151.114434334,461796.242411276,159901.399754747,143595.499600373,446578.168579985,467916.844728924
"P00130",654358.517969887,562646.283314106,1622647.06249362,249335.475133597,649819.888894981,769557.93270347,857956.317119884,280865.609067532,370209.810848494,855924.098362077,739918.847298738,392446.462109994,590694.074837947,575167.471032811,498016.792480353,493193.234085676,1001373.8610727,944279.758932057,1317963.8581546,1177030.01378193
"P00131",127134.132526685,100918.971939022,118669.457108954,103398.561228267,79555.6472616914,122749.24868267,79896.5122355116,111281.596086377,53466.5646068084,239747.064319467,114925.816802214,72693.5587190837,130556.820697381,72448.7845248539,88865.3430455873,36853.5135593368,136087.272114742,143597.655260634,49482.0423435011,37851.8374676043
"P00132",119730.502250271,247043.210114668,178074.703825123,132291.243318996,172212.160934774,99823.2196652741,119442.643049192,89927.1556123755,211755.246213523,77752.6265376908,53928.1394092482,88701.0483572343,119278.806598078,77429.4706149884,101373.190799562,166853.891180262,150878.605793911,158871.476729618,119961.896380487,97665.2144283594
"P00133",321283.258765935,812011.460448143,596293.437896308,246881.201394396,379460.241772344,284459.545273678,330961.417518708,204420.250366653,344807.083509872,790777.732278365,452707.465010747,473214.038426067,515419.884492056,611386.55938934,517913.760508577,789008.310288623,368511.659843738,360434.619559799,462338.953024307,406730.147264279
"P00134",388293.288825125,1157080.65998982,400952.376673851,245426.093304798,924372.14800949,428854.471767605,500465.434345623,698642.687430812,428578.200833774,410944.694690699,217318.580816373,771777.069350215,467615.269510399,875138.650470331,808048.44403058,977186.831569587,168545.853320052,750202.535547638,760668.551385249,231260.35466307
"P00135",917151.074086829,1498426.85286146,704324.184963681,719363.665682525,856085.465160485,875113.01554523,661428.070321721,576215.562207019,748096.327697596,775673.29222249,526227.726936099,925087.585005145,800581.907952456,360785.19466454,651517.7179419,1203168.73625611,399242.398882219,942272.473664946,881156.842612766,335354.517157558
"P00136",722188.140884274,443545.056994908,784334.75093362,268102.260586048,283882.608961117,455023.736739417,345839.345865472,493027.303225287,370850.710516455,665138.91314549,259355.210380755,432992.79648362,553561.05271188,511868.321344876,251902.096192055,987246.694181163,519030.443799195,725409.475546535,399280.654637022,314954.960416634
"P00137",378244.627678937,155931.343668392,191490.635539552,157968.991142481,109992.143562572,199294.320541459,267583.73203156,255923.325747031,128531.178281518,152369.832436959,286416.270705577,94516.7356256656,370079.72614709,331418.160921082,187076.529596802,143032.058038376,203118.678686283,215582.201480245,124160.893491454,228584.558895798
"P00138",57403.550689071,143191.852270542,44710.9427307289,33788.3059254642,75958.0757838933,41412.6267866325,51124.3397603682,58232.4563486194,89143.3284730007,68962.1286947722,97821.7778919712,85571.9713481491,91791.9827424356,89478.3017553907,38861.523830077,43491.683731968,83826.8619893847,50600.5579134919,65306.7558216381,91918.1148151731
"P00139",296750.541322833,1081857.41202475,463673.865539229,643867.550527086,1106592.18406896,529052.840695633,364167.765234722,553827.506311865,519488.88265899,862879.198609223,186744.477383605,433100.051768963,504115.210936564,293076.288528284,304723.458602905,529227.731223676,387183.147331616,429009.591370728,314450.407518887,204873.047869395
"P00140",502940.329755002,174209.619314519,348793.545902128,521186.424045416,172953.442122368,374343.219309781,416473.814818708,430200.218136666,341896.752358008,490393.959682771,662340.101754189,323436.664158112,111207.303893209,321945.280377972,250757.943258067,247582.529631236,366086.406252976,386364.617438545,401585.125472542,310076.69684949
"P00141",467475.959861736,371262.922157994,156500.025110672,198136.613918667,458794.987969899,481385.315144938,364765.827824041,649712.328481225,353814.639585756,486053.235973544,375404.724400911,425876.538049005,336177.841926621,243511.319010803,953723.543555733,516318.204039312,821678.563472045,946013.934291884,409669.802466828,532555.425877343
"P00142",113791.256990617,89720.2270725157,146585.288664823,151377.025443782,170778.283710353,247328.347328827,122088.308434763,77887.4571511242,105884.887069237,82771.7930417471,157973.032563098,90597.5781321954,119221.944908687,102211.19743748,86592.3581772749,79088.9462214735,156798.837235233,76304.4262060343,91942.7257748417,62938.3232745748
"P00143",690620.457315772,206539.376565178,250566.79922297,368584.451860727,379314.449721151,333197.830565722,528591.400076242,323036.435916386,319131.049586129,218907.848868721,776635.684333903,114530.238453948,233455.372137604,216869.235399771,149131.789101792,288969.806233567,221999.527204183,441284.127910684,491983.998550567,348599.176714125
"P00144",188279.297436933,502100.92274524,180186.337836901,104569.491115962,179729.967899658,176340.238873744,181348.729720056,424552.022822601,162390.756126644,494753.038601124,164538.00047073,442358.975289864,77160.7890441206,302691.410755632,199473.233967813,360045.939381123,108497.477253359,269502.908846949,325526.363493855,334670.346868135
"P00145",140637.830866527,202145.912873708,160011.519198669,364927.437592566,277276.924818715,236301.915485994,211962.513604293,522220.410186143,223807.014305672,275003.559781723,207651.102252839,162492.363651065,108389.838904622,180203.530508868,280287.019287053,403815.15697564,220285.29442475,204602.277576822,322623.907938595,313909.355586065
"P00146",175835.198517585,109660.566513618,117047.580216713,148333.981140945,97693.2704885655,407804.232674886,110329.048472809,104222.907057567,117157.048379473,179950.656676012,126699.362581687,64878.8374259141,79832.9903785842,79499.9136491932,100181.708828777,91778.9516301109,171757.06597023,130452.918944265,147500.465019632,95675.4641051588
"P00147",176333.930963279,227483.745092728,169089.922897595,175898.565596504,252079.824332859,358409.895523602,205237.523328603,140678.927504435,90519.3870180666,96014.6104714232,116987.319205126,125835.229410914,223934.514102559,181406.11573381,222991.111562946,108208.558467105,274762.522753159,162998.933701891,68305.9881655622,235618.98475245
"P00148",59629.6739722432,93633.2117152858,133400.961343404,128087.935248986,113673.303718895,120986.753239941,149472.854050853,104428.142455632,198662.353997753,140200.019900464,183194.293956333,156820.386318847,97567.1639204778,87172.7293547079,73992.8003626597,30210.0885513344,82251.5535957969,220465.729934561,114457.257035747,59884.8075830525
"P00149",464620.0077625,438217.78391083,745787.601296493,315139.020628656,584827.062322392,437628.220726313,599637.736523881,600031.795752412,589246.815645403,207450.107251923,296295.975014045,433720.80486041,569885.350378956,453572.882068533,593346.115652577,438994.231304244,350295.391750424,390186.989319765,432311.534634073,352267.38610438
"P00150",177665.231259775,597709.433613744,150850.73769311,222801.793708115,385447.906376863,222296.805204419,393776.479624378,283931.532455886,434500.490827179,406393.991439928,292500.26869485,275967.1710537,574969.437826655,227632.352581282,202390.8653439,258523.701526608,215067.643217356,280772.346035254,280159.655294209,214417.621945112
"P00151",304951.456206077,286376.842939702,321348.323355403,267237.455817483,233466.210191672,237800.603402929,358583.838447156,330908.434830598,388883.797346556,333223.326956954,288221.383022983,700352.555515033,299123.261546381,344199.08314695,452982.237691762,103535.889330712,181565.332503903,194410.118211066,130599.027001903,249813.410964382
"P00152",62826.5774638404,309400.633359907,59628.0204299963,172333.772767195,69599.7410293641,96338.1361310019,101998.64443127,136711.116906282,70989.1429681641,60518.7187860271,90977.9689737748,149906.021997909,68263.0513380092,70213.0313406749,146794.526887681,217755.934520025,81509.8472592016,110790.584910486,69307.0119848342,146495.72580288
"P00153",83182.318683653,49667.3705706885,148418.930160804,198479.820040297,93677.0912899222,133490.217485776,89368.2968018924,89573.308563076,64105.6922236799,70755.9301554469,124068.096250415,115884.925760089,61280.9818144249,66883.4501416617,56522.5560414402,117711.702658764,90136.8925684193,76658.850229982,131065.550835018,200813.194246797
"P00154",185849.932268445,98133.980675769,132586.828507466,183105.609131456,149623.380508088,358925.896624643,139039.205878385,378503.266253842,241440.559072292,444158.459563359,187465.038333437,211488.713729,242313.842543344,112681.940058504,142991.287619844,167272.672676286,238604.275792748,362195.465334376,159490.400468052,189116.968729674
"P00155",306823.355372067,656974.351208405,179256.917453666,375324.362670419,659920.302573071,652699.543110779,782518.545887262,663898.169572574,372700.093650877,371069.336886777,643472.054835462,892271.520181939,295582.43480911,917421.179367546,824232.609819872,432555.066679426,471775.586231911,574553.747776374,292271.040160659,436345.173463397
"P00156",111379.414835717,280518.88157975,87053.8769521264,31350.7782930466,68530.1199449414,79686.247752,117766.226587286,176441.420582225,79982.2013239982,237543.662902995,106605.886735721,207857.647237907,157400.12705656,131859.109757676,98127.4475044167,117765.009056241,21716.3631564161,73485.5923015984,172938.631106305,111672.015595883
"P00157",8784446.53642324,10994870.1897659,18069932.088731,10437596.4661327,22339397.3716726,25903707.8667934,18588004.9127779,31980123.7398005,33903059.4275561,20180030.2543527,12423666.0330687,35964079.8545512,19426183.2704005,8600179.67273145,16274959.0090667,7835898.83893134,31016131.7447696,15227031.7940851,18023006.573118,13942860.3636693
"P00158",466632.520111321,541211.348944853,805197.256228993,593549.288210304,352837.096791809,1186951.38235955,808024.84157883,457362.512762442,700122.169919399,418004.366453492,380095.674042255,478999.491984465,531107.182997983,496807.601204872,400620.571228683,289723.417837826,467733.452549417,567325.224704949,625644.251647962,309426.11928887
"P00159",143104.977621208,196700.258881562,78310.4429752957,52825.7256035694,172362.359356927,93522.1811252961,94823.0957930867,133394.794294369,79670.0092670468,274023.883476637,205327.322700185,230759.191363988,155467.106131806,162927.14915642,226666.048623132,358942.933210746,153069.868712292,58061.7343609218,149692.199718096,99021.8775342022
"P00160",62489.6404300706,26867.0209837799,64852.8114001495,92586.6919206139,38361.8437929265,35938.0454153191,46813.3284773599,64703.5758930896,41913.7969454215,56230.0944308604,112232.748351863,47807.9540422078,40344.5403929851,19296.0833501757,40740.6039874721,19314.3397280052,51355.0959565142,42022.8411794082,55980.4592883845,76464.6431552136
"P00161",430188.436888451,251142.142325721,246024.985792004,282048.267354873,294190.157116615,450769.274215092,423054.528111658,131554.960949874,530462.080704563,183019.44675314,210449.434302415,303487.704795895,251592.47103086,175364.185507629,168307.618173393,144546.660121446,306297.488520031,370211.608207209,220138.449566626,683546.15230542
"P00162",67595.2433064007,106976.778309289,107536.73820923,143179.860836763,82119.1025718483,62947.3093336605,90891.3495426682,59578.3093602475,51171.1426620501,75155.2727947982,151467.147425637,282200.584426583,406662.114905329,247178.492399979,209518.608060645,324465.55612758,234736.917629396,237911.209354188,166313.234848717,251940.35656181
"P00163",67334.7874390783,211083.620594728,147977.756910937,49114.8087556255,130127.319547783,302946.87977658,70978.1787847073,105066.252387425,183832.684185763,84785.6853542988,45967.7965809581,229232.924444168,74658.8460951015,88940.1115800508,295784.430933253,96315.0503582167,126124.827967062,117113.611117381,178371.220030419,236158.438024884
"P00164",53722.8383108547,83244.4846059063,31791.763352029,100645.035757722,47716.2936379821,96462.3334015788,63091.9561863385,52666.8929766969,67920.2107173778,79272.4927482641,44820.7506975895,21977.4804713483,35858.9608989773,48918.1360100909,50047.1204884904,76519.4899931717,36944.4696808021,44757.0856814911,41245.7474162367,44422.7727584718
"P00165",284498.271618165,330480.274053586,802586.402010899,505486.496075244,522190.092328988,390992.727880139,467515.750603503,183541.60120319,358337.219847107,380922.473071947,388869.698477622,250866.092993021,462115.78414499,257742.249300659,283884.256483235,189648.355412884,395890.144388013,576066.842717068,644386.764067222,565761.13403185
"P00166",88273.9865583396,107870.225987667,146355.933755942,88104.7721472286,166085.707813155,131949.640528237,179149.375054681,133721.33587626,325281.188894746,176385.736843576,200245.462045844,291938.190122467,214280.799825932,173346.295199704,532551.751174835,540602.142941346,177756.627352077,96934.517683924,165979.27789963,181369.715845049
"P00167",210710.597136766,110256.201399285,118343.247484719,136585.298530769,167954.764127282,182889.123016101,112003.954720181,329031.794553448,61953.6968702867,86349.0268001214,105650.629382168,188872.333964764,84216.1042831574,90046.4138633868,254233.930300946,180775.342331529,182895.866094294,152290.040434926,212204.585849918,84262.7468562826
"P00168",63733.5691359587,83246.6961618394,85722.3710480409,130178.429255536,93147.3046513741,112242.183304626,105202.496142718,81392.8270706385,73060.5162719729,174086.025724341,146870.809779601,119730.930347742,121796.127474106,115845.794281561,76436.1304890859,130722.668486634,87888.9150998821,40903.0106950001,63587.9325844867,61456.074433148
"P00169",329554.539345982,1141943.29478501,605760.136599652,371137.050621579,1005865.8364473,935088.283626491,1376389.19043207,1015355.21454428,479894.762776918,1526746.1361581,828522.967075394,3499231.84230655,420033.694584031,4797903.12522042,859398.512041004,1946013.66262979,1206098.73562242,1032875.1422027,574164.358196964,879326.468131396
"P00170",181422.028713781,432071.650129112,269406.728308175,632525.404891983,664271.995780092,278172.024354439,197863.341789172,488780.175585237,351424.323862291,524251.624106338,317167.741109123,392627.567140857,580097.879281544,949989.76467333,393827.980194338,486656.648542322,583217.710627606,390451.834812888,285617.317061814,371816.780376043
"P00171",46233.6312655791,109158.990242967,91672.3662578286,170988.931784687,65485.0791457133,41254.0472230135,51680.2052563156,123081.599670618,50646.8160550148,36151.4136460451,381507.017984061,181753.263196235,412019.256286384,265671.209646977,455790.101181302,292146.574263651,624259.039273571,326240.235554532,487407.029850136,286682.528483853
"P00172",1248887.29910294,485626.564114107,993851.935850998,1275714.82240017,769742.360684779,1403594.40873856,454729.046454276,896941.689717154,998078.227119125,1089217.83797179,1171057.57936353,825541.713931064,1620966.39526304,361258.664756589,707023.316505427,454918.092072965,1342690.86531098,850467.012681281,684523.295155801,691295.733632158
"P00173",373957.592984688,486680.084044078,291770.844634986,190577.497016029,338469.507471895,579956.226115536,632272.107659393,115457.244461237,373508.198306235,307072.817909267,405549.714715765,213935.561225652,168787.471928615,413787.589548492,278003.536413167,1069605.1162406,234854.981542676,366180.246422511,223035.035461432,127972.168993176
"P00174",129430.449036284,254809.445381235,272672.4725845,247592.968796892,243086.134292745,351007.346951972,193246.062458769,213546.359045401,350249.061227339,466080.527522213,353366.773019114,343864.140660796,435930.012454774,119017.385203991,620880.022283031,386453.121718587,305178.576127516,322382.918822294,381373.649057414,163170.718191803
"P00175",1004116.81517103,2849301.97897561,819940.804807681,564282.523460844,697364.359680205,2180053.09876154,1089631.82941377,555758.50356362,845818.486813374,708165.769761377,1077939.45315719,1198802.60033334,581456.867127629,721793.406187288,2747302.09947613,1019143.21415643,853518.915656736,1319395.09701803,1316018.61351556,838152.926854907
"P00176",397159.43953209,127801.431108994,366179.124317673,404522.476333539,139778.700038122,354820.693502552,911102.986688199,768573.663130107,210229.37538406,320658.732332268,273838.266421841,101483.215242177,351745.290233104,105695.780524378,251541.919484571,144083.04219531,307675.499057266,395649.162883151,121368.677390606,161418.605486388
"P00177",1250809.89269499,277706.941054782,314197.865221408,1040799.0583078,205741.690884162,667397.299440123,421751.943334994,189737.859925637,452912.004025374,380122.46403257,620331.237704966,178894.649786443,264412.979240601,185111.58821275,411392.644422789,127511.863722526,523574.879476765,351997.257578261,401371.021218489,674207.447148572
"P00178",346631.58009729,157008.854388352,110816.690773923,265031.647538939,253048.277459814,132331.375265426,94078.2232025159,135070.338925808,115799.886103299,57711.4911438054,302249.519045628,159399.594419683,135117.7800009,64397.3256778849,60573.8780897725,92802.2847966955,203005.590526335,138671.75679619,143598.181629648,180297.696568835
"P00179",517967.902692834,506101.950780281,331802.944318991,460146.018270308,679180.285354572,438280.289598412,235228.082950402,285709.107098341,190503.540679106,222035.763942549,398158.027913377,344030.687614209,410407.881373783,275958.15271985,1297781.93636201,376358.073213313,561739.216907168,181561.893073511,152396.226184965,889017.589217696
"P00180",172427.980025693,53974.3692647342,68030.6831957198,326259.03167554,77823.052018226,87314.6401643643,101512.733480934,258313.915955628,110177.217949268,72678.0609184975,108833.294197688,87517.7115923574,137618.794048386,115031.679467477,93819.9920192581,46031.845974532,95728.261733023,213710.949288644,201127.459233837,146948.24503553
"P00181",79212.4302971613,73724.72938095,205914.645990938,249707.22898913,72944.642465355,79456.6090825323,142113.901304193,76834.9756554707,130916.557830063,71129.539639489,111902.189855185,45665.2364683964,133186.591239784,60001.7005932131,46300.3021086178,39915.6617770391,113865.85155382,78937.3680380089,76130.8047318378,150855.673898567
"P00182",1043955.93611799,614619.765832496,2571065.70480973,924951.57337975,1338023.55867143,1373217.41157686,686322.685289574,729761.323921095,1070413.98023009,752981.252347922,901369.464779026,1334992.81298364,391228.040433416,546127.567611121,672905.758714907,782241.151589081,1022052.26827614,635605.3711424,827885.844704392,479549.897410646
"P00183",212204.611345775,234596.446143391,278396.746484423,151355.950727805,205323.180156139,283285.303583531,125801.279067515,188644.286575978,154339.33870455,171295.69892511,231115.100729768,326205.047576406,216185.380977378,181415.151634391,244567.726788999,345981.649879413,281696.518320312,192039.866104043,325761.418621742,186876.023956392
"P00184",125049.741749452,73544.8244547279,132441.440305399,96207.2664925378,136090.043422581,134473.124354989,141345.564147984,74777.0533340618,93638.850261117,71722.0253030192,119273.279327679,90402.8500726599,188673.201937797,92370.7041946643,450699.009144454,91799.7439880565,102210.899495901,183982.562433141,98734.8795948616,138585.008506351
"P00185",510630.377026171,240619.164209573,993443.389704487,850613.203254103,467305.10969358,466035.406453784,1080447.77136528,725890.547705459,801280.612726429,632155.107662378,1008313.50473928,535512.788643459,742030.330344221,408606.357192179,282725.806099119,238048.279352557,523251.207391787,730967.673046623,524723.116680857,581577.452261425
"P00186",221669.610328733,477745.334299309,282796.445670949,186760.771951293,211595.429774329,394455.017900649,232392.803294303,158143.886855326,119474.150719076,214133.520030099,278568.51670729,116868.743435841,196846.499144281,252500.54008369,210210.157806937,142553.19946655,240785.480636884,403112.868622957,157623.713210262,393519.357582703
"P00187",4049548.88388316,6170127.53541864,3961805.39375489,2977593.02386734,3457126.45066702,2737120.21333375,4580139.94650941,4226822.9248572,1575670.93254981,5997946.09249192,343818.704974458,282214.736156087,260958.573357346,256019.254750853,142431.906289273,574456.589378931,232244.691704051,526753.296895491,568233.78640303,342929.64975778
"P00188",393138.492256465,1115305.14972013,154826.957324204,229118.009356551,386152.583714752,187104.093612073,418375.481834629,239351.384486547,253596.313181805,264577.852346076,223720.028934252,268532.7972862,90485.661774421,304169.179880028,224926.452767497,941125.988644868,136851.778467436,195268.214075382,456814.256067343,171459.853443972
"P00189",278996.390862838,522573.355018222,147821.385836271,106770.321358922,135159.69075483,216141.887538227,131191.729330469,206773.604578982,104706.249171751,254869.629992519,158807.890319377,107502.332859798,265190.966806965,213540.416674926,417940.66395704,115720.23771357,267425.712364828,212853.078909905,323025.371743568,256490.573508534
"P00190",406098.418711561,311934.537531488,255192.003857222,337689.808647673,115662.840270211,275340.517757702,191094.986018712,120278.528923586,408825.251180771,307709.165822843,249259.576461214,221340.139224876,365489.443556328,269953.080188941,141076.813278521,291774.901665289,404490.767534011,213774.235375963,253951.028456437,239061.277329367
"P00191",149867.492799656,369311.064136726,261315.152269659,145953.029053001,263670.641985464,154146.258461264,140431.631566015,366415.15273325,207711.279873029,164021.78771813,181326.557464119,424623.259038774,219892.745979814,247461.429054716,320718.25399521,415532.415808695,199796.541165678,338839.942464452,220005.87746039,178573.551850305
"P00192",554056.744231456,1111089.06131252,798889.763400465,450711.931177922,404013.080463524,692860.634464649,724393.280020331,387429.319459724,812815.046681467,868326.749603455,402174.604403143,1272196.24554299,679811.747388487,622052.940175276,766473.712208565,705905.291758752,615844.493979528,702727.554465429,508361.532365863,540276.797047634
"P00193",83429.542380726,29447.2012435325,114803.44330069,171703.090353524,66768.2204897169,132971.062758222,87419.9799926989,91720.936880302,79008.733539466,114933.761193004,218706.007434496,22397.333634551,68427.75852682,68045.4309849695,53221.4332782818,59923.6283146327,310389.266522572,120128.422909458,118520.22888479,123043.410671733
"P00194",706874.639063298,980618.07127533,278392.011134046,869666.055584745,384442.752675718,924166.20166594,619324.491512602,591365.054232559,883868.328001245,980210.840201596,168318.343621044,137961.316927877,324539.264817239,216679.792168509,234746.392851258,108611.599859129,192686.085234323,239800.945057549,92146.1504390341,147134.208315979
"P00195",42180.6610574334,56889.1824961651,64599.8388611856,41914.5996749659,55648.8350963056,46590.8152070825,78534.5124702113,38665.9174980439,37341.4745076835,66396.532661231,53120.6791439949,68085.2153044538,55440.6132675624,38514.0917116551,73478.5500534584,34207.5622484004,47473.3354773567,101706.960356152,86865.0848310149,67042.947275772
"P00196",501335.677331375,828743.310917629,1011883.13426331,503689.876471338,527091.657204868,601356.653465705,580165.645857882,670964.934449309,497729.009456822,505219.388998122,766433.107587489,586586.929267322,321583.430323041,921003.580468655,409827.922327251,356441.430419071,1472788.0991452,1031629.63313045,527953.709848168,638945.537615673
"P00197",379906.873914699,152752.85211388,526971.336846487,3446060.01653496,431628.367409607,346847.713774486,485994.261870579,219918.032678543,237111.093126779,350938.852005006,361094.064016438,167526.816483726,91434.3121663591,164510.282689792,282950.351177062,178590.676337576,587469.073128058,549775.447066728,257009.194574487,362815.994001079
"P00198",133167.31041744,36475.7560526887,99788.3603348116,190764.704497714,47950.7129022883,122363.066905486,155403.849568901,54271.236163032,63475.7671667102,123683.219000321,126411.258314599,18023.790158698,72366.3456041321,38052.2449678046,60009.7921906669,32609.256830719,165661.857604508,39999.0772790293,136797.74463177,248308.273341133
"P00199",549998.604576705,327352.77989407,645337.060450225,485857.232658628,608363.214460467,692894.604337272,115670.896905077,491609.435651386,478746.884513039,361413.241579227,785786.56540092,963662.116734663,504645.126090196,538919.882544613,651806.42521676,951096.071618895,609572.882900198,769544.355392414,470873.90491721,385452.292962883
"P00200",674460.401293385,379613.421850286,659239.692852295,441679.158251249,263309.634677325,489905.307272823,627306.730323275,301137.942941008,406373.909465726,225732.21945338,1023005.71603598,340887.943975493,873487.930330382,305275.844983216,248525.283377538,129847.5511485,694724.823318687,554234.226086327,453159.756817076,464999.665005838
"P00201",198758.150500531,236535.105163403,157123.076165967,365086.993164888,298907.250916187,236167.497041237,306366.362576874,486737.308125123,466434.722739807,338185.568009198,302412.98738729,453570.538429034,320149.910231115,284289.528225981,253788.689121053,329013.645539608,289058.854946989,452518.22983162,556979.028562296,266641.470187002
"P00202",644092.970803199,518432.21973437,864400.393207652,378249.60440869,298006.342913234,790756.013706122,342434.20827289,630680.623081386,361374.628274253,259635.036258985,481034.2427698,485296.047358115,529883.683593601,682100.584940814,675378.896364446,665748.769315382,731933.554684737,1719361.82903731,207227.22003488,320097.71893113
"P00203",207809.626048134,294098.976011956,356566.182092901,232934.637968405,125212.460423212,393741.829799758,144836.22000971,459383.173206403,236803.478022772,224021.120588904,88442.2584854512,192823.44567405,338426.756885246,513458.38635007,237213.972002474,198127.606119741,222168.126723829,349559.109283408,313488.873973738,154616.213963844
"P00204",222840.533590636,346012.971042802,417958.820320387,268504.462939848,323762.091938464,243600.214298986,153310.998405106,357455.054176377,286575.870542024,216011.601300091,169024.88977643,165225.265082835,234447.975347814,333880.55807714,293955.329569877,235615.057038623,420993.513010397,337092.531645526,477570.999400464,175234.073157139
"P00205",321788.957838719,145396.821608132,411317.831528621,437499.2298431,438714.293918411,386493.509318028,444414.093664541,264715.136376422,523549.627712206,182254.351439323,217379.570351356,359093.4126349,289024.511152158,304048.179086814,233895.890057465,225859.419638414,565752.079418956,555866.402300583,565186.169257482,688824.644520084
"P00206",1236710.7451739,1753531.46701165,965070.842764025,1492530.19149418,1794771.6421302,583957.377580985,1110696.06296923,574705.98730036,1220640.83896311,940133.68241085,664795.620640503,2429473.2118804,1281453.71602087,864171.733958983,1859539.9297112,2561376.07396529,582881.603614161,936971.954788445,1000644.15628748,1343496.29272051
"P00207",814530.983600735,889991.764227573,370025.726874517,248627.610691046,460490.413514354,428864.274979084,157767.838826922,1603999.70246386,305642.779747541,560978.108668502,390879.150196273,621519.845855662,459437.795577416,821682.795428313,507686.742677749,640482.189142822,164197.202650384,555815.234503627,413589.884409328,339107.931332373
"P00208",259009.604639702,335821.820210894,391184.215976745,340793.20121362,425570.532382574,249696.115310074,312394.136102232,710954.135825027,291567.248474077,722549.576676327,255195.835823729,133526.056798779,313069.372750086,368140.27179636,273570.451815698,71703.1072758534,372980.760695455,283456.652191746,220797.196507758,956915.229585639
"P00209",596807.41019857,480697.643850922,318892.330534928,359329.561752183,652706.633260717,666232.787631423,404190.235356149,1351561.73889638,452573.342701802,808926.172337595,551259.958848082,423871.166255636,229158.950233893,250734.721290159,520410.932503343,409858.501588347,476087.525936834,283382.219999231,213849.355966349,646328.650104963
"P00210",404323.962604266,1590787.14449448,992738.086054665,353311.334166139,443490.04182027,477663.543300983,399776.881381307,741131.768381339,474864.176091457,1124530.35867504,480242.475614745,701613.111805988,335673.414192497,1116172.73873802,528010.13832688,854993.748406213,287865.249855361,313703.204845613,880784.394899946,827292.1291598
"P00211",1590809.572667,2748568.70394682,3081905.08219985,828372.995345759,1437459.48243601,2509838.44611875,1173195.34683729,999087.612930716,1099936.86933523,2150192.06784554,1403706.97482247,1478957.06113961,413678.502676093,2340053.22447923,3202431.09044944,1540225.08893295,824257.719190139,1187531.99785453,1994118.16372652,2250204.80644826
"P00212",90507.5626504238,17090.1510615222,78232.0649032689,139484.245234658,52216.5387841721,61569.3332904484,144829.249748868,46765.4899809465,77747.8375776509,66843.2220313364,132547.550694333,29549.1593904715,41776.9907826098,61687.3572961079,16204.1457528012,43271.3680411972,100890.823201222,104308.345270144,59846.7969753679,75201.8046014988
"P00213",53914.2153279528,198124.21208041,25910.0840323939,26905.6860131425,53375.6896758008,63352.9416086535,26976.2140055958,46267.0416306546,58440.4970080572,67648.7841748138,57575.0432340169,108116.911854593,106064.713474237,103849.822228008,62970.829444722,72839.1297047132,29254.7747646582,40413.3574345441,43486.5550875808,70411.0602350953
"P00214",396058.974677918,499679.705889634,313281.774183551,351024.664927674,365309.611747465,427303.725725309,218130.667751867,590803.562744271,1109464.32290458,448307.773372354,315556.793216052,269721.017977643,281797.054379148,391865.227577759,449385.575836811,378220.379786201,302952.038298562,370491.104780944,1012796.08705111,385459.066081459
"P00215",245349.176961267,93504.2643235075,385239.27670376,252845.25499297,85140.9334538535,195883.942992475,143033.256831951,119291.517966991,87784.9698758555,342832.108741805,142717.824101956,147188.205220441,162074.074632845,114170.223593893,92690.5053969379,145122.749721649,143014.898427499,127878.439266088,117042.253840298,185970.36658936
"P00216",73396.1920145027,214900.955803161,41808.801502037,32153.2065524329,109257.587233767,90512.4693697963,80939.0882509426,80931.3977201325,72169.9507340462,107640.871285123,34591.4305825956,148438.150419836,42109.1108275148,89863.2761308143,87933.5649835267,77641.4967404169,66284.6824230955,56844.0475326026,102456.288672802,37055.2501057297
"P00217",29925.455551897,39093.7217399161,58646.8845717136,58433.475215605,25302.2501918691,26791.8144368634,23509.4176341348,36676.2498125977,38749.9864968178,16388.4970926835,28708.0079850583,46898.7343078819,48107.9019717622,67330.2956712381,45948.5381147673,70784.0910611363,16496.0369160919,30323.7854477121,67719.2381317573,41927.2491192685
"P00218",189851.43766297,538249.669336183,93124.5046067961,99818.3768605982,202327.177533833,161741.75099774,167653.038873401,122884.87760984,365548.172942155,480557.617964389,224921.874367602,225158.421010745,154854.430709318,277893.159290485,472746.02625372,425553.744478847,165467.360790624,62950.1198255836,240065.199957492,104565.565975088
"P00219",2253974.4746806,3119625.9067435,3112641.94248297,2048435.36880062,4787151.27573874,3973697.2927404,3888379.06420663,3761025.22592671,4516070.64860339,2194255.68947754,478931.142677301,467010.275881236,441332.367466377,319883.79654051,430565.831285361,522129.233126307,489469.194908837,918351.021422771,873342.246534617,656203.796627361
"P00220",113322.575863349,77841.8906302755,79245.9418164617,176141.257900008,196262.891319522,153340.07939598,166231.829734184,159924.393834981,155434.482195382,169909.823934305,275551.058879046,69604.9332215668,208064.907665214,91699.1007011421,107118.431730402,43746.3456806668,215322.666885175,285419.997779619,185321.628049603,136255.66154912
"P00221",556065.681728785,1250563.50786865,370365.062880667,316814.296959411,405483.064486992,575876.329230867,544577.709229628,348365.730928778,684826.991410919,393611.872363902,381613.007403449,1242905.72172362,279434.22386921,421280.756678202,658653.407716325,1196770.57886634,559396.397134519,589354.715919822,990466.272112445,590971.060208026
"P00222",831710.616521241,228610.756722377,412879.052598164,532851.167953776,272560.05378004,273586.994825491,256406.7450896,429281.281006056,384005.619888849,524677.228479146,464987.32609471,331504.054803168,299987.351367983,323158.711757351,322226.842094194,268389.046838418,1856486.82341289,501179.575056764,383667.910667987,287353.53791154
"P00223",440713.693490242,218525.044552423,357154.776794043,851237.862767605,682018.694382214,394674.489772712,914632.597767571,846280.393261326,725157.976038464,437914.913567877,415939.143843972,373082.016464062,437954.497471196,288690.339604469,261700.98275618,252568.849742947,548310.318333094,453872.638292543,860858.24451861,300063.792236591
"P00224",10613822.5193487,5410255.98417675,22133130.8810248,12246536.4857177,6719636.83313985,8706367.68556732,8838185.97202759,19619317.7481853,22488397.9684445,11753860.1066707,15183850.0094035,9769121.59431261,29743780.872605,7407811.82565093,15951589.0701441,4334319.88539982,8299386.81436922,10910471.0103602,6916533.94507103,15486782.572161
"P00225",75308.9308653073,18069.937300441,201538.861675174,501533.325536931,142091.20126115,59743.8178355926,110829.811969582,69654.2009131333,87221.5607991346,66950.5671737968,71877.7876146972,35081.5975577983,95539.5335728736,70581.5411756765,80936.9033646374,24105.7297270324,272642.431962625,60301.6324153515,111110.95615856,82236.8221985185
"P00226",2323828.29878726,4274150.8493947,2078726.36982147,876517.6484452,2331881.63681857,1123431.19717961,2005309.41554833,2033213.29068019,1145996.15569501,4883018.03440599,256685.675361092,386055.198287258,290826.694340067,746241.865090438,512143.038827018,817853.57325845,247725.855154612,269841.722617336,240129.658741657,576217.610227931
"P00227",4773235.00101341,7493077.11605902,14735466.9929832,8396133.90450264,15245580.9255907,20133159.1149799,9876695.13309,8142907.3773073,12733228.6403559,12933226.8282262,23253510.6063838,7431725.04374589,10597965.7987387,19213917.8953987,8565063.32086258,7036002.74070841,10455785.3053495,10800040.2553068,8534605.27885643,10375769.7972797
"P00228",1501799.31617226,740415.452942464,614796.357937133,425226.614863388,782686.745924473,960459.721455572,775275.634015425,1287275.44442865,566255.602620666,1135239.15402457,762107.204931082,2142249.40399925,1221915.06819752,1566235.97366404,2737537.80514756,3340300.20388218,1015532.07510856,623937.634374835,1543405.44518195,971924.337473511
"P00229",107948.612026255,60058.4926262017,106036.077062511,99509.887722169,113666.43674017,91546.4827004243,133212.49939356,90419.4314591385,59534.2980982212,214338.579026802,74226.5837549361,102725.798346935,152890.708844284,150463.823736833,132494.096404845,115492.06642537,439309.284926366,73594.5008626711,143093.74211905,121848.708443081
"P00230",3874372.90323904,2927714.89310137,4300759.43851748,4873288.92798791,7175315.29853367,2235976.84985644,3846002.68522457,2783994.77363393,4439349.7705102,5781498.93331707,5544538.78381668,3279170.06130161,2228213.42627044,5816521.5237325,12085665.5106664,4349416.039889,3173810.41784364,4177303.62359762,3001556.90838098,3512852.79256441
"P00231",1626327.61397869,2934465.91245208,1842878.71880909,1976329.93514969,1383067.35473581,854439.103950922,1749955.2150242,1189612.14804699,1433858.80974448,431361.187096527,1545378.26124565,745425.948463794,1675787.9937979,695346.611897674,1058891.64279809,601532.749970311,1438774.77762514,792151.642292474,644150.450304629,1618960.16557582
"P00232",34546.1159818708,28575.5879442988,34246.1264239795,71564.4086797848,37959.7918671703,73568.1623064432,54803.3735488889,45817.3815188127,54666.0812510465,33100.3594722899,44540.4386282291,54142.6531960208,41879.1919215246,39492.2378267031,66628.1348668117,52420.932194502,24899.7876140811,55988.2009301095,74000.0480852046,64418.8033520535
"P00233",115552.471832599,84307.222404426,108098.862349784,217978.528568483,130537.536866608,244609.101622863,263340.581019346,74457.4199203905,80871.9444989937,182479.310724619,173516.579243452,337708.228660586,296412.14800546,230948.160644152,184369.417899391,145934.376495099,141213.776434491,237577.504356857,82167.5101965411,225567.4727461
"P00234",151466.972720058,81436.6028509701,247791.26185824,118151.839548593,189502.840317827,184588.446609058,165164.402157642,118028.315001762,329505.723956395,104768.633747593,191558.53016324,158948.740195858,102722.715178306,261024.729011406,90968.6523174506,102613.364996025,277090.542619364,122776.821733891,431663.687643869,225545.500599391
"P00235",372852.711529393,139445.864638846,241152.229720855,379391.565295741,267473.121686735,361967.724914089,382692.199374169,520604.53637313,472738.464334317,221680.280969101,245344.812803105,169917.711391435,758080.638952844,403063.568604187,297912.471579469,341669.66797998,396091.674728965,537563.663615582,410500.831228105,470645.545774723
"P00236",155106.640609053,481601.042125394,95055.7520638281,204461.558133369,205432.803491234,226883.480694617,182397.66162603,355356.251989024,183436.123518641,286529.26725225,290656.757123027,410472.219372812,228107.943314934,367329.892617888,301295.266281421,378364.291796229,141625.769695004,255275.152070802,205198.987808013,369863.212226243
"P00237",19869714.2341765,9718507.45829516,23464052.528235,71588347.778201,12203793.9268545,10450080.8491543,10183733.0936035,11972742.037861,8989533.68235542,12444935.9222771,19224168.5672646,8965891.44082507,19876004.5387812,12549497.2086807,27660034.9025065,11036019.2611729,13263397.0683055,14643124.7713684,8909102.06749577,21698952.1552958
"P00238",194084.110988279,233824.48189853,116113.285983524,241937.014255584,201566.288825462,367180.121621252,133672.997111879,245215.772837233,240529.963846009,142889.864655744,194827.791123938,271277.404553717,307422.992747232,254264.302519869,314462.371775596,269611.110603598,166136.476563157,173429.078217101,292433.807983704,209437.190870818
"P00239",106132.840615451,76530.8561193073,118864.029091696,249869.689767109,248417.563426575,107627.512308758,42267.7781434999,185671.667603518,179892.898597797,93587.6237995874,174481.192096166,47726.0695097287,121858.759696076,122529.082700615,94789.7674436893,68313.8384278473,181613.832480372,80992.3897823915,127338.506531291,66384.5630280175
"P00240",55137.1492582566,48101.1379139653,178108.708263234,42644.1445904277,86042.9215517157,71860.1738615274,39071.8694746965,72133.4599071176,57631.3257151469,88046.9736204042,78599.4651984939,24768.006163826,66545.4696481998,44895.515860086,69399.8751962745,31222.9541089677,67907.4358228977,64033.1800264908,34448.7258646119,46739.0254690272
"P00241",607683.273728388,2077232.64780424,601739.0388768,361140.940222049,2414068.62515531,1100711.8486265,592835.605974876,676482.132543269,522985.452642002,576932.996276712,435818.758859131,453797.190132054,950261.123372569,2000062.91355833,892827.904463115,1260024.54353288,244068.716045268,624713.088383566,586759.214554427,797772.97171046
"P00242",688418.337302237,549767.818979221,390153.438626787,344307.386301269,359008.014681154,413796.399927606,731077.735127366,450551.106925475,404451.362966701,1198281.5756776,576425.485636042,1176112.09351659,490026.40533481,624585.345090596,512899.334387697,806069.10713176,524801.99721944,256100.463256561,400736.670609387,315772.414096095
"P00243",1191887.26685407,672179.437865752,628602.21732601,1323837.02517206,1750378.90216652,1350808.86475354,1060796.60722592,918599.620911619,2484184.16937935,822320.947185287,594146.012428289,641838.519107745,1038244.16133161,796396.620495468,585169.441682833,1080675.16990872,1637010.03722153,1352922.30735094,654689.307171683,608792.202006626
"P00244",110872.045483848,159341.296255003,127098.368334621,155873.558744457,136923.210009209,89610.6343538082,173338.967142006,139978.291610503,189305.483065456,89331.5795065794,193652.130615761,216382.403691727,297108.772858577,139113.861930373,193280.507855262,160807.760824198,82373.2524117612,338457.023890985,275389.492182049,152260.629472697
"P00245",786022.958229405,435441.758206858,543161.957857698,1029412.71455876,277183.172736006,712296.650939457,411442.687006858,329771.888682522,317230.143055446,213561.232158229,674085.204083035,417464.542106958,939180.285372053,396995.933196789,526439.119815738,361759.535735553,2267872.01895197,557459.905052829,379482.056003084,874927.036167778
"P00246",8569687.86169996,5347164.19626801,4458701.70599805,4123866.79633081,15651264.4884021,5868901.43472387,9304202.64429151,5413016.1029167,8718988.87427979,5297958.58801145,4343165.13483693,8552696.60999747,6955634.88205593,3752786.93859891,12104469.0271797,5221038.99859617,9573790.44031917,6313884.5361441,5763339.31282374,5499712.16829785
"P00247",447522.014659627,221255.923740312,356292.296279987,473662.947732048,284142.367958451,256625.273350749,312693.645877623,186235.380274096,224995.420901837,469165.375370026,731750.496733437,357870.380410036,212039.893670508,133897.406049725,163107.481786474,80471.977125223,368482.10403641,264466.666513451,167803.474715143,245629.264603087
"P00248",808775.683091564,272393.89285939,351549.979364626,446853.685686082,321676.00113505,465034.030265615,273976.951116252,640282.075108769,572758.197243673,589340.312869666,977520.448123737,199396.321450357,969094.840021701,576268.825985815,520341.030910205,359331.717857043,620044.464457097,523082.216538047,523580.620640618,1111134.80170861
"P00249",37713.3524461466,97850.4417851436,88753.9480518099,42690.6255723715,49898.0958074784,51124.6851573276,83572.8031659483,109173.021299353,101829.144454262,83864.8656343889,122122.514699566,93438.2182366652,105805.185796921,97954.7553425162,170528.735997936,141464.46752733,66052.255711275,86986.9780939934,80533.7366207118,75212.1711023965
"P00250",338808.708177982,456362.023837696,350901.939504575,103362.412777632,178247.717199751,320921.358328309,269754.750337949,167465.174334445,412786.290080754,506871.754799239,155851.478451704,250981.014255867,156460.637626248,637691.173558914,324001.722491676,494416.144239263,203054.746223803,186788.666533361,445656.010352378,272891.077310513
"P00251",199396.930778357,565229.212759023,429751.985780713,199676.791636621,372116.190923129,251684.412207914,142326.819609715,254182.557107195,292031.249604016,296027.179854366,199208.152204523,271178.90867101,106544.634622732,218932.1607045,316254.681880142,328414.175676064,133225.763452994,469499.468208758,183216.855257507,195111.959003131
"P00252",494599.274365504,328171.743406744,163502.450185472,85251.5603096685,313192.940785316,592057.959724243,296225.310428646,338582.247440315,155915.849061933,303047.361513538,115449.87474896,274601.498618873,244441.051301559,586472.358855136,623214.875657235,390835.458961846,382044.56784996,128893.913103469,323185.569433777,278627.233221236
"P00253",50413.7694292635,255144.015204603,69514.3950900004,64052.3756109997,129495.60489445,103772.391693738,156574.019705866,186870.569829489,120020.213842712,166572.489389473,104870.058588182,134543.771048523,96983.105719375,168282.869402684,223225.409671338,202350.365197157,64167.1427309022,85449.1379811525,137120.191375829,79704.7453676723
"P00254",165905.02060537,467634.50355648,133400.306188657,230654.145253909,184560.119667321,552589.338999622,339284.054635933,345092.197961336,134777.986541435,942379.66014526,246081.706284995,297832.070449313,393171.746090384,212353.970484325,261510.445167254,305463.165149579,439312.786033059,196184.821532713,268440.935555149,382446.365632618
"P00255",826478.067753816,2973805.57936899,497988.898564015,187265.849791769,1790385.51975907,757540.549609685,312662.413080633,807305.386461341,1233771.51686537,2548047.5003053,735681.780708442,6235359.57289442,830975.358984801,1460810.41134808,2087604.09445444,2998148.03893343,546179.879569379,638482.634625497,1102068.74493758,630047.752158634
"P00256",391452.769528192,629990.529409634,767113.143865535,186068.572965793,830207.690781734,532268.500892208,566371.422511207,239400.319312777,294630.995657769,482662.365655213,816967.136874406,502557.87202533,435752.930169529,502673.975108093,422863.508259546,623759.106980756,1107931.75366923,322014.958879611,676257.11065888,247361.552936624
"P00257",805108.372436379,431807.113771823,821418.008169153,854027.708853495,596599.132844006,755423.729116701,1367651.92170273,908743.292621218,374258.595874546,1024020.49310645,581608.153528192,1032612.70419426,429247.250794656,533504.518301266,402833.160965297,897071.001014888,712423.927331976,560802.880026596,536631.093585802,816593.561904416
"P00258",198601.960493847,161091.93450378,129754.478958284,185304.301606192,97452.5258322827,195965.080262039,100902.997024009,110467.812821151,198969.94297931,129170.802970954,147762.317821155,61927.1330723601,128581.286370264,224699.697695792,275610.136603609,425863.701126193,125010.443784518,79555.4933961994,167207.199840599,140428.721729881
"P00259",277866.367796358,833027.869348656,440210.651273986,380879.828085353,484234.324507349,300388.299069235,288664.859198569,542005.588244776,345477.655599032,249498.01425494,273690.714715751,141648.648121549,186647.434966594,293288.289171531,178023.549386017,298297.042686869,396517.354028757,267025.759854028,231127.193469512,334016.339673077
"P00260",211633.439161807,288616.799663489,257131.904159744,229070.169130528,423266.94321942,246760.884089306,397332.322730547,255628.345043733,293840.126948497,306203.908868724,159102.445754951,232375.083312752,311963.278343135,268674.169959825,291522.513835296,224678.103907921,355078.112923929,120932.704978883,186299.50961997,287215.561550043
"P00261",125698.38549841,524874.032453493,69305.8208511847,132249.165874788,376086.95747972,348058.792305825,174969.678366237,271622.325784335,377296.5383267,227762.369891781,186344.146172342,175093.168431073,118718.537215469,268851.779350844,125896.863639557,571762.485155977,388798.229944229,165526.911215768,249248.587033511,183145.865845236
"P00262",78285.855378282,118836.042103093,62529.765776727,60050.6617070604,57961.2115903604,56415.1910522257,110052.125524052,115486.86702585,157379.824771462,113842.673893318,48622.8335811014,147071.29609834,54292.0915862886,143460.341627302,90128.5492760447,141671.920127021,77867.589510291,37466.9213113993,74415.6457780148,77165.4452260366
"P00263",1201576.98829965,2286998.82132373,971080.759722864,1648698.30584128,998517.735291085,1870191.0326444,757290.228584096,2532914.26895645,843708.055796112,1475504.89878569,190097.521123885,219586.557528815,211590.084960373,516955.821177188,563530.124709039,431363.323141533,680973.979628644,304156.874855153,380209.444451128,957969.473335638
"P00264",79404.6739457651,67816.4529060589,103674.590994473,37289.2937188873,48141.7093514553,75283.2529348905,20755.0771291909,56441.7081658823,46907.8985668967,92695.8277598491,142569.795973806,41794.1617866572,115084.276949699,45725.0263161963,98555.5595337174,89898.259210547,184092.673403218,42191.1884405561,26799.5606816859,80468.6780772098
"P00265",91942.035381458,176821.760363823,142234.264841045,95605.3449910352,117393.459632792,100671.56968146,320709.532578156,204665.834132689,79065.2613030014,109336.454368624,46788.775028046,64390.2129111924,94305.2018052583,60658.1304584373,70265.6599245763,74441.0029968809,138908.323242572,96186.9801798506,110629.411616647,71472.446535376
"P00266",479947.813649953,383669.499787719,271893.74279362,302939.197841002,626059.116074747,221640.409412192,282784.500239485,244044.998709556,349991.039129737,223231.440047223,505932.071345577,105013.789493892,347457.070775754,135383.156550622,109522.955710721,147184.160746365,329853.242453528,401666.802480418,145399.309563209,454607.285080985
"P00267",175304.138392478,97974.9454214051,669604.734008042,233628.806335976,513020.772145147,180747.109999476,165621.439499159,283552.100403088,172236.627520975,217819.84633244,156888.877826402,171038.277282738,318875.588775889,176410.613663361,472048.044213109,140983.109620369,241216.219520875,91617.3099680876,146860.317362174,88272.5443442152
"P00268",287080.757630535,258971.755487835,543493.220971755,280524.119934228,410283.506691924,225497.423743187,385040.902670258,301478.005015621,242561.127383906,383794.526187433,374367.795920078,356230.513156317,190965.807894263,246843.933299078,286252.923694888,864233.070172848,141974.719426356,166103.896127709,271662.14222033,492089.306261102
"P00269",300573.95627313,216770.049674494,148249.180830787,165569.314184754,69701.697174567,115401.750505627,241322.264277991,104784.590262971,97659.1323917899,139291.127001615,148892.148159574,99014.256408619,138828.025901101,95386.1786694878,154182.073847206,109664.281908455,156451.091916815,170094.340345225,80526.0031862224,109412.387356325
"P00270",72555.3710017241,166705.37625746,84413.5313131212,85442.1792671495,89101.80737875,136154.234382164,56001.9808819434,70837.52676582,150587.486970611,80835.5196553895,100074.332141735,148781.917450026,94811.8133142168,130802.225183346,124344.844705636,214441.857799041,98679.1488023026,72322.284406694,59404.5378554959,129523.028897407
"P00271",384264.103940313,242736.158153038,269503.053405031,414883.9438602,311601.86218272,137674.445949563,191569.513077098,320716.889418179,370730.271618131,326820.73189076,809553.199865581,220631.87136269,213845.345439383,123648.755126429,166636.906801116,376251.390693236,262753.899199286,531730.558926367,263046.820585697,559185.166835981
"P00272",30222.2273927433,56393.5303096721,32890.69094743,22873.5070932142,72778.0145968387,45432.2939707193,59115.5221912525,53796.4701137707,47099.9965300722,42351.468631726,100182.315042343,430544.207490554,162953.291924296,229159.622822932,204452.837437908,443008.442461528,57411.1904155435,153988.632670799,111573.18559658,50142.5175940709
"P00273",1050787.04808344,1592045.40558216,1282964.48407604,693217.811942772,834527.679865494,695963.463128758,480439.852683528,991123.239954076,883577.621274737,1358611.56811138,330451.21192634,669227.629736915,972268.70302358,1368254.52714141,843447.048512786,1488389.74769786,535116.148941521,384023.681750271,1038202.49418124,321782.078117046
"P00274",230415.506003358,249101.283271854,388140.433248897,225128.168052795,87559.8287408173,101325.43616654,138006.979039205,184391.255873015,147287.913681052,209658.70390892,246464.193331823,203312.024774165,124075.273147044,172599.200654687,319851.429755469,399132.870594435,185662.140585111,144096.362657514,143563.193143614,129521.531428924
"P00275",113782.265964008,281236.657385156,170115.027746242,90534.9774727172,438669.375218353,312320.542681756,284593.741900049,335394.53077736,301688.363884691,428467.476072215,235577.725005246,385863.346906931,247151.23745201,379133.31770317,138949.621508347,406961.210786961,159448.801267177,388567.460518722,184622.983889981,291315.985064379
"P00276",225334.580364894,267595.090231456,214738.165358808,222170.311126387,426249.970136313,542703.319108216,297008.05579235,573092.140830624,283280.585566626,188960.923177551,246217.329573653,239693.517806069,341612.923611773,361751.038833116,216749.289513845,310280.957667192,90494.1461820729,215637.280990788,270424.596424649,167270.288768148
"P00277",444431.017259993,239764.614188033,398101.710055964,250064.236372764,248500.368679007,503113.306383408,258279.870192128,556190.696982898,572161.015442338,385422.853821979,465149.127785862,290011.580993152,467505.724029809,246810.414334444,793342.515983596,437129.921330164,279905.893204453,248403.086226814,538497.748486078,512822.218408636
"P00278",1380628.42554437,1723802.61054201,1886942.73033106,921983.941576937,1822888.05777474,2252371.3701293,2103116.03183167,909895.832940547,1191185.47430574,927919.600500354,1933318.12478155,1015306.36654116,2063233.4911396,1250009.52949583,1005389.69201183,1025487.76000651,1839521.88810623,2535241.47091567,2298089.8737928,1909148.65870909
"P00279",206909.084152018,261689.339062665,91741.4986080337,94240.2297441409,221944.963362928,144645.309602676,58916.0949001447,98301.1279507773,186704.562858261,111268.981615661,112963.077925503,432739.539698357,93024.5488420656,172817.865388973,161619.466728903,190229.102205399,114213.790958481,77637.1490081665,78243.2656073396,106368.549364128
"P00280",499612.301902288,499250.184879561,661839.63842274,528663.058829261,252411.477211479,559987.16750903,287793.683743831,233045.1911256,646264.655983362,615896.182068454,505268.594534331,679003.589871089,603356.956399285,826562.827827794,136540.284755654,430155.790851538,342509.178136253,429445.685848397,433311.596629257,210281.753992432
"P00281",4607413.70314522,13013936.1978195,7051859.46856012,8902038.21438462,6703301.01175423,6138757.98491813,9150215.43149145,22020905.686028,6276078.73968971,4203950.37433109,7017469.41799999,6338614.34689166,4785920.90534073,12809160.3278699,11770504.4002874,6587336.32791959,7062374.95668689,6103816.70288325,4849365.14721312,13642772.1247
"P00282",170168.482226929,1269089.67331462,175024.345880197,85401.3035770489,633115.680270465,396965.640628092,193282.97513282,380516.494435396,270711.438460226,419034.198278697,367585.407506572,757133.60140722,257743.623672866,165233.37884139,269774.492498171,345348.946136225,187730.559316396,266463.807685495,180026.032772364,545486.21089477
"P00283",125361.982491038,133381.287539156,247347.520688114,253036.268099981,166377.457744457,213515.653570603,196293.582215698,145765.285788432,276496.096159696,317577.99072642,97762.9472054966,306671.979651873,86035.2134887315,108571.876002321,217784.575238814,117639.563066797,426876.865637159,87745.8091648954,224442.296762479,129586.37349997
"P00284",706794.154451773,582348.741998349,383335.16194731,265086.077162674,518594.292024588,478641.120173809,270080.02447729,490434.148534027,575848.950430531,566077.485974792,752844.543337975,609695.013395582,329151.687446456,720296.050155172,464586.303338611,551865.391275714,371588.856321781,669737.253120022,472424.248908511,461963.461320555
"P00285",442036.763241305,439503.732250155,398946.704487033,138580.459035059,373500.360665863,434487.133755131,605625.200424721,385019.044627933,527499.158773576,589418.089032113,335679.038298041,285567.966703671,230357.280891755,412035.668724416,358336.772172141,387649.449640047,365057.245101728,548430.210643862,803222.695465166,1248834.03038332
"P00286",549771.759422672,205437.422479224,383476.639503618,323281.092315859,257692.034294163,540765.013220619,267614.089136792,511344.48975922,600975.303697408,210967.472093653,835705.719483095,313576.342983519,208906.144342431,446111.999501479,324687.421732619,316487.538253569,423761.774897761,434136.667949423,285343.461570942,434165.526493087
"P00287",349837.975233934,140792.417982722,247167.738986646,250838.64136774,176571.29297627,145347.633179564,152915.941631457,192761.138257245,136670.280897901,288122.05448304,283185.785849605,186042.933770112,246439.646625024,226085.025905766,142417.813372851,215574.777359602,156539.52815072,231553.624218814,120618.921447486,210076.002995778
"P00288",1667156.95325757,774132.623647922,237470.107763917,505864.622953381,276288.098844327,487534.984091356,379783.970538648,226499.328969477,236230.013164482,416162.845146486,316756.302286159,313455.841446271,227211.462000409,226739.272526433,210878.528845694,326109.43629968,351837.87465532,232289.147574042,226461.672405155,127680.510970108
"P00289",306713.267106363,155926.930751396,469070.225769067,196152.422929582,167666.254494886,319464.07984136,312018.602116646,93305.1266015973,222249.502615992,397781.969601272,295521.407721898,196868.499888975,265647.415697887,442525.053632238,254681.966911089,182471.463391929,348318.654290143,949800.46400056,412101.598240656,368925.09494793
"P00290",126586.772953193,102273.656297782,203293.481058031,149414.892419896,216783.768211699,89658.8021524158,200307.923457429,185073.037720379,92883.3964046131,171581.814252048,200953.384693857,177835.436083535,105043.434157268,72998.2734144875,142970.791146895,93667.6046165072,166746.117326246,183741.887987785,200815.787074809,126389.646390308
"P00291",254995.531217627,371531.00646205,394967.717084347,353790.635178557,497962.175342442,174394.310091753,397780.547831923,265959.972683497,198720.527177842,317892.853153269,221513.336171932,620426.708250747,271692.679573969,343893.944427553,167714.717788809,220142.322584954,475697.241374589,682881.935735698,306678.492224299,172695.787161958
"P00292",172758.757178711,193341.427032638,317341.291041606,530282.366615886,264285.262331406,344711.588667118,610137.962989236,223372.518627383,363306.482130309,190101.377123957,378186.305365927,130632.920130237,480353.711303799,313364.292469864,365558.139841006,231677.545815415,464442.211435238,503545.131669405,192388.807294147,204188.851111263
"P00293",75860.8366684616,37266.3474631299,76996.4624000674,71777.8223235247,48726.6937290789,28173.0742880614,52624.4697787267,30174.5385623369,52267.2721949813,33777.8668537621,35538.4973137889,39368.5826687666,26086.5856006288,32366.009798662,76451.0769641376,43183.911634412,60978.8736066575,72056.026252523,38522.4625977269,43445.8545720713
"P00294",753409.424269592,790711.648556756,1032352.24437493,1992235.20019489,722551.45184008,662603.107719585,807294.512023468,791765.650193982,1559436.78363398,1215545.96668344,1246280.90681821,615582.426212097,719913.94602501,1469284.23750254,1062028.69413479,647076.806643245,1901731.22246788,1887763.43065993,786891.752443182,1065537.47405526
"P00295",162227.609053841,134244.751912544,215530.126995816,445343.727324247,346058.660075657,201742.58709244,301523.157112726,266297.472933969,127467.387069471,214981.899327317,115184.30378435,132696.380693825,156317.950231234,249346.925395868,121441.452594987,152152.114659773,153583.063101384,324709.059986725,275429.736806034,293303.837007386
"P00296",119353.989474635,251692.419095026,229356.361795278,111439.47390305,171297.078446578,162396.3347148,237130.613927888,228362.64189537,94767.4614287298,262039.510377849,150282.225869141,293641.940943852,171855.065710979,108447.952473896,167126.607301474,106460.106299339,248011.680519206,95531.6061422858,164423.262165818,137189.672443169
"P00297",248576.413579548,464018.732294089,390617.801849546,359159.782430424,523778.379692517,263813.158215484,263128.736769719,362327.580267345,513510.604306368,545543.258164077,422479.313519627,930404.657111248,654028.940746583,552304.288599025,542825.042661777,799928.506686667,401181.186797566,165684.238080663,511687.531717351,512367.757801651
"P00298",636348.603590868,510409.91055759,1131256.54853359,605723.237870069,1353522.24624548,1326539.03028694,1339911.06102386,510953.630011238,513111.008892636,1063414.19403559,1094056.04054476,803491.490224401,656054.424224686,639869.31310031,746343.619326837,360886.255647924,1058850.95925219,2307960.63652258,484784.658633704,951333.735410183
"P00299",312579.154565688,340796.264001876,854662.326791814,232049.014181846,419424.840460376,476222.452237853,437401.477767019,266200.043949813,357480.415709907,178501.541118592,332760.730221093,340959.696005275,419196.507027902,520026.458675186,263619.913439038,275061.299601529,475881.402239268,438161.391498045,259717.760458075,457417.294441303
"P00300",176408.216853135,245635.496378109,255503.266731545,99411.0216874363,256299.529728542,97883.2586949575,258141.266394523,257202.041474226,481419.604205386,336365.33912518,141615.154815901,227294.14632564,194326.32490228,108029.357134776,198510.695211171,171443.796209373,197612.225330187,397154.765066354,228443.768664142,246186.179715283
"P00301",389408.200933846,572777.470580919,545014.253460272,347256.344835199,337036.081768744,252554.753020398,664406.141976625,397885.574634089,403458.531610194,369421.477312664,303291.913277707,732137.864821762,475033.484149675,502429.532145863,484284.018066755,561107.957096832,345082.072318889,243238.549111391,554163.022624518,475641.632954087
"P00302",116500.383385926,181364.774048076,422679.345372835,168519.487413949,257467.992657015,154111.654121197,128195.290249062,174036.348850919,178999.933203023,261203.795461284,657808.840716064,370465.546976335,94287.7785268949,609916.527165639,405210.941915777,399965.948261067,350042.689167213,214538.992564352,249548.493437749,183399.894873835
"P00303",645354.437828266,835070.483954183,408609.292388437,225088.652475316,524861.175052606,500650.812886504,272955.402066212,520556.853934676,711505.894550963,583159.592258179,261136.610406381,522812.250070873,513331.933823792,1997992.09107129,641847.00290507,1159317.8679006,307749.683472552,270103.003774666,252179.996724289,258154.06217184
"P00304",307108.762613299,210580.214875492,224896.91088057,347060.300346585,146247.442797881,203150.337668878,204975.140770231,252495.401961638,181907.864026821,422412.398918062,152737.947376651,228859.000839072,129346.586195279,338551.247680567,187766.938467469,234093.379261002,514908.363441491,410548.018934738,108955.480238776,200939.348901022
"P00305",150491.052593077,129008.666432789,408204.699245246,179197.338292315,529307.340200767,332440.939198205,261793.021178195,401711.902129422,130781.001010282,165125.229417959,124751.14816872,123640.270277076,147950.003503928,134002.463964304,211510.058863267,215012.948742794,103417.735996639,176047.502580555,205772.313668945,233037.289515059
"P00306",141016.572160339,290384.035901713,190256.812009362,129752.481559459,426938.316128874,403267.74639134,208062.403716502,318913.038426624,642649.961266065,271775.933554713,100008.817790946,635535.349342327,154702.717949225,952951.291189715,339805.17469632,1227398.60387265,138350.952536772,179975.489221448,590505.243208069,120307.825018977
"P00307",1770079.18309532,4100826.19703588,1276356.01548253,1575284.17323588,3324989.7134045,1418611.66160544,1171730.85871564,1766441.7839103,3877283.66225452,2107279.91395317,442992.896300171,824867.607187054,270293.439513588,717292.633723825,557547.258239176,1034073.44052055,264439.008017786,793529.180723493,163151.884698349,178570.016401672
"P00308",124273.611330161,54755.8704223913,50526.2090478735,335094.982022994,97046.5391590502,45055.3630487835,89172.1320146482,52068.5432285881,152478.577264856,98327.5343625183,39019.3126603689,43936.3263945861,124218.995710906,48566.9382757845,156439.559236749,65637.7954758528,173624.045715332,119735.875207676,174228.186974386,124590.249201603
"P00309",404790.614294151,1120881.38267392,543110.287927791,536437.734912562,423372.845451365,257304.926280733,486638.303586603,1062289.37560262,687988.011218031,751077.265651451,647958.470625495,669284.162489452,695226.407355948,695878.393161042,654537.630373729,530899.939974895,552506.458351419,629169.684612343,645934.339734814,404760.214377784
"P00310",158919.78149911,252924.876037016,209130.925754698,150414.877251996,244944.332999742,215027.59245265,109981.382332575,60720.6807667958,144095.846992984,250309.974851453,195067.55350464,138641.558637831,139690.160555876,175620.650346064,196151.568209003,157777.345461766,152141.165795548,97900.7667165024,262389.041996257,139600.14306333
"P00311",290147.095353668,603426.014356355,461343.555893178,267913.054270772,152724.155831566,230697.080471943,593268.316586553,205923.775522843,716230.343035115,994798.86740026,296711.449942048,955022.490283104,295098.510841769,1104374.70594797,856477.437002322,813815.340495294,176915.290892277,458257.409978998,397027.362857959,309322.708347751
"P00312",76229.0910747151,222477.619863766,196791.453815711,81009.9899522295,64846.9655475302,118015.013654812,144409.485472172,113118.066269786,93800.5234194884,55436.2825525017,150189.345352041,121705.327838041,94904.0372144958,214293.001459181,229383.356348186,77688.1212732034,92958.3721329317,91933.7521163088,118117.809132847,69386.8323715766
"P00313",105685.830935495,167098.837949986,199105.955383726,307015.00930888,194427.752377198,183487.641929197,240906.729678217,207933.07308742,176423.567455015,460711.441668627,220850.320550943,195623.708270479,233626.288773556,377768.65550157,275787.306988171,482977.87423001,116994.655533654,226183.203005037,100555.39781541,234361.172506747
"P00314",281041.464817037,174853.913953556,191851.61548571,100098.969457343,248166.20741827,130224.38220839,147242.957159202,293357.815917576,133228.969543886,197665.956693203,137668.415104877,50951.8804742223,201815.917108463,50794.876081003,156488.723518717,270726.905300391,130987.358691034,470456.62819702,254640.48313446,273134.603436879
"P00315",326347.349598239,201359.038104176,747415.846597654,848339.641697123,473926.219796233,554377.772100357,174307.169400795,257561.555676254,222097.529020385,199339.634753531,410558.474400918,401595.697620533,273370.045095452,209986.488166644,421745.285656403,163294.316580123,457328.439615805,346456.868066175,310860.116514754,337273.117913378
"P00316",93379.8039160545,53844.7236577468,104252.044989312,207487.75858333,76140.7277650949,75931.0126216487,82513.2373632182,48741.3638703696,91601.9403322656,55779.0251692911,249128.668828485,33521.6607949046,80502.3715531952,61030.1396084738,33097.87444514,57183.0543039395,94011.9760158154,146856.023884631,94691.1918202584,109602.738661351
"P00317",109194.48265697,264185.695707234,137412.227440509,84767.4344955156,107978.356795267,132477.629270898,95622.9873611432,264292.434571376,275610.602555374,181341.500726175,152377.494620474,563665.100326653,429387.837197275,342398.739240071,210071.582386546,269377.540912876,59657.6396428331,182384.699582207,269346.063576228,191674.501034339
"P00318",765793.000985138,937231.934743807,252369.294771116,459151.497892313,333758.042070317,332701.990125617,1146530.62815389,237254.564362167,254229.444241596,1272437.45633576,190172.599398977,260976.993939885,386782.866858834,504396.984899733,162453.340502751,410630.893140461,565669.077266427,618940.354961954,221142.320074101,874171.974754237
"P00319",265790.854855905,454366.499661922,146719.163817448,126488.877446651,656080.484842677,197871.094583197,526997.440612637,300613.589073547,441996.736297789,256848.294248024,147261.444318619,771383.881039739,213674.317695889,487045.103083821,360104.96366271,920350.692466458,134499.561274313,291355.36424591,350453.761646491,223119.332838075
"P00320",220030.89222408,85759.6653972506,169710.376886511,89240.5676067916,124733.904680928,121765.166069341,398024.962689791,208509.519042829,170284.953065679,91785.3291003267,121635.069379028,173730.105949311,301141.645626177,296399.287892906,178130.823944212,249467.510202862,236721.97476162,137629.770969201,303637.18214373,280735.596263962
"P00321",289245.199586876,700710.018296072,240334.461280174,86390.5571898922,427100.151861818,215713.357001014,394603.083005446,565215.031568517,352967.545039384,394659.085539614,215006.144525347,456650.221938899,543440.25572636,404884.883714662,367273.224006974,470005.187101946,313084.181246552,335469.989409102,222941.894868204,325054.050542012
"P00322",110182.74117292,27939.5031635153,49662.7615186317,51792.1278458729,52583.1147666484,40493.9180013044,95494.5552058758,85842.6505077812,55974.4067983352,101880.508332497,52700.183658786,108157.905516504,86430.4096842329,114776.050084242,55330.2530102416,72177.6851232018,49903.7127376223,100628.185610008,99765.9469940613,76212.866314662
"P00323",14592.5711998032,35098.7335667879,41736.952332547,48246.8088886367,28868.0229383811,26295.910134989,58495.3370958587,22419.4311519392,41892.0845536996,49165.1499083118,50836.0029900347,40338.3397671121,22335.7853306817,37873.0193550343,23878.5558069678,33380.0608876256,46101.5990778534,37132.5743272972,27606.9442352084,39345.9796539524
"P00324",257981.109595874,464567.103683484,303742.913251486,141477.534611458,338399.640409622,461517.062281755,394596.250290285,375381.339591654,333348.260540145,576014.070432196,199731.426540981,586572.266182332,939565.65944735,903690.564516564,497759.470471292,1611073.69669035,178935.060983254,293600.078736173,399389.831166332,211043.539279503
"P00325",166674.376027624,54265.3483741558,151890.836526467,112784.137941924,107611.660281039,53785.7779164857,240652.807337999,124774.727298786,79725.868462157,151135.602382157,161705.166255204,20598.4210719118,141975.102380818,73740.7760862599,61754.8246465322,38921.5702041703,267724.696814612,207377.264793511,109612.094717581,113027.485407218
"P00326",377730.943151567,165070.930931564,272951.319036602,809679.158716272,145210.173213903,97031.0720254326,345618.389370257,204972.978672259,245997.446271271,338992.647508976,429116.91304109,299002.290648562,367252.299229802,397050.270147994,95304.8932645271,81910.0830470204,405435.585188342,247494.901445733,551343.105919673,368329.139677375
"P00327",44192.1195002909,28816.3659703411,58842.8660710812,57051.5946996433,21647.0089253522,85797.2453862597,88937.0084077968,54800.1213080847,84132.786019702,60654.4865680201,78412.7794600065,40678.1267474111,39190.6150891722,30059.6734852932,78959.7550657272,28120.0839182298,84805.0184943023,59373.8888799567,88096.2505919956,53183.3616871672
"P00328",107152.466590958,32305.0606479333,89434.5476514008,128517.97698434,78758.1900690643,48335.7907970908,118402.122666544,71027.6225262367,167403.686347474,142227.358689715,63522.6108557267,45578.479782356,84544.9240636134,55079.2946335299,47735.1553595064,44418.7181412634,86129.1685367074,57094.5703343974,48277.6244330308,126535.464322885
"P00329",274553.222928518,203097.208587441,265033.387633329,358322.319477752,165541.293321977,194779.704489488,283844.54670238,510051.015912741,219630.425101076,153587.199208706,185960.716437037,406700.446540265,148880.085847537,201647.641515432,487105.91096387,327250.735489434,316267.384374085,199189.381833398,397530.372428754,205668.048345127
"P00330",339510.499585858,496561.632822685,574597.005402829,152797.74356935,256089.912708407,612191.004177905,240890.374081748,595130.447602218,298602.785490275,258677.088243314,285738.623175822,721181.578457441,321994.142965783,408261.143725207,530944.59500338,433201.416120022,389009.484014992,198420.328062966,416917.33045939,284794.78874165
"P00331",166211.323021015,642039.255779102,167884.66829421,215822.690863434,374468.403121584,211696.71728265,404475.751542114,400720.828748756,353999.970372782,509039.638953476,197373.925162931,328221.368860235,205984.145093519,526815.035927651,263833.850517949,633784.872693577,177160.388056288,416920.163150849,306932.798546818,333116.802781172
"P00332",363164.61585005,1433815.05730796,858927.215442187,176799.453528632,723807.342116832,944323.071255019,357181.806680128,1048884.20588429,574180.838021779,952973.191921141,670364.082786897,1658747.54143513,625982.11072727,459141.944581568,760397.00605851,1085067.15784297,522224.771465081,407826.072796232,713370.992394131,229485.8528659
"P00333",203027.130256819,392886.684644556,282767.999348785,137579.378693207,438366.760138765,315550.302759442,439286.095781957,145495.195213481,362853.362321779,198460.384742226,484033.394303335,555549.662367458,183146.089412269,291716.871281396,190731.25132916,917819.135995513,431663.781908779,198260.822651898,394151.418381774,556187.463050123
"P00334",1147145.09036473,1210532.52976906,1469996.35536726,401897.152780644,915367.553988344,506808.689426945,576833.123485393,963672.255767681,581150.76261485,751309.81870115,336549.16299966,640185.659487025,693585.707276545,588959.283308555,480893.973511324,1047438.71948659,466155.433213665,832773.124173143,760511.069455925,1597870.26670368
"P00335",273274.230417893,90283.6776177813,224945.05257413,363492.086481067,299606.409836302,235652.391707127,93099.5813997395,306019.220916768,368349.834533534,169506.034749021,250969.943543225,74833.9433158581,177054.793485969,93281.487078337,325833.436341754,197300.363374848,457639.970302086,505460.770766217,156760.194914253,291272.525325352
"P00336",275082.527846949,1217555.79922866,205876.289893133,101998.041108875,577189.573156218,495262.235285853,365856.484394827,529875.098045165,554244.487039612,557761.499507776,196576.472349212,1217254.11643573,648889.151605502,874231.45524084,975309.743455613,288016.415563091,406000.652308679,258072.31372033,836861.959043428,300685.226197769
"P00337",600323.635526525,226506.155420257,163778.528135991,331742.155453299,297519.873647459,214033.302304034,176967.538945401,218340.192547,121919.556636066,199700.550255201,258416.136170276,383504.134639615,201323.846472765,117112.010330937,214981.584374691,192546.37362765,177131.078894526,259418.882451044,296351.183146092,162468.171658187
"P00338",116286.868252039,186463.843989166,128764.026177486,115393.64722188,298759.979093545,202427.360127349,299774.900647306,154732.935010755,271330.983367695,298007.961637089,198955.333526244,269435.758063221,126000.215477586,147295.64834672,265138.152948468,141070.638437713,135304.335798241,232538.016977727,117076.812762456,215320.982049992
"P00339",52029.1025582422,6200.14809317653,33147.3283705998,16707.9268392798,20134.6454673297,17869.4622086451,47643.9801326795,36907.1552322093,14935.744680524,33699.9611416865,29845.4408668713,43626.5868435772,28840.0343077127,23919.9867082364,20887.7583416756,21561.8888491029,26768.0194748899,33848.4105664364,33427.2373053297,48607.3765008064
"P00340",205152.485923919,604672.3731467,337663.352599096,151345.003586871,186033.793511995,210515.773721574,325965.386263254,152450.833192242,351385.899842545,451364.199589268,184830.152729304,298508.303715366,240477.971564356,388359.101559454,556885.615842201,260093.728335845,232638.296975555,201711.507946415,578621.430317697,433275.010346604
"P00341",784745.893468384,470051.003134928,449761.159813044,1014516.04872442,360033.446497646,385910.762323338,545471.605103821,328377.167843995,460800.189312361,257176.043939282,350866.311625214,264361.618712363,315249.672827368,631524.059814122,462114.444774574,128971.960349706,219674.327769123,327396.333272467,387321.8907444,538409.02584814
"P00342",700974.985660397,154882.439795324,367842.660300155,1059238.57846337,410185.108657153,575913.105639064,214332.765334978,433274.817614059,462818.282656965,362817.51580629,571915.6672214,311429.096020475,528613.352142878,328768.442277173,255472.013663073,258934.873033886,234860.01549732,330108.23073497,338327.017762098,299486.375207461
"P00343",113459.860928105,176477.54732257,191613.28517849,398102.623981157,245751.041146961,250835.476358608,108386.985569506,301738.75034633,286971.535427189,107757.283988875,301333.927566108,130881.500030556,117446.65211778,97533.8174914344,106808.478757039,248245.887325645,180108.457656541,269638.397004851,223827.684058303,245329.02037174
"P00344",136072.224684748,173633.847866208,151950.024791087,107971.580281774,96222.2660973936,180704.972903157,146783.258266664,290136.280927968,119511.385031691,106825.688041533,150676.451435638,268233.411730691,118443.351134489,399525.923032652,171663.130259405,99067.0120209061,145182.886121103,122133.350733396,344698.809866055,220205.029275865
"P00345",127224.498453874,100779.367726817,111214.505485706,46411.4896379125,108168.719801372,116232.864219706,153318.570163374,128582.41525983,177021.329282748,100918.920466294,111267.153085156,174191.319241645,67057.1152859188,44809.4372850818,77526.9537817191,106841.253734748,153976.435307342,57809.5262255485,81045.7960411779,58849.5146476912
"P00346",1476931.95102996,1069465.11672933,1239460.19988264,1539704.72390245,1023283.11235387,1929391.45651502,1647676.99344835,611653.89909876,2647608.09698974,1356141.47892006,877981.926846591,2639283.83913308,2411213.42537097,1092874.5071029,1438355.94790722,723446.968824078,1730879.0324329,995817.821315119,895779.313876941,2324424.18988129
"P00347",124279.436154694,265293.614831405,169900.711121481,148223.966707943,169041.154877099,296196.801229134,238352.559831849,214114.009388385,231484.607428746,357847.917531743,285201.334733341,316216.316185689,166436.522596419,231353.683081377,321552.47675273,135752.447531035,255806.014745498,283275.874982422,78606.9684088832,277380.741946033
"P00348",1114305.01899078,2928235.9950374,1073390.38826667,545576.789937193,865761.523055328,1000031.52336051,1084853.34167811,2553764.25989303,1335708.72061809,2569230.01623193,1101997.28769838,3083483.53537936,1773360.91145986,2149006.22674169,1394097.98525769,3052343.23283461,731564.204338496,2182974.68683086,887920.092158914,1109323.45506796
"P00349",509142.342761278,586443.201676141,1261509.28158914,985250.58989835,346774.475853696,1090760.37252962,1095186.410841,442062.957064851,1057665.93015258,443666.544768571,380575.335989162,1245368.13665187,275130.002760732,354516.556641378,390308.607940852,747454.599722626,952851.003640648,845924.826129428,1232479.08259497,753103.60509441
"P00350",147921.073369022,157127.012527998,198856.086170055,239298.084267047,266397.322565268,236958.095236104,106042.656203992,532720.849027575,269807.931347681,135103.275476875,200005.34404153,256924.788727499,244316.594627681,384102.052468013,462075.102139243,152380.809443869,116631.889647803,98064.8182005555,198195.42752999,249940.782777316
"P00351",667953.877332782,711720.764921608,762749.412862602,887881.376540571,464401.383674679,741927.490641654,1054981.72372579,1061690.92518453,527268.837564192,722518.059130361,354353.606322214,819639.241098564,466385.997146369,763084.115766616,182112.251898325,1193915.75869478,669852.967516368,816264.419008857,512378.54335418,696991.513171243
"P00352",367478.544608176,264421.395563384,325499.78887479,715811.160539116,770007.801954159,345920.473958318,380107.096715489,465155.022411457,382812.765362239,687886.945518858,384013.665469418,555524.622616453,600629.98066793,439833.756332657,224574.567734344,496538.841585988,231878.963505395,281107.142631703,315731.00807611,624519.850804771
"P00353",243146.618325056,269403.231866116,234729.146596773,306496.171717645,375175.699744872,282117.519067069,98709.7490034588,480265.392025088,274830.457726523,140173.357157902,358481.232405607,287047.195294514,307214.692893448,497145.999671995,355181.424925105,331239.723734935,240896.113269428,230501.768237709,261035.590633064,292210.785594285
"P00354",40307.2372122576,14521.7351317421,43212.1272701617,24065.874028313,49878.2516915729,37293.5574400403,68056.7617246568,35239.5278482324,44571.3973925099,137001.373819568,43236.7849217547,30670.0863987114,39806.6781933466,83571.2344968853,44716.3687252885,38614.5162872598,114783.396196878,56751.7992472089,30031.6002260786,80917.56181999
"P00355",560809.536035733,1443398.39758134,1439303.73848744,318621.803627313,956687.402124176,577833.691840867,525794.193016619,858355.650558978,413423.109032653,1049752.86703098,699678.90698523,1296023.1304147,2358848.01632623,1243831.10985769,621283.2737232,1219801.55462664,629634.123595586,1082480.43268222,805581.498061937,676595.72030877
"P00356",527740.122529446,2397378.42110055,733080.974965966,447834.771750908,1105020.73359142,711324.388640016,374425.203115944,521218.198948962,1198042.60887102,752494.29715115,402251.480749785,1518636.34059519,291977.685362659,1183410.25240993,1905204.25543263,1205852.37923756,423458.27901464,512277.648207168,732710.365943661,440947.12776174
"P00357",212843.782745986,158410.027358068,169175.7367709,277746.992382602,146734.279319175,136687.923952382,244798.011214172,100501.105861878,212396.732938848,252733.205974913,219399.224396486,212489.036196611,162185.89327209,150098.292158634,186414.280530119,493353.022101989,208312.409269039,191548.238186127,93745.474867582,262030.668246827
"P00358",51861.0459197048,99188.9090150981,43832.6780520271,61053.8408985624,134371.385419337,48587.2741822025,66293.4099910206,67729.4538116592,41465.999265293,133983.890086232,45590.4693482082,80250.9440235468,45967.3874630794,30766.6842639695,67187.5530641023,109206.134473139,56942.6971863302,54969.2650716524,63871.0930188261,59389.3846867171
"P00359",166136.64860198,235761.094772915,325284.865878433,427751.672762192,612251.229073272,213144.37719793,330613.739555158,358345.203830258,691208.820277254,528057.696732794,228327.639335616,389854.731301233,234293.507039161,161431.696428839,600616.726996692,555402.189639552,172979.844389682,447242.393067891,242369.79622612,204408.674888711
"P00360",648817.473085378,276773.049461189,367713.033160006,588877.158416256,348973.831214657,184937.248510711,566337.123344283,270064.241165486,423527.890072544,222097.047855985,375972.456557568,355354.117209695,440372.785720109,922185.118937944,434700.25812356,181582.764736743,268115.996946266,749710.062585852,634172.955923926,525418.434997902
"P00361",514373.328361869,92982.3450390092,477575.038214839,491288.30153997,338308.76621163,341174.409955074,203055.585999848,267552.310884839,467196.428855113,85333.9100743134,351775.599552863,194376.562895067,311928.854768724,263894.096065782,211540.391731617,124613.854681529,295255.723832362,280889.260791817,230650.976923542,408045.255702751
"P00362",51552.6989037381,135882.350548655,48690.256154613,14015.4198837377,66336.5975590026,31867.0933741042,44626.3293239657,49496.5698371997,37259.8928006126,66784.8762324005,57045.0451809653,155628.837220982,109354.212934147,69975.3924104435,138152.020699356,98049.391546479,26389.5870911531,48034.9487631889,131680.894054874,27969.5296886386
"P00363",639694.689330224,1333469.98439432,1209354.9531881,893556.79850808,1295815.3032094,851169.1386866,1889168.28709295,654590.731448051,1386259.27518767,727333.879931759,292747.003586147,201373.248732577,199112.044242012,235600.888076844,467961.643051227,552501.123315142,298682.333954654,474527.077028044,335544.727000265,248950.72413173
"P00364",270727.090819131,142820.307781198,368758.011011922,303819.416797523,112041.490843531,233195.261885715,124114.095300761,352448.25921856,378441.796686996,217462.573569242,257930.398365903,224074.103215717,217555.750756777,153864.510220133,168257.376839687,124503.72083048,563065.907169439,70380.0641009218,215233.672530408,203352.658649638
"P00365",300153.81770725,238839.229629,466744.583027493,206189.8203305,143623.682275958,177313.597344009,300250.051457607,242371.404105355,210110.213130692,227467.805709631,293662.684213028,94298.3877057073,168185.091069428,105377.00157106,357193.532261145,61355.4202031967,341352.870856663,580223.344932753,215068.492264007,452026.649582975
"P00366",156525.44784116,463416.120632385,116476.278790739,117779.339074824,122089.704177536,251596.595416674,80605.3652347422,164140.942357282,311066.247789288,199491.493863694,52690.3037638322,371466.782373382,148305.530691246,183780.558330767,374867.91099296,355726.402649492,117498.334484871,213847.588359092,103907.146639321,114513.654322515
"P00367",115678.890775594,122305.296726858,122179.325730986,96301.8723909997,138255.154833002,98235.2391001736,176192.56644965,113804.755863897,132388.015818417,105778.851899835,114445.803909482,98892.8284121525,102475.607453035,205104.825949219,116522.12680909,188448.331790992,139112.575223425,140524.008515684,114459.224045685,101639.579053983
"P00368",20410.2387036255,26047.6083066382,76444.6798658066,19184.8747475165,49577.6495788877,27631.2974738473,41679.1127125118,61563.6648979289,17906.3559149826,47959.6258778776,135480.870545381,47080.7983361092,34926.230675565,74882.6258666782,74213.097756394,60717.6800989131,108717.089510115,63408.5312127019,53231.368777196,96297.0125489975
"P00369",228486.982744824,2079597.14433057,273996.639624091,189634.423334405,669949.881453028,484146.283760569,388526.254114916,849538.070529703,377983.180594278,461710.738211989,289168.528554852,667186.754956083,630200.643143974,470551.799829638,597439.071762378,1743840.2152382,170419.717728681,215691.7991542,596920.757383236,1008448.07871709
"P00370",216286.55944579,308729.210485429,510995.731143073,477529.709435276,440293.414247872,343706.553525037,822234.654678447,287782.408949899,185124.685560712,455305.386613129,526690.783243015,785199.710690879,468744.315185277,273576.141075712,455243.926053155,187916.810229065,387724.953220086,357137.150205374,381056.361228374,471277.136418413
"P00371",575134.204181449,650173.377007453,485220.310118398,1351599.43624897,1580395.28293532,840337.727622582,956032.162590269,805222.237565616,774220.020167855,599807.278313874,972164.62188922,558470.190074512,980399.82272036,646798.114260785,678534.870250425,2623454.85905637,829492.114826417,622322.621818941,952721.13878149,1271211.62269961
"P00372",1780776.50836427,1585253.5465511,1485511.70350774,471200.515230926,1048472.68885518,846868.669363676,884707.162953237,2482552.18001761,892113.5358344,3436777.72909234,1016556.77351579,1679984.34443138,812782.7929316,2658213.5125103,1799060.60739652,2542231.88066086,764659.156914452,1138765.05626459,910669.734241339,1114363.1517185
"P00373",701999.764367455,1293172.29105981,578651.093954545,1444463.38719011,885764.821529773,590156.966279888,363048.850973094,477373.995928468,855339.650060756,743878.1065985,418711.126117148,291088.631262998,888588.818442384,1027176.80394253,621981.358777133,438380.212503651,402832.520272387,276268.038081912,635427.783213043,676434.389793434
"P00374",439395.979539851,735219.992039977,245508.108651676,271280.336009766,371755.022544396,362951.345473433,250903.128030535,831180.593359635,584239.491225198,415578.352662002,776460.992464926,712516.026392315,915577.184808455,414572.985599063,511954.038500969,687753.529616904,493581.833703462,329148.83282102,493637.925837306,439706.029953135
"P00375",3067790.32116252,9691697.75780793,3300273.99574191,2265009.61778716,6418403.84505836,6330759.44662518,5754544.22059903,3790932.52579804,9762688.80529642,5983950.52389864,3053920.9606648,8705122.10874056,6160752.25914426,13249195.0693476,15002136.7185502,11726623.2235646,5062388.18536337,1594783.70164726,5167027.47783398,8099231.44159805
"P00376",526950.531744905,444525.877234171,679877.275252384,1135094.13902188,1418527.56381595,524055.945134664,856576.439955385,1051261.06266965,574336.442854384,475966.760594967,495520.112110986,281771.196893582,938166.071695122,624708.907320733,806848.672269067,449362.810365995,1067445.73854303,688173.503434845,621658.15305847,675150.097369946
"P00377",351651.287020764,184920.497234972,211109.398247675,667676.116126463,229485.751335608,264663.849195573,481928.695180864,228676.823334561,200935.158925496,329739.038384257,196937.626642126,287831.875708705,439634.667564775,175166.919767482,163779.630142208,176163.786456712,202431.010806636,609855.389765488,139280.809592025,217690.711011142
"P00378",32381.9537590216,75519.1189135065,110592.980936301,121631.192278364,43132.2462015988,64714.0873908166,65573.2779531657,84913.9125475166,121285.917378138,39108.0139506707,75187.7070553962,49573.9108923107,107607.486517507,83819.4324503455,89333.9779098335,133410.551130218,73509.7754416994,66135.6978258081,57071.8051487529,92355.2033619578
"P00379",594909.443862727,447159.910173182,430824.861743018,657494.474150599,1932127.59733225,734583.081401097,840368.993600667,317558.069223072,681952.497279314,571896.157946192,383082.493441549,1026424.79798423,684212.350621982,526727.165339184,339750.10674353,579653.433738848,621167.423587586,288024.69138543,1295836.9403643,575477.243558517
"P00380",1256978.76318123,750146.544606782,655324.772874511,670549.365389565,535295.898153234,996077.234682905,452811.920123162,410572.79649535,1109608.18963709,593607.764473599,616001.778812239,517548.361873699,1095403.67134342,535818.700467491,1144251.0403312,334403.814210609,477202.422547116,930100.338454879,641713.713367885,398292.268626293
"P00381",502819.300808672,373841.001368545,471913.230952063,802942.359989122,710298.547992951,383108.629657914,596495.919174114,660281.586669379,519861.097216371,1069442.07598993,428078.07029048,209589.944696624,437165.801697441,551877.304132947,473037.75900181,331180.384524853,998045.812843261,1061100.79571237,908278.955485777,849506.822614417
"P00382",270422.803486343,165910.910816584,436575.853998847,914075.374508156,374793.258179756,662108.818571599,296226.441347999,248850.646119572,356631.954491319,193973.88078416,435244.53216308,103737.100345117,613590.368441932,145524.073525666,169062.166486344,82385.7978191251,301710.537130593,544442.284793169,201110.352339611,277117.050376047
"P00383",333851.694895288,396222.896800005,172782.831498232,221538.184219102,142905.210566226,246288.904626379,332667.836022803,281638.072572509,122148.034499346,391795.842604038,257789.588564301,219619.641196152,302508.132207349,398377.234039759,756757.840330492,676856.342344394,349016.935434757,141910.425883785,192271.106615647,229435.511409974
"P00384",28983.4074514882,51696.8330224048,26218.8199143182,16360.5772757427,12326.7602811832,15567.352113878,10614.4432396446,46773.0064702837,33065.7928470348,20168.4545098231,128082.506017101,243253.195301827,165087.890094137,88096.4030009146,83142.201571291,166731.473772499,72773.0394340205,81427.4891168301,134835.874028793,73422.4858291303
"P00385",146506.109674495,244942.428743499,190096.843360677,144709.879423822,129262.984485231,197144.238691502,108035.424858354,247714.217758665,350065.81346537,79824.9909417036,104558.618511092,440546.482825023,101566.053472892,213404.067351492,298719.131987343,213472.823832827,176820.468664897,159869.07606898,149045.429320892,208973.377297191
"P00386",106254.844619094,453168.984273809,81587.2184671408,58922.9849745953,149542.650944552,174454.472664934,107378.049712856,194291.843829905,135977.130843592,150354.79732396,115529.744904041,281101.820491359,315996.71510948,242539.409716155,201850.346133096,209687.137549149,70131.5342960006,182353.570593862,171406.362349787,132346.316645483
"P00387",43203.6214508483,23647.0517101724,17811.7824265515,61478.3725558405,29806.6105785027,34153.6413951534,36197.4040914792,22900.3039520046,53361.5738519533,28215.7621643496,111469.566969986,82526.8068189092,174530.131106287,80874.4002165499,46683.216109273,126787.163552357,253773.085614592,104908.991935907,110442.51171089,124875.344630842
"P00388",110777.674246323,230935.823978763,173212.900414283,104274.639628031,155665.519170004,69722.9481899178,158689.58842734,215583.439379552,98162.7830160422,206729.823583843,163520.888084503,101170.549194051,191423.8779579,281898.97772812,162425.091111182,117892.655789604,203159.500198719,89443.5984725703,109115.871944605,155276.664255369
"P00389",643727.127407206,837766.096244783,509481.897368929,1321381.92468527,926999.97954368,1734250.85311453,2059675.47378278,1060994.93307361,1959588.11467179,856557.931807667,1569913.65420357,2173750.03730109,769313.534233762,2869154.10252362,1347600.39409192,1324665.98244476,1809047.99654902,1226531.09526608,691372.406641651,1024613.07138264
"P00390",128441.002614597,285127.21115673,484045.941366796,209017.572127513,156179.445997589,146372.432867793,263567.18683148,112379.126928564,203953.673877173,219737.841705863,171584.225424651,362274.302259518,220612.198731003,84283.7944426692,182446.815731762,261306.624568793,359573.806967274,180649.363136671,178793.034951791,195693.877134779
"P00391",128348.123527296,217276.86962646,232440.471626303,187754.629127494,210689.775252865,80511.4142148072,275361.383918273,229537.881495281,182754.990912395,145392.640529368,239124.330534914,152422.070675539,93398.9660532909,224505.124672804,148935.474439767,78686.7766109254,424962.472836261,88569.1603075359,322194.824830084,129036.523241218
"P00392",1102639.00644633,470330.462403715,552098.892130902,235271.611411713,275020.235051196,324361.421140572,729096.926112366,419931.790415775,448777.381308869,1404210.42780665,725094.413681915,749856.711217243,530646.414236851,312584.426753272,469873.901266893,668215.849324227,363712.210681448,515382.724281296,209004.289551166,956809.195877168
"P00393",64113.3482186715,70384.4231257739,69328.1208011546,74796.0375396907,85109.5015976437,73904.0407017135,51698.9296833195,162408.859582969,54419.401220329,118190.587277125,50419.4850291098,77295.5351295528,47636.3914852892,159412.591020407,86989.946465809,92990.6151520085,68420.1881539613,75801.5744538529,130273.993085171,60033.7550796206
"P00394",552406.223801498,445480.047632283,465996.145286635,293085.305725482,338716.538266161,337845.161494972,502081.141610615,142595.96196261,254858.74145475,666846.325867237,225069.177701786,303972.510004715,353384.774756029,407326.503194005,225870.65059784,609323.485460153,468391.306024732,182244.152504791,689502.919323093,234211.016433389
"P00395",437105.025388065,242691.563629358,645713.311839687,701955.450287634,396420.757219256,519447.673439048,269164.384587408,570980.729899698,722499.53602226,209707.362629591,988619.049744002,313246.761352648,612621.884445142,320374.110000582,615335.900487127,587940.85174277,506431.697272652,530075.413552544,672754.878228972,780508.668733643
"P00396",54292.5664987274,58735.5189581177,38095.657995954,77259.3002046164,313226.380661176,183778.778911526,57230.9838693718,97496.5689984892,57560.0821616188,223650.63304021,61894.6412464137,136368.848874254,99031.1473493219,98844.2259136173,103931.797056244,144158.484425403,60027.190110858,53148.2250616808,74173.8033016137,59190.3453319529
"P00397",11996136.4040344,9810580.1306274,14318855.5897779,13116536.8479987,21400543.9759437,7427120.82776653,8894378.16759343,12026273.5896038,15269502.6426207,21708924.8832501,9108893.34268563,21561834.7820523,8910577.49541229,17171496.3590647,13084938.3260432,15074158.6681945,5198956.46378155,16913064.7917727,18883477.1851501,4952731.91871559
"P00398",160263.239744898,151761.930707839,439982.048523127,205380.377025064,306900.825011001,122969.412476848,177241.640480956,222882.116246645,71456.8423956809,222784.779764418,191081.6573048,196012.589504286,196493.414977257,218977.302169394,237409.652100814,266979.811962503,195621.376110517,191179.61703419,183363.159079983,477880.69390729
"P00399",143830.944943691,551168.012224195,248642.781944904,217145.687726355,255576.012750961,236254.958208488,390740.952257875,233039.22005372,416261.097555643,397855.209925297,243048.818533162,549731.583889633,137599.239487268,439659.758666466,456826.63348585,299571.487816394,298366.549639528,451938.538392471,147315.874587779,266648.993057096
"P00400",42238.1241696636,19595.0620324943,43251.8652946927,206323.671248477,28029.4303819194,86578.2668248802,72185.6813855802,53656.832800844,24080.9152053017,31556.1548820067,48961.3549428481,11937.5992605128,63965.3912373605,18974.7845642961,27450.489064694,13122.9334783709,151599.590258989,76094.8699921117,18311.8690173317,43850.1868868635
"P00401",753874.196646255,1055156.75595076,1330415.58355384,1803893.33302647,846546.51623263,4186923.86326845,1341743.4893005,1072792.41794921,1521825.07888777,1585102.66738416,2854329.10239617,1420777.28871811,3604272.99090698,1912221.82472604,994924.880031883,1550464.4889016,1902530.74918811,1191379.12556761,825855.42201329,1098907.7289871
"P00402",1181097.40401947,1672730.27580047,997086.884876626,1065116.54609002,860559.204628011,1318300.97829792,999305.556481681,2306604.18237038,1503972.0072222,2144289.49309531,1822191.21951529,1868473.73159648,1757023.90251174,1303505.324806,1592538.48301848,2626004.92313649,1363195.41096422,546354.339880318,808544.766622032,2045227.10209794
"P00403",182788.133311117,271667.189770254,481431.140564692,362518.575151211,273901.349836423,262195.455715371,318011.671344823,234381.143070701,267260.395495344,417279.344423833,410758.42158588,487811.366428002,489883.069222715,410751.813361028,199406.125510337,309632.917781993,404258.119545346,276695.57595785,301863.498287711,411663.371401383
"P00404",1657484.67000456,535742.487561424,577167.414826234,188138.344825385,294940.293184447,747052.513493042,338351.686174779,603324.070376457,316349.875961898,658325.275657385,243326.780941808,523944.277473674,690009.957050609,1134128.63531361,709124.054482656,301378.040172384,381488.42741068,557208.038434156,420729.335689538,1133259.92347314
"P00405",687198.978916287,961767.355940368,675593.501521921,257288.394800774,1516900.27186279,1810734.08242061,1197078.57634386,1044947.4759073,689535.171480368,1074170.589455,2257051.0666917,1982304.06634484,657765.108000447,2237334.53393707,2168536.18924156,3028832.45835686,2150767.51920729,1584399.32241252,1773824.50006299,1182419.22667381
"P00406",146770.184635501,296325.777256384,460860.584873346,235141.692673871,248384.387165456,369885.820612952,450271.418802995,515236.21312764,496758.081257314,454490.721772793,267473.434089396,1627586.2283261,648248.675920649,239446.745423134,648409.441212017,755850.865798626,215525.842640561,477023.773839874,398741.975314898,351229.951320531
"P00407",311250.82047571,268025.714852058,185570.27048608,233548.443979891,366733.854891958,194480.623381637,522878.205227071,254119.549181186,459720.483877244,218435.276213384,202397.809745782,199256.136664684,215305.591445527,280948.55691194,111318.681760637,245033.497209209,348117.104338667,192432.114458185,345361.009470673,319472.300830608
"P00408",2828484.66002391,1667610.59885954,4102854.64466934,3177962.54827305,1507096.41818705,1389313.07939281,4031497.4280709,2783091.32559028,4474379.6696882,2860560.75804247,427113.191093866,276819.218428853,402362.945547272,350619.677875465,137762.735833517,198074.064589653,365141.19783699,275101.390404854,492537.054697931,465068.148850865
"P00409",145523.357021789,79522.4166495749,153465.825923338,104619.697269794,109063.34843918,94314.7595727629,204909.126372336,193360.393266164,146069.615430942,113730.798052779,112735.923659369,70112.9181146928,161611.39023966,42846.4464839344,82621.5209975712,86681.3872780813,117203.40172511,142769.027129959,103250.979117202,77976.3552976737
"P00410",1568407.29959893,1252965.91803605,1436958.37596428,635429.224802152,1368272.06486906,1410262.88489886,552553.078288841,723393.081308292,1454445.65586554,1092284.8522325,519714.996295574,1514042.38662384,663481.128940007,800618.062298549,2052313.69073319,2007762.59976994,1652607.87173861,1460728.80610876,453935.192825886,701714.799016461
"P00411",880513.05369735,784080.621747538,736448.594228115,891648.016363738,454622.584806008,908382.814662401,2060591.62379188,1822270.81230491,1037086.35407042,1707016.86009424,712555.815650105,1549037.86698741,588873.579231234,1468131.04294301,1115129.83594903,977438.388006571,414087.896800089,750506.254860647,409762.162198511,1581464.84592749
"P00412",732632.353188581,258236.562633532,607063.620339859,1182154.96633492,541872.481579278,246039.271211181,732758.433850648,522765.50113754,324586.810274583,245647.884442725,442694.536364915,215285.027279217,213564.792991462,383876.128196362,516456.032905142,196541.159835932,295662.958396427,462141.023044081,354473.755833004,455736.924978477
"P00413",178054.454095142,330726.027640577,496220.535876717,395033.242773948,271474.765698714,304910.498252427,142136.348980411,222328.633352473,274090.6382194,235602.626549524,216718.145966656,551077.511868151,212899.083504553,319663.763060645,258327.505689208,738573.110390854,392347.645184346,209121.231215872,383955.943703932,246798.469441012
"P00414",144112.666968059,99706.0518608295,177086.139878894,242889.919160667,178573.145488964,146034.265520899,322492.122828153,224588.550456052,160585.322127017,273817.275484884,343770.828139359,178427.536896991,296619.097665942,115604.048263427,136246.991147692,176079.263036059,115527.611553859,184623.58687835,86387.708903606,158144.900288083
"P00415",317814.987969409,106823.788906622,202519.382728978,326693.450316781,325556.47582063,121393.036331875,168469.591119882,329632.792562812,356571.373740185,261887.124793219,104986.471652247,67829.1954513354,132070.840443249,119542.666998341,257409.1943784,106463.682487962,253819.531452129,135297.183720561,298640.392835178,437514.684856468
"P00416",320831.045425697,452043.478870694,123014.93035795,101792.947135143,332542.646131129,217905.658193926,134113.427282456,329999.382574774,158672.195397992,315828.429731915,170357.051741816,196731.410878449,178967.287743613,240036.919643528,374440.598552583,353517.030254845,288722.803571579,328911.810872345,134827.093815791,208561.228521081
"P00417",144865.180052227,101498.089230564,407239.423952671,412384.271014725,219888.150992532,288188.889387221,349065.522891548,136600.358586018,206023.766916126,139724.575951479,613584.426685356,85277.9325611853,174108.699431925,113467.520361329,99479.5156615581,89078.3355959685,236613.194122662,260629.033600406,169463.832889592,214860.610042036
"P00418",107168.106446234,62322.5424436321,62168.5072520926,75561.5047119835,69432.3150530264,83988.4875725953,48810.2510697006,68202.9649727757,192505.062674191,41249.2565284792,354862.065543514,165182.758465399,133934.416684714,192644.501543806,249446.726450231,220066.010651912,150659.065778977,101158.533361197,138976.781291786,145790.909518831
"P00419",86299.584272463,38725.5399177866,227340.715867568,169710.476136822,144014.152757043,175286.481472772,106894.554969915,118190.667418446,82106.3032519746,135293.236795165,67706.9299944618,31250.7434104469,102052.56683145,161167.682323247,107714.60835686,57276.3148345674,96457.2050425593,59415.0523543542,88227.1342884835,107220.564367904
"P00420",40731.8979153562,67032.6718331692,32315.5305369079,15118.4052773303,91221.3794637491,27260.190843299,45662.9548235594,20896.8539712947,58169.8208628662,80004.8528954459,45351.4359865038,149242.157146371,64832.5880097528,47311.9414688961,66815.1276149417,54480.0442949513,82051.2581087136,70297.1151442216,20594.8672676577,16318.0773817828
"P00421",360771.72260756,355275.930552994,494321.601284492,389301.683225743,784233.973681934,442332.853311037,406731.908118569,173566.887088839,196703.010518221,655409.000098586,366475.520158869,404481.810794538,662284.738896183,390017.983268981,125253.850725706,100380.686358218,683946.654042568,287876.161379459,542417.095025087,327648.675810448
"P00422",38789.9792896798,80653.7329401177,137228.41822269,50666.0830192784,56978.7722599954,45057.5028553961,57775.1694657502,34156.9714112697,70601.012249744,44661.2698412094,65876.0540098073,48032.4706419284,161897.502271955,106503.107030286,78280.5338275978,93495.3516339549,122556.90968009,76556.1670760721,84016.0859986236,106464.290483149
"P00423",1799570.83276955,1195123.32214981,999026.50649424,1685036.94939709,1351747.27072884,753539.595685049,1608806.42071703,1703702.75321794,967921.417940321,1128389.21159915,1511712.0972008,431138.423108728,1887331.6550822,1322801.98682796,1647236.45651793,1173356.12577269,3222708.37589355,1766587.31093361,745623.165411952,1298794.89008655
"P00424",2975248.38597838,3465894.72241779,3269434.07901228,4258509.54120172,3413473.33578369,2281512.16267315,4038062.93746648,3405156.11458319,5274213.76499512,1130968.55462737,3062764.73547523,3962496.38073514,2255419.78438383,2253177.55832977,1276914.28713471,2468313.8286831,4612214.61956149,2126169.91844103,3512472.88036691,3424596.50724084
"P00425",672253.232425808,170107.11057463,296739.667483328,355632.920627342,429780.96909537,682281.556921342,248214.045349953,155604.404523923,379872.147350226,325428.369617408,328241.187359581,140422.626123497,551065.195279294,335931.5403281,309167.089813451,241151.279312129,495788.154622121,214476.220028833,551295.690755168,406652.253885881
"P00426",482555.161338726,873648.779483416,317782.342392422,430323.295452674,529717.335624942,524498.308333287,766207.917662886,535243.599571768,383353.5646037,569337.574073138,1208723.23923633,775946.105672715,256705.005889053,613322.679032923,282220.774300644,327078.335615287,725860.452376681,489067.078763394,711751.56129165,453888.479548168
"P00427",1231984.81916427,362277.31876464,562145.294182607,3623896.73941391,781236.730541519,712940.979683662,1311977.56331494,1773867.88664059,435305.728477428,795344.57724494,1442200.02456993,508601.073599586,901536.256247664,812383.160430787,883329.407218238,369667.763019704,1811546.45596107,1184617.44385483,1297765.24643812,1727683.05790122
"P00428",855306.568768084,260537.02719079,435921.083576512,1139403.90341295,127532.273642821,472095.549117265,364141.0528415,355654.122696971,430834.893137281,238840.31724866,211733.691089785,279970.93906811,260260.183840579,271803.3987261,483062.213513617,161401.161109698,345292.543618167,158048.726557484,330346.745924297,522968.91943518
"P00429",128526.229456067,430914.487223156,176715.867848065,311115.398974272,158254.49437112,324155.494023336,705239.083190006,532794.705404784,383217.526198908,407517.589750282,136183.598488832,200699.780520711,346331.694535608,414296.575451635,281556.467402243,177167.995547831,241148.13433814,352743.389847706,298967.130989362,406036.515859135
"P00430",129319.82182989,435157.125169674,112508.931848424,111964.005568635,164134.222765724,204170.669497942,189651.073070189,137002.398738617,238094.548150999,245483.176090302,171834.928807408,193881.866122666,68570.2527037824,286743.232833942,186860.049279444,336414.754794256,277564.310290273,164733.135399671,270044.899770565,127803.584973489
"P00431",1007873.34164683,565363.44431629,526987.833471941,669785.947778179,398238.681875732,486177.493983918,419024.353035873,515852.875429272,388433.694638773,518635.722580593,657123.242852758,769608.583076458,424447.6654214,270935.944969388,380395.627084754,167356.140952287,531195.827756049,609105.300067162,686741.381846383,254540.047324698
"P00432",1818317.95722609,541714.968177703,606398.748974952,936867.388289509,445130.838753058,375056.755292088,1103056.45293578,859485.836489163,827692.014010936,613254.458797359,193899.348765692,140304.185236304,521457.063464358,99100.7904185242,122146.621483641,292872.816028195,248854.562445442,320661.040354285,324691.420397951,574892.666147823
"P00433",1168937.31703615,477810.87726518,1281537.85894915,2957963.98006068,1388137.53884784,1367079.64379265,1095696.76168629,485504.615048893,1139911.21903495,876033.691650256,1377043.69254709,314214.602249423,584698.324850654,1044626.5791308,1178286.29349145,387277.080695354,3765997.636412,1007054.1191801,1209635.0024508,1460267.60341963
"P00434",302780.635942245,214528.682555526,97535.5420859171,182385.967945196,132950.318060748,205176.327325751,181147.089879329,257306.536135198,323097.912051061,298942.074247918,187068.671528818,219285.469265445,308237.456819189,286030.654767432,174889.601620523,277929.259021832,351378.517617463,363101.044809323,199399.299568494,281905.003702541
"P00435",484937.728513056,172254.035947921,746340.785127438,310447.30558717,303328.587190289,760649.769925511,181936.808748986,328402.208207967,356507.268880995,425383.436047882,461367.282054722,255902.013457182,392058.901621898,216875.236606038,394158.954830209,574534.913531777,319943.81118969,325471.274130713,475121.070606014,475282.971941491
"P00436",1224416.09476964,2909957.11566998,452530.719042256,535107.242976237,1992551.63947546,1016257.44661944,1247252.20120328,1399294.41594805,1191063.80425305,715078.009589906,530500.819674613,2891972.3269699,744507.173122962,578502.375475945,1143757.8141061,1186983.7263691,281327.141373415,1374526.37200813,375455.717210154,1009624.92881297
"P00437",3518743.13579175,4037514.75262719,3279839.01515692,2924804.78264585,5780161.29219964,1769842.60219116,3211020.40957541,2727277.69217106,3291787.57525004,2444106.15617885,965070.478176486,653403.969673241,579633.157188986,749914.633162489,1723886.49326605,1131506.01701809,1374572.32466773,990199.857116338,1068216.63572953,515384.15139344
"P00438",1211397.52327222,539080.515972333,945290.389789167,1580516.83419959,528250.912190274,1089523.00498877,959595.045092218,903703.256772777,879069.064050877,1004294.41779446,973731.993682689,296592.882971041,746662.725052192,451277.253514324,473320.402079144,614700.184067111,1182500.66643193,1001107.90646058,747998.424950017,597317.093445494
"P00439",164605.76601669,222398.754326347,300214.548061572,518105.138880586,421275.150754438,264258.999632757,1114923.87164982,173930.073040799,161641.869470574,179780.682998495,320114.403216559,102228.798873689,564068.239737119,122427.891780532,226594.929018334,125416.007102463,170050.133801579,321121.862671114,164123.93929794,426269.089022694
"P00440",1235596.60521629,1121242.67556719,1051111.66413754,1005171.88921339,1498332.75252183,809622.157006515,826573.735491427,1461348.86866235,710713.620232444,1160559.90556259,618976.72474701,736425.730443256,947118.097180517,418131.15363217,653545.441475402,996521.9582798,499437.139021358,914508.297376568,1835632.86111121,484455.098613544
"P00441",106841.1410644,42784.9911416537,77745.0201609878,106918.189057822,19770.4485675568,72570.287832234,138532.243413935,87290.5518052596,87605.5550585333,62011.2689902851,90099.7362112016,58735.5011842725,30289.8441110079,47355.5680834976,82510.7340569818,53927.9387948304,54198.3872890386,106622.204737464,43696.6652692328,76664.4430656532
"P00442",599217.25989658,366504.65610849,642717.521090383,307708.591726651,474309.870256095,288153.663932921,385880.241066589,625589.339416034,588510.671936687,201311.15110257,440751.241578571,295952.126118815,350485.141599057,393779.295882107,456666.894217407,248822.21839594,539939.170221048,1265343.86191115,317194.57830051,667819.031329164
"P00443",29204.8774619968,3069.73213275576,60090.2968744198,93178.3402811362,39793.4114937085,28534.9923142996,29960.9994113234,41969.5113562307,49365.2513165128,24539.5812729947,51707.9901183183,9585.32418047193,30330.8481910636,24171.7406778544,24141.0598487134,15170.7246400413,48507.572222816,18717.3215872309,26003.4677114103,30122.9533533007
"P00444",84730.5187680184,49355.6268633232,35295.9759720433,51464.3367914389,66937.3339999754,39644.0388289868,54395.4201087851,50789.6707388429,26657.291630317,32644.8452853737,26495.6574755043,25692.1537907893,42383.7661061048,31007.1489222295,109250.959396719,31949.7776955756,45240.6691340199,49766.119897532,76837.5574872625,122081.701963718
"P00445",71001.7667828395,115788.658606947,78802.8223877864,146205.339411954,117574.262177208,99939.3102283733,151650.983603236,169931.729911296,235031.74750707,50142.2293892459,592962.537323478,339383.832814988,396119.689943676,478668.287177859,461943.975944937,489600.624196618,340204.804203467,301753.661736383,344071.240783038,390743.112684906
"P00446",66730.0425813148,53912.3844117154,64125.4944297562,101441.215590479,45001.8981282395,88645.0187619742,78057.3268784374,67401.4934017388,75714.3222510307,53609.3017122582,87208.3724140375,70837.9911217893,47209.6832066723,57215.9920780675,30960.0042495482,36544.1992208546,174877.310448655,89325.6320998502,32858.3412811678,89968.3288442782
"P00447",212041.94774328,137326.013532418,475859.5214086,419814.378594027,367032.494424921,437640.277506028,245016.315734219,252216.308718536,266495.154885319,160902.519760223,514988.80014583,415076.490685821,315128.060499753,161105.281361514,244010.233585579,323052.165968625,168730.028589852,375649.906388304,225635.100410819,541517.756611285
"P00448",82634.6782008287,303502.370264843,89473.6667806561,110599.070979848,126922.797708538,157024.949805072,65559.5159658987,139177.828769208,86077.4356813376,199682.324528162,202476.370432804,276221.89132173,156259.326400262,130285.892414253,135502.557587,258736.655872583,116221.058362254,118597.595330322,285480.93326118,75786.7201793334
"P00449",60762.2971756181,60075.401511304,70208.827732403,43354.0010652948,52571.6350277872,93803.2817502845,78391.2857280792,43682.2102481663,30964.4903928946,70305.6656378541,74803.9231006133,62604.1553622508,72831.706625892,61652.0442733573,45640.396802636,137856.016117243,38857.3707107592,73307.6813517073,44281.7076696551,61059.5824789888
"P00450",106803.402902933,88532.2624145094,54265.8673889563,114021.94966724,121159.152550182,79235.5552491565,37449.2455695609,49129.4955200771,68870.5558066651,60207.2711645652,97906.267940547,72282.5241150957,63445.5870604116,79615.0170654937,55915.7749686567,104867.087085384,69168.2902247127,87507.7137179096,70828.3524283305,60157.0349188303
"P00451",2332124.59722524,439340.757017019,1154432.58127922,3342001.35855325,870991.027597737,1309616.98246344,1653151.22383747,1252644.36901578,1769712.85959085,741488.272513956,1337803.79233201,1193616.29883149,811436.154801994,453973.147161225,876114.481509128,720777.624872908,1655680.54331324,1435600.45521961,1170506.0124635,1232284.20956449
"P00452",347214.88274449,318762.971481307,222448.215875031,293033.276026042,218486.158752319,771112.679119209,381730.076632994,279762.076966672,219707.1722381,439368.218817132,342409.310539349,514176.030459126,123701.435746488,473903.618507006,223050.250228031,442493.326565234,169114.924072212,274202.769339014,407436.77950371,413498.506602381
"P00453",1114803.30007814,1555068.85717301,406670.571448118,1347810.20755517,388614.946084097,597122.969167293,738416.037900424,471413.650103886,1018139.43837624,921432.371400804,1111133.25877599,508364.063670489,745733.768461188,305582.781580803,1333637.71400511,597231.761802231,1032008.05832673,762707.906171889,373375.449681537,686728.179015822
"P00454",49221.2037378238,141134.37954806,198195.688322531,167599.654503798,119110.599546439,263326.900367661,96741.2409465677,159088.02419617,87059.169698289,104578.223620862,108987.791994475,135239.645587341,75844.7834805259,124671.7476495,123676.879981601,128480.825786101,63528.0578835869,145890.53667592,71655.8046126423,83269.3255638222
"P00455",1064990.06675077,166174.400498757,471992.736542974,558031.172313077,327287.765542549,666091.306346673,388679.258945487,303885.166880639,382873.735596905,563850.602709296,1444508.64222141,229772.569239133,404688.337204549,227499.316767714,350401.252661826,372401.560754991,634769.545255685,409589.395136615,845882.077832124,361202.06532043
"P00456",8704765.3178423,2626948.17027117,7643914.70066341,9620967.96840941,5221797.86972328,7972140.63879714,14111474.2588643,5645742.54819192,2496848.30583186,6085680.79002601,6334813.55236665,4180635.76761732,11093750.4198771,3843149.27683596,2801557.03220588,2277290.63512104,16358641.2465292,6063036.60600522,2500781.09831323,7982900.68673225
"P00457",439839.788448095,118460.010467535,156364.416348127,206998.983104165,159926.166790097,71164.2681275919,89605.934931401,162963.746212283,175418.121862437,202750.070863782,277629.919379423,125338.630228424,112937.352293005,172909.907649356,76191.8653332103,137113.908737201,245783.232781836,158452.675327819,253392.413864998,354039.678282137
"P00458",687116.035928802,1355774.48041107,565120.755106216,187704.074470072,1392550.39244618,422809.376040448,1182840.26915989,1370574.2357242,3111074.15826703,1235339.53418358,1063871.99886371,1459420.07552869,528256.881362869,1267429.18022092,1116169.13503876,2952974.96632314,467312.806314757,565560.476111537,782707.621916558,1341611.41180908
"P00459",362859.156473613,131347.017985854,369099.194898899,457846.374999971,187948.836154118,240712.06809639,342073.939331027,346370.623758187,395299.359191648,381727.488170997,196566.414378169,145170.597114335,170781.48095166,125087.758045088,415819.856002982,290721.310674104,375765.245591925,332807.275832096,254695.555789423,563390.365900384
"P00460",209751.89132255,498356.691503524,271071.399506196,426741.098541214,142291.794809712,478819.257360356,110719.756195255,526682.310961613,243924.633768501,130760.169410735,465045.359660685,190468.526382133,260597.6161617,179989.512015073,398901.914935418,155133.867113785,219632.148921337,133167.503981386,165456.788304371,270399.396331327
"P00461",109052.712361186,174006.489681888,183118.63506692,103210.99574774,193922.677863041,109195.232390274,243522.21973762,128174.538919363,60289.3099380586,96631.7081293416,132026.802307107,206456.263067741,359568.762775014,205494.770402954,107309.490486875,95858.4596065804,156326.471222274,135352.969105801,278941.749530712,117237.47979536
"P00462",2141113.04353307,457158.020759624,1062046.90935418,1757303.45644776,664701.705509948,1143347.71545363,1049266.62069858,905154.210137919,684234.274938134,1421912.66671544,1227054.89953527,575313.825582887,604451.324205813,441365.795152415,775583.499648167,793968.694819074,1140950.04032517,1272927.86842236,1039861.36787618,1159495.70635961
"P00463",3267835.55494479,3463444.66681793,3903128.92679811,8033296.23695177,7704734.30703762,3430946.45559517,3820205.33773264,6701136.3134539,2885528.27898398,4185327.96051969,7808658.77566465,1300751.82762625,5725459.8503767,4497785.63901436,4243322.3587991,4297105.35570759,2968357.91663666,4408839.3482091,2198459.95401407,2457557.29593098
"P00464",741794.550579892,500271.664562048,464835.113812166,689040.799089125,432671.530128973,367938.867249543,722527.911324862,444869.843591187,314069.582949414,402588.749146279,499174.997704397,596927.456780405,679287.95602735,121134.401955576,485740.905283952,423879.558336375,835598.485062296,770857.327440955,727695.988376922,699971.05341663
"P00465",342215.743895919,900438.211656482,339371.786622624,239564.136611684,645799.206377972,593121.096897644,518767.466620278,422204.494294863,932261.185215446,556737.224948482,435843.025650072,494455.641484922,350082.544217313,618679.300367129,517176.549808622,786181.916141517,336229.351378536,584669.939278893,472358.103539176,480600.611529862
"P00466",80601.2630552739,81612.3053266132,108299.690037227,65246.4839171941,116005.802895982,47674.149729951,94937.0040142908,49140.0339209536,63068.3985398561,167211.241115483,178766.985784141,31913.8303972892,177427.774947588,44865.3848288512,67413.4432999366,57282.5437030229,120581.760024922,119509.750259828,77063.9265079219,52857.3916110825
"P00467",892893.698137319,678974.200485682,758339.98864854,929378.230943983,491013.520248644,1372682.83463211,1259041.95045212,618042.896679302,1020182.24617817,965990.629964998,1199471.68643402,1328569.73993762,1076300.14554912,1534305.42564899,923891.469887748,502145.881787088,1202957.02257524,1365973.39559119,1286221.77171263,1325151.88890631
"P00468",88641.5039366352,74539.4247249938,57963.1257761586,80216.3691846418,112507.08010932,55731.3880765815,117926.566836739,73719.9283940628,89103.6314661927,67413.5827409437,83809.9582364926,49481.8034200853,51013.6311544311,58522.4740529777,48356.3195604188,19913.7541726832,120513.975958704,105657.184029767,150561.364802383,91305.0933217611
"P00469",247628.791315549,141627.899654295,180210.817992242,246818.04837173,168896.890201029,269020.523858776,241363.217905345,120781.656274739,133790.886001557,205524.966752154,206629.347732709,141782.527825271,132892.698762029,112879.705413139,103748.956201256,98238.1483038673,211530.964065952,229883.926330579,379723.33988701,212861.788849563
"P00470",147297.300165226,157683.877292121,87918.6797585453,132777.824630271,78296.4297567325,159669.95410686,111352.323409579,99952.3472925181,144568.473290535,94133.244248382,160351.099646878,160477.103270856,104240.938701619,140504.40226625,99261.7502848655,156383.927395239,76164.8460220855,80333.0766603062,105068.219317929,104927.742597631
"P00471",218437.231721622,600967.997278761,282809.56607038,140381.698261983,234995.936266103,497337.129470838,328547.577489707,478932.926171569,353958.356183077,212375.726707788,236461.424866642,422635.550080821,482661.436442697,489839.338122533,303492.181979861,486583.48776623,582985.788501648,280643.837672315,231259.272637852,647547.867889916
"P00472",207278.832600619,124425.100604129,140740.430868357,199574.042795241,99121.3075252732,122353.730708746,106772.776637276,192641.263987816,232851.807516376,135079.661331878,154541.687903627,166214.34525626,253543.722893825,161597.539236773,149973.703578955,255938.665671084,115190.73667299,530818.065463487,120090.18315769,126791.031948402
"P00473",232865.33317064,671702.556930618,164270.194719411,329841.702200795,240973.842564027,204869.589583234,318624.175923774,480343.090112078,357771.501522243,434290.293002929,111892.142054717,469892.580290844,238258.82436571,464701.224434437,273062.205419,237704.052530111,573265.166005138,362636.348092722,267327.25711157,398717.014348135
"P00474",9735885.99100096,8753968.22320202,10357523.4707026,9126548.77257884,4841571.42184774,5067844.67916137,5196052.91272827,5986596.46616772,3578500.91388486,5401461.11175669,5556555.87778723,3479385.71017457,3653629.35231395,9694026.86444005,7423092.95745099,4452506.2039534,8034670.32918589,4927548.05461746,7634756.31946855,3472079.51708716
"P00475",875467.604244494,2342964.43687403,1420098.55959497,805549.060442519,1480581.59622867,1307691.44432799,1314451.90903862,1555309.08869507,2247767.27625508,1000720.98342179,315517.088402173,191539.764776623,234493.895449255,234782.856329664,205181.5166409,475581.060216128,424599.983323705,413905.737030656,239305.715500005,160793.839297435
"P00476",1747343.2461153,671059.53392982,678795.721196645,1773944.1827981,777159.10671522,807827.104157487,954921.49497757,1748812.57079361,1030844.80962173,1786167.45745132,533697.235193445,668001.024347078,1104484.96185116,539573.623721333,497272.79435406,627197.557247252,992465.422191046,965018.073466443,538124.588590869,729267.957225888
"P00477",3682982.84355424,725022.617724344,1420513.65746449,1518191.50704833,776646.408942366,965419.671304249,1720800.54382569,1509954.79393955,1871795.38231856,1344770.04916012,3268858.25196605,1032556.67465398,850994.404736397,686684.367712961,3023759.71284324,714055.996510616,1332524.87088269,1541109.5973913,1509080.37586684,1609121.48399547
"P00478",915322.355209596,528015.716149831,355188.24899814,792665.247338751,640553.154636206,764420.349999517,706960.571844,1047367.97682308,1032782.55544024,1206626.04329953,1598589.44123458,1401240.32182268,1062012.28053646,1080673.32948504,603049.614411151,1849852.69000143,459781.104367302,960212.571013177,1163131.93689195,2049316.63462237
"P00479",89701.9428860295,153542.448286932,220660.324545957,70465.8393530405,236105.516660275,100129.790957322,103778.473692449,315951.873237578,99438.4659830744,217580.279215052,100856.242882426,448947.003832311,110237.175325445,236317.182165965,209859.411982862,295872.326594528,105905.892874347,152271.80953312,327435.892154292,197763.037427536
"P00480",263878.484443775,337656.717955252,759002.939964243,511576.216519541,421788.810297779,316841.009157961,152377.389018421,178001.684278218,575881.38507554,452321.47799054,725121.288566072,270917.380335483,519121.094196183,152131.414419173,329812.902749911,347015.905146025,316954.342258814,320009.297157662,400844.936249906,402247.277008468
"P00481",88599.5152509529,46676.1535583319,47748.1779072434,71439.1866946207,47352.7326272046,73265.2461727823,14915.3346047549,88830.5941790475,53151.6085011009,101160.640218954,79294.9871638765,69639.6323772273,41930.7432501673,100920.187708938,30445.6439293331,27578.649127275,21356.8694682906,42475.0933704537,46240.0556276617,41157.183479651
"P00482",9211782.46700567,8243174.75868972,11386131.4343346,7262600.54419566,9538158.71134751,4652111.30001804,9645002.44759317,4046231.30640097,9265447.24733388,5061164.8671045,7801571.83375347,8393083.87883196,5878312.92798674,12742720.827889,10457734.6142873,11721454.4839954,5745125.71354879,10940815.7036718,6579239.41842419,7104843.60203522
"P00483",274720.842658981,346389.575608137,348831.678529632,300704.090168131,406119.30645114,255383.491422844,168197.984549713,265678.500516073,240886.949007965,253870.639577785,139828.074311597,418324.757663129,301000.010306285,374067.473893247,293938.881533198,513120.757909706,167104.393925353,283730.904069342,208425.110935058,301023.072412996
"P00484",155815.800764636,237248.275425098,611218.260043799,356724.652829456,280018.037283619,247915.50454903,360812.670888166,342364.779871962,169559.341453166,444239.534354504,377975.227232609,183352.351314551,452167.228317904,363228.964850761,218771.705037232,292772.763652524,279125.075847216,419652.466828367,151530.326620976,431726.585846633
"P00485",1119146.29854691,345913.25906667,606700.598604703,1844328.91797884,469381.108887399,670710.894469353,749208.772818797,718198.683785383,2307389.8095924,1408748.86856716,1196328.76780866,610680.849303845,1180446.91813882,602907.864523073,765781.402592011,1152752.44542939,700490.991836643,986893.199711935,533659.03366046,988543.118124852
"P00486",373059.71463664,241567.221387986,896483.142741518,256536.571604211,178586.392494051,283553.766743483,862306.767722179,503559.424428295,238141.819386413,215550.002763334,354646.78350847,218591.472137425,285284.58555993,227305.803634679,178308.685644741,427396.346857591,369967.054933095,153653.070870264,313159.450912807,382362.56466023
"P00487",1698342.3281339,804221.800727734,865659.306368777,1395979.47988323,844144.613117617,578864.229924707,826887.270325517,708096.326467489,883767.412462535,1236382.87649769,1461654.99864332,556435.04440576,1123219.86167097,1121827.14912188,1309696.03837606,685841.699998877,914082.263120844,1080054.04745264,428120.174291095,909469.8465388
"P00488",976459.103144963,661398.160104131,706855.60573179,877923.147229143,920379.923081022,665147.659591162,1084650.2357805,1182877.70308794,656982.614797646,1162321.63434244,1747988.61674663,771877.202744312,775776.817651935,911456.85028375,1093949.35940053,435314.785609736,1105584.47849458,697180.427897847,311509.915201477,970714.36174666
"P00489",125251.97067301,144580.055248541,67647.0503834055,71808.1351561489,37850.3903492125,95498.7156306622,115281.080964604,159625.588614906,78325.1846168181,226965.155113666,88722.2439368038,131522.873806684,119205.544752526,145832.258736055,135631.605109054,150336.823229538,67797.6920678462,154901.948370423,138693.142079838,309113.633117426
"P00490",213867.736452996,154547.693116691,179366.004568352,332945.763720308,267576.340099875,161573.012818276,167182.93082723,214543.972785568,165975.488318564,156234.811010298,224775.252142971,139764.355302296,199771.121711944,306485.317105285,282673.385411909,83708.9692959771,197176.658448038,147197.35042095,285432.923835231,309396.629080478
"P00491",681330.042045509,270252.105088165,484558.68332662,705794.863882223,233917.025518902,329092.984131758,945782.491227241,455668.904973927,410397.788473903,254427.128398191,777292.069617211,117203.866896881,499867.011088309,271197.648812427,245720.724461607,334014.013640962,680348.142428064,685591.719327891,329107.882530008,318202.892155162
"P00492",111928.522854104,234737.015633259,166362.915269845,135839.539701393,557938.041887829,112065.230147281,103057.535092749,155668.769750003,243892.03594869,251117.177659058,168313.205990253,278617.699656716,124973.540902718,342826.028720998,131408.362621612,255465.620163265,171426.43086514,128372.786253153,177507.091128162,97009.888645347
"P00493",198535.342741518,180622.782350403,336198.881096322,262020.496603584,210212.002090211,117436.486361754,126358.08471247,122369.9420839,311902.987336639,217475.455905256,302077.011576845,254595.743834194,359021.760545624,56540.3261882817,149781.16893167,153459.690740874,422521.692241345,187043.632937994,315387.020956483,120242.58462901
"P00494",767077.454688514,3253980.68870913,746152.284112483,443420.145987572,919507.402854613,646122.234581414,628293.515430143,1862555.51499169,1356274.68910789,376085.300682321,562097.498050998,1750013.34363636,1998498.642502,2384394.38585627,851950.555050894,1690001.25616143,603609.936657694,429762.477176181,354975.303605398,709485.487436369
"P00495",318720.133735704,1006923.20855521,382654.349856782,609188.025193998,727660.949719668,1435023.25204133,1224399.69672345,468634.595765287,761240.614358398,702963.008649145,278873.35655931,589898.366565814,449535.483644708,1032512.73454184,1209947.8931267,796907.003193731,917692.814473892,779935.188423915,1666835.7436446,723627.391034364
"P00496",123972.320872135,100993.690969417,168024.592517587,323188.404045635,157996.551123938,135169.973063819,105277.494227706,68320.9463870405,117729.442014702,136690.149100114,156904.982844252,106374.759059013,149710.534428717,178739.972740477,95170.7595584264,136750.789784962,119904.206227752,103867.785165625,208174.154602986,251969.473290802
"P00497",215666.758347552,199375.998712667,294818.439796402,207224.392576328,327906.30161406,99323.7130112378,96999.0343363148,285591.221282964,150512.043299384,172908.203942931,259770.775997658,249772.476960473,160780.671318481,336754.577429275,301580.9522576,224303.443121524,143847.492507453,203543.365463715,216450.218766316,130913.783569984
"P00498",190081.547064707,84959.3127872445,193973.077228472,618020.901909624,57788.2180644125,128406.20113815,319883.186923234,138189.2133303,206890.32644687,170094.836799484,183652.461152163,189232.783995523,182946.826403297,209659.758482321,249210.27321075,293011.261178515,175932.228389178,319832.733824977,367670.071628704,109261.646401875
"P00499",83789.104780506,14168.2277015172,264073.930789121,154595.31641567,56509.4274553903,110369.997138559,67898.0077349961,109985.814711562,88444.6198234338,34868.3863568108,53348.7020594404,33115.5117693675,161620.710814735,34562.6853698812,36009.1200960495,24096.4747938201,157434.79228515,92678.369804316,70587.2221344898,159811.614116219
"P00500",380813.466729335,222412.893948226,153560.677424223,234527.689213479,488841.840706153,479012.800485518,233632.41548389,356849.183118136,510839.976892115,476304.98609615,269160.047461085,707576.352472426,246584.98711432,433022.706332654,294274.823438755,773793.53430147,273607.756519444,572133.552810204,401846.598853963,260140.218818005
"P00501",120834.802799473,170344.615623924,250514.972713732,251835.589564487,299217.386867371,216204.99138298,261096.078708673,145834.135114976,131465.120950336,400284.423204887,125865.346946833,133136.053712951,310454.428654117,126506.680330162,171534.945007095,131261.402003061,165045.406795318,206776.382870484,207331.108614807,275682.952138686
"P00502",160346.110943625,302761.338207012,508430.171785274,343846.428293066,162114.957543175,512028.366701672,175305.577817713,431387.792185695,105810.182269851,289050.289382068,342601.225822274,116018.108463403,444447.462943505,296383.421009409,398199.909083278,385902.456452988,702408.687003574,287500.741511775,294951.727627599,151693.595079685
"P00503",79711.4647238647,124853.386941226,90150.6090158308,49615.2666431801,47586.71699612,81296.7001662345,112135.714642984,70384.5457949023,120409.670244587,82892.1084602514,194997.647496385,115427.607202974,82014.8202001509,100335.505925781,100968.371428274,102925.842576223,129588.98487137,79735.8512987119,61018.8237554509,63683.8289066016
"P00504",2169931.28328529,4388047.234636,954045.870936147,680883.535175214,4563747.96782445,3343591.64704876,2137880.52970073,993920.559547085,2355227.26140062,2434725.17608945,1839531.67348123,2393242.76070683,7840841.4598951,10525984.1520736,1506030.51399266,2945433.30352856,1719270.8818254,1724554.09015438,1867934.67266861,2889747.64467399
"P00505",169849.203162002,136182.591247913,324401.282012905,108706.520743656,174780.634327622,109423.107422956,86472.9514745083,108910.59206228,123291.55294944,183915.536378186,182292.544189467,167718.352973121,263256.002491966,219143.710419332,216758.732821313,193101.531608023,312549.534581396,197119.59410721,292323.458936431,144080.993949372
"P00506",551607.105840691,483366.452440814,709219.416199003,527712.553656708,364774.94217147,461177.03456842,439211.641057354,670587.47480467,796945.194237839,282152.695405393,717183.446191704,350776.103700824,268994.135055805,126583.959741786,149995.615726039,333425.658068826,758985.96695552,429362.983518944,300464.614134969,355396.96833102
"P00507",214229.015250559,325348.877650845,688335.293813117,126233.510603618,184930.739943458,190649.055167966,474460.829266473,214442.754233347,326307.512666818,156871.512507455,196877.428790205,187042.520319959,208131.761258902,283983.78362014,252505.198344559,318585.105671091,366943.480375016,275460.565713427,271186.253611993,306198.145451084
"P00508",230333.357859414,173408.475327472,495149.934633755,1411188.79995687,193824.96924963,518717.077757747,288598.822006561,994925.113279057,262417.920292438,615723.582917095,808579.061466237,278520.350695897,339080.16651032,350628.267630506,377163.818052693,236782.932408283,332553.948774479,321547.493173783,289217.775073394,332333.430525102
"P00509",75521.2978800939,42334.069046353,105253.264759343,114682.63793573,104684.138701573,40917.9538409856,115750.254706734,96569.3476887284,64816.4277328049,70916.2172499507,105337.769823103,61300.7998798623,61829.4313402233,57131.579855472,31024.8192894763,61562.8670717803,74305.1506427221,96853.32943661,69109.015294608,81626.1001443643
"P00510",463732.685353477,215313.580537284,685197.971844148,1105146.47719715,970824.156593645,216095.229991999,366448.264419763,274892.654338555,576362.945554929,211757.04760586,914175.763701471,369451.764021683,396386.503943326,584432.767681785,594432.612309471,517595.344679947,534688.743238476,218329.083696353,473955.544466513,1281966.51080917
"P00511",541113.542311105,428215.986235759,242092.269591972,135089.14856859,412934.694075586,460707.306921734,307906.690138754,439233.649927609,834833.348091659,532503.754170199,244686.433671823,622572.940194752,293207.582392809,639472.449097152,708491.651658292,719416.20426876,438032.439002188,361893.159141827,300363.718774557,332842.557217133
"P00512",745057.815638614,293221.575158623,624839.678117501,408511.452402066,659210.087610251,500880.058069528,360703.699545082,171514.571511699,164324.661672713,548598.817080082,400648.330374612,213317.339106836,567172.911707924,628547.208411009,213524.695373426,225117.700803224,634992.953295833,346278.849032296,572115.597793742,344476.110022383
"P00513",203599.254232667,370084.207429171,237470.570883953,230457.298247263,253520.02062676,180421.961873667,158542.019339516,168438.108344171,165455.072029027,295446.157293498,167030.724831365,263137.605266013,274708.265726883,237299.517931616,304368.472632088,439059.451196268,277525.73869569,340514.934396615,503813.21252906,141839.871851239
"P00514",237848.489542913,475122.847778824,411369.663373017,451898.636564741,263235.528133992,591884.016483966,412142.46874006,428503.833616212,156712.594642869,280191.04711834,425541.277587867,214381.606847068,337323.676461394,559475.407970868,662653.369846035,705846.027472555,359438.618862108,448901.644796801,201668.25174973,656390.997489773
"P00515",476924.289949647,244390.823887984,870953.62979082,739364.426584543,538088.747080115,263882.06147727,533866.671487991,563289.015370827,504335.932456292,449140.431026594,556787.598502437,362456.763411411,723234.916781964,281768.907930294,826803.38285227,443431.9540094,476062.89965381,987661.38440752,534058.956797754,870917.309154308
"P00516",228722.149835573,303122.192918488,252680.993797429,405618.422690053,332204.386143286,227780.619569364,669460.026744308,207845.18679639,265177.790950516,145740.758684452,228066.08487053,193871.959367049,207728.206293921,182590.864905263,179306.873074643,47895.7339291797,422160.583427578,200933.521762693,162868.350026085,141140.075435633
"P00517",622125.713420073,465439.123408415,187360.705948266,523588.07369417,519337.113236676,968889.901204317,994211.316813856,910985.246512162,1080378.05925354,416084.419106172,708264.875622383,463314.842258488,519403.342243233,437441.38360862,1310974.85311218,375716.410921125,377286.775181335,459717.755561554,1029760.66163786,472079.301201711
"P00518",399357.897467828,921695.193844319,901689.207405274,888990.832224882,743362.99282653,533440.911222364,976161.963343201,1178427.60215159,1331436.90473481,659748.226663237,1029738.7666219,763361.745905568,324202.134496352,988004.612604223,580521.364744825,745889.394549472,1490413.61905544,906613.764163917,814119.290569337,572187.292356523
"P00519",139468.72421953,262585.005713604,184562.650082594,158667.209217814,337967.065604263,211419.344690698,132155.00133347,75218.454263413,150759.305951018,240918.14512288,156644.171985375,313039.423070173,187152.895140366,192789.856771689,364248.771004987,202844.86402292,258059.930524603,107880.371746237,141720.397334617,123532.99954723
"P00520",369285.964150017,177028.528780978,427687.955410065,278172.634734029,155260.098193347,368264.53776992,346453.854637596,237681.907828056,304797.314729095,427309.629353526,180902.487988565,313889.143943227,215771.40472424,228735.668941318,210155.554219444,185846.763941016,347430.283197117,514966.813203305,236720.375932988,162253.558984723
"P00521",178897.45693789,181370.767972366,133634.460484235,83860.3935352579,124545.792339286,111908.223107504,160690.627348654,146393.438937723,112957.007160049,180269.672928893,83990.3133810617,229440.950639829,147412.732208895,60362.0690643841,173078.090451492,84130.0134319573,106004.614995565,92957.268580467,104002.277982243,133507.565656477
"P00522",233797.682616584,337264.462360699,597276.052347412,464063.080843701,280718.622463138,324480.790193669,330307.158336979,304129.480362375,295387.821786825,446416.285155264,290397.755988778,363205.069197801,387468.491662329,426711.667541654,649558.185678744,438101.258611336,204808.983367186,276948.350120059,219845.86475141,628597.097588246
"P00523",571255.388695082,323868.609798155,107593.654682268,99387.7358158786,185412.748341781,139925.796400532,155204.664740557,137893.749889546,351767.648731666,185859.490034803,302635.61094019,367020.704209732,303938.415689745,169566.968461298,205033.420844327,1103351.46432769,137723.619083764,76314.3289170888,187445.633378754,267061.864373286
"P00524",105248.813664186,476942.470659097,186393.320759165,166146.591837686,411776.414668336,148290.295320374,224511.364076283,285998.324017542,126641.630644502,218903.59494629,138312.055451054,301244.138390928,186436.357431981,638295.014068273,279080.083359216,299059.290489891,193365.365275337,59083.3942162798,232126.289650306,231641.773955825
"P00525",242045.092250596,125346.006597882,332551.590048511,312850.628305908,147635.199710042,260796.867306382,213783.190705171,375972.640461583,118633.728409088,202914.1312236,199476.695937671,88743.3305922757,170307.920028521,152343.801369884,83456.0474598641,117463.780417275,201480.460370472,183565.684480177,256306.084074323,224318.730471897
"P00526",353582.947334137,266959.537953089,418739.335980463,454049.838433547,204692.642832,616607.453636532,467369.954306956,224045.002470056,343368.515793918,433149.415369615,635299.978181856,528300.073226321,170810.389904869,161910.779879771,172677.674275647,203517.510477902,534868.445729354,657425.847232212,741892.36753178,863207.138891917
"P00527",120408.994968535,114880.173307562,72904.3079684655,109907.460383295,170470.452775392,201663.114745263,140296.12495854,141167.213941757,210261.904449369,140969.36310336,85793.6122562732,109453.870704532,249433.380195917,95817.0768573907,134521.368286025,136724.242052856,215245.471775726,97499.9960799747,229528.949608179,253805.892432461
"P00528",15449.0761766343,133467.683403392,60167.6195391324,36367.1695577016,44881.9767499869,43519.1641578626,19300.2055663486,27088.181085252,52989.8229425507,16520.8812629585,80029.8739337622,67590.6676594719,42133.2369542679,66262.7489967029,31716.9405384574,60425.4018439199,51383.6455880893,21127.2481064333,29329.2032284747,62026.6670695663
"P00529",166643.204586137,95924.1818598576,105232.859556323,165167.946139396,157193.721064789,78169.305227398,92848.9600854547,50711.0857498651,196235.721461702,105380.509779373,89750.2711697642,115066.744335768,103391.584287788,125692.103568162,189396.846137444,112775.116006984,191260.550313621,111967.856208956,104389.404141964,66562.5816095943
"P00530",285509.24145115,304326.193031137,336251.486054708,185091.972513185,370054.312558874,283690.35376905,271881.428045469,182542.2271648,221018.10178887,395549.914592363,245912.06604568,124468.514766354,284182.827515165,187092.336474024,128441.732204524,215973.096299347,682779.592555505,528179.239460374,534321.664704507,204686.182590841
"P00531",964378.101178433,2838219.27044446,884587.802366863,1902221.90129235,941779.255737162,1125874.24357518,2537519.77674817,874103.002287912,2084905.12972202,1591826.88698355,1378749.16343422,1010029.76695118,1807576.56335025,1025177.14684724,1017993.20684638,1285589.87962058,1178018.115961,2249451.76156517,1297502.26534169,2350649.09127983
"P00532",360970.519912227,974306.509176404,464292.185122058,359616.436529236,331022.460601111,675986.868467455,262322.436036777,437660.982792562,318646.33557885,654689.80361127,293500.353553182,339951.193533496,835051.038816162,424278.019400438,334902.77317589,260843.977088558,153636.387401535,443700.689728793,227051.132659895,484770.218748262
"P00533",319836.77533112,133764.861499564,195481.772695264,275251.464593432,355298.638276423,119046.380095606,281162.719166363,108565.833204559,265082.745718028,428387.410426998,502381.618651336,468340.402081169,413449.502830082,437898.767982432,214240.963906282,794891.125716519,244855.847434014,460200.959165286,162764.96667731,291794.211326004
"P00534",1486259.21404155,2715027.11643326,2210501.35051778,5170050.28492939,3684163.6485511,2145012.01497661,3105119.57311343,1513607.48440285,830909.325845958,2919125.25570129,2797649.04949601,2164529.43290043,2602736.91100785,2652660.21293444,2625505.35234288,6025281.2471631,3430857.81583341,999208.438318768,3760266.42309391,3889777.00030428
"P00535",698974.566479909,395662.105171385,480628.961741986,153832.325292227,547456.076762969,426308.115956432,477489.747055946,429288.009398948,542957.446552079,792425.363372978,171419.163424714,1374379.59155358,386906.768373454,318251.839113366,431091.514438441,629894.634626073,277254.901470534,581462.236214739,711657.44771292,598124.705228625
"P00536",631236.571870368,385068.383653944,534801.837271478,593896.583840533,533050.447489228,718247.164104334,294610.721967579,422249.972755412,679458.655602326,857793.278250821,435319.200130904,282258.108493582,579991.177097524,275266.959909157,418619.424121225,593326.754127861,616418.792594797,661737.142814813,716454.149810901,349985.073902524
"P00537",286568.280961815,163032.120655271,352391.409072326,353871.647974263,109341.366576856,100028.454028281,191578.686832671,176082.104845119,264255.731695709,180247.775427401,418710.393810662,148424.154496395,275029.455787505,155699.243232882,356807.376195766,224377.553967981,226161.59031018,142304.121766799,142511.936449433,166763.106161916
"P00538",73781.2364143824,57492.2410971169,42358.1962214179,56036.7535603402,90828.2722970931,129461.980560993,55220.6210297134,52029.4139904874,53361.6741230355,89460.3484419219,60562.7735730513,46923.5602019596,111499.111545729,70709.5535733716,67869.3483152695,74301.5799482048,252919.506849319,166318.528106935,162330.539771127,96692.7752059659
"P00539",214376.182484413,783315.595558067,387179.783329754,103492.099937429,852179.107927111,256248.694712758,224037.87194061,130320.585426115,373615.060316342,482980.068696151,84885.574697737,1156589.73383892,502575.235231103,435085.757750905,878817.453829749,854032.567721194,77871.4553560694,453081.030939523,200031.062283811,348535.352592668
"P00540",140825.92525034,124159.556216976,107357.549985325,60336.9941748543,200972.764097148,215831.669781712,81044.2263564747,139109.527836139,88962.6472326084,543694.793759767,285177.753043463,216103.793852062,287565.796023655,219741.89690078,507920.066689185,470014.907876851,134054.793687144,165614.25109245,155169.43600353,173511.947754914
"P00541",115573.688248145,156711.702164521,187535.324157781,144123.322740869,109466.548512505,339397.004355734,178219.412036747,179480.149633351,130699.036560808,303460.519607517,78034.0704538152,88887.6901903757,281626.759690727,127002.084459371,157885.766066301,305336.832316968,165726.784609487,148576.064671925,103115.832553539,233666.393431594
"P00542",311815.848064803,158487.110537498,896566.790699974,633599.341053794,170046.810654316,259834.26864163,780252.250463593,384914.774043594,430992.69344972,314812.85038369,501146.384475365,320205.38671626,510328.219767496,624300.209533494,545268.538156393,545109.247095276,857459.024725878,473587.171251003,423502.745357926,348158.762934319
"P00543",218822.440002743,451560.006813939,525961.77237716,258738.581379709,807042.632642049,516266.542409608,656053.252433243,735314.858769672,395747.741603104,607385.493711199,230975.470411466,635588.977871774,482654.739422621,625437.902898886,573258.996894942,567086.887395004,624724.209949861,398335.983783871,312883.232943746,285457.790687877
"P00544",363003.050038582,139250.919596981,1180332.38942226,2082781.57208935,344555.340176842,242348.733467463,685004.112711851,477865.08486841,314342.24520111,526016.157356223,521476.390981203,335565.892221616,586000.324921582,147299.058736217,356060.735321788,198046.990890632,1837085.73983415,844013.321882962,491278.7613388,615148.198520539
"P00545",70395.886347109,31453.7259942651,42742.9549188918,48291.843734317,40208.8790802844,36873.4932534172,62940.3098202812,29486.1493444016,69834.4659658463,40962.5548986281,337846.61816306,75838.2636757559,190728.046608459,103631.961321858,120643.900278681,180864.591005477,204129.980977779,96511.436114656,157277.372904138,229498.246864361
"P00546",658980.925328768,718167.81897157,599510.565487594,425644.009050831,1170840.8575881,667353.180916649,917465.697910742,1243101.17699399,619041.317576971,502003.924757448,818070.808194362,819074.132879541,390152.286434902,2305478.14399461,1314776.08652069,930345.471296826,462401.613176928,540696.275121398,489115.439907738,269577.013749683
"P00547",190803.501388095,156566.318880681,199446.742457837,522671.469762305,274950.4608859,189863.132302635,342674.531252423,275826.571141421,196556.854897759,535450.749552113,277446.760603519,214944.35537073,343708.456774057,377869.630685974,252063.309951433,197918.901591334,119231.93727634,225195.480109693,304295.182021729,242755.518536134
"P00548",81155.366154013,108744.407862858,109758.87928456,61792.9714282816,121274.756676197,67212.9301740035,251457.364145763,155098.786383604,63462.2980439627,199556.567285989,135989.010119671,185898.776561964,118806.352470907,55570.7379285958,80770.6232138717,101552.483309554,244399.382296819,62905.052481565,80739.404840366,63269.6975482006
"P00549",234546.431063812,408684.803135012,217959.386634535,264394.532373484,384186.21940244,593664.596951872,519565.533919007,220263.332075771,218660.259811301,433949.232572318,320145.843711277,399509.769639471,183458.588446624,233708.420897599,247436.99069372,332439.151005771,197122.950037378,271379.973626118,331716.581544184,165542.808888461
"P00550",236309.996404591,73634.0580795138,92423.3925039998,130461.233557334,152745.573331419,113740.326365416,196316.581403807,73458.6626567949,232547.816356028,61159.1276933471,151287.972031855,113160.293625033,306115.337051011,181845.332191547,118437.17879413,146202.006403366,143675.240927097,110951.897817344,250368.247039697,279988.264812873
"P00551",807951.530851597,481889.582118735,148831.628507105,347075.171474958,405778.965519174,226677.512573652,462262.549153395,458286.066987149,652664.759242579,404429.205168083,618059.515233809,495183.856415397,473853.439748514,353952.671650791,419282.273188045,790857.166077873,354631.143146569,590151.274983709,369485.80404873,310165.656102605
"P00552",70066.7574682824,98691.5634116698,125598.267595105,200732.336843712,171581.672621887,74365.2306748098,263331.914245848,130027.272459119,47939.9120425884,130121.298487894,89963.6246128927,28127.4569062146,163110.404933503,71781.8989667076,53060.8985693371,106389.673942578,119224.372841752,122811.931772367,66317.7116529102,73234.7646230225
"P00553",203685.627006395,788797.810321438,710325.230942755,351718.471795609,433271.269059153,445336.542323242,173110.172229881,231283.343065941,223245.715659181,308763.291507202,224093.089307807,492078.902085709,255580.588759024,426531.981487813,789248.322555247,414280.924755617,249891.162918064,386825.168000189,358861.711132614,620387.086820047
"P00554",50335.0356438334,71234.4423282568,87999.253359537,61455.9039927612,27668.7311131708,62683.88437579,28721.753143588,24335.3698326055,27309.9327988438,45714.0580971344,32214.392540062,15196.2708123512,55566.5987420689,55501.6789694106,48876.6435765703,36477.8334066031,59046.9762101167,35093.2709740614,38642.5543392469,39932.7813406555
"P00555",142753.97743177,225253.347395381,158158.680618151,135945.936787859,249038.614926934,231236.180945262,378690.471702206,201897.867383609,312078.722372343,184173.619400375,363259.976022019,101731.506484685,257774.759264465,161531.359080817,158450.196178051,106194.289015409,147434.057030618,153620.173311042,208937.364386732,233486.652732007
"P00556",366809.785230458,829781.831881634,1104504.00894083,404244.508934499,861831.692913005,1236481.03403091,476373.107608602,500746.083699798,616707.212623335,616765.594027809,774042.649040542,1005683.1182629,407628.282955801,913775.817158091,1148005.73408018,747289.680164073,1257242.74487405,556408.134083346,1187778.40548363,513060.204567614
"P00557",161842.706010226,116451.317335458,309142.675579242,246312.848485483,151530.064597576,141630.548595788,396097.977258852,204978.2144074,311087.966137974,421777.865941284,282749.031542726,124563.579494091,217272.113354411,113944.334410143,218578.446637083,184724.112796249,158620.36901234,406480.532538211,134124.709944386,176931.486229417
"P00558",344527.466367793,335440.023477485,112248.266671555,108675.061518442,262577.838518297,145902.413996389,317109.754889597,412532.522928497,94873.1404197027,329952.03093785,222280.417270204,242363.771440274,254128.873279303,292253.505709002,234232.878214637,299389.869824923,126060.686916454,235533.134390867,303400.950625519,199556.912181835
"P00559",103371.702029094,599094.722370893,660598.372487328,529672.277768684,258810.914770014,264239.181320503,478340.845215709,393764.206414134,287996.948227055,296484.320312003,610888.325609957,246543.748622327,390866.445439131,432698.930865801,328102.785957554,277940.274073033,195427.116235347,218234.836213667,229853.336881192,301484.217288023
"P00560",1022291.01364877,729483.916455642,739324.858143069,424069.537267841,794934.104095916,510204.993584948,528482.177114332,1132164.52710424,846528.245883865,354831.635951952,826901.748453502,672331.898910479,1278380.83783638,850713.869640928,681104.160623242,975364.367366546,384403.634400388,351252.742603628,400410.962538582,506264.435756033
"P00561",300669.682948085,1178346.94184875,414564.358169118,383081.231706315,626326.270630528,415595.174988299,533367.721166168,627716.939185473,755542.263670807,447490.074778822,521368.355315116,393888.046761717,695149.269532154,618391.383181363,816035.872731348,487210.197036505,284498.826594811,313404.580536756,756779.916577239,659424.203885828
"P00562",521046.695302527,239590.342820344,307123.67671235,236421.995658517,282661.457609844,221937.436550712,457894.929141468,321116.744801406,583306.509953905,568871.867702263,201186.711254315,211142.374905797,276728.322523834,223614.722328228,386057.564691249,313743.904472339,390853.13420093,141063.04387221,585276.081254341,869225.737127931
"P00563",654016.307766687,393302.02098286,621947.619076876,1212280.75856927,1208590.17617274,906358.424160375,839904.911235082,1011463.65278901,1383724.95862086,377588.054942093,495715.973879658,876522.098814326,1121100.95826923,768008.301482857,969092.724300346,393320.972698881,1101972.5010388,1559764.62031414,1137474.45562644,949426.987064394
"P00564",96010.2310262202,119916.649834214,151698.824999556,122097.636038551,102141.177440842,125273.092802723,109162.80909781,69089.9328554418,91647.5363948493,132815.120444531,114865.27570111,53812.5753748083,66037.7704130629,73273.7549515459,98720.456827215,131589.66562912,50829.9233250765,43610.6197774786,115180.547224586,106517.883362787
"P00565",196436.561139608,80546.8546244645,403193.159212511,787617.829671148,275794.373965177,134330.041491239,197987.85864794,340728.001615145,215594.251530548,243822.968880944,288994.060422776,135615.345466607,243474.396219197,156373.188833777,321183.193705535,104170.619352512,451845.442432061,126653.650022515,181637.652957789,179682.291077835
"P00566",559682.200639291,279417.816027474,452219.276901038,976855.206640062,152536.432612678,861212.972984408,626258.589584603,471814.150036178,210857.275507167,289689.643942729,315585.282126024,334464.814154124,259442.99882332,355310.060834962,324709.803982233,323091.953966529,297251.659998034,711169.132472511,686872.74250591,532389.607451914
"P00567",241946.041500594,393086.337582526,168883.535549139,151387.920835257,469258.073070579,295050.931247544,315010.004107016,345656.936847685,606694.956370861,535273.184634605,260460.425278128,322999.070702421,289895.409867823,545245.481933693,344420.187375563,592013.93563174,332229.97559467,532362.202876095,250018.145447666,142603.166403555
"P00568",338605.509056324,238664.024662853,438162.815669751,812454.138551695,239315.943075261,290246.951440998,647348.890904922,288693.700072679,548370.375066284,245136.745234486,435816.209650828,240006.775086809,279054.346443751,366151.503873742,262408.241491002,204924.461973484,216557.779823711,604621.436376478,490573.700745078,223427.694658425
"P00569",485202.103330727,323304.995512557,129719.164639453,199280.468337338,302697.855893863,216109.954540317,285165.72763805,260488.955262705,405480.523985775,216353.935583108,272416.867220243,464528.191192174,147550.234240496,806390.331632406,319845.695614144,553395.070908502,359915.811241908,221026.399267289,166017.814333826,236641.311032547
"P00570",107017.501413054,227075.573589532,89630.3589332436,47339.4399888248,143704.1981392,116077.649520435,141130.222243547,97085.5421175503,106910.96113353,256411.528330962,74463.0765893259,409238.302466919,212852.325413532,142089.14262881,172269.278617206,354718.756344931,128073.596870965,107930.011429748,154357.141958371,100480.757475
"P00571",267498.60800841,1420299.45841444,97509.3854256556,250240.887301512,463377.131000852,386611.906278747,341271.476885531,161837.581100337,600683.893691558,645426.019369343,242978.069439962,605155.133535563,432502.590156219,504093.452561926,741744.773295986,464193.410034495,137958.684549056,269804.729686081,179697.783568639,399725.51605061
"P00572",979273.777953751,798053.076912925,781363.657974033,735575.179281256,518919.480567504,891561.229183968,621299.915351751,501168.401769047,460548.48250997,598444.578421142,968060.889367861,1421984.50072046,2747020.57044392,1192506.47879048,1453320.82467208,1070461.07647965,1171867.96835256,420539.960187018,931410.335352618,985878.373405261
"P00573",327864.549060493,967472.006926505,827086.848189607,268787.549319939,1005434.95592913,1271620.9009601,920249.159153857,791029.422456624,496266.54156891,938673.935833145,1787554.59463724,1554693.98334388,1196069.67469581,708094.230310884,1129441.46569931,1324278.71715592,895104.675404175,406918.968212963,337666.636884825,345633.238713462
"P00574",127472.942961034,269327.713880135,125346.107623525,58434.2783490516,312784.400025127,161508.605549671,195291.911525016,80478.3444734752,246180.887873496,144926.982113052,93242.986532053,362433.009862951,159076.703642774,562479.462274148,280172.270862226,661295.130417021,103466.441500835,107992.868020449,114248.463880925,63733.1220125429
"P00575",401909.606414427,742664.20019343,542515.861913943,705109.194658395,284074.401412112,373773.09053368,363258.848795786,152854.308158017,706180.469287656,499986.55331468,436340.406484566,684632.140262192,342532.062703125,461835.424174248,723879.599212699,460896.11701622,476642.105319857,652338.118685409,598506.591951329,815836.395328033
"P00576",1567251.82735925,783475.447134046,2716696.33534257,3392744.6104134,645950.490512232,642271.183270885,904971.880747622,2823858.79008987,607945.457619033,290212.494938667,507613.136096728,162515.837427114,263387.473017742,184789.004370511,250576.904840598,165159.794698731,421213.844115395,404638.624834933,348294.80301144,265150.467491297
"P00577",159359.167091498,229589.920246262,285829.896148958,281756.003698774,120512.482732603,297562.026655678,143385.075517882,311303.515587354,233034.210783988,194242.760055226,165063.047499359,201657.971760143,116440.447361055,156583.509194198,139482.033608436,191394.13734743,277201.257569217,207572.58572947,211313.383212486,123276.473582183
"P00578",162703.292993906,431521.883243626,287184.351618929,93764.6492871873,243392.750246601,564795.226466237,176867.337747812,128764.191468299,286779.004853857,572309.557164231,226196.183168967,528147.437525397,275028.709656483,185472.011335182,427247.472029092,615119.995364528,148403.749939956,207329.954801005,414680.738913158,191075.915114779
"P00579",323684.152121761,642746.499707988,412280.106673329,538541.836306229,446444.909179315,412603.802249239,267015.304046644,385046.335387865,261196.755485774,480688.404620851,747508.351661461,434812.113330881,375494.883265362,579458.763734128,624204.832057342,486607.141547628,462659.039581175,347503.443964192,367281.011775506,315061.82975905
"P00580",178434.981832412,166508.311816151,111108.575777816,78963.26395861,85345.0953850805,233130.646126283,144206.376187139,122256.791305658,118491.226372812,117950.778522947,315169.427716372,392324.367954977,134494.606310081,282739.927923505,102156.822934827,143248.40552384,127644.531975841,114286.046322615,193375.515449129,146510.741740044
"P00581",556109.163191349,318091.547079681,199107.786532237,227076.660825636,235634.351374946,144539.125085479,300299.908124303,155385.008966006,79638.4067412269,169765.141042722,57618.1229929497,249131.869421993,319554.507304783,188551.546270334,65825.3445324452,257254.04892572,87567.2900650362,202938.589997339,213560.020063894,257525.897061746
"P00582",1281825.447009,1915031.25682125,773072.914146197,2069295.59537798,914981.156456779,776058.032087124,1207728.44625509,1363003.82060875,555270.623163048,1814443.02726502,2299255.2395857,708716.53208728,1062939.12855315,1759844.89332977,577801.099294366,967537.263353197,1590053.46239336,732885.565699474,665801.386237653,1397893.32089833
"P00583",150814.346947945,208993.380773927,193765.321766732,83726.8536429986,206296.915776345,231178.012458944,379662.411190148,315001.084522509,355662.219974929,296894.565469792,170829.439974289,278881.782296237,188925.858307299,183548.120679322,368431.024250188,278100.280297066,220620.004343402,221753.273399044,140531.485206975,195881.582614392
"P00584",386383.971272564,141871.120856633,518261.896572658,343833.831656461,225964.681964514,276639.59160668,1022115.93632292,523822.068452407,408537.677330565,1083598.42691847,362889.939641271,508363.110877339,340059.932912857,181066.410032771,405818.980590033,347455.617604866,487073.7884112,267504.404157044,500027.082984709,505540.356297104
"P00585",377517.496287957,413683.990724536,767022.785225529,811069.043967867,613859.228371914,381461.120827455,532944.90277537,668448.905083378,406509.209617804,393044.483257772,467570.799602289,419619.81423653,639780.929180223,416194.140778108,672587.574924157,552387.480028798,879100.355069971,556418.904178987,272534.928334447,602431.136723154
"P00586",93217.2617848197,19608.7506940716,85758.2445077638,158177.036937541,57239.4490861394,56225.8161178856,115217.656215138,45621.3671801555,42516.5768519394,71239.0894794516,195755.317770039,60730.1840015782,54522.2423883153,36724.2145646975,57463.1027381601,39363.3786817842,80783.0988305083,90142.1781033634,68972.8133218639,56366.5504284032
"P00587",314845.838151609,58463.0757276083,161811.756365712,253013.336417295,85806.5022211304,467430.033575232,504509.048002395,185330.315879697,152797.583425534,150828.204482046,170154.619733928,54392.4268630458,131717.875625571,99443.6625664238,143582.360175703,163291.559563782,322409.179677388,415712.281083179,139708.350924086,92281.4297651661
"P00588",104024.546818493,437960.563537952,108268.68385925,56976.1604090828,181702.314538569,242107.003261308,89471.3319926453,177952.566347069,167188.693579218,105275.106243165,42365.3079258435,336394.270490445,240173.879982261,191967.278596371,167719.57066648,332337.791368645,150399.107728711,107431.023106158,89952.6030715864,204027.778787684
"P00589",186439.577978626,242898.370017781,398247.459686939,320558.622450664,237230.376791142,219050.569813275,215186.652925989,287152.311348806,267134.74322613,211897.138140525,307397.423502686,360789.340235344,344967.378160809,274924.208946798,268912.34164386,445785.501225642,463527.650122075,485426.824720648,294245.516916208,409319.22900767
"P00590",718712.555988748,373850.345962484,891059.955384119,728235.772929013,658467.752227388,701177.602068569,503118.185117632,578028.763802672,1005376.18800289,533239.114701794,820432.598073448,447316.398086317,568750.249916943,645358.184350616,409843.707278221,869909.18295957,475117.977766178,428043.495865587,458297.864276333,739580.526235999
"P00591",36846.1398642547,91245.5969263852,110626.71294745,34216.3902243492,83389.4706062253,79175.6261785827,194668.118709398,107641.110119356,58282.2030887215,64032.5518604653,141303.622819301,67515.6189713722,158987.509454558,54363.3053520108,38576.6203026872,69404.3888538611,139899.475078156,71152.6976964221,46227.9017446934,31835.7370974854
"P00592",193591.161451052,134289.847467871,107060.068829463,145937.790078635,136976.50578301,111012.851878593,188183.589955088,136377.182999107,136939.387910152,195413.518959543,102383.20140441,184930.721043721,237077.780296255,501902.058399659,140851.041551517,162884.252931966,184004.956976577,86606.3125038326,257893.23179511,252888.212266338
"P00593",77715.4932724953,210290.097139367,144757.655157836,188868.355184372,152339.654190811,172956.556671833,342963.818483968,158709.187521227,207783.493131055,164855.136670789,170170.713997831,85026.2279300951,113003.020300529,163827.339557678,263481.949012464,281494.330396509,190898.290436582,91804.3188243057,230586.819818458,312013.171382183
"P00594",122967.276577665,88575.7990838769,128459.130942833,240463.90575036,121651.303737608,258863.980690792,217303.406858982,138158.743924207,144365.065836748,179136.36957801,123073.977086962,92690.0794212396,165616.050974905,159978.073576459,271106.089043945,161065.417759847,196234.039159345,205860.205865292,88193.8099910574,206955.039968069
"P00595",80342.9235060986,58944.9691270919,116082.176874681,136304.192398798,36549.4512674812,250861.619459754,45560.4988073995,128328.290105834,129114.385439376,70483.3328071537,83494.8484567206,128161.588661868,93520.2614627388,81573.0143899413,81225.6761290189,43472.078999845,89490.9948787582,72215.3915272444,95565.0091963522,137483.72705036
"P00596",1935054.01516212,2027070.47781399,844122.564895498,2932002.46880517,3073502.98695126,2745551.67368401,2700270.75624271,4818676.42365907,2560509.26111268,4039651.49665249,474756.09705712,468969.858552519,803447.291057788,1360709.67447864,510982.749676779,1122980.40422071,555495.18004462,445107.728444669,707616.171321194,787153.648078598
"P00597",135169.210942525,92459.2591405053,144526.476612203,221546.99019972,205199.373176301,152609.029256228,316469.699370875,162733.18359111,104518.776384842,55069.4453667053,212662.11200038,151605.454843785,272021.836393945,77182.5336220715,97978.7820348257,116036.469676008,125832.802200437,139160.77818078,120421.794363313,140101.377164509
"P00598",166235.295655854,182820.659709408,611660.553799426,665327.521502534,254209.976869916,260135.109658414,573024.295090631,137717.132856044,141757.809664295,322911.506577174,206308.241877581,211515.485401178,570867.934345402,298292.554724665,321149.753837213,167915.069550592,776864.672310215,466648.873703196,564970.926739763,439348.405594457
"P00599",391075.286910544,158529.273080051,1383030.70876722,988737.239171624,353854.692902909,494491.782956551,1512132.07100002,326949.191517705,1016784.97993186,312808.152477685,460350.590779914,247972.481877237,1192788.89080092,627382.241410709,346203.004453377,288564.144106931,723914.113721463,559160.501842456,729001.448638581,454002.171982404
"P00600",736196.204798637,165082.641592245,330689.690802059,166607.886012574,134895.289463501,584285.096941153,397118.122686174,178959.207209271,373296.370372099,224147.266894574,247838.457155118,510931.759638793,364732.499000927,226241.250947139,171267.745422978,172616.605347975,538746.730017888,174078.038181468,388046.449679759,259815.543157748
"P00601",111860.248764388,186674.039720206,151784.658839708,110379.701849775,153345.406003094,256339.131836941,245011.233772705,140626.946654689,175525.297688746,90817.3888671906,323554.776482236,145618.51806926,142218.494472226,175353.019375969,170729.976068884,156105.462377838,165297.117155259,175351.926196936,252732.980612095,166336.870706354
"P00602",2751225.14090974,1603632.24947179,1500037.37280449,2322889.49245675,1123245.05769903,1270925.69863372,3082470.04163565,2448663.08194088,1629590.91363511,1789083.09451884,1570524.00506343,776104.30594081,2586727.9537232,864573.91332894,1440058.32239533,858870.122612477,1233227.85376339,1114342.27257185,2426969.27081323,1711723.83956602
"P00603",391419.121081896,680659.62720324,360986.673234115,426028.0997661,499378.949769728,554349.636356898,1047844.69879162,497858.82602035,622326.787366282,411967.425519582,197108.881954888,448590.840444487,273735.648349208,658008.298025907,558660.090456293,658025.038714101,452090.312638317,242208.362018688,730494.015556845,284458.211105275
"P00604",168024.127805397,68726.5457615765,93971.5436749103,200945.895490325,105607.472950581,144273.864492891,52807.6884531211,98844.3453613959,138206.92712152,87263.8709164677,80180.68355164,60718.5191676004,78191.1922670395,68321.1231265557,104666.253255401,100706.468223793,221857.176091422,98824.6799587806,186100.136061631,83541.4248214822
"P00605",99751.3823424929,58771.1451249096,131433.172344785,68327.6137963477,78302.4156536801,208219.711708444,52919.0590100687,71148.5673654642,73261.8368225989,94098.3697565984,49145.5192412277,144600.701582418,158937.070796532,115043.642272567,63824.8146511745,64006.5522141507,60187.6327815514,36272.0245512811,135067.63497402,52586.3455542744
"P00606",193267.182675619,161953.424255818,227010.555544598,116897.755223322,122144.875955593,127639.525827425,388276.64800912,116578.877110179,244042.523274854,151622.526955225,219556.056980483,211544.272557429,267170.562255508,300355.649118128,192882.790954117,101666.660030625,192937.479568219,173186.036283294,374339.360087237,144727.588888443
"P00607",189500.276526447,200373.405025812,531160.763921672,186753.321836091,129979.540005018,215416.379251495,180389.164436019,300568.081671511,157862.427697549,141012.127013168,230269.857892442,228817.316098893,99444.2392484147,288710.401224335,206562.652966497,366500.822999291,75090.3862802886,298886.525110164,99864.3812665778,160056.915572409
"P00608",252089.415119397,426624.124844173,301890.17677794,230500.686857512,294136.228579237,259440.909505976,375572.65981829,241651.039613386,428616.154208171,289045.27729291,316219.455315368,316152.427828306,219429.711835688,726674.239065366,536048.326461088,789262.936539522,166202.992914277,637939.382781922,393050.527694674,418879.353529505
"P00609",545251.178132881,372594.379705214,744123.081512869,885224.037173994,979975.845444349,1165521.77266542,467821.72086017,313189.268573029,532410.390308449,577382.588497794,382553.662263156,354850.099105495,507460.398576865,273107.815269782,508274.128720109,421029.872343859,544925.70279771,816250.575669222,429695.116069571,888165.911421169
"P00610",558343.846585229,1295828.34340069,1332802.47395042,756593.296106338,849365.613617575,656485.912329435,1392047.86916886,926157.127374223,645469.735564082,589573.30513987,845218.793847731,723760.807698741,864587.082425319,1127254.02738122,1576932.51542699,1251119.41135731,794287.527231181,1071159.37389504,669141.746867409,980557.186035345
"P00611",83682.6443666966,135510.231778865,66211.1546447185,64687.8131828811,116849.294800659,75052.9005458167,120842.570368501,91473.8691564278,69273.1701752371,57258.0932142313,83433.0956382101,76195.6732964219,54436.4970523466,227879.387668762,45593.5885255501,192214.889876856,73651.2523921336,93846.5225916767,333712.055293582,84061.2215520212
"P00612",339102.036241942,238102.4848137,169114.867589405,250252.487462248,361037.727936502,216399.793647992,199944.035007786,138524.233731883,423660.839257884,209169.10018477,310764.440876003,142592.377379565,176419.520902206,285212.014883497,244909.832574871,262224.002844419,289584.066103554,353996.747229582,315683.879980157,200827.318115455
"P00613",456908.699907003,402189.545068743,325355.252319387,424284.464645302,115610.310065331,697180.839610346,363649.714151599,626922.061506031,317945.625791393,489043.01388267,152638.142652769,348694.319680946,596047.949734229,311127.521514634,357003.236771388,377673.225657205,438338.894537901,141244.520284894,539747.611386503,387995.345408009
"P00614",295680.954840249,495425.48676783,187605.601533897,140694.128596686,441220.872516366,174789.757801247,219565.060448404,307851.801658988,130937.598610689,242335.847769506,295622.819839044,313730.683976997,325717.173792978,151728.099359274,110811.72898709,453619.153173722,148932.481317938,184912.602804669,418713.739584584,177921.807646853
"P00615",71667.7992044651,123387.292442172,134408.473499797,39962.2634901102,107960.079676174,117468.004617543,89231.5370136173,173281.374376582,120721.780813715,115565.128736988,126413.241323001,238771.916588166,87628.690844253,95474.2999126722,72530.298013909,121836.482734001,58404.640933295,99874.26927127,147194.836863745,78793.5202007
"P00616",408391.090758001,101209.469661686,629202.218645297,533366.785536134,240577.209389234,390000.881585151,497994.446792748,163365.872837356,311591.120353113,235057.807078298,504238.311774546,173783.441621063,220951.483730483,238516.548771097,126488.605864019,80084.011504599,694958.116952584,306088.678795494,179908.751684199,423497.172135502
"P00617",769526.128138688,722295.704477718,1075673.21925197,880643.064939948,1051172.81875781,300463.194359251,471439.505610687,615191.177121218,875758.779779358,588110.707633934,554779.687086352,584898.982061372,584893.257075804,506023.721608846,409449.75839515,355551.383598714,387076.645510416,612746.131131677,456848.789889733,1062761.71075615
"P00618",537400.946759367,792196.00395988,347850.921128825,333387.197328716,812087.377304812,435862.783256447,592453.026396185,573827.76319608,1039002.37465819,637391.555690737,478010.317068021,642729.599272987,883143.289221437,942281.262021871,1225847.91371194,795574.531044193,698894.238674414,412303.925723235,304501.408123559,806731.296352179
"P00619",724376.662518136,299981.13709328,727731.715678772,529045.588274637,186332.333554375,328824.819855793,537421.438795191,225293.234794769,102265.871991924,263245.120237616,621105.048745689,593154.438215311,469442.495043073,581173.405590147,284267.166439005,422849.331604072,502788.389301005,378137.125872103,760473.752230774,314226.988985167
"P00620",446230.891353979,1924008.71374167,2170524.82364167,668674.94560809,1561241.64887487,830321.934931574,1693398.08113769,1689771.98331853,1252125.40171864,866131.43027416,906382.477922063,2355769.91644494,895044.152811777,1393843.25416573,1980915.39908648,1456900.32286248,2404055.15216129,809244.760916593,1318352.8570752,1757554.59195155
"P00621",10254419.8955247,15956277.3875978,17397815.0666483,16861349.3285769,36779963.6486765,26462882.7581543,6259404.01159129,18110042.2926226,15998826.9948618,12679501.7332743,36000926.7363196,12943642.1018164,7966570.1486124,10514527.9000262,15161902.0700064,10778246.6475969,10730205.4303883,22753770.7793338,22196095.4578822,15215966.6185684
"P00622",271891.419729707,270013.355389829,323350.059493241,266239.010011409,202790.551739695,295301.456138652,402938.764105928,224291.363324327,178586.281612193,376594.99067365,276200.987914635,327174.069053965,376812.550499743,428145.699261292,276704.41129717,286598.175642746,746333.728421312,276388.051537771,163474.433533346,498014.751044521
"P00623",378492.25178344,283510.250658194,205993.627632309,655890.679031088,634083.547664063,602097.319662695,400412.034614755,538644.792942455,360994.749100029,265447.238843243,271517.854444508,418175.217794773,585026.053779486,479291.019892092,407954.729236485,149359.487373621,284943.448728864,274574.590466779,565556.012272919,370683.68816995
"P00624",14490.2121261839,15978.1630221402,34148.32698532,21605.4008662171,20899.5053225225,27177.0786322849,18298.6364432048,25603.2405894897,24323.6733109239,15477.7280435371,99329.317277571,172111.547667332,129137.408218804,100233.391409386,106247.854205267,67223.0741387721,41779.3066683682,57408.9936129099,115089.616123398,97695.8062846428
"P00625",120798.467750298,109713.451327065,182482.71336758,64650.0220110922,270689.094610891,115836.529086822,69542.1515041391,229706.178996345,168574.604228401,196558.515739564,112448.067632525,280101.765627663,125027.682440459,180295.017942369,374861.15089911,238797.512454341,119896.990719372,108565.457899195,176526.425650726,91169.7352571469
"P00626",138580.681420366,719993.340279557,149032.663963611,100684.186292064,211809.502624227,366047.70764138,108665.233088926,347806.485022742,329119.845546851,762170.972398093,167613.871751169,199366.935402348,109463.820229914,268965.10391161,393932.166956753,538868.743798211,227323.526784516,142089.37744714,275325.068168833,355403.004774692
"P00627",663298.045127615,452755.458013312,624200.23261957,529355.260101453,735949.02340879,747644.026409533,729606.89199358,720882.833747817,571608.965616135,856360.021615678,518465.757879606,1014307.98330603,676231.117020514,706067.685250743,517185.747399498,320539.221655605,463741.533566358,549104.470591464,445488.049865641,1342809.46947344
"P00628",612319.009766999,415819.917942731,566663.575137027,529849.402008235,308883.427773618,286915.016941128,417759.888087982,527164.67566964,871020.397962586,387164.784173025,370460.279787874,313487.910989777,312033.349640294,404738.043547273,471791.870362538,467110.126575344,369533.995610501,422494.142693163,461551.565303837,572805.490109434
"P00629",144934.188191512,141392.663079899,40606.8220280332,31583.8587628059,63263.4305836338,65022.9763191962,79461.4160104498,64690.3821885248,103275.761693301,66533.925521142,41111.6139788484,73122.3365940411,72253.2329715222,116256.982352879,115554.588133845,110873.334250176,34247.4491908093,52684.5556956775,76110.1995959705,39477.2642799593
"P00630",165849.252677609,227321.12510542,179475.657456762,149353.829754415,172580.617507453,261376.096352836,198939.527617587,325769.20320564,323830.320277286,164597.493997539,428320.94199123,325871.101102253,145311.044891995,384209.071361219,242465.452534867,366408.255553513,261951.381375383,260033.690233859,476315.891881588,242050.880775907
"P00631",121907.793907159,250955.416720756,97654.3476617709,108458.470005951,127662.417549845,61913.1637064233,170990.423696898,223348.229360055,113411.251245194,121705.388307135,163456.798297667,271638.344595393,130779.572569482,180788.679327018,263730.179658213,243483.898069961,93157.1886150405,74759.4851876481,186848.586600831,58772.8571024456
"P00632",237322.542853526,269294.736270618,406327.096563966,522270.102924852,359720.522717192,246451.007613629,347212.214991848,335825.366614591,520093.033653071,304175.904612261,246491.293090238,309263.144536383,365783.061648509,352855.003836981,687880.647769502,417325.315776281,524577.178485291,288713.381256966,1686215.09862842,774536.788814511
"P00633",457358.633464028,382455.72909463,2310563.78563308,1071735.32986298,633163.952068405,1498891.25415946,631869.332028864,442075.664096469,1780402.26171549,538762.990379209,947530.73282999,1200189.57199583,892627.049609344,803989.064326189,823232.687587644,371816.323024699,223957.933189129,827847.536254057,574594.414986054,957469.742991706
"P00634",758206.624354958,1450932.73729327,592669.980535145,243070.059087762,503678.657565061,439969.595382278,1001100.38480531,706301.939416714,1502298.08423827,1127714.09032623,806170.150486705,1166229.61281497,738922.504873286,1105848.85554836,717468.723330548,1134722.66545914,1099283.43668966,1004917.72586177,321899.388855563,538946.956541538
"P00635",93660.1820659844,159607.612828462,96843.7945447255,89223.1028212402,112334.561920371,64584.7906328481,186396.736243936,165764.601997659,103391.849225952,199541.321271164,80160.8260411683,153076.003573059,74775.7744780798,169531.243503356,107022.276994127,115371.456636314,98904.8484267914,180577.149932512,87682.9245750635,93655.6930819047
"P00636",139605.422856118,60434.0898456919,117465.083279425,323373.970213672,88670.4615010853,376717.194824696,92169.2074930837,202761.487054093,282405.902361688,87696.8585805788,164150.623993324,83168.7589160919,178833.991129859,270726.170274,190805.527409317,78306.7776774604,186720.544517478,168483.489745014,242687.172177207,81547.5119110685
"P00637",144147.634780387,150889.19864811,169444.313987947,168983.69815059,99221.9090654337,233041.797437971,418848.978513554,236768.346424858,72603.5605912016,166609.46523772,277493.233234682,73235.6954699516,320454.391019171,116965.633463842,299830.447141573,66175.6648692336,349012.796250006,109677.091817298,668668.064015497,209685.415019068
"P00638",105040.665217322,132836.950764273,302595.107807908,127296.830953068,41189.1312523415,119130.822118887,303266.855056403,206395.001577058,321026.634859595,179244.840221071,146342.172499239,247760.147209035,197171.993326577,106870.014590503,273100.371079194,226840.291293564,110180.788023956,144647.947337674,103444.237427743,135348.015853001
"P00639",368217.279820511,239814.268836328,773246.210833363,305442.831627254,290804.104248233,360808.100879255,604704.381136868,371784.804350726,117089.942283348,102717.94701477,243250.246615445,52463.7880495596,337112.882715713,392323.884927543,368545.525188375,80934.9922704969,312225.612386226,174988.399534809,188676.051516384,292313.811512796
"P00640",1428466.88564899,865682.386703601,605081.513745424,1685949.50967591,712820.320242932,1212409.93107179,1240988.1227135,703410.070103935,1184178.65936529,1371113.99419283,1266845.09344121,559894.299507687,660924.631027053,1401272.91914444,749119.100100974,649943.63890996,346407.313524726,719031.766480342,1692745.74716356,933532.622247919
"P00641",3293512.82263458,4361203.05364823,2245125.85611763,2632601.09412065,2162583.92449665,3562417.35282743,1739319.59417589,2158060.59766817,3558314.47051926,4260685.65544863,886482.07446616,460106.544438152,1067328.77921419,803792.350763633,462551.041140497,1456796.11674095,607538.524848254,1147482.44811816,785177.405572066,609074.341730229
"P00642",379673.559416586,470323.011004411,189484.990037507,129335.200960615,396174.673080928,378866.088802875,362594.749233859,643162.671501587,235125.9530914,570256.580718113,270336.317531785,717153.720589291,149759.79586975,680879.341531494,515326.724587986,430185.790483235,692959.940044321,334041.103505931,274201.081085619,397260.344295661
"P00643",243796.062783588,448340.687644268,398207.258316963,348009.954998635,289674.053239738,268609.483582607,507407.583166314,323110.151402622,431256.410276041,189360.375835942,196964.042644852,489033.544638971,480295.260984313,298772.745899022,497844.418789448,266709.93169685,277019.704547421,339218.624006598,421599.525199156,348105.248115717
"P00644",116008.118779547,39300.7750722463,123970.779571224,95963.1464627863,133912.081795045,53267.9041836977,30602.1727839718,160251.636260545,72016.0754565628,75234.2165910181,60000.7805576091,91361.9121495719,61990.3138011414,114789.198024208,85034.6748535046,76783.1564075748,209885.85710131,115032.258943143,98030.1260528131,129919.572940352
"P00645",391086.984359655,146163.008114742,304111.397646514,410580.660377741,206451.20186009,187453.012013623,321342.160343679,212728.499731627,211480.356129476,224444.071903159,472947.744183041,442524.769076664,254215.838661253,335685.031402487,217417.858082814,181964.352690768,376261.968036877,506654.116720805,247804.294758536,345596.627875793
"P00646",794242.6348539,607557.252610295,834696.890127567,717644.734330724,1307199.74176137,866430.895200598,1788136.08899969,1262772.59969979,1288762.83764291,1995325.87329136,938645.604495648,1737892.32395868,943390.577436958,2095165.62999891,651552.00028952,2140595.2011685,1487163.18650916,453604.910597021,1437923.14000778,1953269.2723148
"P00647",176230.940770284,56435.7628662632,98849.5591455733,57075.7074534345,113788.700962904,179908.343648004,141345.067685523,30716.0643654447,81920.5471556738,92530.1588608466,102383.21381019,74081.9222871113,126434.865586261,94102.2850605284,71168.2519471719,78950.4670782694,35890.0627883686,113418.259446213,59876.6373934378,110932.684109639
"P00648",345308.462332529,106141.45999381,175258.016255208,134877.755307204,220074.781160223,65336.5345484368,174008.2285503,213801.64557004,101268.150387056,212721.137353194,1017160.86914282,922802.039091,1434190.48335049,463557.654725754,1090442.13745568,259865.796761943,1306608.91408369,625400.357209239,988982.758107004,1978966.03831079
"P00649",181590.638993913,964953.629885952,199260.238146508,205789.869974253,195767.904230813,331432.721658232,211486.235055939,128748.916598563,177981.441518973,365311.52150472,122349.209944107,663782.97328639,238960.47400308,364824.098678869,542745.553264358,711396.933027732,187132.940712637,223511.77218102,77693.4502176627,346832.27235441
"P00650",465332.33741142,183524.538258584,528190.642714807,1058032.81422696,392976.670294554,477344.182254406,530454.624152634,508546.779842954,712610.291193876,234403.275123719,603118.294092876,222398.201468748,577704.05384316,323562.666466548,193832.137343824,326987.222989063,837032.708061972,398347.558215727,615784.306194833,699058.427593326
"P00651",720001.207380427,349617.868440177,450439.700112188,477026.868651382,494249.265125165,1004583.67081115,359268.026562882,556107.14234513,568765.765047693,938448.212788103,799940.426730211,693871.115457295,555198.889019769,227714.692262112,475320.815242919,577365.308213797,457058.934902068,171179.823088195,595768.165975246,493103.301969153
"P00652",57923.5629609441,152972.132954533,66191.2785766169,68336.2056931082,134575.741696794,77710.0778973073,194791.219460701,290527.462919873,115702.199166788,172430.565167579,50869.5461664272,267877.332318937,145533.296114341,266361.433008171,140607.563977285,546592.176192997,91496.7108329006,60393.2792581338,84472.3122065462,26142.2426580683
"P00653",273705.35215386,106132.87492499,505608.408181367,1065919.27836919,425231.152701467,298302.796837209,436617.736464384,327726.266747374,162394.957476217,339021.622091522,275229.824890374,186434.201329973,250084.181348666,211809.898704505,106244.82519405,148837.311553791,363960.727155933,241376.570960699,493514.672164207,327786.150640366
"P00654",257352.557281876,84366.9853216701,75585.3472331829,56624.8785550915,105481.491197967,136489.724240459,55758.8037687814,119499.686753402,126477.475159894,159691.064172006,125612.853916024,115710.362999157,115912.433103087,163303.148619967,115038.560210995,89645.4983961766,144393.894985954,206738.327760281,165949.137167965,80120.2786109516
"P00655",913834.583126005,851997.360916091,657608.840723216,582437.502547296,704061.396626323,811940.569906745,622850.164143469,390983.258542642,882368.104208817,401339.188873088,877029.394247105,230582.017837186,864860.979603331,636552.837640661,603644.453871927,717556.760289638,567723.431013822,1016275.12224157,1124204.59683067,586008.972083566
"P00656",52581.3514848583,83616.5433575157,88526.3693031434,139839.988313798,162065.780031909,121287.295251995,58273.4045602974,121228.065447325,71981.5182827376,81568.3404744162,142371.790771474,104787.56614129,196598.045454286,92787.8705418065,45477.3660297719,149036.186339127,52955.9019895232,134525.515564059,102520.582051192,189080.473865657
"P00657",760409.063961181,563071.091123339,412494.406903738,1738020.38103468,599866.896346919,682048.87579131,546941.387326325,640821.617523566,406719.301668669,218333.134868078,1545752.75031119,599648.651020749,544976.223447947,483887.439184517,960901.304483014,328132.659596311,641457.47646835,689921.160967299,412196.921657912,312714.84829069
"P00658",1068922.43128804,1490856.47377719,1075903.47290658,489234.117596004,1175996.62545061,1548443.79698773,688354.356051014,720447.425474068,1034877.59831215,784887.433611952,396586.127340089,447880.564137294,232315.501855963,594142.498603329,540728.474422552,135677.066571494,404425.387976266,536804.362344368,235902.399831009,202032.373207592
"P00659",569931.257730742,103183.644338414,462982.38471431,440676.655211237,478223.630186619,210675.72943837,318738.450113568,420825.614589159,309551.516162885,481953.647187747,579080.008722114,278689.257144203,308948.599750039,385921.106208179,122386.347686074,156047.690709575,330218.276615584,376862.381399541,173700.621528388,318868.14330763
"P00660",335778.929527705,188218.969805198,350687.008529462,188509.106355412,347425.690949942,339231.011164792,309040.515558349,209980.698195923,253025.163946894,232161.906557124,186162.936269711,229537.835232703,184356.541584699,326292.813180494,174736.75087322,362777.810982512,331010.156285973,436751.610315313,771517.840271122,300411.736326608
"P00661",686810.036362306,468456.622015958,1242556.79252087,909123.072939938,345718.769559383,1803279.47109664,1806780.52148738,1190787.79739777,1365933.96937772,540353.653170151,748524.275782802,853462.8025326,1094459.48117075,376789.819074489,870953.501761309,1118828.52495072,977220.243862382,819404.798638023,334874.068405329,1125736.90089343
"P00662",314802.301598999,123662.096306681,245401.460307013,384063.124299679,273179.692108339,179599.860655754,189968.110338943,279793.148050373,331004.633177339,166682.296892777,290083.281716898,195710.331662718,240885.330171265,198301.167099505,381012.32609163,175607.942818313,343593.763210326,301438.367220216,158726.071628896,186020.374951207
"P00663",599067.862522413,1582676.16861349,515993.839872942,633037.647790474,727505.335292787,269495.110172826,439508.402304775,678214.38700162,708174.774632506,290908.229124069,631115.81915912,685815.157484762,500524.477344886,503095.811383632,677965.518116628,398678.138900709,603082.012713028,1491394.70210282,275657.844522192,549197.716834738
"P00664",934353.201760654,507995.328835473,832308.709707555,443369.934259569,474640.370822233,729743.508822047,658354.341329172,1099588.68015162,682632.288375442,344005.666038851,458295.386552271,525246.981808574,483206.952032568,283788.241931728,1515750.99277051,385916.169450515,784828.403543508,508515.70066549,544260.956606397,1549271.39368536
"P00665",78916.0443650952,97023.7412747957,92347.7298321221,56823.2055259015,148442.435485712,63445.1132322978,55872.1781414266,85010.0763094309,60514.9600010912,66234.1889232131,82111.1105929793,62995.7655787787,125928.131421193,42977.5807494669,46098.8781683463,121382.762995308,138536.011564228,83483.8199720009,60944.7092104811,82654.5740001098
"P00666",281001.02338525,219098.609932913,197355.718286503,103873.801324859,411068.829515072,379724.451454054,323250.620626672,419271.571936661,216209.081133105,357352.728874295,303283.056107266,346750.098762055,167380.247739515,190692.925329929,387038.141810142,306111.914189217,235169.183434553,610656.780719018,289452.615881838,252286.665781031
"P00667",334392.129577607,221713.262819305,772064.271906971,716444.520315704,283791.154094232,339830.648931128,677911.885695509,356431.566895245,466465.215237266,388932.488026026,264573.471206908,730071.137673761,282891.129975067,713990.304452641,984568.374425226,424339.441951405,649092.426433282,221193.598394967,1160157.13741028,1068261.57222267
"P00668",5686.42273739508,14166.2513320029,6814.50763659561,12433.5357654437,14691.3169747616,20046.9358887298,13575.7507925515,15256.7619034681,11935.4144200216,12004.5051769813,41264.7431966321,118680.365268863,55557.1082503179,65514.013966305,103808.358450102,62927.6145083237,100924.509448383,105550.857790189,53035.3210141669,42745.497826589
"P00669",21998.1152904815,27773.4485280748,42959.5501129955,22528.9762983122,45692.7903132537,35184.3433490226,26497.7408536932,41797.0673114783,16893.2397522253,18822.6181105143,31188.3252827854,34086.0641636364,58044.618191024,27981.5836231052,19641.8685650802,34529.7911732381,52238.2431406147,49158.9276803133,31279.2546390615,26591.9340886996
"P00670",1107870.50648079,356913.270773615,1283421.59532334,1216642.34085844,929230.113413896,715309.586168695,1763614.64557364,314379.126195522,1089363.98489472,618174.022790417,1119847.52486602,1029587.84362378,942600.906724549,884574.281622775,747647.870885548,973964.254632881,988507.171555445,477519.659863476,866388.555037933,570246.281647036
"P00671",1291374.31915493,566423.227153442,917415.611141601,2659458.29773869,2781019.0181552,1617234.39278533,1332838.71868556,606302.765281021,953754.401355989,1021460.64129483,1176307.99107006,455569.597561874,929784.919672746,1191157.33179601,1057755.75059798,434700.35949382,493319.253162687,1175483.50201891,1869806.94522619,1716581.72419435
"P00672",354926.481485663,167116.321153385,421907.752982744,386839.098525388,435649.024110626,191086.303438738,383229.315484122,607323.179700085,460180.781738859,476790.538874672,384210.791647248,656259.221952109,346912.726369785,185996.865467959,172952.879356345,258211.888202297,673616.299356057,353550.540991262,280873.74925691,567167.683530468
"P00673",1193651.28050646,1769394.36426544,1012059.29191842,1218433.01328236,1586976.41482477,962740.708743044,2361685.52862262,1192349.99903198,536335.983525054,1009148.35547967,695613.306388479,1709254.72557292,2660094.28612472,2403316.91640439,1790116.38573863,2877161.7887566,2140105.63186429,1432328.84996642,882142.469956993,1197955.59455431
"P00674",233934.484042055,78989.1256989136,281307.645769651,365096.356332129,184579.696860332,172056.184106532,614617.583752611,211815.068491412,164224.174430964,162265.057318783,303295.035583428,261986.920306115,288782.520675434,129896.468448429,209246.674271981,206760.041377361,198607.117596846,176250.020818297,121037.379207839,239303.775112913
"P00675",548724.257094855,349923.281278379,545318.612495016,616444.029589634,463999.188006589,865853.545450369,670287.618987524,547392.657387431,2445272.66856714,689072.029829659,288880.368408589,557377.803020233,842399.963249115,722454.757950257,429550.19262896,661559.76807744,656118.380251396,477043.80423961,622445.787952094,791038.975338243
"P00676",253288.956747424,171519.443853951,147972.487471194,291520.837106453,258392.670813612,340794.017609252,314706.121062255,206805.21129575,131205.516490375,234947.370019544,185295.789270113,285784.674314479,249330.562176027,288166.058797347,217147.007161208,341494.549295437,229026.676059154,380882.753563573,166461.634949528,151826.986739404
"P00677",173976.609002683,212226.334372954,213850.534398615,130229.543957807,194144.469140337,334727.939880096,364692.051107489,207890.34812011,111170.708725851,177418.678191556,154844.970359462,329696.006840539,259693.297737496,183012.91024483,79632.5974063332,144508.630268906,109111.490766021,132215.624489146,115098.997477527,200914.189908938
"P00678",405053.389723185,216806.585231734,350931.038862979,314364.501527001,526009.407439359,235495.846088957,393175.235545788,404086.973064612,425406.516234706,209419.384558137,297086.267685327,252954.396978105,558870.8253312,235564.748351969,312997.425799872,290876.987439062,388779.544056354,229591.835304535,339979.108741975,243009.055901139
"P00679",371131.546872803,178771.159296274,111332.770364424,326412.448904431,129632.555828543,67246.6470841974,419488.464070509,367929.442821649,265578.452044249,212428.92700709,236986.562651431,456392.827302416,494580.614817732,93317.2356430166,123335.679831135,224862.971220213,287027.265412763,249658.410458599,304930.665744386,387522.812601719
"P00680",272898.399764714,928748.40292874,433838.930099732,193729.128933106,741858.717964517,588480.402983436,655195.493814397,495462.21317216,313282.473022467,795465.375859843,245140.19103532,942060.401819774,412894.167283242,793072.509416325,809675.078921643,1085285.55781947,336088.836404825,339252.286610045,322462.851199925,479725.818482119
"P00681",170594.709420522,87294.4493944986,143495.143344519,129363.635072877,102180.180895031,95438.0147263691,251753.489148027,164525.58549325,174987.8073602,109590.152259226,130128.82747327,122568.519851145,158164.377455683,123208.784560713,44596.0030036021,170715.131718566,85085.5278846957,199323.542541298,106387.276269879,115641.464367503
"P00682",188024.526605328,144639.105643638,288623.373567025,492200.283065617,335569.54583514,643424.292398623,253156.14851791,132342.142286927,221166.729445554,476718.171332777,545639.343414491,148935.308425102,290203.439111957,127859.530862555,276955.289224831,295682.415072899,251765.808915762,195781.250596934,370310.064403901,150066.056458581
"P00683",362057.445841628,303228.484014253,353536.806756891,381179.997690101,340066.938976249,219437.272591048,258309.648502147,241668.368671113,433410.402622654,470001.853940883,358984.366417058,197081.117202319,222770.427294467,220086.919633806,184111.580049848,318103.772089827,531852.42797671,312126.261286505,442969.154128366,192352.394419563
"P00684",50055.578628155,29168.0582506144,38023.0894465963,41633.0297964959,60401.5092089617,122011.718443345,63477.7306857518,27545.9930000862,39685.3949200502,35332.7746203277,43739.4739036059,53827.423247496,43112.0105427294,39796.0531395,84289.3933078519,59974.9543509733,74969.8875438474,46489.8564173633,46762.5088075758,56008.9487533384
"P00685",3645888.03184834,3993151.10742333,5039054.86492438,3504785.45554741,2649256.03142535,4624901.03891331,4063369.23345304,5444790.36307051,8487260.14559306,3960481.8286024,316206.418867724,494920.489325736,636448.766402946,513996.5880612,762570.084235309,944745.831261502,515771.281808871,549291.266236651,347670.08860445,268707.123196588
"P00686",262052.669214308,296310.671654295,163606.756300618,80791.4671927045,254688.061237734,280692.652834682,105859.752027444,316723.1101055,105295.305792161,235327.153955222,114992.742514957,299930.831754481,92377.958633595,234560.201256829,238972.263456843,183683.446925192,151617.300554772,92333.0345037837,161775.396147925,170096.211175213
"P00687",689717.157411546,455390.547686858,739400.715163989,691811.67758503,590631.586683546,307563.557712667,1098281.22523457,773133.25837236,531777.525077308,547925.396284559,487563.5221727,357468.083742323,575186.077015694,800871.529667778,632727.112236491,429297.176797156,788995.078299414,957728.79876758,881141.97539204,515345.237301093
"P00688",145754.909495148,397512.533674088,221290.164500045,183354.883856608,144079.583839497,249259.762882775,227820.733506223,181626.657193392,416239.006966953,126757.405091598,155214.097429312,111081.067723523,192292.813145907,204188.861253069,324853.410147087,345009.84494613,184628.798823325,148608.101119965,87716.2149848584,144280.357896958
"P00689",128107.185062135,146285.436763675,201670.549174204,146497.149106516,54167.3167177686,128495.690696805,104667.427100425,78863.2126276673,76199.1928883247,78870.9482126004,94758.5160789113,89265.4704793722,271628.353048571,88232.1880428086,44286.4196971866,96898.779845745,82469.931174642,53327.4718957051,78768.4768783843,171080.115197982
"P00690",131421.062714794,114111.73938679,341570.747425245,220543.96790704,193868.313761775,323473.868021563,623191.114928084,161846.618867003,204565.571740706,138630.044269053,406107.612523987,189661.552838085,273546.300998988,95175.9610809426,254702.032622087,127658.824100298,211323.919579109,234956.939453376,641686.110307573,241716.243864863
"P00691",317307.342645459,449903.137188793,118776.967865463,169674.562432499,227670.41344558,188234.914360981,226526.696659867,232398.212358224,150235.914224299,344311.367795381,133367.965555319,332912.732622597,149626.412415935,230515.103091298,171135.011000526,365258.402674504,129734.341508508,113439.98443376,152302.445412618,192534.654542111
"P00692",209145.465500865,115005.317069331,147414.42166811,289095.620396649,118416.284633677,179492.731144735,232649.070012989,127922.101191267,233910.03787301,204372.045740348,119654.252381546,187447.504856464,198452.582421461,174500.666337031,140078.055434689,223655.240506652,285258.914503773,131777.667599308,254051.844922973,206116.720997229
"P00693",224789.173007271,552354.882635119,259461.216641164,254441.911962451,783006.365075305,366373.738833476,442543.756347544,1035604.54407467,528637.010583624,516011.089126531,351760.083677397,493968.079567082,1079887.72248229,683909.867011768,298710.059742759,1555900.12176841,484256.854558083,336327.376345663,469604.347129769,391888.778910705
"P00694",150984.703575309,290315.244697484,127310.020036193,472735.421264024,150059.108598426,187207.029103925,142824.891249208,243737.794599193,360874.2814247,270179.177836466,188525.265711952,109445.16592207,172099.057799936,319411.187142657,181646.382526849,206087.463865899,163643.117114148,196313.147098958,202739.169002656,183744.745808212
"P00695",24964.9940255278,17990.3047191261,13736.2934359163,8463.51688001167,30761.6671012628,14506.6796341119,20654.6839767087,21699.8625850872,30871.8229051566,31199.9810930425,113296.694059131,111939.885164745,89860.2366052875,192389.771182781,214593.690366044,79472.8161646976,145421.056461337,63392.5690158808,61523.5505388411,139318.5560215
"P00696",71363.9266589307,225176.181843131,136843.077891652,116862.658975912,189504.268784404,312228.653826347,116826.69152502,259408.694569924,263896.943316496,153676.860933584,212447.975107085,253559.58844491,178808.168434355,277877.493125193,286831.438670889,229481.753648888,259211.018943298,136870.5433502,154028.335532285,161631.039334837
"P00697",186376.353784559,57251.470798821,90031.3863223907,76489.5604006897,104871.98630781,99497.4205212532,11237.0450851938,37892.617657653,129694.718104667,53526.1284151275,55976.820878205,96711.5467473986,53027.2957681302,115946.205522219,41934.2935325023,59802.6101836266,58171.5647487522,35766.6802048148,39518.5834712245,98861.3071456837
"P00698",145424.390554031,151897.522733685,117591.132998627,191218.792725324,195354.660279464,132646.622592839,244960.148864934,257913.788276558,114638.17382544,316734.833903877,353242.92887348,125034.237859373,154516.472260659,304014.677700149,229653.060084756,191980.976159106,275835.927131203,415611.550355031,430333.670003344,262295.349287478
"P00699",511391.61901956,155098.543131412,412031.219514837,421814.675826379,255642.713844063,411277.804038821,299960.654475207,297876.757769063,260944.888938884,352773.738016021,183434.777119277,328978.085109275,315062.442247627,268531.244373291,263128.304155471,195727.089110386,1010320.2067944,383307.361907,301309.495673532,421715.953568471
"P00700",54466.9520382255,73725.6099267129,21246.1330068865,38682.2289113724,54425.613925143,36889.7731988266,25896.4211672627,38564.326023936,72868.5077944354,64878.0976567858,135480.078487775,510689.999162078,220977.132911784,337936.378775891,302250.110256484,244074.430159831,142968.830564073,291736.161926047,375846.001898626,239505.592260091
"P00701",143437.916878734,53627.8657075738,110801.302959885,53714.4381913927,62977.8596805655,66879.3865265796,100339.937059647,96738.605211077,51892.9833888852,48416.7660362904,74242.5816468339,83105.9736714733,82772.1918098319,82771.6334403271,105523.248504174,145336.567404626,43462.5999332026,129901.410887387,104983.325508075,72623.5515813974
"P00702",409803.876289243,121166.541140649,426180.10850501,544942.938710026,84949.2281964883,245897.164267414,708214.455081262,350492.670786594,260345.489731165,210476.952900536,422801.273435293,77681.7863013762,105070.958569737,131106.139780809,176916.058953767,274562.882592375,342348.009730177,164525.365169671,251401.135880466,225545.691016352
"P00703",398647.920173407,321685.728726202,345954.528277701,306429.406107996,306666.104729867,384534.099502918,316068.188083112,265437.620978454,482664.392201946,440438.382475631,294240.037844722,449361.11671988,685032.151688606,499978.799917446,550167.633002463,611438.221157496,397783.141104608,367762.315750255,193113.238290654,445072.587460197
"P00704",271554.687467071,335160.266604165,186098.386944707,205744.78495805,426738.833478157,197143.864923646,348572.53905752,156179.250935179,262968.271425107,165032.513914686,207949.90785386,114882.205252316,195935.305574333,166403.849815554,272921.782066113,230225.8843836,263213.307577867,124450.208958985,112300.038251838,253038.068914146
"P00705",1492930.60866738,856980.309729527,1406847.96577607,1021804.18792414,1690561.38995739,1952459.39625927,1521527.31887246,1024629.28635371,1383102.17307861,1151878.7781991,802251.601442946,610711.985078029,855721.376868473,905740.32279256,1479226.43133678,657935.080451552,1135362.8213232,2424115.90392028,946894.353216108,1326631.34543892
"P00706",43483.6275323811,68116.8421823954,76368.3664205509,52580.8140506635,51271.8137242271,136248.574783962,57072.1264072745,106200.061534212,45359.3084628083,42788.8563837421,83363.6450956147,53892.8602948956,87615.1444559532,105222.445329249,112213.977507021,55801.7413424458,97902.2845597132,68716.1223620048,64883.9124804984,54682.3804097535
"P00707",1710969.50574203,463234.29524089,1108109.59501467,1466119.8759792,442123.786774366,1040464.40659567,1176160.56704087,660745.015965902,885395.479978769,338994.666339677,805711.941174104,256498.986489415,836812.064842572,642933.178243927,358973.310234682,340290.009843825,1529974.9552968,471769.16356978,600352.706197074,467639.537837505
"P00708",346771.977045482,219228.64584505,155192.929665162,383030.076065264,209189.073381615,587458.57641472,450382.610643643,331695.845982586,328961.006695869,199764.703982978,578867.038145926,453305.425703053,195846.020197548,285906.590842218,222231.65111781,563514.898582543,130134.063865501,460391.653258249,577171.395262894,352728.593159938
"P00709",259669.573217532,209927.632033685,290108.346551785,149358.881336944,348452.181127693,253056.943625636,173915.115114735,218075.093483964,195919.868871528,395265.597593436,358939.006832515,147242.560129714,123545.027074474,103741.857660073,192822.325684137,238604.737795082,148966.301726367,200674.365561855,143842.684940719,247327.15410669
"P00710",1241617.50564677,633726.836650858,1123672.30550561,892071.63440735,575648.934791259,933277.583089654,1190477.51207069,725956.189926257,698116.497290165,2865175.07879812,473128.826176683,475764.706226084,511178.13701425,501674.471932639,1302732.63081491,645560.258915212,361159.474508037,740046.529037146,1155038.47770034,1596758.93320456
"P00711",239977.963509645,184070.691805239,159594.170338239,352137.079356431,316608.695315663,265496.168042042,428553.89532239,263677.909599235,189793.334769751,189257.846243383,904890.921221791,317953.289136229,422104.03831494,82940.5612482895,281508.948402241,220183.485766102,586147.04744504,255169.316281297,340896.367150016,1037587.07023835
"P00712",421354.748366739,523133.496837077,137125.75997295,171683.816959172,536248.727592924,475362.540790976,210109.294934827,374320.4935778,118664.815192819,145437.380384286,219988.258993987,384521.096171334,355924.242000758,459646.272162639,311894.757655,525758.754172528,123067.569614993,468067.6873831,125109.034565816,285520.353373888
"P00713",612858.135556201,280421.645629662,367836.246151554,281081.437491025,297657.243751492,233120.590029141,548472.279338453,379203.895130939,197910.075712902,107332.411057338,114534.006242202,239569.53875481,152197.195958393,556949.848629721,290836.403739783,208596.674616678,360402.119541449,299524.972775739,374397.796480716,368307.858934365
"P00714",326046.954642985,258312.455801362,422381.596948774,364883.646447113,347323.002038215,416259.385743518,257676.291657796,619957.168718119,523474.452315278,695907.34016013,269583.574336363,563612.910826695,509996.880971855,409705.62763303,350671.625685658,373909.941899994,442374.941319564,271214.424810463,390830.934459467,556514.071787346
"P00715",165727.203383655,129663.876708019,88829.0269760289,289546.858920477,222340.360053108,161184.542640866,197956.185962402,201130.169894145,296209.302411198,346918.063486968,353248.925014831,261283.399423443,146369.430328962,64900.1445488074,248268.488490055,113859.176348722,100268.207743478,203989.629904863,253105.247105551,226103.641397224
"P00716",324385.320165818,610875.228776633,343725.380217743,220565.988609595,294487.777034964,987820.881946643,387004.871244593,328586.925410688,553715.731988615,691729.403344619,416562.699961782,282159.813852079,371206.741174732,449982.233112514,329870.614244507,286667.091422207,179729.973501845,308490.982495451,264623.393453913,346189.754598871
"P00717",168677.112933384,352959.970432159,1370113.79782565,1185563.42293988,1161179.83207694,990837.856997507,1052082.74758561,733910.148435568,518591.502209353,371777.018262634,628942.91787834,625989.35424107,770173.672645109,443384.349001473,543132.635089055,790985.234129825,1457279.66556103,898839.21487549,708558.804196993,1051254.85901843
"P00718",242880.843728891,43598.3252411905,203576.809488627,284382.324312502,393402.374109382,109283.246294094,343085.465337673,131574.137463895,172614.772127899,139578.931000162,230242.839483164,202431.470188507,195522.446395111,106672.934269752,107855.818487021,249991.385325829,235750.373835547,265301.499930338,124684.931450529,180174.406738734
"P00719",986889.083437513,2083410.69652957,867820.051425951,267899.066067359,2622084.08911625,1416436.5520237,1357747.76868567,729950.077100317,1425265.19819798,2438891.31243443,2308977.49853491,1894115.78943703,864411.385187848,2663306.25362707,635661.462137454,2616903.89793272,2253596.19776732,1637591.43830061,1044822.09815734,1410758.93768604
"P00720",264010.616647417,124612.217230704,767918.533341995,555998.078834917,504669.132863606,451291.412180907,573880.936290237,216321.159613793,242141.15751218,96107.2027760278,480833.447336363,242426.430837085,280394.42722954,87573.1613477697,315607.60418156,184076.360259773,388451.337980863,212450.424611276,416480.786040921,603973.784443419
"P00721",727184.066402975,182323.581686656,961358.049661624,908507.087120018,556514.80014812,488181.833813394,715092.757366296,606287.536662924,1099776.33811975,703955.865131727,793212.818182996,146146.506482027,951062.538585226,363970.14125346,408726.774454343,151367.635733562,2607563.72323969,480584.92486473,617796.535886797,1384256.85316747
"P00722",89035.32800024,116792.857447988,83310.6864413971,155189.296601005,218515.004490316,69555.7494540277,176271.448177275,134863.512778623,99869.0474948581,175330.727318305,109224.453396771,60493.4710629733,64500.0300707041,118770.1483038,65770.4868930725,104215.882442545,176229.51515142,69117.5380802294,158792.297931525,112965.330675858
"P00723",424117.224331331,247004.517372796,316408.001406706,645637.896776019,432215.649706754,314107.538659955,332097.533178095,274455.194493136,354214.161490969,488103.916777272,683081.772905705,279028.124091719,427742.472286862,502762.957755932,504256.9387819,189342.086194995,206042.799648634,336780.58540137,298534.701685459,538640.976493503
"P00724",1127071.80638666,542945.315546174,823593.149414279,1083287.25308908,775189.372807184,778499.611995678,850434.090990944,652045.315070201,677233.163378105,756387.924292307,1052757.8744537,1218132.77727667,679562.217709364,375198.801364406,1010512.30715994,498610.933954004,1368039.75280569,515462.006781618,659632.494422543,665794.670345252
"P00725",206695.70106919,156992.82476129,96497.9407494346,121654.308613112,162726.501770346,124103.777314971,134313.561274681,103781.722863621,139309.390940795,209155.757562396,154385.372877835,162121.769031785,189962.455714842,213691.052400882,136480.22803722,205174.554769463,175112.81675314,145348.984627759,102247.075211776,190043.232280582
"P00726",401406.394899875,93115.8445507687,78021.0423932371,330238.626994759,255906.886451498,249741.721109739,173118.823952336,356000.771748795,250794.407550051,289178.733774783,172857.945213636,193127.989787565,219395.939059761,191983.886065916,163451.010798722,113846.288923418,213300.599217012,207942.816688945,189247.416394055,233648.552046012
"P00727",768662.533211147,159957.021193397,347305.750714212,805834.942451603,271130.640758739,415078.916280994,621480.067155809,298242.498471721,412289.753779147,245571.924857235,503328.133385001,122541.514487336,412282.294365559,425395.760091447,578754.123089094,480011.756912827,621458.570223652,185008.785553748,395931.400104808,280379.385214862
"P00728",533518.461050389,107418.273141612,1739376.22163288,534345.414624696,285822.509893149,285329.521234571,332233.825339274,524157.050215199,219722.220769156,190740.628553426,453604.64465482,128471.398129328,760849.106168492,616045.011745423,263734.204626668,207576.281997566,978254.593208754,597377.277506803,630617.33169731,395024.453992592
"P00729",365046.461322055,277454.732304057,611678.348860243,639108.397201819,163757.47690903,232699.306817759,345186.574569452,145914.080843909,162768.619263452,268361.822177656,217532.032668278,144656.683048193,206832.05429939,98318.5594040144,153852.798319276,166303.87986407,199206.381124693,379068.919737469,95367.3880028144,400101.565763937
"P00730",5905386.96388621,6459009.30782969,16405906.595771,4095876.20828685,10128471.3454275,6796989.56460877,3744542.04854888,15776842.8398505,18737516.103572,10294362.3262755,1921498.32955423,2744568.83210607,1278087.8629497,2908094.34700009,2245376.96590904,1510540.52291231,2897917.21390168,3592452.44337554,1169554.56998897,2507865.97531052
"P00731",307537.732969841,244939.790734576,349482.986233439,652480.242727317,403938.435589911,232833.943377137,502661.343813113,456503.170815004,324830.633902435,464998.592537674,785670.181650723,269518.826477052,995621.440826582,538211.299751955,198991.419345353,147684.863614792,393674.909327308,310930.194476945,277570.658153647,455390.286357881
"P00732",93765.0175452338,185835.208747094,260081.192891591,126300.756761428,70416.7755409107,131456.62125581,337492.369566471,242183.763035511,188287.298943533,148206.049373653,237216.577750682,216960.984901588,57649.6806017822,175301.475858218,224285.264853022,211799.888670867,172800.697114994,267658.028934431,238001.421175412,327405.384775984
"P00733",225920.416985125,194958.804824777,281829.56443074,385565.351337468,267657.507789154,486879.824018276,304071.613492584,213980.297555568,316030.845354669,146335.255826867,346584.828161882,133588.259563206,168510.160333173,294516.558353043,301113.505452741,216407.026160016,529689.002657851,289062.280402798,300526.379655565,252302.608596715
"P00734",220447.460880269,102296.421884277,284382.047198353,224811.345502483,146619.496228229,170533.155218798,182695.355905387,171237.961319861,137662.526747859,142865.513066977,107202.875119728,83908.5684709084,88180.9798451628,188148.981424138,163998.542951783,82725.9058629549,423116.034249034,117207.905274824,117926.592969404,136401.884998228
"P00735",221263.969251977,182961.609704534,341744.740099465,184560.059199183,266099.260373482,201186.88707994,474900.131832923,269899.483178052,331083.888212927,179882.240310594,216873.710363675,365388.239551794,269662.787715123,136886.895750173,238688.510025966,294628.391029212,161386.725457102,108936.6560747,107676.880305566,165993.296931713
"P00736",149729.395251247,226988.654213145,426987.765189342,143683.412860775,178687.370047483,491082.828747299,300069.439994902,235435.871728305,220977.300984369,591629.746675081,373279.73460121,421096.70424871,203868.154853503,204700.096791799,510436.33595261,491569.419566811,320129.1860464,186589.96324574,224314.992720439,168987.055757507
"P00737",214385.513653262,75508.3408453839,407519.469899837,280959.908265905,121137.853159463,90092.8718626775,203059.939275594,121559.715723538,84944.4630204444,241817.201323994,91878.6914509175,102876.157208764,154001.628239165,88824.3819708799,154188.442541942,50762.9231348797,360188.079164906,208016.72111492,322429.329020101,343125.718862184
"P00738",195737.307943489,145762.347448909,412713.138413899,265130.097797586,186166.437502305,91524.4011763358,243959.191374982,195764.985502671,358303.900370403,161736.493521628,370572.225200567,330500.416099443,170453.956502641,301857.620330035,445673.787157637,402468.718337493,384946.840302456,222413.54104442,237900.926287535,244667.915235877
"P00739",185763.661976267,95766.1278383697,121570.807892559,154689.113568414,171890.486461396,252079.558485087,148568.437728774,103241.480112219,234452.165352151,240806.111291503,146615.396248795,211012.494881744,399028.256100737,191525.20283723,271976.23900942,136026.425752826,288327.02035156,262924.538146622,269694.047128577,177518.754876597
"P00740",326267.137337993,450009.346379318,189288.735493083,349899.155545791,517723.566990192,317507.885472912,187996.710635071,1012534.70452275,671472.362118843,396364.971443431,1109989.90065377,1467499.89646013,1992038.14051656,1417188.07263483,1250555.24781197,642747.689765437,1347602.1218089,640593.245105941,839312.805779179,999698.456032474
"P00741",123732.904292791,528429.120463341,191864.635034031,79765.1616924469,357580.349290442,243108.322102998,98409.3503783956,666113.223110506,333431.701068268,180454.862727055,515019.017253411,1325753.20795475,931245.89873584,676499.559925402,1109777.27364488,738120.99906307,474402.896281702,1074057.04218223,283453.695994426,849589.786801857
"P00742",358768.531804705,264353.703973461,168150.612107748,204962.323154073,169596.690843939,144777.313917458,169804.926461282,490474.497894068,206835.926574331,257355.881534559,432377.457525657,122901.957955811,240538.790523191,134032.085543453,98384.6127505291,116690.517038554,402330.773685335,130022.515464109,232251.727928278,244108.897929968
"P00743",378244.509587988,807867.650105884,419619.903609565,262489.651105735,457485.204059304,337876.591233837,281220.810141996,230493.901098945,130273.827325797,352176.102244659,427287.456737344,254051.764524295,261222.461431774,422318.936274155,354673.074524262,609349.157133656,841703.301654717,539424.084060472,399746.779424422,524305.697213341
"P00744",424617.721917046,430411.381003816,682801.536887247,516371.18280041,850133.963177876,589476.453132047,289313.357443964,319696.875703649,427728.992762518,403012.427111685,471572.179350119,903916.060316478,740787.156453979,411210.113345622,362784.760498202,535626.554455152,610271.853284761,561429.036575246,698024.443126193,709155.599497857
"P00745",509868.710999922,351220.17294472,543933.452677229,820139.459107033,705705.371961596,670063.004566086,1639849.06752349,454407.241974081,488882.065994741,339182.379798352,422115.432012986,298395.868649874,905402.406112383,335592.164957545,262164.310456441,104605.366373269,419040.943389192,596092.546630896,1496749.4485527,460131.118777616
"P00746",82781.7227508333,167493.989801951,247825.003615307,212774.78167977,311276.455868644,278584.72385899,161441.582356908,333594.036181371,103403.273221614,292985.282728697,270482.275663134,252169.08899628,173909.790533506,95410.9597754799,157800.471622222,129029.128096881,131254.586285673,284653.476958653,91051.2719195575,241197.802666089
"P00747",118016.195652378,159343.77972091,116464.898307291,118025.621571798,192094.835319322,155415.085973666,60952.5203513487,43004.4433265602,83564.369436398,177100.649703708,94292.0431887125,360171.462189589,182147.583212658,156904.884169651,146025.794577355,227726.528571568,135988.282958067,131790.606450086,123177.119247735,91477.3793201428
"P00748",51881.446765334,229832.005502453,145242.864237585,93103.6213156103,256653.118255342,63070.3261315203,88869.4321050202,135021.802936566,227222.590820841,246243.23531887,78594.2000950138,171563.662812425,297789.413919204,168847.336398253,164175.496434326,189873.570511227,126603.650652829,115303.899537568,218996.432338983,139984.131803538
"P00749",373198.025291648,626858.0103834,1067935.01109317,269104.623920876,654030.448171151,973056.06298838,564353.235973603,458471.489227844,707134.538680197,763776.981173939,370121.479449069,1077791.92010075,1147762.01031955,743798.348251757,772746.478232059,756617.042167102,404858.63761725,552316.622181683,313892.173368827,404314.670951787
"P00750",31969.2783860712,138513.035730369,94891.7251223485,84944.2827291241,96057.4700626673,164272.161642251,71921.2404256182,113760.78092264,180642.307850567,342604.041891881,93534.8879714207,289424.236381671,48094.2375053199,85044.0070748864,131883.896320713,108501.510173663,103725.472737339,191818.876498418,93126.9010942415,147120.948539392
"P00751",805760.953906604,842230.727040206,1897428.50592245,925498.916042209,860993.614627852,894223.869212248,818728.168043478,1497170.80698684,1136769.85566853,1691455.96863703,1041750.99207848,1201401.16205915,1692238.2967537,1072214.94512511,1005880.61617069,1599951.33473171,1527503.652077,1655768.77029451,1385488.70921936,1322251.10304591
"P00752",367249.426878088,718923.166901683,241544.463364345,235894.45853625,609909.603841932,475085.914760522,227682.650323408,297324.176441669,254913.12803855,332835.208322113,304225.898299908,583722.61815363,620277.027885729,233772.848993319,872845.878544191,783536.969374209,435033.756442266,343083.612056327,227967.490674292,231822.257311701
"P00753",514056.671583958,419946.039750295,469239.620063892,651100.356760135,329470.3770788,304686.942163218,831980.870679156,290798.247601497,298058.483212605,510001.914675375,461662.182942399,261405.11594974,1056983.18711565,284365.180793213,289897.089841824,252044.095437316,260780.704460529,230194.70643142,292232.443103431,517072.661958405
"P00754",42000.5978800351,128303.583203954,85837.348505385,250430.562503032,243335.286229404,79728.7378771288,95082.9423386809,167231.052728433,78963.9325258006,290391.60316018,71700.9926650676,191555.248417336,129070.377317531,108544.676599839,369833.593626226,201562.881774183,46800.015314071,87925.2351603058,104837.171543401,145438.66277478
"P00755",522111.476627447,313318.042753392,225451.530120647,137568.021680662,129245.81627578,130337.654876008,237651.257205905,271447.445174216,146395.126620151,105010.091333644,214920.467627309,254336.406943738,245811.565378942,188514.894514605,229507.840506426,133517.916415446,318850.473684686,211019.206181909,134562.268676047,232884.054136972
"P00756",236247.445817771,102422.544897334,278950.389864467,161836.652604379,80202.096519181,165051.53764505,173827.097968738,152453.76782901,93585.7967241015,130385.542773187,354953.013449565,145532.443705269,79625.6676601716,74478.8141773954,62825.6476802957,51679.8115811395,213606.996283752,238388.33419841,89508.5446915471,189030.893063884
"P00757",204509.238280627,25762.0834738645,142763.923061251,231675.830344049,156571.761514104,74709.2332507055,250042.137290185,216738.398135867,205852.360316222,227603.759549413,201926.456654417,69873.7360987683,255903.289231459,184391.144346193,88675.6835935957,58490.8346795409,225724.03488295,185273.396495728,151029.768814119,184310.265153138
"P00758",60880.0730732573,82074.256456655,113419.691021987,200262.97437663,157977.443475835,36791.10030257,70937.1131134249,145688.874962685,166411.84019737,121546.374139037,53986.2541942218,37550.6434105569,47523.050953196,117631.553811407,78110.6925838243,47096.4431240384,43700.6114671212,37482.8254435428,99757.5790679054,72686.5000983782
"P00759",20801.1732778817,14046.1772260687,33547.11588772,28287.0639814678,21370.6351379968,20087.9431276562,24719.8123693753,30335.1445439861,18583.0916904514,7097.31879301391,67184.5514852755,32665.576547725,81636.3254591906,24669.3617150115,24687.4649049347,47727.6331369792,60620.3106070483,26007.9231383313,55001.926270338,57658.6191431318
"P00760",73945.6812518671,63196.3441748499,47272.5595147592,338637.112746358,68701.9370965716,74193.4765760339,50935.1611105349,33321.1569521956,148455.52095991,58797.5348263468,175205.670308696,59729.1382277531,37552.3560634017,56671.3643866456,30791.7820536988,39200.6658395822,167669.220608478,98940.3523998324,120107.829343713,129747.440354266
"P00761",510103.191308361,380524.354469251,447024.521810982,223630.850321392,212499.425928008,519531.008465376,363562.590243919,339090.295803689,520604.900604397,325320.729421424,415839.077502667,1134804.71291078,315692.506930509,1169717.25700407,531399.329851924,403426.064624191,260952.4987971,296171.325995216,561798.5627941,497321.593477941
"P00762",529334.107611529,1015451.11688139,736112.722930402,1004114.79999198,443491.743826088,1995386.07224571,525816.411096061,466763.329670905,1131465.62844153,963308.533650843,521931.520967839,453006.471285178,582087.164539896,712521.552613163,805957.309496647,1071381.04103361,521592.708989888,547031.096048143,900219.390501147,571432.649805479
"P00763",61707.1286227926,123872.299423277,247435.123638899,316430.34384794,123089.107857139,117138.395373598,143587.969078933,113645.453539569,143537.296394391,198805.858051954,178771.379907673,48572.5222355132,82412.1863049785,85296.1936712615,144404.667693098,112272.434006641,152868.730135168,134712.739750357,265529.916582826,113398.92775109
"P00764",312879.394638343,82727.2055669161,388114.263712126,385128.393066693,123325.382443912,361891.081780055,289850.923460525,222256.847040753,183286.084724618,116160.647918341,297823.767974771,139884.981695322,227164.919767093,158452.771361482,360862.949772007,124878.903511719,401124.459494467,133308.72845251,495278.645139285,308136.942923963
"P00765",836936.736396202,1475014.75312095,534346.988113338,889204.395979962,994939.940836787,1363383.31978228,1438803.68573154,645323.192899143,977902.408815824,1318513.44364978,489079.933519531,1458780.14351046,1009067.87546391,693396.381090543,1324191.71076365,1918827.1201518,321754.774581006,852354.111479612,799157.629829367,1193412.63955333
"P00766",250602.189247811,275925.456749476,232229.690098561,136814.054457667,216138.346234847,258419.51212786,216986.918490896,271986.817559324,158934.883435517,308839.581063156,217580.046889493,356685.640495269,393105.145008511,308178.180296692,206775.566026954,517638.667295603,112177.571062609,148849.687576916,317258.90577868,153872.287280381
"P00767",105725.415104772,207911.073537534,86364.027409011,161497.187361415,128870.433123408,347012.036990716,138233.981967166,187893.503619095,221785.42660766,218002.563840336,171397.35478417,253312.535232121,113150.488414555,177028.086182138,249470.363206654,384635.667412056,224289.698738397,109929.884329212,164129.36439941,164014.897879186
"P00768",127815.822750107,65088.5625904952,203942.693024521,160330.706303951,193881.910257637,102792.351363042,66849.5825352692,143038.563816376,93460.653980638,170390.317869854,105876.084394368,64521.9400636214,129060.611905548,103417.697812927,81225.2896355061,65287.9180516109,81583.4001510962,219817.421891292,108877.527234729,93331.8075305476
"P00769",64297.2452522331,96652.5007384171,291629.371102891,240932.10440001,123811.522790423,132547.47844849,117570.494301077,97606.5305824234,115713.485958704,128582.413545626,180525.709099443,81425.7200173435,169702.779935103,57014.3984152282,163743.314262709,34279.0913818541,214659.304801862,68469.8369847008,253041.769310602,143541.231612691
"P00770",799668.545784399,1499573.41500825,2520058.99571877,649821.823301506,707809.491488486,1466401.76111619,1503158.78093411,720726.126507568,639653.114554305,1065515.73139817,1073075.16000427,792212.138733227,2049034.21003538,1391292.90658479,558089.824092751,1522982.41276575,1862325.56371719,994578.337718068,484039.003650915,1007617.56308081
"P00771",1246130.08943362,2460439.51330788,684141.077598763,1112198.4981589,1256910.19273243,867059.130470809,524438.858730822,775673.650342094,1583150.02928457,1438005.73020029,1357539.72105974,3743387.8469106,756043.665721677,823566.307461385,802569.053616176,2213304.45158877,982481.324266995,1232270.96923253,857578.836312976,1169479.18622529
"P00772",117325.477523673,89852.8833849575,152301.379196765,224677.331374776,117186.273431589,100786.344319097,249974.219696019,95775.5925126358,61476.9592453323,93983.1963192947,287835.035578649,90372.5459136451,150594.172176456,117228.792844414,100990.686311523,55865.5103546001,275529.996689813,139599.315111744,157645.393354159,79545.9733419395
"P00773",299697.363663649,654608.257225267,209288.62945285,352861.02045793,316345.782887375,464103.988326761,311227.122119016,283650.891064424,451138.886477871,367831.258557739,129758.517968171,269924.815988256,581128.849640203,440051.997333581,314174.83908587,810838.356915708,255826.901219666,325405.637910308,437202.36383485,257095.286575441
"P00774",142446.427879101,59318.569037322,60392.6945837075,92526.2839952767,107411.507145146,71410.3461507457,96265.2178841035,110646.030049662,116573.549043872,74948.6100719575,63978.3824523682,70128.929636564,102081.884077697,67226.0785960166,101891.438677141,105311.787506987,74275.8753539998,90572.4750121408,82670.1660815155,184353.802930307
"P00775",352130.759542644,342352.346267133,366419.544260371,371246.261169192,271906.594722741,216540.577605749,331449.85786386,261119.07437639,355824.641301388,156190.274306718,306724.598158154,414479.532287868,199780.207677928,483375.109100519,207448.904448319,281245.030299807,279333.857451278,409558.685017434,330785.055829706,250118.935596832
"P00776",838019.74044333,147651.649026349,1300231.21361752,568655.94112425,482338.26049442,860842.418558414,315971.319913221,307020.695381832,349782.122588626,441907.589224113,692385.691264606,342427.130552759,270975.724094532,620974.788146162,387246.444120569,249780.428167961,839934.871444247,589625.722288892,510513.63124154,368754.075495802
"P00777",235460.683630247,141081.369335617,134305.211534747,244080.00084726,182949.591815728,319353.105501962,185828.328649674,166165.954247266,200815.262866698,433120.600262511,354194.772065278,219181.868541382,207848.37784244,254759.140286956,421083.799667154,206095.208972398,370184.122878423,233140.951688593,323102.565648052,199581.387961159
"P00778",109137.005917199,218993.186971053,137136.050140789,325435.893813722,145788.227837985,73445.3219562142,106349.218380352,317686.512689329,248598.971498007,172027.689752985,251703.179625357,123950.550363947,268647.709462606,132676.366936031,180757.124690107,212936.716545929,148659.31524387,119466.984530916,269034.201038034,123020.579120419
"P00779",13300.0734621796,21384.8052292222,10151.450324781,20121.3429245929,10041.501411813,23973.1881306651,18079.0114935399,10526.732672539,20420.4563618241,7193.10334434281,239127.754187107,128536.551052377,36081.1784534455,125700.947086633,101271.831880381,77041.9097458585,78568.3595985413,233774.040575822,52406.7532689065,203887.366739929
"P00780",868602.896435698,1073187.69177911,689124.275284528,254351.985481955,363068.222086503,704200.177720237,239721.008546585,712340.399256929,825803.36092154,951378.497560324,610305.326217661,1132373.74269674,330158.061462376,802622.860511366,348057.701234672,1453096.33265495,389609.318192753,658167.872846648,1116994.68021775,738420.530031933
"P00781",433329.700511393,508489.909288151,274143.553360347,156397.210293955,725542.714033456,411048.811229502,415549.27534237,281672.290121464,240306.623523164,292366.6079903,237700.951924776,924083.450549404,442022.217258933,485663.498996854,363976.401948074,1377324.96250293,322773.54132828,265829.511063235,477990.158415058,376084.16836937
"P00782",51151.6575486393,217611.854845309,117606.793993622,125128.386452291,75748.2705430574,61370.0114991186,139443.118805756,143685.697085127,135994.507122473,192792.520425087,209499.415162848,144469.671729027,143571.723704713,208092.606962663,183831.014886308,332984.594433172,46382.3765449776,95166.2903179793,155324.057644636,125070.512265309
"P00783",380446.131889424,294629.472865675,354263.484042984,475626.784195888,241986.87789233,442857.701617935,377620.087126161,411093.507653147,212217.071332155,366758.96917477,639293.535578722,288943.474820891,992338.02232772,272809.790363924,295780.164731015,129112.56404768,574248.052585058,421870.223936655,324437.091701953,426465.874807969
"P00784",68774.008278374,94542.290744368,97453.9169629933,89125.6357912453,103962.164861519,73689.1155584426,112456.440817856,108496.21393511,65015.0800813828,104289.234073917,135827.781462755,145518.215335311,80739.9083745195,48089.9263306999,129962.108790162,64799.5798829367,121778.277301118,46750.4808371465,93399.2194021468,136186.204357272
"P00785",338944.829568463,1166415.7880271,867178.1998491,532532.071616669,517381.55535453,590185.893824785,414074.037312707,597235.832631012,726075.485505017,1541547.50121492,468428.168437702,1442283.60835122,630005.469726557,963561.913080549,645443.123063976,1095374.81903326,230985.958669537,1122253.01511072,957613.180870416,473028.745789355
"P00786",332337.400513979,590365.749896505,427382.631486962,170187.421582577,314213.877748355,406998.778193974,684349.508574746,423129.796797824,508354.81620761,194936.125118395,484635.361836724,213639.244999745,308703.963118497,492372.125246601,624426.089108714,1033827.18132589,238178.308203767,266709.045473008,326014.910397781,654438.675510591
"P00787",155977.096915709,175938.597411439,195802.859673689,230447.823478921,148938.43005212,248193.651811891,142486.369341732,195489.077459309,233536.99560613,198277.789558455,242452.202179011,281449.186251375,116513.417795942,198519.762481484,149304.267081904,138665.69006758,122491.83871032,204443.11699372,165649.822357956,229568.276353487
"P00788",405084.556093999,260601.63065107,201582.036670409,60341.8193032476,356122.042544234,226975.146444776,168312.620412583,180072.662834683,209856.2126578,122894.490898233,139492.307601806,410833.027385305,284895.434155577,219582.29950355,489304.166983128,508070.346247172,117538.045584807,173534.697419712,222549.504123611,100267.676953598
"P00789",1331851.89624417,1626533.04783405,919829.841440226,767454.641455282,848458.559873877,1063284.1260363,790012.410234735,716492.258886436,1163722.98322971,3306918.08875771,442391.439471919,2923868.46381588,2192488.41620735,2315438.75565513,863657.451787759,2712483.27699901,1206946.35576853,819202.815991775,1895034.51267353,1268988.19346297
"P00790",176239.380060199,238491.439399794,252602.457993394,174472.082085733,271191.332316462,298110.327117563,318388.292912997,197875.378740705,209239.855245156,147486.5911889,341960.998025362,237505.802383095,667188.113133863,213213.84232584,136437.383294231,174381.011568125,259326.818137153,312238.006399065,350166.389989195,279699.875588482
"P00791",212288.630393729,1634716.75726034,171741.200634571,303320.714418103,349618.572927595,495140.206608557,344977.931416394,358222.657824798,718276.434755256,614263.80596205,417505.607544605,729210.401652258,493764.537639714,1416874.51357503,734657.67611618,1741448.54349762,304484.919404294,415617.168568073,448295.362473196,401106.204874547
"P00792",350822.67717093,90980.8445704693,99847.9385090101,178786.839860171,161758.593579395,363448.684177209,245961.086032797,237812.219120085,108157.474357135,165714.316520133,69700.0754888983,23328.6611168234,55419.4453256682,38148.9017913898,29147.2965266296,77056.3024111058,127318.01967741,69475.0683449419,95107.0277236107,35646.7624251992
"P00793",327858.93176516,474216.701667089,280002.721345971,330298.306505159,291328.150459965,523517.805904478,469635.168052161,402490.072204209,660203.489272493,364626.143123885,263333.758824728,277675.8696089,567933.171452012,249755.10563818,172241.296519665,215778.680753808,526135.971222723,413377.140557704,140012.386774342,447834.244982058
"P00794",396988.337016177,547359.296525897,696636.234203549,571418.992881168,566350.358279439,637303.212570552,381506.673105554,611918.465978535,396436.516279623,271752.863843877,182717.075862855,285350.330521586,255096.89802213,521300.355257205,409020.534277666,468973.582419863,261088.819309776,244721.67856287,236081.6860507,619231.041292634
"P00795",318477.747337049,433855.584995874,416178.682675345,171135.411642556,542291.335255419,362361.651257165,307590.91296549,471164.580765372,276691.286426,414710.672806816,259550.033349492,825328.92474225,165505.059863983,321985.036664878,682169.392681881,426412.259370383,152171.346386283,234351.906678771,572670.24477201,330331.382129469
"P00796",426271.419956763,319957.823295156,261282.202578367,251782.218271944,255245.029595782,206566.790153334,128782.798265227,273447.733839035,483177.415358649,185128.514375257,204776.473200071,236363.674089779,545347.223348693,190434.163085858,332825.462284073,276306.964984378,293898.567232534,486028.730356092,113796.227952334,495046.179291107
"P00797",656337.30479319,158067.934510652,230921.25752906,1059425.01007372,354559.427795061,323135.254181869,485710.243487559,1013517.0262234,258743.17050311,475828.670027615,512056.753365295,254052.534097692,473097.711593477,106162.007197809,183274.785313695,341497.02304825,383888.653884339,242625.099116826,188839.759241492,334296.679120549
"P00798",302565.189351405,1156030.84018294,624693.152890234,199892.553950409,417085.775550949,288313.091995189,674761.578473803,639547.154984773,282985.825163177,459163.977603366,206588.533028555,537065.959768024,366598.199934757,675855.626807959,740191.745748777,598973.009073203,371614.192940162,358453.0840348,355791.576733444,389765.259289208
"P00799",565243.367283574,634237.105224206,467883.914689026,473475.689708,296034.097323391,657026.945338376,908387.367227665,1263947.4357959,639741.622914659,868393.229758672,734608.476361402,1046781.76361025,230812.714230174,650774.894740638,368433.630595859,384806.204794276,573393.571894451,460418.051527173,411557.480630208,1034134.85405787
"P00800",5564139.57089991,2218778.02036282,2944299.53856871,3906790.89537879,3247270.57258941,4191029.23562137,2630057.28780858,3642310.90553117,2796517.42131833,4899700.21942418,5457908.67290292,4013109.53321935,2491857.27889892,3660184.54656936,1986900.8021077,4529823.88501939,3718118.45250302,2599617.22101437,6834541.77923608,5156199.10982974
"P00801",310193.810419594,749101.763571146,331130.686754285,279529.947311953,485390.595307379,227964.094885597,661395.967688858,246712.110397649,567231.509310168,328790.152498937,407687.935579872,1046350.7500817,543796.488123927,493310.374032788,484228.021972747,676332.170227521,348641.404707209,341362.286051555,380879.329626016,331847.190773403
"P00802",136574.741952819,96475.7859932097,92480.7551160623,136359.794365855,170153.597796024,137851.960622546,89460.800341885,134724.083249031,170755.241121305,160944.875858453,128244.138685054,121652.650386516,169699.368711386,103642.86863921,149395.519597362,150423.283154588,232585.619838573,41474.2688498291,75480.4462678765,171147.961666255
"P00803",204277.782958252,389404.997874058,307020.067199394,422861.789602154,369112.054876652,477514.264644328,186001.445463354,481868.586622207,357090.479591237,264676.621210704,254829.970123587,221920.966528302,460823.799089729,535264.823057213,255668.287821175,599118.132120464,316700.92713246,415711.849787776,252923.059735568,310402.638793087
"P00804",932682.236043756,851415.584843926,814653.922441851,447758.458691317,1235072.79765488,815765.964651958,567825.870695036,339547.52286296,840902.601296801,682287.751739076,1029203.64895841,1699581.74003645,1198475.93533357,1105377.21808647,856604.164128584,1019119.62447871,492503.528332935,1163607.56906412,641874.594396972,799205.20395527
"P00805",63449.5103285962,40162.7148964216,79876.5686704753,116274.100047101,42746.4654923201,71779.1759006354,67606.396145548,58934.3145862068,69040.1129680883,27833.2673357984,51798.4362240586,68825.1306205875,36877.526150682,37686.8254243179,64403.1379101822,65962.7080101927,38918.0315188647,29734.7009837572,94382.4065433518,55239.1678764955
"P00806",836335.096716581,441347.089116035,1809406.37653384,1154224.81936433,641880.98676699,1691710.41327117,2286271.47000089,874199.191615895,1408695.94385741,1302558.4619804,2340311.6579652,893348.498988398,664361.07952094,2523176.66658986,1270611.91072892,983683.457328193,767020.013918683,1181238.76290622,632753.211925461,1358420.14959682
"P00807",14837.4615153081,27167.5686620413,58528.8028294694,14417.6589861833,20270.949767164,46819.2615819593,19585.9194834213,61679.8951601887,45970.5864882482,31178.9950763895,129172.434540852,189138.374892015,365605.883296925,210650.301123023,73815.7112605482,127041.219178935,143264.730443096,234764.104211662,216602.691293895,435205.470983809
"P00808",69360.3008991813,155456.605509857,64063.5519981822,190090.086452828,193539.658922224,250116.924829455,108759.531304716,127016.355517436,85192.1152271426,124092.605487621,73596.1151744668,170453.448530788,97669.1099312337,159006.253450681,85701.6720047685,296059.792599415,36578.4917239902,80525.8833561304,95254.1713418267,129870.056546494
"P00809",401478.341324336,347832.09673012,356227.956470528,666068.857403196,567063.36813592,488294.214220459,714930.944680124,395851.202329949,467439.115158252,314719.193969753,542929.030386527,530610.420392685,467511.074060922,360611.171815475,632647.337563473,216320.10840051,1317914.86543955,832359.190430571,1062149.56333373,314841.944176718
"P00810",128294.399397678,166170.85797718,94202.2578234965,137034.441350073,109451.654354882,104962.985068127,101862.739052004,139040.367929998,76951.2960077364,87436.8066262838,179972.368909707,127960.484416675,153358.852657384,88023.1838287974,64927.5049318865,116155.831793556,177819.088036058,68949.0774076853,177025.162616744,61923.7165297492
"P00811",285463.961223278,334466.155058712,450366.500773212,769966.73315033,499240.177492956,375829.011620647,269827.997975355,383849.525569666,296347.269882762,437266.947235768,371059.241625503,140204.304585625,543839.821072786,389127.060269232,215993.482196232,318263.699542191,535273.79588999,603449.010227629,271657.451086902,346210.838254787
"P00812",344239.744164825,382036.110280906,259676.417900043,322410.618771251,409353.688783102,532248.80419261,619012.117698797,950430.78429052,147131.16092365,336288.336287955,234540.096329658,761015.903071155,784195.714615773,408614.552626065,760704.380667405,386323.973069449,486981.142285352,427355.961590799,224466.832469659,234272.449741799
"P00813",1134506.30221791,621385.224255541,370840.122806895,212104.729332484,412792.42902223,424932.204390657,322707.446045468,624124.431115528,287557.840540776,332923.703445666,668728.782681863,888587.356441551,493977.063143227,342599.137860834,697127.339393092,569996.284898941,263974.042729116,635762.503020571,882964.156183255,220636.881996171
"P00814",358118.205400434,408643.303680874,174241.250538669,207151.734833956,369678.382922475,256895.748408141,184137.101547638,241299.363355124,249955.777889381,348280.107043145,136861.361154622,215660.652196374,399752.124404197,332179.913556622,208722.562895612,448713.434007588,199749.466847925,522743.13979847,153596.746162876,151129.749438752
"P00815",419560.739987568,171458.24818234,189749.891739793,805252.619204171,175892.218428153,142689.837941734,621537.254423511,276643.031330671,178067.344649622,354366.214480859,690281.444585544,102943.236300618,329355.023717549,279344.606148943,209055.861428897,101079.682485812,737054.258305772,320812.791807621,336591.923028346,542376.189565102
"P00816",1771691.58649888,885512.466246446,1609084.68448048,1851297.60210226,915104.063763961,1291228.5231842,1391591.01393047,1984464.39193313,2653299.50477312,1615530.63913121,1104405.97148306,1941336.12431848,511581.868282954,1753840.27580378,1095261.23379418,2656475.89510722,2725115.52798297,1892834.60742901,1464855.42509974,1478739.39825791
"P00817",141737.778378739,136342.737210869,209933.484859824,405795.438994502,145606.56080942,302871.087887713,345716.813898657,234982.62509993,335664.702680417,284041.095402519,258209.781003073,149862.67298558,261100.71749836,210122.22890049,282300.780481907,285060.126945677,327764.473385584,237372.810165116,399996.930891258,389788.892439963
"P00818",469805.480601454,625979.496916043,620201.975826437,247333.533659935,347469.655091112,567753.470033488,723010.531420577,218435.76927105,797089.539248925,361706.683203405,29988.0223620853,27971.3063403076,39392.5876110662,21822.0153393194,52186.287849582,43642.2668461258,48399.2289534413,66062.2700660914,77324.3386800955,34780.40972876
"P00819",1059180.33554579,328774.748978394,434125.04778146,506782.125861831,627176.360686339,504675.763656477,327042.060618675,567632.894386405,632219.01443344,508438.872881014,770059.524730549,393422.480471292,367563.059314899,813647.483984838,384635.876881885,532166.422080516,730019.108328914,376089.994123564,286338.940519412,305906.375031791
"P00820",111504.606851341,139175.742963188,178564.079170028,159969.591842843,74157.0625745635,75460.9274283498,51255.8941773848,111405.810566761,229159.792044675,70098.0270181171,210083.981445211,144080.414483764,175693.070745323,149648.666658086,46491.9262264885,33921.5587883237,148526.484074991,179742.551490641,104409.766622721,74226.4517531361
"P00821",586466.39926073,292067.81479661,290275.669422584,214469.035198603,185228.637169222,527800.02748719,396257.888507199,233451.875897828,337837.346171717,205642.082787421,148894.675045435,465336.400744973,329961.102700351,520222.002739588,175767.089259816,212045.101024573,279377.531396387,274855.560549617,168104.041262184,174255.248442106
"P00822",84007.9236027073,114592.26067792,94676.6745946842,67307.173115533,59454.5776556837,35679.6029722552,79546.612195242,154153.942812029,69982.755392116,130538.578777213,84345.2343083003,58697.6782260508,128412.26435997,92903.5882429771,47151.0735668252,140275.733108628,93309.4400894618,46665.9382460105,88029.3898710429,139336.269830583
"P00823",349307.992184801,789467.277522756,191599.425240436,134426.895650643,474144.583694691,185505.716038161,277795.425721438,374001.095919111,494910.2685084,424461.846562008,154492.568122229,440956.839263495,423161.684068223,695298.569061763,441281.9231262,656032.417982293,492615.732389607,380320.390315591,235985.405141449,205100.422196927
"P00824",702822.914592228,502226.707395037,341062.069520461,235361.674784112,913308.857590532,250116.274716664,855734.12808578,717121.526625524,665894.374480746,941930.345352464,325570.623758896,645164.691419266,437699.668742166,463837.734169285,468791.716390872,515665.182877415,721243.806380903,513571.936596071,375599.682110716,393051.00132252
"P00825",353320.834866682,261759.966000399,195929.300977216,225307.510751871,191913.279448053,171771.753235854,408232.430763026,124529.629439727,257176.039088464,198287.17685489,453404.301469557,165393.577393489,329476.420117728,163190.011717132,163796.121734493,113824.551698843,313777.27239279,127055.228673329,336651.597802338,161777.975262359
"P00826",1273629.95079519,549461.637702526,2363891.1421765,2469706.23912119,1107320.20450165,3436492.34466201,1024291.73853596,1002185.06979778,1870292.33450529,918585.616808487,2154125.36013232,651675.608412971,526846.524269647,1171708.29521659,741133.816782216,690436.46073983,2492229.3986516,693490.603037567,983401.119441013,2616820.1184588
"P00827",24237.2581642233,27798.763303006,61096.0303466161,37356.1687597128,42917.3408180171,43620.4020809265,33547.774484638,27713.2513680602,51950.1730414758,31553.6523966632,75264.6554737397,23652.1514627623,28747.4437352308,51554.8310011277,40921.4798310879,18393.5202763981,49837.0108024333,53893.443769749,27649.5362381779,77976.6415266881
"P00828",427499.613326619,501179.143287792,419321.406777201,352916.672588977,204973.711938481,558325.737186393,659880.202227415,550598.338197834,1196207.51943151,640783.652794237,604979.122757259,1213867.49314259,250037.914140276,567742.149982369,964520.209404915,283071.164146877,511310.458162609,583472.233866904,554868.004437326,625671.022995541
"P00829",349931.280004633,301452.453640421,234986.035707315,243901.067039276,243366.000162895,144689.255311724,509084.177408697,225352.447623262,331084.915438958,318055.324241829,406845.008116473,320631.271692116,239219.743718425,256364.676863027,526955.121769327,216829.684479035,324930.340370452,353689.757087203,382608.902926702,222002.867219555
"P00830",43796.225148698,20032.4975007753,31586.1760800512,54767.6258605894,42097.3076011115,84123.2207591383,15793.9555506022,49682.4440991282,24503.1082375004,32769.9301946947,55766.1221440713,18579.1885569757,48892.1122153035,15129.3865066255,33297.995262769,25999.0823815636,28170.2903466444,37192.6074957399,25867.5612622013,31356.3875882891
"P00831",292962.562733195,442828.066650997,149834.390737368,225003.566143697,493712.911919558,277623.187076019,146886.04282389,254181.013717651,252216.336130239,343730.212361875,156640.252118728,582949.598507989,251751.689188777,447994.034675127,293972.989051234,316365.482051593,173926.907784039,200409.076423142,278733.182586959,192279.367099766
"P00832",373223.619545028,87800.1451838113,292354.829282733,196633.637127697,155492.401228483,140809.241791987,220968.398093179,139416.889117583,284401.444525747,111175.600501719,198590.511566056,122929.244899184,250815.313718662,270856.798304676,190732.157773245,127061.519077937,243145.430804001,225063.744504104,286425.206504883,380696.696566785
"P00833",152860.347036661,230815.202242988,230865.080555823,501146.461612667,208395.957193865,511805.950774198,364584.364108399,423323.018575755,256433.599640375,253886.699008044,306736.482369882,229857.41181997,575367.413913743,228904.99306636,212804.807020312,495653.395100755,322001.893824258,205806.282678491,314103.971502922,57566.5071275353
"P00834",68942.3991139564,114056.934298332,84968.0860146616,79360.3419182783,199472.996730254,90883.1952572268,80521.7585429211,155265.961241962,136689.078957391,82026.3856167337,58327.2340103011,215918.828582409,99796.0727077676,102370.015869016,111919.851379946,64488.4716751679,56983.5642748086,101623.158029466,152010.108445196,86203.038333088
"P00835",145548.947799129,40672.0776516198,59703.7309757841,116749.359157,48636.0877435776,69760.7670043548,57075.0373133258,70272.4220679816,126357.459483401,210575.499785758,68326.7359962338,89065.3368561936,118439.639254717,163942.809056217,49625.1934504816,68044.9802793016,94660.5283338974,52106.129822719,70443.9291207294,130904.328194353
"P00836",639164.903009642,662550.849634277,379648.65044629,417744.797592264,356468.177710875,1207599.30799456,329687.831676622,296304.796987578,379504.860986793,1447215.80605536,346723.486513568,719460.652840749,269701.153532747,827989.148149786,806700.616564802,1015364.79142004,235431.487034405,434373.607639504,689941.996332502,461868.401435559
"P00837",281723.222581458,977585.279750832,230230.032167687,207364.100886829,383311.968688348,461479.302970186,361076.362104618,367722.895745148,324152.354246556,416637.984810028,149573.513691758,229735.686361798,505568.873624469,330957.417462777,383290.966299297,402177.359504407,183558.110799517,353314.476102026,365333.556262632,378630.606650953
"P00838",458498.510525777,453180.825542065,444233.19968486,246524.033109812,909719.936211824,493461.390496767,269906.893707186,485116.513476732,435889.052361137,250471.467086806,334821.342230564,328138.008162967,369179.447459258,421223.880505713,478327.404491,332942.657118774,540460.533426248,437256.786880941,498820.233163044,741055.622602353
"P00839",88437.9103439528,151793.174682414,128068.749093445,121373.438442836,155500.244333411,190673.975165403,92512.2140671133,140336.375565183,81439.230510756,131288.397803973,126898.032882594,207373.694090808,182633.713969956,174212.524338058,113803.229595657,344068.119570886,38880.5783496579,134260.013242953,35653.2729337576,143819.571259731
"P00840",368949.054530109,338568.838427966,612290.123751205,846479.100694586,832256.253822613,348480.015718635,626863.205613033,581010.158756957,384852.963434672,375226.502899891,324479.639195075,238149.816207909,509567.991909271,420202.409048081,618286.727318083,480521.850045448,529000.486046811,364782.710325753,838462.468641488,451457.076542603
"P00841",467895.838400806,270552.383569329,255351.706695592,139748.114052863,84949.0586580766,214906.499540865,170212.222767718,256019.126074303,477594.500918888,283802.639253344,263625.760128521,416095.937435701,222478.505078008,271962.249937194,246466.737850124,232078.10032738,265142.808956242,250903.144248725,310360.225655656,404656.113620019
"P00842",287980.197997888,267677.580074716,356692.281269855,249573.766310046,481864.000439543,421073.757631887,250144.999090909,201905.413893473,273451.522188266,657268.274237471,224682.167960539,650916.535451775,462941.277242705,289352.937538851,287992.982376431,783972.030453504,302735.738091799,464623.100941902,128829.146982625,476201.570413206
"P00843",1283515.03261872,590592.736395775,3922537.62109172,2196304.57256477,1257077.23949825,757152.433198836,892577.459682229,1326933.22561735,391365.220967866,1431411.43547412,201758.172038008,186623.461642491,303612.48517435,91540.7983351193,189723.667694746,94085.6628987653,206113.06717454,482161.2540914,176614.738150899,299020.088863442
"P00844",101105.788919075,72518.7984553521,40777.8300284266,28323.3940247427,85485.1051732277,28789.5508951092,54889.4179561713,45911.8078096914,68173.9095726632,29235.3200550772,25764.8137043179,89785.9993391722,46710.3575858717,63526.0304445789,53982.1526233211,137237.405493179,35706.7361006384,59501.1160192332,51325.1534743356,26137.6824842945
"P00845",284278.755851392,363693.363728042,425428.055132893,345425.15021616,200000.625501517,250293.941778784,579209.67125637,415018.176531321,503274.080150378,223541.526167146,595583.494162716,307614.426977192,376988.981467863,341702.85184358,330549.619243434,235716.083003043,152275.56893676,702098.658185382,346122.157812867,182555.987574529
"P00846",46344.5867999144,88129.6303695002,66102.6860958084,188223.707034764,74032.0850717478,65276.7779023339,70645.9879535424,86443.730740444,42379.1803713063,57841.3626500973,44763.6661603467,102452.24262717,66290.1966866117,84837.3549137828,63882.9103643938,90738.9495863654,51127.5353230493,59119.492800642,72233.0311416171,92014.8828253502
"P00847",645208.177829836,1675846.45085629,1038641.79940021,261289.959382753,815268.083737407,761996.349882484,506406.986763344,1053630.34808051,449481.295741335,649646.985138702,757086.331481339,932125.336188333,623245.327429987,1664809.4351503,1093485.00375642,1917296.48478618,712767.711691917,474523.138669506,519477.71569437,1534097.67697116
"P00848",1081840.09315011,797463.449637593,675137.635393847,709724.843856007,702834.207730891,833323.182970918,968264.984528205,474247.218049369,1245865.25379632,504764.954918468,355818.898268104,1449973.57902163,985661.498723238,483319.385198194,878140.028319727,1304955.91488392,898847.951869674,1380216.57044487,773056.477530019,844635.735909936
"P00849",408638.549249168,296498.357419001,1168259.16278506,1007047.57286554,334542.216491067,253609.431995078,393594.638245419,330072.730492743,515824.476734774,544169.15857696,505479.85290803,344971.293923578,375199.552548018,90809.9911609967,399871.871587036,191170.011851223,735599.078135577,288737.418506619,261064.508167514,816186.706152774
"P00850",207036.219299904,199450.781954667,271463.386989519,268304.948148414,295027.002677567,202717.834134939,326715.470777069,241466.522482066,183742.700182922,114578.683891008,115816.576769434,101714.454990074,163398.29519982,150507.486299271,118894.058014171,121987.350624901,266994.984069891,131167.504159988,139291.068164711,286026.630946881
"P00851",39841.945998791,88429.6450186841,39370.005641152,34744.3051790781,44164.9390083726,52456.1949529862,53838.621477341,53783.8012898417,112249.262584698,41368.8171230444,30232.1576621959,117074.285163308,91762.4666625028,111614.701164099,26036.1703915956,48134.0899569326,23737.870230296,107459.87972992,33896.9092588897,18978.3916134724
"P00852",536539.998962488,336973.330343139,1761009.09173068,832411.510457475,564770.163441807,302189.558664662,587835.247818036,741768.541290366,560272.979429842,312306.239443937,861451.788879386,603251.657667379,261157.655873106,358436.74406907,824044.880415705,298077.813721208,425002.503447967,514964.007558262,533176.813639556,1059836.12470138
"P00853",1231333.22926385,719796.154006097,893913.342873098,789226.194890819,753783.348451303,223105.997940291,288672.859135019,321205.672559301,570155.653751749,216928.631735733,637908.764833605,575916.906916199,455467.294865712,857441.241045475,584155.044954725,359760.536251123,826753.263459954,871985.693066809,276336.621453145,512639.055721946
"P00854",576102.52585158,376111.717312731,913087.11918791,462155.508384341,475911.603084292,557962.634462997,606011.835992981,590730.97394187,543870.02850088,414923.714993139,851718.247562935,984290.311147313,449343.010232435,838096.660944062,1316284.03565666,645797.537741655,843927.970924136,480631.656893011,815628.162723286,395976.860725083
"P00855",7633637.0338027,1784420.70372491,16727287.7287982,6769064.82886468,4799739.50668031,4699158.9766241,4836005.76520177,7642719.82281308,12040948.8025218,6600239.3588717,3986298.89442834,2038714.19913282,5606187.12181962,3755329.75641805,4474569.79594739,2031890.47150332,3530970.88784523,7049071.69725771,6228220.99714764,6301967.26999229
"P00856",317631.812056371,470361.004197866,539880.832874976,569609.454407702,357831.456270241,404124.324002801,614647.931586307,537177.023060694,334072.781623352,513059.769613982,359429.733276958,529019.176007502,638054.050926393,390908.711315265,287802.035917696,405239.188676246,603058.145003935,985067.892546886,645520.321016471,603842.413285614
"P00857",34615.8311651014,78664.5246375924,99611.122061036,114069.466127503,82624.8933811719,52454.5686531708,65322.5107751352,110755.224458657,33970.4625572755,56416.8601745055,60149.4566923735,48623.7365516866,75622.7758417303,47257.3863219884,96569.3502382921,51311.6522413226,150506.112959721,56551.6646599475,83477.66816111,124162.840347343
"P00858",59217.5302722976,140660.604434654,78718.5225542286,29851.6106411327,180752.829334327,72836.0847561774,91115.0495080406,138076.461093272,235039.662682027,60818.8682631027,42347.9040748533,99247.6886412231,82225.6577869636,97315.4144784398,141977.073303371,310212.328586853,52099.2027160631,51338.9044917217,66126.944186001,50919.5516035962
"P00859",724594.37210334,391698.582691057,310335.468940491,383212.770818955,245292.075105981,201810.222205158,99753.0979447354,203886.118810777,893068.017064118,198370.711772069,193779.068980021,209662.442876104,316789.024261697,207123.948330765,181058.823715643,627128.149197931,315788.482266548,258959.769452186,317023.44328772,234671.847468393
"P00860",1055173.96059699,422958.54728676,728556.301128853,943430.067746187,620494.788121368,535717.945783359,333992.436888524,889716.619950338,735948.162018427,1058445.35022616,516502.759914999,490377.178795659,611812.587241615,268031.116450032,404700.814659297,271572.371414017,581963.386191922,1104884.26506137,686958.774709732,475839.203685167
"P00861",564169.096961453,604385.545355101,242804.223949721,381227.045392488,479921.52557114,410842.933269613,399522.406858636,569265.46141482,348461.119414829,413679.009615614,416291.369226627,517092.956599661,355533.992858894,596518.092444827,594800.899966847,157648.845076467,516505.336588271,211277.793121983,570903.774779432,480027.197822569
"P00862",181296.426928462,377883.806251243,310187.456337176,719110.894815891,220991.811625214,855702.651260542,132098.456978408,152317.186978341,278764.469487667,211215.800421584,311572.472263832,223856.336413111,194243.552398153,126706.602226804,366348.153874038,87551.5981318346,320782.589475545,561224.888694753,299800.764533169,261261.860297325
"P00863",220215.121943664,60110.7811008754,247480.625114245,439255.449808861,135972.717248201,250638.519544245,325554.116040562,355843.716213949,350790.618791423,188705.174740511,215218.783231675,138566.500804419,296787.286545689,129549.634960261,143812.471138265,124549.121716813,364162.684742901,147300.53598466,197909.293328782,213525.918774745
"P00864",1737473.08231071,1412470.78795695,2042232.01707477,373373.386599124,928734.141209004,834240.246039231,933193.812140174,1209794.64230944,316664.470516354,611234.650981557,174639.282492727,459944.381495421,176093.270086858,118638.978058558,346487.074597564,327473.875922949,178028.850144022,319611.907671445,286122.996613962,183584.971088694
"P00865",332803.601986576,149150.030221471,440512.624254202,249886.4638386,333276.558553147,569337.416776835,401878.859841073,642436.854020838,649161.331183769,468614.794743362,270463.170593903,367126.469183373,359533.734840924,186371.307373318,426417.208090361,239311.207103503,422148.2718574,443937.684828578,585756.720192195,503728.352555372
"P00866",123539.025768244,173738.208016748,155611.665987204,231620.244444415,394650.271251221,136235.571125872,246781.897540674,193338.268790781,209877.449835331,556251.325044542,447285.132130903,212272.982915217,192603.084770045,154049.36200789,171064.377502947,395928.68482199,250506.449565909,223406.93223046,152743.102422166,275580.36429987
"P00867",630888.901700082,146027.750724633,241003.098656684,287561.986644784,168932.992341659,248002.067178486,178906.52322251,388335.633607589,138614.617200684,255865.722228527,280201.193623271,196685.422583891,132290.55140702,107608.453795951,220972.918759502,63364.6432339112,295765.429953368,220662.718926005,109324.367033196,196700.147056076
"P00868",258156.110994295,135304.118624096,474575.066930194,537577.330867683,184977.831792465,570689.427313959,220986.806381476,279059.29933372,420099.411222663,406057.344311619,139714.736023757,138803.64691992,258329.29394828,207286.481118307,134316.399888155,144913.026416917,520271.882259042,295235.600777682,169947.674042476,313589.218672629
"P00869",130455.237991474,175571.19096775,198027.72859248,141077.518736028,73028.2609899376,112860.751228503,225067.960550223,333529.476942925,302219.282930105,115064.867366113,116492.28118039,187249.814327133,143693.895103595,286405.841049135,184766.127585983,335879.343388534,141872.928521202,77910.9554455802,99500.5710663441,334070.136127344
"P00870",197038.059589297,133643.424838145,204813.787045091,448041.572874206,225946.26287658,331080.769323417,712117.24261071,258237.364781678,719472.438567434,109249.899430547,199657.123126915,196470.462675254,137170.083574775,383701.322252374,610986.85537876,146120.335506681,526181.169833479,426052.794944856,247204.594720848,252080.494624349
"P00871",1122398.88001348,1259230.37059195,2016516.31864923,3396505.41289253,1749546.24045889,2222431.55002655,3283180.69252329,1656273.37797549,2462768.70642216,6404197.07105801,2407763.6926378,941444.32366627,526719.254815296,1519342.50460773,1820417.83789159,1687224.90181707,3009339.14026867,805198.817400787,2255302.14553542,2238100.99217383
"P00872",623432.070600521,443572.497453175,465441.98730472,451312.030118094,606678.5606859,437332.06128181,270489.17796801,792467.543438484,457128.839799255,282737.528555286,236097.978248544,602218.3919093,700173.910507437,489663.434138925,1198596.38256827,447792.864832116,611325.712672438,253467.255216337,436267.066305679,513112.179735632
"P00873",154560.374471679,172638.148519264,352362.59099029,624822.96608861,250988.532072296,435288.675524127,148335.125631762,304004.787599974,179468.547774677,232815.760554308,200234.641916686,209681.998373437,226979.463151571,163457.136852684,163389.485407966,107931.908769474,520519.361573086,391965.026764862,351975.825587462,189692.715621341
"P00874",46614.2557917099,52576.5054595424,46949.2851730727,75076.1859077709,144749.762803828,71271.0044613948,78962.2990566097,87786.2403318887,65899.9516961783,73058.425461033,92945.7649896631,44672.5432054168,76315.4407956237,72677.6920449223,71953.6247134339,154716.948423342,71189.2778569952,40398.0881362736,88551.3517886024,66277.5340434718
"P00875",76103.7645156267,93237.3045070547,114532.055918654,100832.400773399,136212.617672796,81249.5809164567,68566.6345683085,66573.2261648533,97965.3583093325,66892.3753544032,52687.3505574054,62558.52157734,93625.0622749471,84415.9298480555,226464.181590284,119352.694978418,97168.7607627069,150334.530872148,92161.218440567,185879.717928303
"P00876",803865.612300151,392947.804225604,875986.705890998,413226.702504123,530721.792397468,1489111.58277575,371943.555282041,698159.841508657,727323.302181049,496083.831330414,182939.212415827,105989.423061085,145666.928376862,206067.682031905,181232.348947405,194812.043446374,157803.102803608,168545.264382619,112791.285569502,105907.425793555
"P00877",314882.828309469,197773.501589295,174091.23572598,210017.180995526,531942.774425998,207074.31889447,156299.524788177,230508.543511093,223321.132115127,167345.133779036,147530.275123567,231063.258945509,175175.006855487,263683.374679606,228896.96851238,234959.213840075,378277.342464756,193662.577685488,196661.490188363,321161.333356702
"P00878",176949.07107785,193203.349448023,120970.149275367,225055.835036684,111774.39801997,256569.666315192,70663.2579225086,107374.019683699,37811.4754647645,113064.342749751,192300.054377249,135116.589599767,167708.168388114,112064.869722232,73144.8948229278,218758.168056618,56721.2681038493,101946.765197223,114266.252033688,134624.355830998
"P00879",1376356.87271452,5218754.22492106,791154.182347807,586812.214971749,589131.581487655,1351136.93378612,1170048.56446135,1178344.14599111,1032449.4306966,2548518.63482561,775879.394463762,4547342.61675929,1566574.34359873,3644017.67991578,3183352.31286809,7846335.77837684,804419.542634411,615790.96742793,1494213.88543932,2206612.45455919
"P00880",332902.158677855,359893.648559127,187728.698010235,493884.734733434,188804.245769309,367459.449014372,412902.726995386,222168.211654445,279396.18834419,208446.403841492,427379.96998837,92668.7564968893,236388.090219974,157840.305883386,277978.279137951,269451.482351471,232900.046075389,456919.601363349,332295.874922211,137473.446119579
"P00881",222580.270879083,838924.860976009,317608.772011792,474386.472854891,667035.748370741,244769.185000364,321767.847762782,374426.229995559,354463.54516406,421441.124436542,198932.049801989,280330.481324967,133208.198668506,416593.334706972,448643.927035722,509769.811016362,447214.925774117,288875.240455909,430329.989945418,312372.285540591
"P00882",29276.6854276452,21850.7033272428,26818.7746293535,61334.4334444806,31633.9475363074,40934.7918587453,58577.3666467783,16738.4874604526,25186.8278936557,26329.9505839873,54220.8219276888,18946.1718086875,64413.2806161481,14130.2459217775,34716.8696692349,29077.5664544863,32039.4899162505,42424.4909060063,32368.0987351464,69651.0996691244
"P00883",255464.284642232,309573.125684086,122812.457700605,251892.949661436,364275.305163513,135865.978331251,140581.756153704,261713.405352586,236736.763490035,116304.192968093,85353.1131267448,81369.3740877054,257657.239561309,185075.596514745,199359.58579287,111100.128606111,250367.919707144,156207.444008241,172484.768141993,415854.03920666
"P00884",215678.207181097,44755.4218938501,109564.156949532,206999.676603517,132966.042609253,90057.9045079388,114236.162232251,151515.511403001,193427.194440417,216162.595209585,177998.757250976,119435.885142263,106875.194743514,102927.434047903,80668.3093836543,103034.8509374,121882.802086275,152575.800533865,162119.2940506,296518.677711716
"P00885",898861.27600985,635711.453135607,1005466.30349106,325310.464510564,429782.836230635,465436.426839294,1287128.51419972,1035657.48623078,548406.955077238,969974.473520702,490844.99872935,602640.715987748,290540.039795418,455263.280403325,639070.427826092,298277.741082028,301352.609722312,189480.458152721,639126.813604144,381514.045459316
"P00886",201234.055114722,183257.798429439,263798.60319243,204769.058656156,222473.00172188,239753.455215039,238630.452841521,160494.134984189,219250.810011044,351161.146606814,201963.907030101,189168.992526247,245780.621871969,206699.693909494,268468.980034747,135112.326897772,140289.871019779,149021.597515609,108979.399200895,133517.72278296
"P00887",204657.098440426,149625.36082103,488882.752964242,578934.928837896,175718.917288967,334477.134709468,203581.666410571,278783.055983041,223842.970288666,118064.32570682,308532.476956434,161818.867238549,394675.780938011,382442.041473214,208433.087566324,247147.049482549,379706.639757117,297263.997716315,193402.370997264,312570.073932285
"P00888",418270.651684368,524714.681947626,632112.182157914,277204.028625185,407049.404989761,385637.836741307,588221.999488084,713138.110395367,424067.662838357,349372.644428815,400547.583351589,487237.657784499,680703.782863822,450706.941830902,464831.453557901,517942.157983664,638184.336741809,1057406.18550855,871628.639089463,368379.962123459
"P00889",265701.426083915,152986.076305968,129273.840636828,213549.429655206,162067.593135235,130545.408909098,272998.576391423,106311.40999892,320195.19628719,189250.92844056,101510.427444698,249336.962921916,182073.800780585,141913.865740286,174864.822345793,124532.206591948,84162.4463927181,163634.034305987,117311.415000717,131970.204322204
"P00890",169965.213697541,902456.676132172,553690.357402872,331862.759802144,433822.47018278,450367.264433557,441023.904141666,854755.524921254,262850.312640588,593996.747716743,543858.465002362,516075.638465807,329529.305309365,1191787.81775218,402843.648995981,1482851.52385336,230205.90156157,462740.218425907,620655.850437319,351771.10588245
"P00891",148758.081129371,190659.857663705,84493.0174011379,148673.721323224,86642.7413055673,165501.084539424,112488.395305639,104451.487590217,127156.75528687,116433.546349461,115480.470888017,193249.36814507,98408.5511806147,192901.179263202,113673.375817276,144323.241981298,131584.183470716,169161.054093999,94066.7987177526,188771.681504724
"P00892",5404775.89295093,4103313.83087591,6336232.02604766,2909461.74894336,3833374.2601162,1290831.39191195,4258561.08719061,2582630.68443876,3738974.31245718,3930729.76285705,3646870.79063038,2353033.56232903,3182259.68446645,4127415.89175296,3335866.08004377,5247888.20833368,1836065.12557953,5273929.25223351,13225728.9292779,5945452.70325926
"P00893",810676.888933176,489636.685212815,859048.277108323,1171095.42437413,636330.143630588,1283218.32991485,1204948.2253753,901196.368295121,1205962.9854125,464476.754813433,920156.090615637,571725.618518085,533468.689814497,335604.196413708,657243.387560816,412942.231234369,649331.343943015,498804.661908725,692509.943828545,640309.351451792
"P00894",320372.013092662,165234.073153687,387293.619609406,326649.641812671,455067.239917547,478383.341932493,134860.521352387,343422.387667946,353209.140967093,604620.24729785,216138.59751272,288052.001789776,109680.531268163,383093.057079984,125022.841417319,420866.997311438,206193.330151429,177424.81774584,263524.447568991,110103.774975007
"P00895",116326.334139055,88859.8167072982,71324.4836826886,241756.197068625,130334.951007288,123803.05088612,119525.191747794,150742.657187153,73856.9110437106,225664.86810595,176098.717902651,132943.514742727,191234.763146932,95803.1164323747,105412.455365612,111815.577406551,170477.241085045,90552.7246457185,36396.5765745684,178925.467331997
"P00896",623345.225730657,155996.435563543,309479.404293853,623603.543004089,220400.435630246,463602.906260148,214324.638088328,716093.169886872,319512.140242131,352316.777372236,235670.615531895,232911.998436441,387807.539601107,224126.5462955,270945.214617543,539957.81699883,617914.035065492,582676.785916252,428285.515660198,179057.168114701
"P00897",73718.6323686497,52629.9430280332,165830.524491977,123028.31936041,164904.243503822,173808.922960432,212084.011432383,189535.721834123,129409.669534505,98696.9863225591,111900.798889378,242485.098661746,128267.972873328,189550.740784757,146686.532485627,154791.02542076,198472.663541479,153359.108006954,104378.22841167,119479.152753318
"P00898",128179.895786432,1427604.15284163,87538.664006717,102154.1455823,384673.614274236,492532.036685781,146519.4712638,525330.105583332,226771.443400642,440962.824625587,212150.223906958,619266.315760673,658960.136611089,715295.350320832,292000.950787011,1413388.12596522,125966.333062471,306975.270308411,252545.668650206,241191.78603287
"P00899",3290078.87690854,4954696.95099572,2676823.23823077,1781313.13268856,5512330.06764777,2963611.1648082,3348237.30391895,4537709.70975493,7665047.01593824,8130846.56486036,3229534.38990948,6021471.52729589,5598405.51259873,3226677.67160779,3484375.22433162,5218664.85779429,5726908.21459175,3142934.61781234,3194059.1258451,2347235.63820108
"P00900",453419.346329619,764067.561876468,606817.648746785,666202.476005422,1214453.17576339,746868.122550322,1461839.0837411,626915.224815274,1305808.49316084,425642.502936735,530329.107152042,382960.444075805,520254.654398247,1243584.73601806,864048.589996755,526492.900964885,464090.856972226,933399.495579247,787814.427240371,818045.752228787
"P00901",1730906.07891027,1393784.72785075,870131.20059744,1637541.70352843,880114.570085989,1208337.31303549,1272345.86312939,1000166.36584198,879525.981126316,1430911.16592956,621987.9808758,465865.109185,588496.171779627,208321.738447392,251877.826397717,124517.677142669,390727.234380651,411985.496123121,611470.507450641,824552.880436152
"P00902",2567087.49821245,10237004.9786965,9039229.29148255,8568793.76108887,4284234.70057837,15233467.1300599,6515980.27396082,7856936.40916563,8111764.38454114,11126212.8691044,21378559.8546606,13789525.8739213,9028983.5160983,8315300.33229667,12950490.9003733,16040612.2842793,11126246.2535506,3635578.33522427,9451119.54584495,7615079.95431754
"P00903",112389.334015042,250890.271971247,378560.109808544,225579.451082724,161222.819315011,272485.917402033,261452.380095234,149746.674925616,389171.621962313,197858.077363839,223733.46374455,220399.349552476,242804.10655559,185385.110153532,204525.908782487,207748.611000753,171501.297220261,245160.785427133,156618.517135843,263449.523113104
"P00904",315129.11159024,922511.561704202,346845.829035191,282237.620533775,800164.439412159,352759.972492856,260472.692864942,788253.575300968,567323.59358716,787381.742209058,161822.12602478,411675.972694905,225345.12064126,522650.00394563,648381.265323918,423502.508790565,162520.572116657,209606.333669496,111569.528647948,372287.206820221
"P00905",161073.925290289,314547.522373742,186030.854981103,113984.617672199,131658.482855026,281652.63230237,270847.91777647,103234.065357613,222417.323458588,191172.968057685,186656.331836984,312596.762269336,252639.39396681,193582.730210887,364446.666985806,203195.636734244,194772.355904221,202786.997135554,196117.203168925,188173.083925956
"P00906",169599.357740088,57132.965115708,205302.173742041,122697.505673018,53824.139526121,119808.778181498,143083.181410006,50569.3756870799,119287.362745916,89950.3678870315,87528.6144017478,99550.5797913086,116313.756864469,71511.7797403424,79907.7131088631,105680.777221857,101359.964993473,137047.294452123,77478.9119178474,127194.175317631
"P00907",97434.9021116349,934413.95599748,86170.6690944569,100658.320524074,240755.254634703,224307.582194399,135404.667844474,125174.11931282,218085.205553568,204752.551647071,153120.824628021,342283.419643308,179193.544985698,299306.317976813,311146.717335919,195963.614543148,53145.511831731,202721.025787511,131945.897660835,86966.8997410106
"P00908",126197.532048799,126668.657230264,200285.832625212,184452.065140837,208308.103341864,169108.050848411,486366.465806788,135438.460628107,102106.693023479,154040.807876912,246137.826948034,181155.947051284,126096.839507746,313316.165875208,120035.717615719,379550.46805413,292305.076780475,205686.071817308,408585.677994419,182745.474489812
"P00909",482032.67925955,145391.195489013,375259.365504153,729659.824647299,266838.083258917,333487.349502212,571710.499944559,254094.110609187,176395.404170418,398609.033835506,779211.211280405,241461.955861144,261338.287311083,392693.187400124,110337.544034249,84967.088584364,607155.495749047,491941.537674436,328694.307538026,198278.719833189
"P00910",127735.595781721,86571.4332219887,93935.3972762998,45564.2313721657,76152.0579821406,85112.4386700176,91911.9275470429,86627.4850205821,75791.5286687978,76268.7159085379,163189.357069852,129769.024249474,86438.2685523146,284540.49899542,135131.857425948,160086.121484617,181912.892756394,83168.8287861719,81828.3404537483,53044.0500283181
"P00911",2736879.5809239,527219.645702308,626010.041182419,954757.391985896,400795.531445232,1463170.91868264,1729906.0872082,1031427.61739836,646947.024231292,727050.788366984,2601287.09104189,707697.704447539,472281.715351566,388805.654766805,697479.867733487,187732.931830997,1246013.20934081,925031.760053305,635558.677333864,1583307.04237337
"P00912",243367.309091058,160741.819020912,103996.144193988,566963.763017711,96742.2929143875,239057.042136497,53446.6419807131,251460.002703795,177738.758770966,216854.69526302,130373.340850264,154739.098764869,132096.264000211,136091.031260952,216435.190503356,397264.17016383,180308.215090265,196417.382446654,115183.133097692,113258.331674674
"P00913",200352.568265796,454698.475801446,297607.417486336,219525.110762173,391748.253063541,257053.208840048,388546.670805683,311637.70463678,197632.121490167,375717.710452423,557580.582398194,284766.469345257,515238.301982551,509934.992316004,492828.300117365,1161219.68373859,160985.354300041,158695.800905169,609779.461578611,596458.851796315
"P00914",691407.127698825,1297958.83402737,931941.807522678,1110072.90281834,577986.80424315,619537.296578086,569224.797847137,1174318.30955796,590512.21274135,419299.847033805,765614.169687512,1185938.45425463,387926.3236422,760967.686939721,296487.742250779,456055.440541907,694832.28086056,648906.073497912,421980.16551286,1060182.90596436
"P00915",98702.1983883641,470892.530065743,126990.747660196,55962.0501242119,264164.824903389,347832.387279418,218925.277603348,251581.406223043,349681.759794117,323033.615415713,183473.830646013,738413.663120296,176951.197429944,770125.000855088,404676.283620605,336159.246359199,178465.907746214,183761.93093653,498576.145411418,190759.618675258
"P00916",422387.691928347,1416377.07372918,1013062.11448181,937618.09955868,1406032.38844265,796073.490063855,654482.44491415,1272851.69132713,712383.849742713,1329098.6656599,744274.171702622,2044115.23907735,754497.5920172,1637221.4474645,1054807.39648129,880691.967368621,1047214.09904604,563836.170319857,1097785.63072268,408433.596835981
"P00917",469536.922406186,178666.405042386,480858.055322516,885043.923271404,337710.466663258,313162.855863133,243203.383876795,552559.166677473,293949.04795999,644098.599811374,441138.576027846,257667.170108797,355068.4843057,487366.132848221,798890.600094452,580812.830726546,252617.703810661,208741.0152762,225930.00928852,591326.836505971
"P00918",154225.530385185,161159.535363438,284002.454559946,486004.363701605,218804.248570943,286682.091351061,138694.077489755,203783.394974686,188971.21751817,392841.467162496,140600.573847258,391590.427774118,375545.927638589,153488.51084931,378434.323569249,346523.268306582,432300.641878387,410438.514415951,206303.287842604,358119.860860697
"P00919",555869.56727253,384370.909040311,433682.153998138,559065.140740052,228847.109430114,402307.099803749,296049.290833294,286027.312724618,459418.158191385,749962.763676485,682261.740332636,654875.670813216,448503.347205314,180081.26654004,209046.202397524,291445.449999337,938545.73484383,608212.682485336,969129.44900564,408000.808386006
"P00920",921677.041420728,241792.883782525,1202259.74869306,1538186.48171002,626049.91375595,1432253.13217784,1730640.17673683,1174367.02928999,717632.107233959,1585153.04584174,451698.213042033,605941.997436989,480269.861965782,1051655.1938666,1294605.87149728,425971.272171773,842646.261580705,497116.016662628,1296711.69580342,514441.383382327
"P00921",280578.811311666,1104344.22841732,297625.430446488,274848.569159404,473536.823817618,469582.340404936,418409.169427255,461668.181459193,1163835.27883476,1140946.47119188,501739.970816753,965192.599736807,376956.289638117,1200846.55254082,680781.675421532,552688.137769677,646622.75477788,314559.396351078,243150.618870912,564580.5103361
"P00922",424522.820189144,329465.341374462,1442422.85227152,337477.835158627,719194.042366561,622385.541323635,573682.667173778,451451.802744517,1416891.77382734,471067.697818266,440773.655550099,394171.433297554,474569.438733014,621882.420924173,374420.881488913,367734.662542978,301585.561410542,710715.259832881,424146.24110081,1049499.00124933
"P00923",272123.641485737,405878.381574723,700429.138018617,1881374.89132893,658048.227829207,468089.308654088,475821.052990019,503804.288416976,746040.505019455,363509.170093737,354795.966624176,289153.688987109,899481.262338968,525494.89520779,259822.944031779,140761.808482891,1682130.06072275,719003.113332431,300981.890790201,1004950.50957654
"P00924",487307.832234206,651872.278987044,481110.879634482,928271.273073207,509611.657035978,679395.941905831,371945.82215722,1990630.43505829,835396.055832658,848933.323920172,1358406.73008993,1174915.93229974,1203079.95617888,494150.961751237,1213327.89245607,348829.048270264,1198612.29486722,1050676.23229937,328729.59819043,256879.759376468
"P00925",155071.121745048,314172.814060197,142131.740764833,90802.1548347153,245531.240810601,200418.280968615,130268.262160562,114231.060100899,251001.76992632,197968.531850176,346680.009904749,258009.067370414,179748.292321886,154237.790795415,246294.85048186,182766.251395427,107781.258238305,99492.3042547184,343744.530427765,354388.832974644
"P00926",602641.010574143,477544.957915321,1055601.19319543,1126827.74742373,586691.257644574,988504.99724681,787621.879082447,628764.08818148,399991.964988206,839669.545747385,1060405.915419,795102.578417082,976098.922416519,397861.978902912,656516.714694438,598964.477125353,591894.196574912,1780966.551279,391701.677517642,606260.572320556
"P00927",1002146.25296387,477232.042126647,808074.277468195,1323137.58729251,1562858.41759739,633068.171352213,452546.498815308,377105.034220068,703468.460564994,650879.010414223,655743.771391493,307669.861675276,519880.888645326,721527.463608742,500961.843756609,510572.550690878,1073181.09912629,1582997.53195588,1448540.20448253,743183.151986451
"P00928",1526315.40144543,757221.881243374,1325324.54454758,5248627.24577614,1174463.21040953,2499866.37677753,1915789.19537156,4742638.93249827,1141703.65838129,1126769.19693242,2432200.47403246,2984854.19686856,2804989.03387109,2473601.95234926,1625760.10659889,1907879.36911699,806050.756388662,2400502.63577952,1693391.67275821,1895584.96180231
"P00929",673187.312599238,177357.092441427,144731.889725902,314399.424772307,211764.124748939,208006.418810492,197329.385402809,414845.302654473,255960.065594789,454435.505827507,372730.135308074,241382.353456632,232138.217828832,348218.158838582,148447.751102618,369328.709666926,429995.998435638,942283.359467885,302586.453335532,199172.191800515
"P00930",237796.707005402,106559.792468715,311109.574489704,509671.815406222,89301.2983804842,312279.382964333,243498.686057171,193155.547089671,191263.677936121,220126.613053909,164399.444582929,261236.577450434,150601.298485523,313589.554977928,202883.037787997,288516.513203141,230166.34575763,331388.8154367,300164.979626811,203608.486065052
"P00931",185420.940837925,175291.574926142,158581.24020783,78808.2929153339,186663.687736224,155658.156078372,280389.3046713,154076.803743375,86462.3727521386,103218.217693365,98756.4319313883,128144.806689,109414.497032315,113820.249214067,153986.140289821,152001.877036954,256817.988342675,179884.298026289,108563.697938907,190744.251305527
"P00932",195102.159457656,148124.809569872,555303.74194221,617563.578461539,584206.332478445,193655.991949941,323670.450906465,363589.156092044,257896.845446759,264313.719731689,492099.344284531,217921.830390528,695974.030681746,164497.690810849,263269.553953631,209536.230759128,530633.648405682,223243.265562915,413775.809448805,392080.597523517
"P00933",279000.477752014,63401.7430717308,132246.64846301,255708.338083644,120629.380435349,139230.455164049,124652.671366864,195943.837618583,98520.4992191415,98956.6550513672,165181.056949196,119724.234603923,131071.938337701,65389.6355633782,84397.5030077117,66604.8630572416,202475.970488934,124095.054092288,90380.439671012,114013.506940785
"P00934",217372.933319785,134057.328579099,138622.991471176,245199.330800097,246485.095153804,205605.445555735,166994.481397845,231980.098296091,395805.622063935,203301.20710065,238678.604454722,144168.830954693,327624.891193663,71604.9914475677,119067.955934889,109730.278587684,439244.524738629,157385.644973208,219466.130790621,208086.889375374
"P00935",154664.262909591,866112.717202136,116918.63724157,75257.8726018158,433249.244102057,622705.692385696,231554.273817824,137279.319345288,304779.907689692,438608.481724345,265372.08268343,1361603.29816435,177922.575300133,602257.10156665,479466.258351921,1328806.06487977,177912.851385874,282304.852370819,701143.520034525,273312.79181011
"P00936",613864.44548574,300772.14786834,271319.541407518,289422.125756127,703012.969808528,953972.470459888,485005.448596147,305205.174310801,293749.201729894,820259.059988601,574825.989704731,632563.581292419,584943.469595372,518251.743441497,662713.86984287,641212.876863707,1042079.50995435,269726.04768151,529305.428310442,557557.696531995
"P00937",101189.698067876,175663.668772899,126458.803033616,78051.4668307546,159003.893169038,137523.537778249,130463.023481563,192446.426711767,82044.9626754353,220584.768072294,121458.484695692,212914.714294342,67885.3710591757,84188.1653413976,160975.114517734,131527.753430065,72684.8888309889,89813.6025350645,123176.972037937,140905.441052126
"P00938",114439.745038213,92786.3902433207,307642.504461006,454339.815878727,186309.48435356,303188.987331402,148064.883573688,226595.250234165,144836.654742709,83696.7796768508,366519.511725564,223806.576096305,175454.21619708,168897.493489689,287755.412200329,160509.434979018,334572.182302381,318073.188583965,192033.491575024,291341.489483726
"P00939",450300.989471941,1819223.60682408,766317.500653055,360704.701641546,587906.040011348,340215.547487958,323232.7491046,458169.01216631,286428.90708438,740864.701966425,818099.640687948,724516.881198979,628687.016459197,562665.70838315,693685.37423133,901026.831488871,327855.635568847,317883.056743057,182842.84903362,517479.167218143
"P00940",707005.395628286,988216.224896515,1272182.03378389,660377.250580989,1021139.14585206,1149321.83832936,855544.650717075,348403.201843066,710575.525782714,574017.325707174,711963.867473662,838712.709673169,1382107.78181818,1327931.02473821,1084828.67500861,1068069.61093206,980838.267785619,523868.784650352,780374.848686363,1852856.54017968
"P00941",503777.604248817,398225.902968035,348879.263774106,272469.728508395,290375.639165316,88904.4874465914,279533.807016735,184878.458196827,326689.499029892,470152.934768596,256492.991793898,160460.774183311,486727.262142256,270987.154194826,296086.051614194,177133.36411775,520732.975602783,402087.513855372,440714.881491203,227077.86796991
"P00942",101934.725547161,293064.908823203,95564.4074645022,52457.2636702885,181956.102246955,124457.947841867,74779.3851567737,164072.823430548,208062.165124178,187920.480339789,131314.682066634,300058.285847055,175621.140577727,111662.680030121,320114.164210013,258737.696733207,165675.42447537,91687.4677542475,115069.236986713,94903.6350194233
"P00943",498353.27182487,1585702.59428548,550096.692678542,257854.556778676,1854709.94937097,561683.645608449,385977.88247385,799309.092619203,995926.711901694,1081112.51524675,397762.7804946,1141398.63039088,427533.778912043,2595731.19866658,786983.428090789,949903.950268195,411416.812044964,463728.28421439,514360.396686382,910874.029010399
"P00944",35284.2447983485,35867.4129879146,30495.6345670994,29661.4274290754,50634.0377249029,43485.1870851949,20307.9963146353,46687.9981657855,32367.9348327729,33468.1440590351,82990.4332322833,57259.4243613468,30370.7619911777,51681.6262917584,36026.1107301833,56813.2642352338,15306.1833470251,26311.8898154897,13416.7055076877,53420.6960014013
"P00945",228646.900384535,448653.057024758,496938.503402595,260509.225099519,302141.23178398,219005.412182218,355326.657532005,589553.23464655,333267.466392112,453749.326357076,228294.865405117,428742.872857122,451237.621468261,433753.749261863,291430.043936295,429948.457398361,196417.89996579,225152.14405479,248165.222911825,361568.797186804
"P00946",136128.889461883,424348.590114051,103843.156326377,225584.471846716,457390.269561705,192098.474110816,141620.261145719,133938.424973373,156218.887240308,314804.166171929,132681.503472052,531448.085991647,256848.284369849,174630.903198572,196655.227920081,210567.382198952,152927.773436717,107980.184227945,134021.269105132,197105.694408263
"P00947",42946.3205832032,23202.471748892,30750.9390975966,73319.9260095498,31868.7415490732,25237.7641131766,29253.1482677319,35407.4094838048,49266.2368797879,19970.764794659,81447.62529456,120561.594022973,63015.4956869122,96908.0347259483,98687.3094393416,35939.3014429311,93270.6869299234,94087.005312884,122637.595138137,65339.4854293282
"P00948",181332.40692601,479685.811803186,196790.388338786,313936.983793452,405791.76711489,362880.924066416,221471.236834062,187771.748458271,391325.546334054,488427.246298923,159550.980265241,346224.823486945,142070.9877993,249386.875166226,382885.379103785,123544.955988884,394097.09611,222235.224823894,382015.808683269,119592.181933819
"P00949",145960.966518929,342127.021680968,326863.674358532,437850.931500138,552452.057310997,141987.178494304,114875.08642444,190212.55118616,337777.706333758,489352.76865169,195103.461267953,511321.048314304,140303.578223839,481791.728818443,498739.41077893,241307.119705192,98786.5944665915,558934.047031906,92670.9457540022,214816.638392149
"P00950",550661.343915363,259773.362318861,789502.155625256,707673.132006467,543035.848514277,445322.634053406,540099.206301879,871375.131601546,485449.103720888,320513.064942143,333032.101085729,450190.294091282,469367.037912262,485729.970415871,550057.893192333,175216.097471237,793886.736089718,755665.405962921,251047.472316842,683724.999569056
"P00951",664660.772490841,577991.275586834,331434.807013395,325784.407123161,593510.393157496,282566.968304207,390995.778971813,390331.037688831,881129.288933622,300134.055692268,329243.443419507,374614.446873771,595755.990091184,922576.569423167,605367.161753669,1499482.99362222,372378.292516006,860937.792971417,913789.0675302,604919.590998514
"P00952",319943.331492553,318489.419168171,426343.365617862,211721.422977872,293163.453132828,465903.871557624,733128.47213173,287172.915719766,319388.221215188,240597.815909514,418822.309666475,623558.336430787,269401.904791608,452580.764054579,267206.067655864,622488.865669938,317679.513590528,335800.307970713,218888.294443569,328655.032882106
"P00953",89478.8128223751,62127.5076835681,53155.9910311238,75094.5678840263,93005.2438072207,176512.121739926,187447.759299148,130452.073568548,47867.2489676061,127000.468962993,64568.1823115994,97088.2615581902,69347.1879117197,92080.202218589,95366.1678556158,99954.6134428367,101592.447205177,55380.6376136173,118414.158199347,224712.950262117
"P00954",713549.55319614,184626.471253186,326999.088108818,243385.994179547,158041.308855466,371347.79774268,448039.865005025,436728.346716957,409209.592435676,233568.917081843,328085.971974195,226521.652398309,228632.068815627,434149.953527558,262868.659406305,232341.723397316,324367.018074769,419067.916423182,163393.158311689,206770.674841188
"P00955",1062230.40012665,534593.145234432,1291170.42151172,369302.313789395,831517.90126671,799493.235339258,937806.634861857,761064.251066066,1151818.21588761,741430.723576035,939860.41441072,924730.378624673,647423.478541074,612757.746470696,707511.964576421,755671.802017487,371156.337408181,928888.644948019,265283.705376304,389348.94835389
"P00956",147178.183579368,377381.219750219,210085.558148512,192726.460829039,184810.690343263,182952.923083816,245268.918713442,181559.76037382,151349.842432074,173974.555157173,118679.090968387,130973.313431598,168073.378188109,235802.269380722,298801.668500269,153738.421227007,75020.3306952135,209425.179473715,199932.636696659,106797.289348154
"P00957",115341.281173294,203339.573568383,163536.470444583,396713.816578748,389642.821853472,278675.76796921,202783.190987377,300299.025548496,402721.788742394,360822.576552375,178836.851825551,341864.3512393,264720.339671747,173194.189740172,243296.133113992,553414.737328938,145380.87040658,466676.632468777,280968.566630515,320980.865390039
"P00958",539467.632120448,842219.776216939,1060292.72943159,625697.760802448,743121.765226408,626547.137978597,381007.027433822,337525.42412472,327205.502373217,649284.722068081,508112.001401158,813340.144722728,585382.457084891,833891.740641924,1068469.70487926,508408.866103061,538948.851927658,400929.037380427,479431.869236742,825732.826069568
"P00959",228805.406416306,277411.557273134,60672.9933459535,39575.1511461318,46276.4296042284,144314.862903574,65321.846698408,220141.514489332,42080.480295964,128829.248615988,59571.8064365517,125747.682010325,134917.126307816,116490.562152091,56634.5385154199,149871.035877511,61347.9752617194,100268.672241781,135950.687650437,94694.462536236
"P00960",601154.85785749,672511.42335651,579887.698791789,914421.697787818,353199.112926472,354770.75815159,436846.80707961,420712.99663326,529522.473248021,1677538.51398381,316238.55204551,480063.330501443,665314.623140172,670347.345904433,1148551.21146794,522998.624588921,250252.295176622,347507.567331432,506802.332347718,872507.941350709
"P00961",158310.655209707,304116.924578877,102993.394941533,200036.195847663,133215.659603237,130494.122320953,96099.5738482291,131958.38502203,143561.095913693,133400.489535608,251274.707074547,178389.099824254,149532.858821488,256607.566154912,534526.891955099,292553.135668794,117616.591311609,49416.6399951673,86618.5740516215,194856.053141162
"P00962",61066.9202300317,46695.7197477229,52692.4069759736,65032.3830146676,65219.9362455396,32303.1094414943,45698.7212708389,45856.4940601167,68791.4192885302,40737.9615006735,28283.4801482489,31563.3421484725,32863.4139108194,68784.1122063935,61395.6415561893,22584.9500885978,39237.3076849195,69610.3626667472,20946.8936070102,53243.4500751667
"P00963",327266.426227294,337715.470848988,293880.738556658,246135.92774039,508562.220479451,214418.624045513,434580.600671125,207822.873563404,337381.211749843,156784.116942312,144788.849409141,815735.768590458,330835.124043416,322035.696542007,297899.439143764,375022.656703748,204545.003339938,257500.51374246,194195.009818473,227796.672871244
"P00964",336538.794077358,77589.5204604228,316219.83961227,403165.654273499,213494.240749844,115042.857047928,442203.66813629,130763.408973655,212256.009570205,155920.261739174,253982.084103513,165700.285909005,58092.933175021,90653.405993444,96782.6253582358,83047.5200212138,215072.48029349,146898.588611542,195972.651587733,357154.733673997
"P00965",752969.356713521,443523.405088799,876002.359434633,898068.148345563,296669.531156211,1116479.25960566,422691.174732905,399507.230332965,646734.406615575,548346.35059839,744802.902990292,597941.114408119,579054.722693194,312177.602085824,403843.804049568,399998.085856821,875867.723501644,939052.502372609,934399.575500034,691289.398045
"P00966",376652.465135543,296431.69808296,227549.450608376,428080.548969892,259868.987555128,236172.856357621,254263.317470096,162218.376909811,265450.055153504,302648.229260104,169300.314693669,362300.945380871,270301.11114599,600502.893580099,253018.02857429,407338.929578235,192165.439438095,427028.756711436,154636.754000436,225860.733598445
"P00967",160711.531269308,40031.3278788668,149070.722842533,242799.305289175,117328.79881606,66897.9698341502,130815.744868765,98384.919643751,103165.858471729,120398.025742619,124280.654208735,33810.6775300304,179610.795795837,119034.895055732,52954.9732267121,32793.6579685358,163594.955774514,88466.8453400747,165982.216682465,121381.250776749
"P00968",261535.280842369,427232.08633468,146518.015444103,269022.849495718,293137.324542447,224338.561134405,410814.594666936,423496.561344172,422336.981623059,319079.50870783,295150.149906972,406305.862316132,487928.978588546,621719.200736618,497337.202657212,296444.722053791,217873.35722142,674397.95541975,376390.48470967,145924.804060259
"P00969",332182.019540263,563158.938434872,404428.70037816,266343.077156105,452000.914905888,245002.84793603,448858.563583434,427880.109939434,284890.492323907,361473.889381993,491013.383020607,182821.811884719,825621.142579719,504100.992130058,475691.510086719,173874.903129374,590836.473604658,414262.542395265,433595.915288846,568251.425118729
"P00970",360396.721625347,77268.8567097827,529349.361411116,655462.662444833,277184.934963204,325338.739431616,306854.808042846,202112.730120802,300986.058461253,109141.468437699,327143.762570515,181449.799161118,701388.693063247,244886.253143754,197352.866725331,148356.360638589,560913.849674793,298790.553540786,222281.390430668,202249.936683513
"P00971",195824.009727991,205618.85123999,132711.063016497,369963.002139914,554594.780874657,112768.308882934,253995.529327104,195631.049329566,149161.892099719,118075.291595739,115030.140134484,215750.19048769,144624.58747941,264555.714251952,206911.05149713,288699.59801255,305812.758802233,213040.744247057,221532.398667901,204535.958228009
"P00972",234342.495034592,626478.403369323,228446.360273482,191429.24318465,350589.196432615,247400.171725281,135205.55328763,270322.736958543,352924.827931782,317819.286513435,656463.651737527,665295.181002101,491641.096031669,454236.885856731,307465.663237157,465934.565369984,306897.603494831,291769.16983103,130722.822945522,217465.437223996
"P00973",84482.0826927694,98441.0338149356,164715.342537047,98987.0028473315,103951.477583457,94361.5629564016,91870.7839619732,156216.381457251,118876.884727914,69341.7875418204,124497.370704721,112414.005723314,40021.6851387811,157446.382895517,67936.3698244463,305802.213209999,87515.2046045945,162394.585182008,58940.6852534826,102501.055359451
"P00974",29321.9613636624,154464.25892169,53336.4142077557,108029.335793542,111715.97082209,104794.52772716,141485.097690026,211964.230390215,117977.411513057,26956.5679880599,40708.1285860152,49995.2765581738,83414.7146610981,93421.9823862841,91025.9374533984,138278.252385563,50265.2772132328,54106.228913918,107474.352582528,67521.3457918165
"P00975",380525.033928014,1799874.70173001,755365.047828326,590036.403484033,1680805.62913048,493197.464522104,1093016.41364106,917405.677078315,300076.577295815,377408.719628273,359434.626405086,1547121.73576427,618304.881983778,1311027.04848577,685533.61126604,1309704.09298195,525537.29129102,714950.101484785,842401.846319583,487111.497398279
"P00976",315155.040867935,490066.633543055,500271.156141255,695864.653788295,771476.702105982,439842.478834246,859931.741651768,700900.93444586,683072.623622039,386744.690695015,476942.643416446,1156345.17382978,983736.005512965,443900.447929739,444804.861970083,1702466.17459777,418477.551235035,676287.207241581,318725.364855872,863172.422490428
"P00977",630145.314503896,2240934.7627459,593472.962337039,321832.377934002,564258.404378739,971794.130515496,1251516.03957517,677200.905625954,969366.398006434,1025257.30896807,1020567.37921831,1663923.19665335,534968.676843596,1209351.2536715,1561889.65878649,1803079.67583327,320745.620183117,571845.395902447,1044219.28675198,918299.436139707
"P00978",234559.357449857,345806.708718684,259476.41445893,196408.334908612,231381.721019391,207852.035982266,200512.109255177,224229.377779884,115606.653954651,498128.720574727,199891.345966292,218690.315029312,386915.327513999,194483.687207308,253720.194578354,254461.696812872,99601.7553132667,136693.122892922,286995.540291823,261908.410167501
"P00979",271800.599692291,426853.631019082,336007.926726921,127515.992010261,521416.972062067,309596.188748637,191779.149338501,490919.10054025,270639.071218915,578622.284370844,170213.08259688,918431.375855913,120858.361316156,522902.264972224,685354.093402458,680288.594373946,146689.409734843,563405.672964472,280990.62252443,146622.445360963
"P00980",9850.25580940189,76811.7360927093,42607.2814609719,20995.7529283388,99921.2779969032,42993.5948032908,46296.478562076,35087.1309072165,42291.8130087175,28744.7799226651,57944.2174481562,60016.129184132,48197.3584520826,54605.5598328836,107532.519592138,99518.6754305636,26273.5913630226,78046.9483353826,22187.6427399105,26000.1628914205
"P00981",849094.95145113,901731.520275954,953939.960623572,706855.640983394,981156.010067758,921786.946109145,461396.532637462,685331.967656546,603362.694821563,740413.17501576,947882.881630207,912899.728860465,1225365.54395138,841323.453746248,1147460.95940643,835291.780649724,495938.88134006,878186.456584593,628849.508632191,773825.280053043
"P00982",552350.964468875,466107.046395272,103718.508519021,389569.14073243,356576.216200035,541181.164307571,432280.594205142,759321.292468454,371654.253673555,290076.40725074,191608.590922157,474905.543720532,320077.604072016,273453.227467325,249708.164589476,498881.322103693,405376.591185345,323098.851669863,351766.185741128,752106.081342669
"P00983",359112.898255376,692882.316325099,225345.656358792,261892.601643604,758387.454875797,321703.08931228,332403.091008272,179529.377783953,174223.417005479,247951.511464343,322068.021819774,336142.103161311,497147.735398271,312417.962523003,322841.437370989,557334.7300517,125836.331946382,264943.035027976,340851.143306139,255176.754856847
"P00984",153148.095248802,193535.973334936,278757.09015136,292698.018533676,264532.005117976,187663.040261649,448228.171695464,146108.95327069,96948.3265792352,181275.618635635,210570.434561222,145641.09145702,145786.261911498,138181.962651707,126547.266726567,195215.07219536,160818.081614048,263070.601345163,197926.879478885,132024.441073253
"P00985",583354.64560079,347609.303033409,836424.902132991,998138.233968784,794821.803033406,501032.593913834,512955.209793875,1248826.35202506,1088411.39521874,664494.211384858,450953.696399285,499863.857143509,563224.03670751,228637.966285565,233436.523431547,453030.183850492,1166906.48985293,632989.758147619,679528.390865257,685846.623517691
"P00986",186876.342156928,399809.72621615,185089.781094324,260440.159792075,320353.919285268,407500.556419215,380137.731258952,274341.973671112,209798.37733906,233088.422241851,172102.463904155,384383.094158151,152465.324361601,717603.529037298,258143.308831181,312713.904099378,280433.891161858,183620.42152341,286066.035705232,197904.220242996
"P00987",243480.038266108,54153.9293406948,81087.5315540028,72855.6970462939,125795.767510811,45200.4386182995,52308.8598821439,120487.800693359,117429.293761447,108926.203015607,98792.1959315069,80051.6447719911,75516.9946713873,61744.7884163643,72227.7530284462,60453.2471668973,102471.074320491,94350.3818093707,81271.9357531814,72740.8514780309
"P00988",283809.52739479,466469.459567001,186331.542127792,281750.515140526,297651.778374431,203377.430736507,162294.715728848,372836.226748905,410317.699868307,159133.270907623,133966.381564205,346171.551867644,187754.272417001,470229.959078055,333903.074687777,440316.899525401,154848.026427675,290290.996401023,333744.33563735,175844.155694372
"P00989",32621.5968895478,104439.028786718,71214.9425215946,45666.5055536438,89204.7080180914,53759.673338878,70299.5833559123,100573.338233982,110763.504744523,67780.1416078618,102943.528551819,108204.792557075,56842.4236828542,202285.233934822,95809.4964389777,221464.420618674,29246.5268416671,43665.3961673361,34663.7307804949,63630.9925521342
"P00990",302340.414808861,306936.781318366,272071.030407247,169177.407460195,250811.469308117,227629.873754089,229909.02711043,118122.649817094,194122.785669581,301187.19369846,300089.673460964,204738.374732808,280577.879152582,176507.288116811,232368.779676031,457138.829223596,376749.612163553,273038.314172029,128739.6478943,119765.890792842
"P00991",219519.669311753,202418.264528589,101017.576560304,433067.71234057,214336.022037859,412381.670988144,211124.731584761,152682.555770682,200425.338771204,141112.581773399,282572.375033854,226894.486190521,249818.29300651,149825.892013045,271428.985336385,233998.692280613,258449.66643621,153545.465211088,374712.406011228,201201.728176611
"P00992",128031.738265034,126768.716597643,123776.862858841,143561.923060002,155668.097918655,122807.304344419,131048.802966329,227902.16427337,132834.978279693,257455.634095508,65917.4479952913,126161.591421523,169026.601475679,218581.556621309,156057.239096165,89564.5959219701,115899.122380173,197071.824306204,82883.6884137529,198732.605730782
"P00993",560142.967945785,2142647.36186927,1532183.26897316,1100082.38245718,2063113.72921777,1890437.38895005,611526.52248498,1627743.99055161,934197.75825533,1570000.24216069,798133.292311572,2372619.97448994,1036877.36418393,3224559.181051,1090778.42595556,2350332.80138515,1078225.57005491,1602744.51107906,4231022.24668006,1997880.63813417
"P00994",1604485.13286688,430303.536610887,1108186.08485888,1923169.81856963,735949.130226215,1117687.624446,1707349.09467271,877737.928051104,1333317.64016059,1098525.76529701,224149.331853799,127706.472574186,131512.871128261,114611.200634975,155022.309334049,51880.8876943284,546073.791538429,260640.581809897,475459.234468392,266608.937039627
"P00995",363800.604887667,108194.637191584,370620.102620363,164576.279790479,137922.89876319,207254.395101933,268427.858592363,171298.738232813,219240.178563499,94259.7554787635,150607.83856169,141998.067043308,187150.614988381,278219.263244402,138170.086376396,126083.990515537,339732.403241267,293071.69637879,110856.296294317,208135.29909995
"P00996",939243.112998325,325421.164103927,865230.32898945,1002714.06111646,663316.43540836,1128975.1282179,1405364.17710386,824757.116118572,1122895.47140652,1420013.6999028,920389.021968887,1223666.71836302,847070.53236105,1551936.48961217,430682.087444956,531134.893129358,1468003.36633604,520584.541251253,1333423.11942388,1045331.85292319
"P00997",11306141.1790971,4076611.65652715,5163951.62679388,4187826.43653943,3692400.70496891,7248716.73569162,4626718.83829553,2736750.46268419,8098071.4612833,5212523.45317797,3019485.79380796,5904546.18544025,3798222.19561735,4732641.50536508,4115698.87567878,5158159.07216293,8227345.4364665,14210367.1022007,4466049.36310325,3834700.85015531
"P00998",221511.903146816,263721.878888053,208580.983862689,234283.876940708,303970.202469871,167869.48401889,355506.48475416,110587.315014392,247804.722285321,207451.986759977,333107.767282831,421237.58707676,346501.319336092,277027.706402064,275963.040166611,289701.058119037,144082.717028149,117606.389967589,206496.926749424,491091.127739795
"P00999",889540.255427515,758849.251341734,294805.952498766,305808.077288786,842257.244491757,307695.907686222,901396.680805964,537027.913244365,1752205.81088491,1243896.5577808,406779.012771336,1159653.67301765,842987.127960988,803339.084865013,1196612.73891204,515689.583266796,822037.6141507,734059.291198393,632296.002204436,776658.246344797
"P01000",191379.732792259,92993.5327633439,363550.89620317,369498.660827378,129439.368333275,264394.502978807,189018.129509945,269925.623839641,495546.043692147,170164.639168203,410998.851285019,224172.036683928,139222.387157081,119673.257955188,115312.737419271,108804.535155387,308169.017121653,265558.880022011,210697.988355458,121721.784823632
