"","G1_1","G2_2","G1_3","G2_4","G1_5","G2_6","G1_7","G2_8","G1_9","G2_10","G1_1","G2_2","G1_3","G2_4","G1_5","G2_6","G1_7","G2_8","G1_9","G2_10"
"P00001",47064.5648760445,118314.633144195,67433.8604084293,1077386.0501523,149050.101766788,21198.8560142056,502079.816838422,264922.315887827,222042.519586833,316656.074415965,62206.8640240011,478659.605344589,472014.314860066,194038.205195204,19542.9114782836,81856.2122322097,155017.122266919,515999.141389339,30162.3101834259,132220.904839891
"P00002",4819.52945313288,116651.106833108,8437.6469409214,391314.220659249,24719.9487115077,14532.4623411258,79118.5218740669,68930.4927527657,196993.254675406,263443.935838404,5385.71928262843,292238.145598238,473326.276605103,219234.542609636,3644.68655125482,4832.61237042131,99177.535989907,57321.1703187672,4687.99004693842,66008.8377916196
"P00003",8176730.98848737,27224.6926635803,26447991738.7844,217778658.42408,326537721.823076,67254669.29511,13752348484.2283,2609233003.52989,97965433.4127578,19994.4834224889,842246378.32129,774916.655787308,132095.158931358,59034.6101981359,487406920.8711,4556352367.90299,202923.33170726,402586767.086293,8765371006.41098,516772.993355352
"P00004",180101.808828473,118227.004962589,713737.906055623,8230799.37519798,16077928.0855473,8003.00501247601,19669287.7730251,243552.107713865,5217053.66680244,324534.814048707,2833482.45853697,334278.712392013,224131.282543924,181135.561888508,73596.6813528778,42319.2949025804,206983.389048674,71396.0659327645,1879830.35922752,88798.8181897336
"P00005",43226.6048957263,101300.501741247,114953.646724312,1898063.76627583,825482.28887571,40153.1608179384,563403.213914469,37742.1881220759,578902.772685923,245079.57602157,25389.8466839323,425001.418177746,477177.948695241,221718.494878205,27774.3164820386,347890.634496529,179797.120090294,1878736.3512929,1101294.7598876,121948.957197059
"P00006",34445.7377919364,100369.485934846,187053.499394004,1279775.25215458,305996.243772044,207242.560230089,1283135.82902747,168898.401799318,2498937.22344283,254125.145374036,140896.230926854,479206.542943186,378257.257675397,199597.753751022,28969.6318142184,84678.5795259807,199997.855113195,618281.354317478,702900.726940335,115512.045498739
"P00007",521930.319497969,77864.4187645484,40179604.4453811,3218510.45952576,4753466.65014281,602907.475154687,6103878.13773375,18017725.3584384,3619755.654729,86421.1351250347,399362.723656347,619020.800056726,448810.36153697,144704.365889146,800288.941662374,953240.419936135,186256.310230026,2701599.97279469,4264237.45741734,276600.778696651
"P00008",56850.0393015405,85726.0372591796,130466.247863067,6235032.05933083,1461789.00560556,74262.2223020035,1138292.25593516,4990596.1190828,3396176.02333198,154334.586980607,1190745.34409913,437340.168067972,478967.810019692,177402.612056399,59367.1596895619,5833594.23559113,197976.782459842,466098.550598671,885169.547770454,157214.986940417
"P00009",66279.2192115333,62924.0199080107,5053639.48753075,38167798.9572004,454870.807358921,288929.930385089,3366377.68614604,921222.30223652,2251818.5515595,123887.000435021,754571.025386766,547327.086707778,314953.249153785,127002.451646044,370003.193301054,231089.105521382,203086.339048105,3376930.87644685,5463126.81720248,216789.910277832
"P00010",17947.4460800176,108349.716439389,66003.6699804875,411173.721117151,277943.524342599,27438.2957029574,177184.390069835,58968.1074074981,447967.507074415,249250.334834733,38494.8430845307,295845.112789188,455819.618899679,222598.768444704,16347.0908808566,30273.6211328816,147171.306431425,180310.986519246,35151.0090804186,100720.377557556
"P00011",27503.2924498397,79327.4797146431,6954212.47155666,5478942.66460304,6013314.00969765,76194.2695359929,4910146.26919421,5785526.8831221,1226070.19647223,161158.346716746,113011.491792223,512870.855217058,337197.620586832,135704.993214025,49881.1024454386,124490.332605347,202740.441575339,544484.447052071,1151466.5998541,198940.067392174
"P00012",27073.8749052583,110137.090924424,45447.4300330744,561415.994463602,188033.877201054,92419.2538260633,1177382.01117795,288468.41634246,891587.481099889,295469.475444762,11363.7807325462,444107.587369077,437886.920610402,184701.397177493,8611.1012792655,289133.213726897,172135.547837459,458659.227938655,78241.3756915645,134667.313360057
"P00013",145770.660459191,81582.5813138897,3739712.53224201,4114088.24143338,2635449.82299796,248256.195835137,2316918.14521517,2985152.68708932,3642987.79551324,117609.825670405,151503.926636453,508991.735544575,423244.759772473,115561.54455961,137432.231803112,5995608.09967226,203524.404297965,2263087.31574832,1947789.01809634,199697.996688876
"P00014",21680.2570620679,72859.3140332738,238076.903315206,1234647.77590323,1917209.02053618,190599.865124956,4316851.12587118,1334862.61693313,1094173.0020124,198327.477147534,313030.257670636,516990.987866621,446438.312948965,120547.436665676,118015.770408706,496802.497008994,204997.191179845,2270204.60398343,3183635.36599255,211433.319405897
"P00015",12087.6751821301,92106.0265052697,8520.09005775519,3940296.30934357,242738.39851002,23328.9980007876,498533.096341159,132780.334603801,662057.105887876,303720.753130624,19197.4223896161,393536.344043524,462516.710680674,179706.946531012,9539.02599070936,19483.2388261396,161001.892646553,114378.325803718,163818.451590767,98604.9025507059
"P00016",7578.35456362225,98268.8264405951,97026.9230501466,317731.957039332,212722.45505104,13118.3654042468,262680.309757987,96559.6158222687,275627.107871191,320033.061308468,53655.0967822757,270691.772951793,478888.846444579,220121.064982978,36781.3806836302,147090.876169571,167337.574111551,147121.235214786,75369.616587566,75496.5072714894
"P00017",49327.5377493182,110771.310241824,24765.4004687295,490554.121752985,274351.887620244,71651.6876119323,179425.920345015,185319.238191127,760094.208490179,269933.213773167,36809.1834562344,406231.694420093,477587.6684119,148047.626761923,31530.3605053055,35242.8416639302,188576.749911714,174870.342253014,165190.582968721,156794.476945392
"P00018",1520288.12956573,30657.194983724,137859395.969756,386025351.616682,162073995.946251,9270822.99107578,925236539.11171,2072974284.87856,22763722.564285,44265.2333377895,65687752.8486466,654080.669050963,178630.506066201,74774.3605876262,7313794.42541928,50173028.7888989,203064.530459912,9488446.96544137,581631748.807482,397810.845960836
"P00019",506172.670906924,41771.049810868,33229557.5466639,99653310.811059,28340817.3391781,1694584.72928818,39896908.4890141,45154298.5838817,15609530.2403989,110243.852304393,15935748.3479434,609111.893775764,193390.329831042,93280.4802553776,2917399.47195948,7752851.93632118,204027.876809942,14265544.2216173,26071098.7673807,223927.767034868
"P00020",1435.7809629626,102503.62564935,666.097803697132,99367.1071499585,9558.80368070253,24585.2536831376,31771.6938009036,34940.2431077446,27107.9007548159,320906.752348145,435.926201039437,329816.713666234,263562.551435433,215136.876668835,1551.62646614706,6054.85909592347,60300.9753672791,226039.415063617,2011.57800915584,120925.569462514
"P00021",167859.781983859,97383.2768869774,422298.462209448,1200262.63645136,1072292.80319008,52931.0573286749,1952717.34241913,245566.783590311,1049594.96953275,199409.55980716,60155.1319485098,514808.115601497,428018.122731807,215932.420758211,100763.518335631,245097.593960346,193046.56999622,1637622.87809683,364652.154606859,149641.715046513
"P00022",3287.02318208141,109945.560569631,27196.4807576058,343202.355847652,489106.474220802,22231.3969375199,478947.931517917,347703.035298268,555843.841628184,323285.543639025,27390.2108539309,399810.75736685,446647.675747547,213839.635746355,13144.185466102,25352.2842302839,176638.667166946,55299.8345963763,46225.0067856544,98955.7064032672
"P00023",18617.8206548073,117578.922530645,17686.2051385775,136820.240687715,102429.400350365,65754.9142334147,59464.7798305216,50803.3066940292,238450.228203948,310956.4401569,14328.7884459459,372695.695748944,374703.707070003,205136.749569764,17259.0655057519,12097.5080384317,120450.33426284,94873.846946125,35481.4667544415,103010.460466341
"P00024",105834.919587289,56070.9388204197,4100080.88805479,464975.756748131,821610.188930118,307090.661429816,989925.22632854,74542.7259582321,1126749.21132312,149534.776048313,162259.791890088,549707.366104729,475093.953463707,218681.755121771,316935.637586863,218382.82528969,180602.646559619,6964014.21077159,2282262.30858927,207276.23319703
"P00025",184716.158665202,114339.640420355,2018989.27605831,3902093.34321463,1979064.86141806,1084112.41349702,5065515.60166415,244261.422510782,1724319.85558618,133478.03792369,142342.854859206,542396.424291408,401407.62588047,172016.811207533,215977.481807023,1129668.67142599,186691.855648805,3549170.98279387,17063689.8530271,171552.775686271
"P00026",57045.321069382,90136.129235665,74285.7008588725,150898.941955894,278687.065741484,111018.017745576,174681.776789056,69770.3831010337,805080.564675707,172525.206824218,51159.1112738336,405534.323679054,474501.123002698,171605.842533485,199112.123864422,201055.636888809,177687.29565083,939295.451089932,92180.7403037245,160079.366736883
"P00027",135741.980266389,68405.7465192824,1456190.956002,5763443.72563187,4514154.67852668,666866.837813598,2075292.64983086,26892162.0243789,5702182.62054001,90374.8265793878,5965844.417484,562696.765148789,405064.803057086,139801.242768777,426346.111283437,5822333.08984687,199005.602201427,2146607.38836289,5800015.22618763,263989.333351885
"P00028",9905.63773625442,110667.837583393,58986.598993787,760450.246747854,1187793.32613464,64711.7627442903,8449065.08263554,1045085.66585241,407778.310140769,254519.408588068,128094.866580405,499380.793953038,382228.08021927,195891.946685805,25823.1268508233,322666.081404663,183799.185465154,280617.214986947,562202.323451564,95748.9334108227
"P00029",27982.132621603,117901.772022155,442554.900720369,669979.326312094,258295.268458453,112538.525059709,771008.528756639,232162.429691887,2052903.402898,288467.11617203,9197.66650800966,438259.280262903,473402.605886885,182313.33611975,21928.7137497902,126702.740108702,159518.172641289,677641.085195656,63578.4855905841,151362.547155751
"P00030",4893.35163882424,114601.854804053,48447.5207085282,2292307.07301002,85746.2283617193,15190.6218158936,77310.7160505429,128687.483720841,949217.751807964,323961.995950113,40848.5143618929,373930.626405806,477347.433340492,215720.019507112,2498.99222185402,37628.6519192196,183045.973831011,90118.1320469528,14475.2278501014,94203.2994293789
"P00031",1061609.86093817,48237.8670741931,155231373.827754,459119.733118924,9981857.36176879,1973212.17569991,42313506.8849051,32200338.1422115,4705627.9165043,55997.369823012,697332.702715238,622368.212097575,283580.77453198,145729.001129137,12524941.7279661,2732511.99965121,206903.146527293,21434928.5098564,619861999.15674,254051.385422367
"P00032",300407.543643303,84873.8628181687,7361042.99877503,871686.271990164,1701809.74026346,1058219.16067305,8963549.12280287,2567301.41384737,2657690.20841638,159866.791061323,1690030.82495568,586297.423304505,422549.807604626,201405.394077965,965315.619696508,1579422.35674129,185070.964942319,4048223.4405781,14481788.2834865,205011.402487376
"P00033",25158.3387354601,115323.427730561,1605435.87961112,16633412.0240848,2337968.5413505,38494.6255477745,1258569.01801377,5789645.53886521,1602058.76648736,236721.869364794,201299.014424225,529670.662272979,373970.242298819,124404.289450017,181879.4672678,3384619.95994034,205974.631121296,408562.279672025,56025.9383229813,206079.564186761
"P00034",27920.4989398927,118222.111594748,93078.2241226904,145881.468259427,213083.230611574,40216.9563240285,1933940.31031842,23541.1962104818,953659.970752805,254644.389751921,63884.4748307406,461304.842961911,475453.759561328,222467.015591369,223314.748663635,6696.14164416162,183952.93319624,327199.382171335,283617.625660657,109589.310487948
"P00035",1680270.56196721,27162.6279072689,3624827885.62709,12537337.763376,32887121.5028277,11383311.4290729,540773793.349884,521468999.626123,13696756.8218795,41177.066245613,21511463.7267681,675971.881759538,141690.064404149,102690.889354368,16415379.0023655,10640760.5419522,206889.041418333,53942884.4062522,283879348.933969,483769.030788187
"P00036",33156.7873953761,89580.6685230585,118039.55294666,389872.137289235,137797.744342331,67990.8645336583,522250.078698233,96387.0226697944,618201.179879992,290829.841467301,72679.0386748975,448349.068916064,470925.801873552,213498.868672462,12943.0011760858,35887.1273811134,186587.900905509,153075.404615178,11264.6572082613,136023.209776927
"P00037",652984.407418516,50849.157545963,184128487.961871,32952459.2972851,6834141.15610065,2160752.01312749,343652096.340078,105200582.373372,10755114.7250242,57869.2330506226,11490943.4599909,620903.372289097,196140.743827402,96921.4540277687,21934337.954599,43828899.2858356,204333.274447736,42519168.7247797,30512179.2861369,306489.208053398
"P00038",113802.026414505,58542.4055207791,200686.97530831,605612.551278605,3268442.2687493,602468.633874453,1395450.2118615,4882095.14531646,1882357.11890764,180309.553441558,462791.3855791,549666.766591691,412608.079739094,216068.324939645,673192.096144701,1768988.54221954,202792.564284159,3112153.7488507,13601118.9345692,171264.879962652
"P00039",27248.2248210831,118184.31710998,1170801.82123967,246743.595003163,316758.428442489,176822.147185215,1125284.22416427,52298.2283418523,1396527.31914835,231831.617387634,49819.4726677612,563822.494738139,478029.334098836,223093.794272796,194088.186333064,232311.739215221,192982.956225218,2495586.28806532,671094.49590068,118299.798486413
"P00040",137937.722895539,44848.3265076347,14866008.7777922,50551347.0080858,903061.174886847,367556.063497273,7325765.5817061,5949267.96827757,2070346.63382089,203871.936614808,2996329.44900662,552113.047732251,251815.528863796,126396.767036174,47988.5028256447,1535012.75067377,206789.16142995,991030.809291925,393257.289379976,221066.514312707
"P00041",3549.78643179712,118305.65889522,94239.1707185768,227341.784715647,83571.0377016845,11944.4845942945,179330.197744844,46866.3965443893,128932.023079475,323844.66564948,8281.27651730859,355136.497381899,477125.648922497,189563.298711507,2428.19329273104,11423.0756097361,130572.769024171,59621.4878136125,5358.48305774452,107816.401413135
"P00042",4708.71273103034,107997.625604678,5529.2408528559,2020830.02270998,93662.9719258235,5915.35008360251,266780.839721486,36949.9952729517,817847.753401654,294799.831786466,41959.4928301827,235472.03889199,470218.455802662,218276.805742906,1525.55737893245,57584.5202163414,182857.928706206,92838.5906479297,13443.2078210719,134817.05804945
"P00043",352010.700740739,38407.9126211397,19846569.2891016,27376185.5230177,14415077.2751231,697905.539239183,36427435.0895054,43916759.0414921,8302029.88542455,106602.499103255,1809226.18109121,637859.040890453,181841.459753324,109441.533148053,691330.58112834,6400682.75637991,204496.799433188,4106904.09021177,12251508.0983941,301066.699851479
"P00044",163438.679769173,37752.7585695169,14584684.3377833,209654.212197945,13110438.7835808,1405427.4915954,13085087.4998643,8142488.93931106,2680396.31048325,114572.213805461,308385.290355384,596920.595777626,350130.137764105,170836.125130038,661611.864530837,3932891.03936853,199347.45285207,10337283.1001181,5555543.79849124,271754.596550061
"P00045",46034.0224702483,48009.2308946625,2865287.82047494,11203486.1221628,719146.887236463,244917.831854686,15635790.5986797,13891870.2320549,4680703.32534251,187860.661129342,399171.21397511,601136.256808855,304775.648426348,125721.927857113,63507.9735374157,936157.197361775,206983.31201392,2263380.83141061,256982.809512402,216556.750025058
"P00046",80205.2581344369,70468.17012528,3527260.25222864,2387655.70755757,291941.538900965,333125.521170675,860335.832496485,6755012.0976991,1998880.46300866,124611.390454214,90507.8412372692,563237.448437435,377526.202740607,222789.436672147,172867.064270132,480511.123723665,198222.537695389,1464322.31471366,1010592.36898408,202644.691282609
"P00047",187175.296675355,74552.2580749069,547361.023781229,1037216.14278878,1003893.88642341,290745.138839414,13817688.0440836,7112373.64974579,3108438.93904064,152773.433112255,400806.276598191,560093.663819109,431009.645873962,203874.884284623,1200457.2157013,414942.81837042,199611.797856284,922628.197959929,239353.172070445,194210.149301009
"P00048",27407.1809228344,113398.355459031,188054.260793357,33712.7165554084,18655.1094288572,58933.6175905252,163658.164868021,26520.0396181757,289592.866166885,320816.408097111,4620.00835262156,379634.500162435,432494.585670131,187170.369797049,21021.6678384857,9505.19974485664,126254.981351034,92552.9724912091,82261.5327901173,76716.6839388143
"P00049",235387.040058577,64786.4940384285,32130167.2341539,3471195.8162537,7805416.42786615,536958.506878684,6290068.52352688,10261510.8138088,3328694.08132406,107640.343785315,477403.880580487,540468.244243004,334774.355599233,168953.246449722,1934858.03371095,1733856.85379346,199253.162692936,2401591.43673061,1545106.24152874,236623.336964442
"P00050",664942.893340898,44445.1377936686,6087185.92739737,847435.574600629,2990687.59796628,2005846.63603583,14971107.8365867,1505914.68207605,2411455.40725435,111788.363820683,2570121.45298106,589513.064769976,333577.997808192,155587.39683619,2512983.44436162,3020588.34966539,199802.404611068,8897779.41142723,17677947.4085511,194101.998826525
"P00051",276155.304246996,37423.7288785816,70675909.5216781,1794917.21568716,8981733.05708623,2139461.50192054,8967641.27187588,5678848.84140871,6631524.61560351,85402.2101593748,682440.562320772,635315.605870093,284828.301381262,164630.339787166,13604895.6837909,12645375.8842235,193781.726354617,9805576.10384975,31404818.3363328,261029.876440303
"P00052",2008257.61920959,29368.1536329268,56734325.5627802,61206864.7173507,27453756.5434585,3830173.68584157,226893504.089204,170126314.86973,16515379.9202238,31059.8776641312,17858709.999949,595270.972722784,171847.470692485,126862.561594249,14985244.5157595,83973820.462826,205409.976166782,14095468.5148822,17748933.5048511,321958.20747854
"P00053",119838.72129818,40132.1568155373,6131933.69608752,3611172.54379613,19854554.6300779,605027.817557756,25557601.4572684,10453465.6999319,8015862.30175088,94392.5368848158,3698866.31624215,572158.599231312,360105.095474312,127566.885687298,1023046.69475269,1577660.97160099,206765.705273129,2826947.32066962,29461666.4864033,184870.842894791
"P00054",10713.5520614229,96628.0452227036,424296.418957557,1633358.86867409,385205.247705365,37011.9235582086,120673.479804531,542320.049504145,212163.371568447,306511.299465406,242745.146544747,536348.773427691,459917.53470836,196462.523163083,7401.03710852574,60135.7675122481,199757.416613317,107898.518086531,134345.241666739,151906.659386216
"P00055",8703.88625985329,118214.388093859,8724.34789176965,453912.935083341,24482.7089908015,36457.9386646327,262736.065856003,114964.75309515,340462.702279223,323607.690637777,11885.9079430144,368355.775771238,469156.908065268,223090.784742062,40496.6917181896,23795.5064560547,140028.326093944,156738.684370174,20188.0946055851,97575.4189833629
"P00056",317338.614842338,55188.9606091502,1794798.40614029,6669280.14982309,2894925.20182861,526766.842706618,17966573.0015864,6085003.36080579,1899619.59868874,168812.696741495,2119064.54526823,564345.308246221,194350.976383354,141034.217294,333532.59220772,2823785.98418701,199467.039652502,2751497.74963645,23550399.4007645,231427.639701324
"P00057",17012.3780573374,113877.968548613,144727.316452891,636451.5855121,211585.35139758,44221.607573641,245852.270966548,78548.3951699828,517801.155078673,324292.884774474,52004.2627179045,402279.65593082,471510.73972978,191823.917157423,3879.200317345,25333.3589434378,170264.523518181,311197.062881839,99330.0125641512,130663.965435336
"P00058",27112.8648219905,100734.999390472,469635.255722185,1091689.50708606,318648.599886275,107522.100026583,346510.464133431,104271.941593465,704932.6815361,211995.123158033,108164.957767192,445992.821950992,449670.259061209,202431.150620443,37021.8060360708,84477.8614005831,199376.493661055,1153015.3569928,607836.588138934,128177.737559338
"P00059",24278.4297070565,96807.7880325129,162585.943117453,9714459.87038136,215407.353182911,38643.6289171781,1323209.96805099,7354966.60821831,1640860.45542771,262196.368621684,454953.972358352,448016.286918896,438752.590856162,187397.361185493,38496.7118736385,168606.672666484,206447.159802037,4641289.3192839,756011.524875501,157292.561213744
"P00060",139089.033134406,70454.4322597727,4979697.50071417,1696738.69138223,11572710.7593604,885067.028450257,5028419.33302428,17735106.6855528,6373468.979994,150417.030515462,2726048.32624968,561624.219310957,326109.337163813,140200.758393723,541028.770210452,7631806.99988866,202363.467492758,2719517.52617407,52651769.4498252,220142.321159317
"P00061",211014.320515305,41791.1351165434,19260026.0228662,422001.932324289,2174026.37290376,951017.048442807,30062292.5102312,79229324.7611446,4315890.91679639,89481.7252015126,294198.470515117,544419.612972553,347522.650020815,112103.103139892,2339521.4940839,4444972.58916984,206301.824133064,3188426.53337569,31383378.9509414,226563.432065631
"P00062",157255.965789464,106488.325201614,1523883.29029985,4736625.79639997,3203129.14264634,343200.620705786,7711946.29618004,36067047.184363,5530352.45295785,207560.430954588,1596616.75273069,544992.578154175,381138.923764819,168196.723448862,523563.42408251,2871965.44185755,205858.867515771,1045354.02584326,5688804.39744379,240926.393148796
"P00063",78880.157081821,71811.4747573524,276253.050200715,1111787.20893819,822940.872021282,212520.315985633,758147.884209047,328900.832253176,1123020.72901667,216060.393293906,561043.425866102,515429.914890294,475381.715134786,194796.540795615,42963.0081685151,115050.914028185,173601.261606737,3398465.54678872,362070.572696904,159677.762504122
"P00064",10949.3984452327,102043.750079593,36909.0392936501,93657.1455394509,57815.5183160885,383754.064493905,101467.617359577,1503915.86716021,187222.356791983,155266.058200931,9808.95873712891,509873.195572708,441699.274095551,219126.993963315,37922.6474318477,339527.197619406,126769.934937383,636935.519083702,79778.6076273851,187833.830155499
"P00065",170054.563395264,60150.4321678631,3372740.57768264,4374817.83908729,2140037.74513531,1224910.13568466,3909004.67814767,3484371.74261398,4272521.50048574,213491.582935709,2187172.87462924,602295.366754566,412925.802526164,194022.166226759,262528.266878362,7732478.52029459,204267.586842591,2921212.55993441,5467504.54389548,276141.778834975
"P00066",14321.2107367114,111645.222774579,424310.042786039,979453.244043566,262833.409699737,17313.3358000122,639521.830473265,56982.6002941702,457245.13056898,293711.959880636,235508.680054074,358412.348080782,409981.373155559,168637.079247412,12020.1701574995,84446.9943378777,197505.476642628,153854.73392252,65981.8242459246,147410.396450209
"P00067",4920.10167382566,116172.316959124,19920.4072962222,96289.2769625534,242378.279051298,6128.52108275232,156252.919688935,7633.06750122094,370977.349956534,312523.892945211,8369.21385554048,293160.798700128,474659.430457054,222346.800266261,1418.12006474999,36707.6626271822,148356.189072299,40198.9837470771,7429.95532626654,96576.4118498644
"P00068",94434.1125772452,58071.146062488,3998837.4362273,6187968.78738258,3470695.50763427,1129371.11166092,7665517.16458077,6294988.76755184,5757675.22276008,116556.557106295,1800784.42039019,586543.729686944,250349.131501354,149215.055976742,108263.594617709,4326003.97353196,201742.954140984,3562851.6244807,795867.779838956,176473.711068859
"P00069",83184.7905149247,58832.1093281713,1942120.57968327,433233.390139518,444000.136066958,396339.889940667,7367155.19204429,568545.270605764,1751218.7614755,169681.007682973,23602.1761032312,484598.760583245,459940.275096153,167124.843286279,445404.361195195,860238.223990374,180032.393205606,1309506.11165096,1281426.18048019,206938.333720786
"P00070",21638.3344309023,115814.418698007,166970.76064267,267356.89612361,59848.2072375974,37665.8045104722,277165.675744779,87761.7397446492,412596.146717277,314127.324653061,15355.3350798245,412494.185160031,457297.498348034,213745.057744477,23573.3643947107,37646.8420885333,178348.735855026,285137.751452255,256159.468658707,112000.317285667
"P00071",86196.5130989564,46203.2485915398,5324183.05012183,4992790.93045919,2334315.62603967,699028.112042759,1933658.67068468,94125973.9744702,2272825.42331591,124568.129608976,271464.223979955,505308.272160946,358039.121732242,141637.576949161,906670.332812846,1412929.48596472,196334.767334387,1252227.5892086,7318614.32140755,248547.777706264
"P00072",110556.489313653,89040.8533959035,318398.50404595,265245.323857779,529186.669626092,139567.557403904,1124000.95494313,242709.294781704,1901328.73872485,203798.431679058,47994.5680936385,392530.000031953,423056.829552677,208938.610872593,107534.144284387,327236.966712075,199508.629138146,749662.912221991,175074.220104655,152984.291513017
"P00073",128125.548872162,62732.9416703606,14373535.5160633,955538.127171467,952076.896954761,403736.124677342,2642459.26218042,1789192.76291123,2957485.350491,187056.029064847,290584.508116061,520578.940948346,417620.138360299,142919.285309828,131330.584412504,3015436.21583182,191007.787165281,1287388.38625865,2692826.8854792,228798.299760586
"P00074",297130.810978943,45071.7422697036,3498420.61483532,38134667.7000089,19828414.0693123,862891.700788921,2540504.4462846,30074824.2951953,10614743.7505017,93867.3672495117,16727171.8745123,575216.73641347,272378.99521927,118363.210622458,9521825.71762481,7765353.11661821,206001.355196312,8596886.13000189,68099816.3888251,294109.146600682
"P00075",141249.49849234,47058.341955746,41062130.3436993,409906.703679657,4755084.63575951,2566511.15057533,55995982.3874112,4855493.13382473,5830830.4881,106827.769309468,4936535.9048702,606373.133363145,389982.188061991,189287.358631813,56511919.4832926,10548515.1146028,188619.588214085,10505003.014999,524057423.641393,219590.111481207
"P00076",13410.890510001,117440.044971547,58417.2020242068,257432.223420164,69471.6940097148,20671.8732802299,257410.457857015,26171.1542408155,333341.848880498,321527.264426049,10065.0214607379,353035.805675763,473631.338751389,221149.534340596,5371.37360300596,13903.9062974638,144643.333842608,63189.5752050852,19443.4855772252,139100.521485468
"P00077",90005.9841671327,75674.5104012266,19768464.2443502,637949.773239475,3749656.97593644,851551.862914049,7765515.87186642,3765032.62857447,2145654.35251503,160312.478874178,3667299.20556429,541730.146028651,388122.505950294,182400.343052247,61119.2655531763,347232.782935387,201361.107510039,1168606.39897407,733963.195486431,177727.753211613
"P00078",13210.6911477997,95157.3471387571,706587.896204737,5467004.22368317,113030.909620989,119129.176181058,1299239.83807292,73913.4784687377,1382703.14814706,151804.74816566,220614.285432644,480280.819465833,431952.068695902,197146.591884527,230995.004197949,889441.142879004,187961.145394645,391723.881598206,39279.1660083576,165603.788725098
"P00079",1995.35918257645,99939.0602353478,3906.6443241311,38179.161161468,15432.9254624828,1408.98169264771,9486.42789404314,6218.04163051866,110773.363406493,249939.230761315,6857.63409650032,131859.457738802,371122.295280231,150948.785607444,2965.24623079184,1657.59008086772,82788.8538928369,23038.8339879488,3714.6864998776,64630.9274917806
"P00080",19067.4249000938,90814.6028553144,61416.0399866858,19832.0332983057,81038.9758798315,21420.9589438589,91206.3404371183,22116.1615476958,469875.593434344,315044.621811035,4137.38838208644,482722.391507781,401747.983951554,181360.546524836,27085.8949417361,2366.94975165335,122412.705543746,44315.2529877917,6357.13437247695,98976.8829317017
"P00081",5648.43398517998,117663.920374871,24638.8755736957,7827902.51175311,116416.954037176,7527.44049997202,563388.920215038,80902.8005751312,525991.357190241,324625.26489176,11380.3981630567,336826.726560993,462285.946070651,172107.853690169,2023.80864904836,46378.3869214557,190941.499735571,123456.046853696,4238.16193763566,120117.528906496
"P00082",72588.432448328,109234.002191942,2242038.83364457,2675240.71297709,447738.294054231,62635.0837723475,2549467.79106262,903687.022520692,1578392.91907432,292752.93137278,44629.269728581,450539.539497767,475846.485061455,152368.910615516,18765.2621681042,105046.912482604,193327.563515419,115860.056903848,103488.363335685,164886.487187086
"P00083",149775.989379126,79548.7234223613,1056051.21245269,5785759.88960915,2644202.72465728,539526.268556211,6154728.01564307,1294706.74154525,2120718.1198365,176775.071149207,713022.583843499,578161.437781819,322989.178294384,132008.620116474,62891.3960243015,2120914.53638195,206832.164164611,792811.958303152,1597206.19209104,200145.69068325
"P00084",137605.694505437,51557.3570752632,2355368.18040075,385527.667092669,478303.759360071,542116.105284988,7186203.93972968,289691.643133838,843989.113986016,61131.7030854895,267474.069774827,539506.174835535,424325.34353937,180803.605538091,553443.671865715,1579964.45420521,195195.197999593,4031374.21230594,6836624.07929988,198472.213369723
"P00085",10448.0322870641,112525.783857598,43696.6875568708,77886.3688365363,102943.173855852,17806.1656701572,337584.814001974,67627.3659574437,151336.977205464,324512.002222124,11076.2250737215,472252.756078819,479647.906452406,218814.588026015,50104.5451786351,115061.060633785,152952.241361243,275440.251212803,27864.8156079361,126671.814840489
"P00086",75151.0953811162,77562.55786721,265138.094861705,2258652.51911413,3429109.35999955,164358.21975256,1257251.65985096,5929337.34541264,6670360.8530761,192502.90118366,379797.896223524,527614.164674046,364639.867959152,148606.290135165,241280.96000125,2389718.12272504,200148.428853208,340470.832865618,698215.159080829,171973.741973684
"P00087",152084.869040843,66493.940760826,1469106.97040145,5251105.33364147,5062448.9874487,312914.717341066,2019102.58107413,2078993.05143877,2108893.43507086,144223.069331489,133002.215406337,566775.322690182,308580.636770577,155721.643591998,213254.699914659,75175.3149973675,199731.965066773,980108.87358985,336958.351648108,222488.146227999
"P00088",87797.9557921683,60321.559212991,7207714.56426732,3110809.28658049,4260577.9857618,239120.948440783,4696204.53441449,12036660.7886383,2684480.51212612,99658.5454433687,1179201.38316637,486985.982344874,395196.681488075,152411.018557175,150052.706369726,967889.394460596,197223.127454923,1604067.52116639,1382805.23882717,203652.135160758
"P00089",175886.905366633,54603.7341106968,8839663.19059281,112063545.258341,3672266.5244251,96363.8378933902,1057051.5256925,2225831.72255607,2517324.82913027,174890.996192303,383468.620237242,484505.760831666,369402.017373196,131150.88333854,67886.3653658961,350881.451904263,206942.329423821,691432.187247587,410812.164298077,205264.859060383
"P00090",8616.1362781465,117366.547320295,442525.360841236,561171.484345762,75203.8715821365,79986.215510871,689403.950385258,143201.899096153,353280.079625196,219993.027829928,9512.13942876522,490841.942575062,463270.822789739,223125.365326145,15728.8983753887,27109.3329347279,179903.711982035,366112.294109446,76964.3497527355,138538.271361184
"P00091",122205.372696668,80907.1723746439,46470.2965166661,4232227.91266723,2181190.59677753,67223.6541527539,528413.138374059,5568733.22691629,907889.615568585,193893.056308757,180227.38122252,558027.824679398,376172.44458096,133420.434643926,109316.199484573,436094.387295863,204228.981931834,211571.030724082,271038.28932594,209871.783060115
"P00092",1079162.4103082,40354.6658986483,234402681.163313,2265681.51487574,64096623.1642349,2661151.37441043,67584443.3749315,42423316.664576,6411003.96712529,60225.4547334811,7176137.31566209,666224.226775114,332437.18556769,185502.053240954,22829069.2491513,13195249.227987,205537.640927863,68016091.3177844,96008175.4745988,278566.830631866
"P00093",63816.6172581017,87355.622999658,532907.259410619,3438857.94527884,1280176.65964889,248241.087288631,641955.049291187,413076.988981424,976379.656308832,210285.88481677,168302.153396159,548722.374771357,384753.980262371,144283.316888235,388712.900595918,215673.031362685,190501.237845099,1776114.58019006,364397.252024048,197068.659022521
"P00094",118610.609844833,96947.5520630741,84863.8222449875,356213.281055814,1018811.81526896,48018.9491473716,1590091.13741852,284993.983577431,2411806.86437826,191425.143624989,481243.90565582,544316.593698606,394311.488347725,186432.022820225,349901.899421652,428935.861749527,200317.394585118,656110.889229128,1124328.38661324,190362.189012
"P00095",904.667441323617,118194.351220287,190.836198335448,93027.3385545364,1889.75031239607,19309.7818957755,3348.36316621099,48465.1285341895,10249.9206893328,325413.811037814,248.933906603232,349254.464622259,80339.2470722075,162351.269329398,636.663386405805,13302.532576944,15452.36238363,209790.378140375,339.413673302356,91200.4269147983
"P00096",57448.2668656398,74043.6174015979,9825570.12132928,3239633.26193309,8707310.94719512,671536.835499242,5833862.62879838,1569160.48747311,6472788.69050425,145513.890777645,258532.151928592,581152.240827761,413694.610333752,151394.616911247,916820.741915927,351242.427825925,183276.439857983,4990546.39735923,10612321.4022347,229980.455511796
"P00097",35435.7529053135,104246.510999187,84221.2819070985,1045623.72777951,262254.256404816,32892.8326210074,769762.412915778,104194.556485751,1233911.66919901,299626.043060224,31126.905151978,342316.078509109,456303.610323443,205582.071912344,13959.811145583,76844.2637435697,184075.362802307,59715.9048236589,47970.7211604574,132071.498199925
"P00098",52265.0121249669,117381.715540469,345317.683257697,527331.066185625,621581.697429267,87752.586877857,1083956.20817201,833331.799298287,1092078.16359793,227609.402505107,66691.0331241078,475745.582464569,435308.177930781,210265.5551875,144482.7650568,97000.3911969417,155901.412977298,551159.943971753,119502.782466023,115879.775743289
"P00099",113263.408466378,94053.471561785,1998502.43890428,14736657.3332177,4131330.57796433,357614.206859361,6134444.8038868,48435668.9629795,2412785.82646971,223314.762033995,2664080.93765714,566900.221211575,379665.850558271,173364.46009167,68549.0142305359,228247.54570618,205744.658319157,1648996.92955069,949372.090672122,197519.699613417
"P00100",31306.795896313,37677.7200967876,11551154.3726081,2566470.98115436,2407596.55212155,729708.765967234,43136429.7216077,2392695.69810376,4691682.55831414,77548.3907522747,1090510.59820618,559203.588991316,426734.274691962,133986.103320685,479978.694174575,11849139.2496986,204067.239881971,2165079.59705547,8375877.61902344,186781.712598786
"P00101",27292.5781445619,118289.571555216,1774870.59653287,1406065.07239248,558917.840286779,124075.893310953,253668.108490036,738600.895745679,333842.158616537,303232.571664632,54440.5533180255,310828.314735718,457484.230745832,163841.221680045,7297.56742726362,75995.3534177231,149049.581146621,130123.786416739,78798.3089424587,121938.285173461
"P00102",14894.056573856,107180.72094728,334148.902624732,178607.143128492,179015.399648445,248829.355811235,153391.368902048,55535.2152582715,744872.924176903,182873.948632494,74358.936578219,497921.899325186,449824.531132249,212406.33471941,39293.0057407141,132438.238668703,159282.995172148,356620.541195013,133787.504596581,145717.38031733
"P00103",12140.4428510673,109717.675784913,177127.912060662,496695.35623218,315800.870172795,39365.055123215,283306.492171631,316038.059578065,655814.205684843,186037.978444441,9802.25201064374,437344.515732399,473592.836454904,218003.867772494,7304.41983577457,45337.058322827,157036.767741238,79340.2030930672,224974.433403401,125573.383049948
"P00104",167626.07259779,52493.0864182782,6933138.09019457,10445889.0739017,3479620.73372176,197553.139553048,27113702.9584918,25610069.7544555,3495729.00611704,189386.283676331,5708185.7626965,582713.59538985,311029.32647064,92778.2873336718,459454.99560209,9989585.29166418,206759.92513939,4204851.8475485,2245021.34512095,284601.409229742
"P00105",33414.5583235256,117822.804380065,140584.499265742,111990.617861607,154458.096023034,78731.8644815293,496588.620698848,127216.067605956,587426.519146362,284778.151167561,48738.4025964541,452811.399932665,467162.686591015,222058.858381418,85197.0033879686,47276.2850889175,127487.259162451,553539.526094447,168553.874471342,139467.519962786
"P00106",28746.6892033585,118316.849166825,631299.260492481,4511226.34904907,490286.693049499,40817.9355720548,2110897.40435454,1157608.3572783,782810.216488207,315326.727695089,60580.8478019902,499080.286008431,421230.092014341,182157.994398055,8016.30256701719,565705.487368687,193647.004076897,458139.467008475,150566.949386527,135561.161258593
"P00107",1270821.10625019,31206.8137350756,893880401.527359,89240151.6149147,33166892.6844791,3604263.0916336,119359381.237576,1085897268.96874,39074599.2910885,47116.2973064552,63269868.0577133,663398.719877429,228704.106543245,64405.2359147456,22856755.6784604,134191388.271936,206697.090156039,59809854.319006,71433632.5924085,318424.333039049
"P00108",144419.212523087,54015.1372446446,9964413.72654358,19673934.7875041,1268286.71124275,299391.139756553,17044949.5447369,1287824.78563768,4488909.78727381,213859.304181234,2067633.66270712,613473.286632274,278805.261119088,111044.286871929,469845.225835506,4183170.68387157,191702.505110814,2164204.67689882,712009.248261073,217325.122292046
"P00109",13502.9340877402,116146.18064859,278045.263220987,1379601.25270533,200109.332520965,25905.3051633967,669264.34546056,178691.652876724,2153570.34028092,254960.955806654,63766.0555333737,438906.924007368,476536.486859513,212805.113183835,21309.3490126031,30684.5075632794,179863.795565035,134563.888573046,11660.7293344485,133634.434048872
"P00110",529310.242376396,77865.7427542781,7467502.04823974,1956031.30127985,7984150.94805381,919419.430369727,21951289.5778886,8811624.21917545,5955170.85459709,150724.397290647,12586436.2134047,577017.642776499,295567.486010962,118769.907852995,124549.004380951,6523071.63332306,206452.853111982,3339693.02426105,1342292.56246088,254521.241407495
"P00111",111433.305680423,109070.441165685,660078.736386456,592792.671785992,841044.320179472,313185.959395893,707561.133736747,708973.379022366,1033930.36211467,195107.484331125,31180.7602417257,559352.969491987,442469.923732208,205003.832718202,69985.4121536805,269339.80428832,130387.214682612,1026180.32774476,1112053.36737395,121009.257487437
"P00112",31921.9396134597,94189.5903486302,1090008.00866535,2535201.5727719,249645.473650333,64509.2545362757,3195191.71472191,925366.208972668,1400206.07428341,268423.527787267,52002.6697487372,482335.753011572,431798.867404806,194750.747059556,8805.33633531585,68731.6444426556,187510.109305377,355515.670178431,1507019.08428279,184657.303014315
"P00113",123695.716160116,56665.9899100979,4014888.70517939,1726549.88853916,1044394.96783507,268274.152373217,4826947.98265993,2001032.51303041,938394.155238051,119560.337609267,292771.943012876,556890.706837355,471243.84649206,162965.917049155,1043306.20390912,3601232.77071398,194526.416666075,1764478.09354798,795342.376259717,174732.663284885
"P00114",239269.674488005,47861.977472211,68585995.6880691,6190272.72865454,18801387.9720163,3341340.57051376,59486387.4095087,38533620.2666658,3852616.42522497,66255.9034317896,16304777.6600455,642899.662479265,206539.861017781,116789.158630086,12314797.379515,23780325.7129664,206804.17720398,17465187.0490611,11578588.8512158,307437.414275279
"P00115",11922.8495572019,92067.4099988754,148982.468184291,323439.038756914,787777.962847351,121540.892891451,194361.604636128,56048.9602770036,412100.820864894,209729.966103943,26655.8691482502,458041.145645437,442546.523380904,211862.349190246,73761.0296447575,33712.1417455702,176366.137229799,712785.416725178,327209.929287735,111015.095193131
"P00116",33919.6476492741,70585.8705721407,93404.1845597132,1111890.0881278,128590.285046518,231874.183192939,211536.793424392,46231.7246571406,1694395.39817583,319812.315240917,208878.559398531,536506.228760209,439737.012346418,138462.300584548,95661.6294969815,116335.333755728,160140.208337916,235627.014173627,255428.346286745,147227.355240384
"P00117",123504.548698436,73544.9153501488,15905871.6385388,2959628.5833327,2759393.46700838,769903.661509327,4759205.5684648,21832276.0158892,1554176.39265196,124511.876186955,1515506.90319627,587922.754062194,390024.437229063,151429.639678968,3176725.87760562,7927717.0055431,205837.455998394,17865451.1821826,2285919.54014939,210795.008738432
"P00118",12773.6187309613,115281.627514355,7359.11059160537,1210886.70978244,58948.0279290805,14970.1701087024,339423.264685662,94483.4509898232,658920.444152166,318803.618334932,26058.0027981491,275630.12848687,469005.956344101,209786.338685887,2610.96248914119,136132.000246705,192476.079433149,89760.8332818841,12129.9916330996,154802.046580861
"P00119",23162.547707634,118036.872692046,379862.550869013,807521.957774573,253530.515088892,29863.4489337887,3001608.66340432,43879.4090718706,527470.581282111,321727.723478804,170464.064373943,435554.403934415,401223.758735558,190902.744116346,19708.0890968218,773383.043015125,174153.91029211,138581.027498334,136467.212874509,171976.597901768
"P00120",178306.269312715,66030.0606435257,15046371.6287813,4116304.99334772,24299390.0519341,881669.432067586,14570272.4671004,10890489.9925671,6823969.11377759,52980.6549506953,7255540.57983831,592967.252607451,338901.071219663,92532.3704845466,1559392.26943971,8961347.66094216,206003.887820265,9097862.03295131,3753360.99590911,189393.133011429
"P00121",6095.88982320377,114951.629319221,29579.4242111557,814782.560764606,34862.2388715923,21027.2249152822,561057.564492337,54749.4481387131,231444.545039351,312182.81183298,5507.90691441816,251473.437713447,451548.072030084,222668.991023562,2734.34771287984,138530.348808949,159650.263703786,61524.4972320182,31417.3328940056,81587.0483149708
"P00122",147586.969802293,32294.8665534337,46658595.2356002,14247389.6783789,15279228.0300771,6733405.22373322,356590482.218377,2293074.02328596,16504820.064312,74006.7563802193,18038027.046218,634257.17066937,457426.49825877,89249.9887910792,5398069.66653272,13431240.1755005,206102.485156322,21104154.4320541,57343346.554544,316154.414993842
"P00123",711906.977805274,45049.7232487902,125708045.866659,7296590.59909836,1571467.37346959,2413775.22329933,7729311.82985311,5063442.40986868,3849216.0678271,76369.0399916398,2196618.08447164,618093.484102897,412963.374090088,149954.060138382,13172114.0733238,5241411.3948393,200541.229629887,6406988.69382424,155082935.216183,228955.36892695
"P00124",71663.0733106448,47098.902691611,2140910.63468308,736070.91771546,1200335.31921778,157314.843720088,2144795.67397722,1707688.26795893,2938203.11143437,72220.6506863385,93015.22723378,594810.276309191,356905.578157209,197913.868545462,178920.873226449,1522072.01982989,200083.516817003,4384363.1347646,22146255.9914835,212436.436672662
"P00125",55968.3507199524,69627.3229713819,2302551.57533316,3105027.10753173,3241665.48524862,572536.76712934,1398984.66733333,15265025.3966319,1976502.10397549,174758.393540894,1544659.55030377,572127.234273669,311699.226144751,158381.104136504,1101578.63964154,4404208.9525975,205891.072763407,1464706.58179151,16355901.2438868,246954.21535397
"P00126",271610.366772849,60504.0314819934,4377643.9270313,6291871.07035161,3642460.7915466,1590344.10327937,65910780.0049527,3542417.68172803,5940207.38824248,109841.160599485,2602402.67955262,551972.306664913,305246.749761972,136199.137704412,2088094.86059268,4159281.47604136,205742.485727885,4778045.48554448,3264721.6335622,231708.411528418
"P00127",81050.3336631233,49991.1332603477,20100604.27297,22742106.4850638,3961702.57228503,157500.984532484,4592319.59572991,3693965.15946942,5540558.00797216,173782.093611118,776100.222369354,567078.102725829,298567.853669677,105897.386908388,337031.475247846,5844601.31432195,206830.57510276,1792025.50394309,406636.537980542,226892.38483879
"P00128",33084.9782323327,114655.780513491,38514.5353741874,66753.8478967094,300777.395931998,148073.044649223,338119.3197503,46782.9190273262,1240313.34040705,234314.695342048,26431.3121481167,445625.626349068,479619.198555938,210166.703773823,49752.9752451068,72027.3962552068,155866.64616657,328273.297090957,79783.9130444865,98823.6894979511
"P00129",4123720.90340806,25332.892018929,2138392772.28675,54736560.3515109,49773263.5493285,13673722.9247377,739697261.905955,409693205.21066,35053940.4146257,31101.6658095016,33451780.6740724,768862.517461777,167298.130901032,102689.054873171,176455261.274805,76590061.6224885,205605.720341283,226780241.785489,124274754.516772,355250.766974311
"P00130",23181.6696064121,91085.2328649331,506116.304579525,1527634.50083993,1478560.07131082,103333.777716891,848602.131257724,31338.4749508714,632352.897366585,272486.84773144,61332.7562058285,423667.762156232,478045.895005665,215180.610617021,8401.65716521229,37950.3027533279,143863.102918633,174880.366793961,1476192.50753213,159930.102172479
"P00131",43315.350873396,115826.29271397,195209.94354301,1055826.85967349,163056.981313759,208057.444312144,3539840.98958951,128873.717715999,297414.073407978,221280.660714685,61352.880689119,495365.624269742,410911.664739413,218808.62792029,19413.8920011757,13827.0530824073,202487.637887686,426538.275720498,338134.232712626,176336.892251086
"P00132",2510.20509557239,114806.241202538,2818.43425148732,1722706.75423787,41960.0760105879,13002.5633940036,73567.8104083823,32534.3688781902,301149.230862073,323862.241045061,4865.07713893237,253573.333554138,478967.296865879,209582.973941154,4717.11294714578,5472.69618758316,128348.733714676,22420.1752128359,7051.7876885799,165317.294561528
"P00133",5782.95292954982,116508.686044858,110495.285356721,284752.762080664,196366.06971748,7188.0107504106,68907.6097148969,42591.1899063026,342251.497168291,323059.642771398,10065.6878654289,361973.976515332,474630.111484267,221713.460453652,5301.12930439965,5408.08879978037,162966.923030014,69660.4059957318,34273.9254576967,157906.396233266
"P00134",54563.7275042821,97619.2813672465,4327827.53789592,1519044.85663273,2114692.00360993,281120.22220894,1514927.97473132,2542190.17290137,3678147.62816337,196000.240485669,403421.910986577,553002.149084895,400211.668116112,214598.915399338,36938.3223087449,1324299.11175215,181025.877274107,1059123.87759203,1534689.07409814,197111.027646589
"P00135",139556.682799907,38407.8532338141,50601837.1827081,3453872.85034051,6543614.63944643,2860443.91552556,53995483.9085502,5512536.04919237,7806540.58442195,86746.1575003056,30442713.2235337,603166.185961729,343902.271073765,119979.869749237,12570049.1577995,15448289.119049,206059.371984188,18667379.9488472,59313368.0949258,221791.026708764
"P00136",7471.73284248104,110215.108417784,79382.5265785427,81758.5756548237,40024.4138291871,7342.10999894557,98783.8049230965,21690.4861686341,194716.394616923,282168.140343441,11848.9885987969,304801.039368931,477514.502495211,212828.795495959,2431.38055526898,17352.5224448986,147377.225391303,84929.9872635232,10686.0041106049,113340.363717894
"P00137",8383.32339219086,112517.186068384,9169.59482950594,97720.6692169119,105265.763927975,37083.8536701917,112448.113826393,57334.9117632852,410576.123003203,306419.464688196,43603.488924797,397085.754390946,458701.376665194,193021.660739785,31197.5746371311,149981.529414115,130298.927863945,104825.164684366,409405.323998925,74787.9531865698
"P00138",115183.066059963,98446.5919855606,856860.653342958,1682562.82346595,2269966.27688375,140511.986283505,730792.256695581,2484991.68810828,997098.878808552,138023.960513413,917972.1727019,546437.242294063,471745.239529741,140441.479770958,1369460.37510833,917039.750557274,188191.959799581,710246.754933095,367135.58868662,189246.250430152
"P00139",79685.1471187633,104291.548819375,2413197.20406648,1462258.59660461,307023.176669854,65951.4691426759,1908473.60836369,573106.016479905,1327015.55550645,239202.400416158,100610.757415587,595191.937654902,452913.899383747,208919.972210574,93599.0578137006,2152512.26574082,177929.887417231,1229094.10534969,316570.989452531,184846.197888417
"P00140",60454.4450589321,76375.5631258069,926178.211489844,958012.295388206,6334156.51675518,216443.16043008,13772087.8178517,2360237.32619863,3282561.13159126,175896.227359994,133355.610855235,521174.136998506,449031.436414392,190259.97236401,169004.024099913,1762995.73053226,185102.09470904,6147109.54735564,252875.318336878,224151.09224608
"P00141",286261.547163089,105090.842022216,11801058.6524088,2703346.22596033,4439509.94341494,244202.713130364,4515493.16371789,4678883.13463019,1494022.18877318,115450.265103014,819415.936897391,606513.111875046,422532.619942201,194258.925754121,2447140.41266693,2883501.46574204,187733.056409919,12149049.7167239,15621755.6854059,228067.984592361
"P00142",12853.7190576034,98587.8894929406,115990.059857715,246271.615465562,472565.208899425,27147.9885495159,273342.344660096,165226.314485626,1409799.94946017,244190.329059625,13206.6396135086,372510.875267081,478771.129797364,219233.199702957,13955.0487753751,81723.5084420069,127318.168265651,246491.386332869,300680.73179405,119942.463043524
"P00143",32890.2326482488,104392.327026456,48147.9549678228,3376754.51158121,528030.326754785,46234.884211353,553891.038196186,2291466.50522743,1670972.04111844,292051.970126695,135549.66302656,489476.371534438,389933.315011934,177135.029867152,73098.0022863381,321298.791853381,189101.953646104,243978.046558993,130346.626267726,185826.647230243
"P00144",73984.5991874529,55600.627133779,7309017.28516725,12742297.9144207,2376757.97225419,579838.809173829,4389136.46382288,21643814.8246597,7406430.43353734,94373.4716115113,177137.917330467,526219.882724204,391348.122528484,83975.681044545,103151.889989869,10099995.6292713,206645.715106005,276744.692899515,1283348.21048874,198743.521617976
"P00145",183695.870758502,67870.9710696946,984048.477675423,1192449.82502398,1839462.73107537,406949.533493181,2196053.59113256,7694691.76224423,1186096.09643507,197123.604864823,146709.667334281,524193.676153744,308077.11370369,177279.527168449,336949.530593642,3773192.21346491,187819.715776057,823357.036490018,528292.522754317,188104.44402975
"P00146",149586.967112444,85810.7290601034,733706.3334162,114323810.149561,1459210.33394237,478352.655319156,40687460.9572801,42701835.0277804,4705019.67707606,138027.213724018,739665.950345788,551393.410024204,325882.171435827,89964.7249409436,98710.3564742271,2165724.06803279,205298.942377395,1094072.77863211,386324.930770379,257258.135056517
"P00147",23035.071438038,94114.6055875513,104254.309726065,2078643.60697177,174512.226253441,140401.91689926,913440.391626448,830932.430190384,562655.743426046,215312.024381587,155244.283250382,449478.65690376,475495.74987115,179806.036966621,21600.5359127808,1229254.98607371,189772.647651518,1020014.97966989,279498.055426526,155628.611219576
"P00148",16065.723186241,118012.259607402,32300.4933133267,108890.023824585,65969.832478894,57114.9380638733,124732.651604363,76357.4787071248,393510.686399046,304623.433243497,6101.03735025764,457503.288580602,466453.221573113,205650.287973785,86559.5805262729,166399.26452032,134809.965595779,310884.324643301,82224.3034694769,76548.8932136377
"P00149",18839.53836448,113985.351392548,52182.9015734207,1341166.58201799,104843.788732057,36436.8064788518,161185.969445689,64938.1895632276,97490.2246090035,305918.797143669,7007.56796794691,300137.480496592,427553.064743245,221164.499248075,10851.9392866465,18564.2920981613,179178.187275092,127411.024067661,63828.6760997182,106349.005810164
"P00150",358726.928060092,42416.8807199165,316622635.652268,176042302.247883,18245522.3564856,1377233.47771733,236958476.668055,39154679.1629828,17880065.4324652,41092.8692792921,17215096.2403606,628829.133073348,269804.759229865,77039.5652956746,4552715.01808635,414585582.726148,203956.830181635,16523635.5516047,384745411.350498,334573.841501236
"P00151",2288.66567173738,116758.258703049,866.305641547456,1106175.25264007,5081.37736533238,20192.1183668544,5171.99504937548,72196.5403272126,78463.0131189979,324657.226389336,1361.18593061348,218299.645010964,358382.548631435,213830.66690222,494.599452899161,4578.59476798284,76339.248393959,29465.7380540629,797.853716261685,80694.5753656061
"P00152",1305.53653168798,68857.8040402504,1684.39002212481,90806.5405740317,16354.6582677078,3346.94129729282,15749.4938380598,18758.0396336067,35193.9515980195,255585.903684787,1002.1076568733,228199.205662874,357446.954813757,201089.092013981,533.22570932776,1495.06383682342,134731.070116061,12426.0489448168,1242.09448891686,49915.7709262146
"P00153",634126.849216827,46348.0424165997,51029879.8684515,60833980.6610231,22982549.6624165,905632.326007975,89392402.7775749,43599765.1028871,12815982.7729097,133242.129963771,12569039.6751994,609539.746824689,230221.857028681,81216.5991102561,475156.351957662,35767055.6184269,205806.320044087,17128540.4412568,8345126.17662286,251062.82830666
"P00154",199143.733826203,57557.8183233506,12156912.9354957,221494724.465857,2740565.16981331,661982.057293246,25639610.3784607,17253786.7533831,3739016.10338836,95112.869459211,4502159.62007931,609559.130761896,217240.964023806,73848.8585516147,297553.78977604,5088160.11891477,206617.261409502,3825548.69107831,5246964.13092067,282809.589001257
"P00155",7768.37535014195,117176.411999833,29052.9544611309,928209.057961555,123566.223808542,48933.8145381435,124350.956843406,192011.061473912,144703.660077407,258549.16553216,5518.7096363743,391292.615565999,458365.001331592,196042.279371189,5230.49268809055,71732.5544719605,130864.012064203,389648.307404572,4571.84297218956,143555.561263852
"P00156",418907.263621975,65237.3688204393,652899.86847223,975604.91420842,2862396.89151781,182647.919542305,4629732.14668581,11046454.8514634,2266632.33487285,194969.691710293,535631.924275826,562881.57329949,433012.128147887,205872.624275795,55749.1908236835,535046.703345429,192611.886901925,2745970.60052074,2002592.27995448,179609.7206081
"P00157",148727.742755028,61649.231344363,23656087.6070028,30565745.5653601,1747852.98135658,251574.005595329,8288246.59737034,6337935.87410793,11914585.4882238,147850.006071946,6905158.6072083,572502.206870836,341335.282286061,145453.406101704,326421.171688091,2443211.35585405,205576.753669232,4938586.18465671,616735.527525074,223889.636442847
"P00158",125464.608670623,70455.6959415548,1831931.61938079,935534.150997499,6640102.94188831,997261.584477725,11667907.3639347,9023934.05337859,2367312.88582579,68573.6390088314,505018.877475338,607404.348355314,333090.55192155,158321.063703022,15379486.0697311,1367895.27088339,201673.339060931,17456009.0977975,5696580.19800584,167813.167339063
"P00159",50508.1463623556,100564.419629337,463612.143499103,438556.4574037,216370.500345919,343560.334402437,1201839.46744073,7931393.02088977,1469169.81735893,246706.887068496,16706.7076870624,424150.483324542,447321.738640507,200032.610459556,160397.806332075,90010.3799019992,181511.100532337,390594.076856182,106710.675584841,123010.563505889
"P00160",24159.389917911,100274.113986346,270761.166793318,2103294.94890116,1228976.45527693,37197.0562436096,3665645.04228548,1279513.66708641,561341.338608602,217053.082666853,169262.281902215,503031.824265441,355529.299328563,154425.932467006,64737.6671282904,657819.661267797,188872.833736892,610055.473935615,233278.367642625,167456.126396001
"P00161",24790.1451243879,117671.965349265,14860.7472761764,266321.306963418,434997.31438736,35266.0278434764,72964.0835178778,125357.39840162,284106.627416031,282839.177469418,60816.2101934867,484830.847350654,479522.376663337,199770.950043102,8978.52153456569,26630.8214556146,186426.689875879,153106.725632552,93096.1323765862,99595.5885411008
"P00162",24151.2576757455,110424.736367485,1108094.86716038,5536862.46875746,529657.162949106,89101.5041086673,84488.2928580708,75222.437277647,725568.332088627,312670.142930251,40773.0172262368,391597.905258883,475999.712487474,218942.728044973,7166.68334056671,1391615.25863533,179123.120612461,160327.144631271,167385.425600671,146034.661098954
"P00163",64105.999583557,68323.5953169841,143220.26886589,791451.72968614,273991.415735328,218150.649906086,3745286.77474191,294240.99539187,1096963.78147851,83699.2893618055,940693.893386952,582816.551764483,425163.682107822,163166.920983939,653829.546707618,6620696.28716846,187693.141984944,1985801.53422295,1952981.63383103,239843.044350549
"P00164",8278.63059390088,113332.194006884,13447.4854228391,80892.3506654783,220731.134549878,38425.0911631088,332116.403394704,19408.6252323541,310342.049071535,312909.296984722,13064.8528802813,343693.038646822,479310.605274246,220482.099045905,21427.4308588828,46078.5635628795,122609.638809598,182770.778584872,34011.6917270619,106677.632730777
"P00165",91412.2281447981,79916.7492035272,6205801.66946288,7766081.8995133,3026479.78762364,247574.976625351,4560342.28266933,6457154.42114491,3170235.72715651,89049.5218374665,575403.801364323,552101.293488205,457699.923441001,146958.763241065,593353.875794389,522820.562035587,199611.997438826,9636772.54227091,1445920.80262142,206862.196988538
"P00166",184123.291118084,45605.0772331224,3004214.59267119,2769572.75258721,2466134.01213385,1177560.99387671,40659315.1546625,24393514.2371194,6005114.19147424,111802.285925721,3871962.849933,555535.446377923,311894.164689538,183992.244518937,1076001.26747065,8488496.55134327,205432.091220795,4368452.14262052,11321074.1184024,216804.086091812
"P00167",36476.0661599803,39988.3765184251,544391.580935196,8719540.21334974,224645.793230983,66455.5804912228,1997676.31301079,4416588.35681545,1013887.94020609,204921.936565269,337235.766575152,495571.08157492,378120.490955518,82470.0555550348,55121.3363154261,221113.617926466,206591.728949547,415454.282251265,261441.267707131,173855.129905788
"P00168",2646.02470185062,85868.2673902337,12789.4285734857,442936.973867142,15626.9200507773,5372.47759313322,54142.8646935263,21696.3148542465,89790.4020233723,295969.524017168,8562.26102988391,138735.696027335,479649.281087651,222766.471966139,666.350667246774,1121.04303107831,155782.499076536,6921.26821093926,3357.09433535571,91081.2690536572
"P00169",49847.7752163317,110484.499688663,144122.098881419,3153689.96517265,85190.4131692912,27885.9860106711,3105770.8349526,232268.918057709,657295.192362116,292177.622230245,47258.2814087995,496086.561109413,346150.466554885,127505.760400121,23982.1539570801,305993.449324331,189252.516148911,174743.280246029,29789.7945357832,198882.190217341
"P00170",145663.671343296,80384.6343571343,18479109.5927747,595196.400673402,1156570.17679581,897371.059306136,1623240.26672735,1968319.16027082,2256100.98668,148558.908822974,495631.216311237,545601.342464931,424401.755482779,221258.10768744,692810.206052409,1942448.98412993,174623.898979255,1898667.33948932,1696302.95082262,208803.491605698
"P00171",57668.04783128,89590.8783300179,1281421.61082334,445773.49312803,1901805.27184767,262510.77649093,2712138.26699799,1741800.36655612,1728533.3696107,204744.992513504,1086052.73273651,474145.52080374,424389.258303846,217739.125804467,82333.780437751,227599.718078349,194353.322860193,574915.267885825,2403279.76251435,203330.757626877
"P00172",40363.1849506605,78787.160619734,1238997.57139129,914557.07412609,178962.358071044,509205.023887875,2793797.71528775,1973035.0948366,934138.088356496,146962.178934998,661841.529667186,464753.15819969,443937.664376445,184014.218165992,182754.313284902,943257.266571756,183217.753449971,1339700.79262608,1049071.85852434,213276.414874149
"P00173",13443.9377662766,114004.659676349,19462.6858152491,174718.324652159,134099.338249383,64595.6919247723,4531589.93122252,62281.1120034536,563067.686133705,312701.129044678,20166.0846377112,501478.681172161,476773.148455126,222082.540007931,8041.10321398657,14836.1153252742,134182.612794209,128220.376802274,64540.8810098942,94975.4117955368
"P00174",75377.4690209942,107325.204997729,3322339.44665506,673036.321938898,537331.546075165,419253.939019157,11722625.0572831,8407672.65744966,1894182.08886458,199281.505696458,764752.811825758,535839.594703235,397321.205364625,174256.378768864,298074.475532501,1537027.23225877,185665.48281598,1008191.76515285,556560.680581282,206140.927708429
"P00175",35368.3568735057,114925.995695044,54906.2140586875,654187.17006497,260903.25241924,71580.4300957218,866701.119224214,325559.326287466,613868.260258638,261377.753468168,32673.7529666325,430087.218163576,387601.05619327,219861.962601417,6681.79213608793,63259.1586856177,163120.684173221,220045.190110338,30572.6789172993,135226.7379577
"P00176",195269.239101718,52940.1208052596,2410396.13532764,1492275.16277948,1518761.51309822,303995.481689228,4884179.65550233,10178767.5397022,3631881.8180418,129602.29267776,1823625.95764943,524148.928408281,429449.70262696,193965.508953371,216492.289156657,414405.40980031,201238.514538243,2467366.23442149,1212212.43711054,183691.738019426
"P00177",182685.509772908,37884.530423107,81532823.2115998,24810155.9991766,510578.355451173,185284.481689366,13648381.4094227,906017.032779791,3763694.91550451,102354.759729974,3707753.48019462,581047.976578898,361768.079317571,155797.998163254,1393245.35861125,862015.237580352,206084.63400643,3258400.2857166,67989337.9109622,174260.182007102
"P00178",161597.826943597,76590.7611462345,602483.042221799,6212633.70976778,2862940.26039035,181452.692080426,453711.706637688,775996.134500111,1281120.0191351,151333.906751977,51515.578201385,506110.217505602,449930.796719128,157272.559664233,162668.436338658,1036446.48395623,190552.366641363,4498766.86512663,1194161.49012538,198602.876677293
"P00179",50809.9717432426,85724.0477628621,310699.274124188,877587.228653743,404528.886786991,216470.299035152,1201840.1254668,1803031.60089931,2118790.27923942,229679.461956435,526608.56999814,494808.286038137,464864.018770234,195790.852103846,289379.020996232,694023.332502562,189715.739242552,845401.856558891,686244.535625157,220891.896165902
"P00180",55555.8981584841,114398.498232197,174218.002148782,1204158.43628067,50143.544540692,71934.8461916339,1180605.9210733,83774.315631415,657075.58416366,241316.811312481,247752.457732424,400756.665621919,475541.996199047,199335.508595963,34095.1583491769,41403.0546511244,135847.525352681,475149.610400295,367445.969817311,92839.9559880299
"P00181",40026.7171921845,98304.9374644388,998678.618311317,629889.372319529,151567.34781595,56360.9678828452,1429846.80226842,286966.917468785,778490.525837106,191919.776705423,68787.1756881328,483251.13632829,479155.539865137,222402.666887983,14857.8517239775,180491.987371874,172432.5683613,531580.189973779,82484.176295815,144773.119540235
"P00182",5283.523620454,114057.304351208,3385.65031534868,897347.103031716,30829.3898714416,3603.04393785224,61970.8021761322,97854.739062368,95251.434943447,296650.186839877,9741.27464641958,219924.715395704,362081.295215549,209545.035529233,611.725570562585,9146.61106519624,143754.290326157,12895.3246847278,2227.87986993647,76067.5402471062
"P00183",55541.9759847078,90760.9828087265,379108.827196363,384736.519545751,1036515.92331555,718969.020867728,3618169.51333536,1132968.28943735,1174805.43158669,202609.031950322,75943.6581296745,552234.26508936,457739.690032228,212326.047314163,285493.982109758,856409.204153722,176995.547329526,714929.812755101,18703606.8486171,133685.56101767
"P00184",30241.4883286756,105816.422009853,85192.7754665091,3790091.80271741,264983.059757718,47821.8268577932,181804.134034951,72767.718096429,753865.018054738,287314.130472284,29517.1961817105,291333.861990156,400390.262877697,161074.987429265,23874.933659834,160319.462616345,190637.708238641,118282.084793395,71186.1258783698,118731.837216641
"P00185",211928.080747581,48346.5112633191,4385411.66631304,2232488.31156623,1742198.32289886,331659.906261719,25558278.8872426,32322087.5483006,3219451.44363125,109175.691210494,1117911.68719329,617266.897031024,366012.220222094,170014.307086409,371981.314050348,965056.075293432,183027.670901609,14036073.3260948,11846816.5164134,224770.953908715
"P00186",2664333.15721362,25718.5263326966,10124088276.971,538654089.428665,158363754.895579,3193918.06063295,1890293293.09944,777363126.353777,30304507.0100953,43537.8503859886,149745798.419826,623647.407109994,133494.838936744,56851.6425921528,13188040.5208514,4317828415.41952,202855.32059807,58379518.7815637,133327959.527352,611463.451901381
"P00187",140475.516865715,66692.2457465766,2088607.84057964,126067861.541547,5383450.63242968,767099.51291506,6137321.44908652,121992930.712443,3555268.11962382,81227.307480178,4748748.81078942,577892.997290956,307545.274541204,140895.307454408,395293.126070838,1909636.37141739,206354.019391095,878406.086734844,3861681.60805149,260796.089148682
"P00188",96734.8830567901,67142.4439303609,1243766.40570457,3968576.53712404,2085181.50618945,266939.094515653,24822407.6260491,1119870.35230831,5451028.61766757,190351.856832131,301367.502885285,547788.953506336,374752.376376204,118894.850789579,448157.20858213,78197.463395138,206624.959430411,544456.534667687,1659620.78491623,210314.655951734
"P00189",27933.1616534641,75678.1601808278,101962.444655128,5014929.81382044,784284.779967534,133556.093148591,6544364.93938782,602702.080109595,3009051.71451144,205068.622614751,185681.492358123,448962.277364728,440201.317388609,180622.792132056,238403.938179351,77486.5120229041,184522.502056483,1667544.35792622,39963017.4361299,177458.826354597
"P00190",2847.03320035192,96547.7811605279,8076.93142677484,95058.6239617506,13526.7395995351,5215.3811827172,56105.8911048157,6367.77581295456,92289.4832012393,313427.314801317,2547.87022733269,126930.430832033,397073.212401517,204761.613397546,1894.86249666346,760.31749933315,92256.185817075,60956.3200495098,7084.79366394346,64386.0373667814
"P00191",70858.3765407462,98593.2694846075,425596.779203244,196920.231971024,412215.536736227,91024.9639592574,1024669.98089146,7726486.65958961,812449.027757255,196774.502253599,117056.640071647,521763.7801303,442311.95239657,219553.10781019,35714.61875666,274180.757507288,191361.945086129,97190.0236181182,208174.51933863,198481.303558733
"P00192",14506.6730521134,114885.076896093,13697.1013047893,92164.1570213966,84370.6986981323,31733.7172625368,211023.649332107,71288.218311022,202838.420185393,296198.040234742,9695.75798103453,444675.26263592,465217.604124137,209266.556533013,7955.71681720095,8807.94200887781,116949.325513442,164337.674304849,27480.6157302552,122382.995230526
"P00193",40521788.5850271,26626.4034369393,687640146594.441,4618750966.06518,1557409654.06247,364197740.182956,80618161944.6034,36964001445.3719,3085847688.55303,15090.3040662169,16113555101.3078,1615297.89932772,91158.3858050599,58189.8577789362,5574759794.14898,46989843046.8769,214368.754906064,3411894391.69251,101068941041.787,1326590.79079342
"P00194",5516.23854447612,100404.857787298,6627.08942280261,1826289.9545144,150614.415987138,15026.5757100669,66573.7564914233,130323.123471495,507340.841804962,304953.57499724,45284.1516102796,401211.173886619,478870.109359685,220039.967033174,6880.41680660056,25819.7282729379,145793.812647864,85733.9165312607,6077.0815228778,156092.418447921
"P00195",68798.3499087297,62236.6918464099,849614.281165328,5613124.63225423,1067416.23403274,148667.618870167,2523227.66252935,2718421.85596317,1510747.91917201,237598.467962024,1661629.50206792,522758.066022056,313289.865624623,184038.313536312,646175.569420074,1576404.75643137,204979.367286221,319940.427990108,1315598.77670853,227954.59151745
"P00196",189331.650743556,37671.1347849298,24096946.6053394,239213142.138459,33238202.1879002,1157429.556648,159897154.967545,29532064.1440892,12884912.2271788,105398.25680558,6810477.42291406,570251.157080493,300339.235340103,116956.330110225,227665.297105818,4143723.75309415,206088.833650607,3034347.16830733,7129277.80430609,293165.436129042
"P00197",35237.7687009968,108492.901957222,532588.905742497,947645.618885958,241683.252341662,56905.7534851537,3137379.20675305,173832.776657491,1042861.12556667,282415.271997305,26959.411539108,478201.623587635,429754.965660269,183824.859528418,21263.2690080888,144520.773436203,183530.528026964,151231.531338971,78474.1033456508,126700.168586342
"P00198",462004.341269771,30026.7497026596,172274711.400641,21041613.7288638,8760241.69816277,454106.493422808,35126172.0162194,7351101.11091309,2470696.0279835,101599.837336825,2906951.98911235,638635.240682673,275655.645145497,140950.337913478,4319097.25293541,8570649.76416375,206489.389272371,12784323.2308823,6825310.62390309,228389.224676177
"P00199",15907.4806362918,94860.9769436834,2753622.21864131,638467.351811439,112423.746598336,58181.4722075839,1801322.53987489,106675.29318098,249169.813142934,187249.077349864,41396.1755565711,477493.26632439,469188.451259136,222897.727651378,15084.8466755249,252944.823430256,168391.275009848,1764724.1320083,326638.554564934,119229.633951935
"P00200",269279.890221236,69616.5539654583,2941035.27844958,8226957.39454236,29644294.2309973,1502489.83074229,12393443.66417,40025610.8960605,2369473.20651377,53671.7874278492,1686368.89450724,568591.347655981,204879.056782951,73907.0039691487,2833933.72582847,2649090.76874028,206537.840790724,8477198.33453049,6848724.40123326,211447.690529788
"P00201",29418.2997358094,107603.186825606,719184.491244244,1002409.52637499,257114.081457074,119240.297122595,980709.644484772,1497554.73145473,1166468.91773927,190344.317160756,9486.92306486601,504739.376035861,447527.487999963,197869.418915997,34288.8974551615,114828.546070185,166590.632024058,1266583.74799066,96877.7545978955,126651.768560558
"P00202",32035.4418487233,58137.3316734248,5350713.32343165,1760255.26105496,1380313.05056536,212425.680277565,1305858.69743809,776697.134794511,654204.236924546,166112.23225555,92605.5250977411,483458.517622018,449194.970205195,213887.05570777,451661.824555545,897210.519663835,195893.738759091,1126399.34622334,2619901.40338934,201278.110608114
"P00203",12193.2516742248,105700.716050727,105438.708787455,108809.312258978,317384.930846673,138019.315465726,1675019.28774058,771431.995889286,265488.213375191,278857.410733856,187179.329326036,563023.477672404,477040.691459031,185215.40788408,104058.888114845,278973.768815901,139865.037891262,706913.992559981,877415.220617631,127612.312698977
"P00204",9756.13724812646,101066.802072985,123014.951331016,172543.434151928,254051.606846205,97368.0749713558,228232.32560021,133736.640858703,684736.899197169,316911.584782124,35838.1877397686,432506.965858289,479645.786829396,188724.788686847,22751.7450840208,5593.78493763786,160399.170763565,226595.824995712,178969.163730463,145635.630673353
"P00205",120614.426282758,59055.0712593811,3132032.11238615,9456048.60214845,2068998.3303908,305141.509064399,4426683.86787539,814565.008208873,1976834.44357348,226602.441605093,991105.097498402,596981.509728121,369173.446910913,185617.072876471,345393.847311294,197933.679822197,201247.659089595,1782491.47636139,470086.031890218,217306.707257995
"P00206",8763.55124672068,111385.683562373,533103.534129545,4876166.5252798,352519.223428699,18019.2313232793,636265.120643705,2348112.52312185,825444.015453697,305463.460585349,530461.529956865,528854.293513264,417213.866367059,154305.545639175,13780.0066275708,360143.002104856,190428.967084257,132893.052833107,48567.8420920935,158881.146258645
"P00207",103194.562142144,61931.8004533961,9677488.44804037,6006056.33081919,4831516.98325466,716261.325199865,103088398.557799,481335.573354787,3777787.00860885,115559.98171832,781122.780489589,502021.38419539,363477.241046704,134319.538895985,337745.573811558,5640861.04838592,204305.477649982,1355914.5686066,1969183.07694864,209995.424215629
"P00208",498611.078344666,32731.3331375248,1022033731.60013,210987134.554431,136935645.347675,6736376.63303168,208706956.990501,145974755.74016,19270658.1842487,89432.9013741709,7036760.42495325,634401.341165723,260658.067651152,83380.1608650769,5397499.17524945,12181107.8773901,206783.860564568,35997977.6801051,17603270.2547087,307568.848061143
"P00209",17750.732403498,109204.026481986,233677.187305363,20187203.1509129,5031739.80457993,91790.4646886412,13595763.0805212,925286.146011214,3448398.88695422,236187.070122276,699743.010719912,520137.028648745,308490.671915809,130725.421680526,30199.765602415,125800.365894914,206484.978782721,1730394.51951173,183083.211479109,205532.77695342
"P00210",56692.9433456727,114157.766557119,632215.381283473,3655948.96637227,128551.34408141,147840.821822077,1218249.30812794,491971.902023386,761041.51150276,300120.749819391,812955.72337009,495593.299119174,468856.445736561,204632.614554187,8892.90900736474,831498.975501798,175214.386710551,413036.216986675,376578.865945579,172372.399487763
"P00211",63379.4222503769,85430.6632605769,28950.8352449204,1474188.371547,1291851.58444911,63017.3504448903,8555157.92834073,1111759.37743954,1325914.47938384,188914.975061644,220642.933951464,357801.923148985,478677.186146186,223103.338157937,25830.8658365509,623921.701134824,144756.010934634,912080.093015319,53589.1414353351,179754.03004387
"P00212",1450280.39145204,26181.2488602159,204553764.231019,42796513.2427811,66735696.7011325,3530341.19034813,92999638.1501476,91329667.9945677,8244344.51351198,27036.8350350965,25807231.4998432,641727.868960256,273877.340007225,104967.877249557,26018263.3312136,22412877.5187778,206734.418119175,66740850.4373461,202441376.810332,305986.631829819
"P00213",54587.6095584767,74952.2008598479,1379368.73993606,5371170.11546743,536273.085960544,96920.8214508885,877431.22303676,2701580.75120158,2809911.49882208,215577.027150124,189842.410688679,545373.486169745,348028.929062986,152571.433562587,79273.7990956444,386647.207175113,197044.040972578,814321.524684808,1681942.22289698,184831.246691357
"P00214",42398.8821722953,91491.7144582899,32448.3181330459,791839.556812851,1069378.75240144,101909.214186713,1517657.26370461,501052.566219367,1679058.93195535,276591.798095803,255460.086279244,471552.848283341,455283.330312286,192068.948943321,175425.69988151,786650.55075282,173592.593899566,423875.35295707,194596.008230487,150703.261632302
"P00215",44345.7013421784,74244.4185009449,2637814.68617401,571951.856161912,1600586.36678829,133546.703157876,7221017.26119399,750400.150129888,3385817.10265308,211074.184926779,149062.902456955,467540.166421777,324507.543812534,136714.321649836,95357.8696149466,746604.506081133,191327.608705139,1091727.82610931,166596.285628001,303908.405400461
"P00216",26077.9206996147,114400.69391761,29343.1025552169,1016622.00105852,223948.714255796,43205.1988140562,2368937.45861425,45111.8545618055,690345.407737063,325369.963257531,41632.2955173216,433761.507037731,464326.142573491,181539.704945602,12479.8069037832,193586.421316384,169647.073715684,229117.433386708,65441.5260592191,145214.052000773
"P00217",72347.6780398006,66934.9178715884,2509815.55534492,4716894.24363747,2377872.56000811,114845.626415416,11187121.3457502,15279028.3577747,3972081.83427316,106273.306321322,570651.584914899,495153.430505067,326640.236018933,164884.778475462,148451.210710563,771099.914182881,199087.01695526,608769.382181118,1661860.65042509,253989.213862936
"P00218",76726.1186360011,64210.2783512305,1239025.04502455,13055686.6946709,2119396.83325785,723494.193605049,24800793.124998,2091915.10228851,2391389.1857008,158568.614533246,2181080.21675509,564549.771823054,401316.56044443,200499.123912984,390057.264170084,5725299.76836489,205917.21228589,14485915.7880972,4776307.49958557,173250.561814491
"P00219",2828.62436687383,118091.956424595,611.573355530301,90555.8146974301,5056.44571348352,34465.9072986135,8786.63419070169,85524.5464411913,105482.401830391,325590.450942364,1334.69332785578,420775.558812196,410025.303738793,209417.678314083,6076.32180800106,101218.589268841,94119.6189137973,111258.350739273,5811.62169026061,153024.154238294
"P00220",12772.4168215639,113084.671917104,43664.9506856623,441112.27360752,272606.311876289,96854.0610878421,485283.809709792,470130.672702494,478266.69197228,248057.542497612,18797.321554605,402166.323281515,479621.918591255,221826.440177449,21888.7631628497,8637.71961417543,144974.93285267,110664.154086424,81485.9975611484,94363.1539650088
"P00221",54677.0242959375,85546.4236583195,2034705.01895122,548046.911813138,722221.430600708,740011.24109524,14073103.614412,303611.320763995,2622264.06870152,208118.09083236,922816.500005961,532178.990811486,458570.419390726,201486.822589126,280933.794720562,509556.451348576,183026.353314188,1370624.84178097,5143075.38460036,202776.214371695
"P00222",2167.06310859606,111196.524533983,6385.96541746741,116491.315961655,25318.2876398989,3704.54579511387,180238.920925407,19022.1229993587,122343.269251735,321849.983810096,4850.65689356016,372454.146104264,471369.153904534,202062.800014318,834.214055548897,2702.94134458008,136247.943598889,25565.5956663181,5228.19073853858,65977.6534782773
"P00223",7328.84025803833,105984.962834491,1303.21043704681,400433.07984247,22792.2720627833,3336.91987938629,249299.002124353,18880.3079431685,62441.5120568303,226078.000803116,4049.03992753442,146176.553080861,475354.708665784,220072.819503169,805.001565469529,2652.18667864305,103820.720217192,16077.5806280073,1763.93978159381,95051.9668903911
"P00224",23088.5096294694,77969.9393387235,65809.9497816896,969439.719555689,1541620.81275426,43120.1001335276,464504.661118106,1399030.64204798,1323999.371496,277072.489681163,1269660.61162977,433940.036362029,423708.052054391,183464.259938636,29735.4629764339,180985.395389074,195806.095524377,175221.538562151,15878.8910616686,148409.148848512
"P00225",466371.352458656,40972.9380224367,49321481.620643,3553452.36965908,1473413.68315896,1332284.39268645,786478499.844659,112308074.739115,3990616.18191634,58261.8514087562,1382429.50842911,578151.21558829,216906.901741467,132980.561561053,7354318.92590071,13041014.1555171,206970.185144075,15428664.5180342,52214614.0258823,226184.0375617
"P00226",148129.811572422,94776.223743032,827476.992476368,7755164.67046666,961983.40735726,50779.7576269538,2870084.75069816,2623399.63949243,1349968.91717495,217334.07110735,363003.942768841,515835.848740644,475267.869847194,158907.1893184,134854.96254024,23610132.9998013,206857.352190989,271918.967301775,1359112.12883065,208222.922821882
"P00227",30496.0462918358,108164.05786856,942446.679832127,1127801.39839729,3196403.56430961,139479.738401893,1530845.81827043,5207078.59863083,589094.367988641,261771.547831719,57881.1627160374,442719.495200382,447830.391135798,197155.107670697,51732.8382072551,226620.144437308,193428.495876695,400251.232768549,164582.935072894,213152.36607037
"P00228",6740.20484793546,103742.362349749,156902.949588005,2062694.46073671,465188.613988884,25877.0266531802,266939.047362785,209128.523949962,487615.005064358,268014.888514639,22350.3233217291,557432.386036464,479382.374976591,223094.500049305,14548.2592536741,117530.612738036,170270.231428705,1191022.19910867,71535.5642436199,143757.716450107
"P00229",269704.136932471,35564.1730051021,9448353.86332236,7769053.88857711,37663869.0852113,722647.098295756,97711024.9719154,29950722.3050334,9480470.55941164,45396.1911433377,2369766.00971389,607649.675650854,317379.64713981,119581.790338954,2097905.69621516,6241635.73639787,206701.570905438,7636403.38613586,19188033.9969724,209224.189174088
"P00230",107884.322454017,51468.9109293879,8744822.27284449,22025608.7404676,2803001.45937485,82734.4431260426,2300847.44233147,8372232.58866611,5452970.35910721,218912.082702384,342606.70422003,542828.46660378,292243.660780869,174594.997778638,94652.7901435001,16658459.5393954,204652.051586119,610239.921213839,218181.18520712,191704.744068472
"P00231",22678.7894776534,104739.393616364,156871.048270579,1314996.53904891,196398.496409818,129085.569253922,1030366.33507272,1797482.38386569,923263.985399512,267289.623923926,27867.0015921494,419882.2964834,396370.506585331,189289.036260259,24722.0150429365,199643.084001948,193475.936729474,401219.071155317,8000.16308916369,192559.415134669
"P00232",141159.968453391,42268.3813440897,7544587.09801309,14508401.2867405,9792542.10181291,2063201.33574251,4194152.21925038,49577567.2631801,4703974.45470975,70747.1504073439,2399334.26365905,577602.562779683,354794.927183812,144246.292540231,1274106.84102883,41595500.7742523,204981.843158443,5428794.45371682,6276291.54251324,227612.964497222
"P00233",10983.9323706705,114470.491544763,81897.000678938,253791.790829563,153417.464545771,62054.1441676108,1323417.89935532,419094.991647418,1850615.55961557,321343.166250823,47631.9389551798,329517.4422327,408257.027558034,189850.637434736,4648.44915375559,48108.0333532845,192914.392271306,57270.3634117437,33558.5560508885,121200.590221469
"P00234",26309.5857934913,117536.432279613,542844.207807928,1917720.2362018,275685.761200607,35422.2525759076,9751505.74184701,211614.249460478,621527.165658533,303510.918636907,373915.189333456,381041.203653768,425361.949078423,128423.581315276,11306.2527827664,129621.832267531,179404.582320123,459858.085493717,48212.4972746331,101182.446657672
"P00235",55191.4412812716,74563.224232592,1349486.95972051,5475571.50787934,2004063.78577258,164924.232520094,2594123.93599573,3464881.50697598,1238579.27520017,180061.285251718,318565.256817551,465348.287643288,392614.332262568,119856.991758574,87656.557941389,3819241.88489429,197249.4039662,4125063.20959839,1901919.96805598,209266.485397751
"P00236",63732.6756674881,104982.789787929,407675.431464435,724493.068850376,523705.106126517,390194.545752819,5220221.72016211,1130121.97539867,351985.692321878,87036.4810936166,51708.5720119732,478039.677227544,368081.247965917,223112.40735771,309685.81625877,472030.908526247,182168.247036325,1438185.71754255,1647276.7424768,152603.888618908
"P00237",180805.303001142,90072.1768503954,2229037.25850876,1234888.85374873,1071520.46623096,344809.766591029,2340480.59784716,237346.275334341,2199331.48801455,102848.730267182,100122.395574118,499521.794083034,418552.553262054,179186.42152939,462282.746053501,1021191.35706093,175829.483644377,619501.490945512,831416.679647233,208252.145046071
"P00238",45714.0876205593,108835.110258907,170598.276474158,932893.259674956,113930.160515647,31068.8860575407,178193.282703419,141608.307719487,966787.487579076,314122.495205059,91228.8303315732,407129.62846897,429790.229512382,223125.225365679,32358.6188964315,117463.373297621,185640.208268116,462018.053088414,313004.919555099,152774.275416389
"P00239",245009.621855856,49277.2622545045,26452733.7201202,5561773.12315017,20169761.5126172,3547152.43922973,80793488.3514964,7544736.42018688,5308389.44002371,76048.8868772186,7953963.37752087,602112.294992794,299382.946277548,149208.35038846,2929489.09883662,5514839.94265563,199533.454642121,37122018.5274196,17437454.3656821,270215.807603551
"P00240",1700.50384260793,118290.015655739,530.811670595702,45917.170638169,8384.42231841719,10977.6897705552,5707.18214897884,27769.5503932629,25490.4639636737,305556.550291676,624.326465787201,390179.075916724,278096.195541319,223066.994556628,1565.38049657823,15631.3806128628,41171.5575017063,191069.641707313,5405.90455935613,120162.036956485
"P00241",255204.667643359,63078.1690773707,3652565.4652993,4438674.15771502,4419699.30534552,2186771.20539137,13564326.9943623,41136107.5428285,1557779.95364647,155114.188497103,3589266.84613847,584278.499342506,399826.692367068,155192.148897773,687843.615817582,8355364.84050254,205724.821504711,4394922.72532513,508175.277471536,230646.629044319
"P00242",25170.2309656499,103852.466258802,1770432.10369326,611897.040186478,1237772.89334147,31540.5069027363,1076433.27456299,570160.894545377,1035223.16932588,324783.823229924,723003.33455437,509676.920486567,442312.77576171,204676.858432549,40473.3500033259,58003.8825646175,195008.397217038,293127.974984852,699071.294519173,77318.4538069925
"P00243",663645.484092736,30471.0068231341,118943881.186268,476285669.733349,25206774.9133775,2896613.35542911,106594062.361355,458903690.745721,12024491.8961865,51966.2027559951,106909931.683659,614562.07332371,234326.232900625,74429.2286891606,1496509.08415205,37006151.0633206,206685.729255085,29998492.6588137,96429297.8019354,425740.331911239
"P00244",507352.393156676,29481.1485579828,57448743.732053,4585523.67355732,2645424.55344808,2090719.00382422,7361607.35956576,709439.230312041,5471203.78260587,58295.2968166206,2491383.06432332,612898.736623315,314717.358354401,145335.586767184,17308418.0958576,9969172.49431505,180133.333921669,2701604.96504217,808957554.34646,232490.721005006
"P00245",1818.0875858997,89209.5461439918,610.277627524179,100668.161030763,8275.07105145662,2353.99645191454,9556.67843899107,6523.59454223443,40748.6217614938,242482.408954569,1124.56757618969,83097.9760401878,368939.205427834,205182.984348633,873.244860044855,1315.13154796768,102301.394343746,8133.73493939113,2318.32189452592,24759.6164086277
"P00246",25769.5959555637,99691.478545647,63891.765980482,297189.825917273,145034.828609344,36565.0169305536,216699.19276527,69438.0096841218,761122.321501322,287853.795009358,25665.3278737677,496394.85566608,479574.707155256,205702.987221411,21370.3395283859,54395.8388332623,190788.345591416,196875.819508371,386026.993974485,137310.251882629
"P00247",199440.625370115,59016.8425403702,3889468.93195277,130177518.826646,2869166.54156567,89530.5045496553,29894020.4895652,5400038.18859967,9211160.66182254,96182.569472069,7933961.24574639,560674.497115881,349746.22099129,122432.258490918,929890.063669805,3869814.6461147,206411.841421401,1474241.19531503,9553680.78064872,283819.593306691
"P00248",532717.303606311,56925.7335403137,493293982.42694,5761378.7834289,33606804.1763139,1530414.30509701,17405875.0017777,136607777.315439,5982501.52011012,56473.1635655491,561112.082543161,629625.85610634,249276.220573259,102534.907752067,2827523.85074552,2569209.30589138,206069.22952735,10225706.0467903,25579027.4334214,280717.925651098
"P00249",8794.02348527604,117925.268827478,7135.71775399008,1073812.46226405,85091.46113827,47941.7641463993,304010.56053851,185385.264972169,520093.819264827,301527.645300284,53145.2329254729,415301.997361852,401823.648988896,192039.698302852,2884.44671588293,20117.613499915,172556.727987501,101015.654209403,6943.36657394331,76378.2727810228
"P00250",105111.725067876,94707.9814804567,497342.876574681,467903.959608179,1112436.50260765,79199.4099007051,2862033.31208415,409808.73303454,1522447.43414552,224066.782117183,23236.2491210574,512044.662994566,394393.485632283,222219.612514711,142115.312282751,259903.650170699,135413.312540089,1281155.05344541,461742.498223279,141012.415540454
"P00251",138768.346041228,52447.7869253719,149208236.971351,50122744.1929761,12218917.4409756,1499223.02344566,36021101.0669404,4292578.6424473,1150286.57759966,113009.466476962,3697021.25557987,562677.049008537,369211.917890401,125682.487855259,1521991.56833444,1585294.85950293,206720.485453,6171227.08533703,2323130.37832367,276080.28795402
"P00252",33860.9392020706,66281.8906086857,1478483.02187074,1540331.84874647,1470584.17367261,532535.578140748,9177528.8248184,1496010.0242921,2497650.7569367,252895.77795273,406885.020281801,534856.417281706,369821.730087581,190595.742381974,318421.8592754,3396808.92035944,185252.424448674,2080279.94767508,989466.453882276,162838.67134511
"P00253",177641.541660035,61522.1827663968,13486995.2256183,107026552.110331,2204448.60067669,528910.57672436,43181047.9007138,33978564.9526748,9644153.67119267,152080.838215274,1491070.29022219,612634.650904979,363834.428191204,94630.1875564132,671651.701673854,1497820.11202145,206197.756381251,9244773.93092746,2498767.24200068,225286.762868662
"P00254",128131.310964056,90522.7388553511,14337657.0432194,874316.970725034,512423.247791526,344966.285806119,1202156.53883524,1578249.63675264,3877121.70485446,222369.51042776,106371.37634352,545632.778630611,462661.002427507,209023.632586059,887045.111899802,194922.076164572,172759.439101106,4145917.61178099,3447188.44051344,149407.40484314
"P00255",502496.233529979,37982.1880340822,21341472.8569893,3438416.0428988,7474477.60093343,898022.629659862,1619375.95734145,9758838.92526987,4897221.28913811,60961.7731230107,1303617.92688175,583424.186758203,403963.958903662,149824.808430915,4051668.58493663,5749713.94782605,197706.408178899,1535649.45481299,39945093.7113611,205240.074927478
"P00256",255621.174095312,40696.3239616439,44993534.9646136,34681561.3948438,3633397.41909463,919142.328914482,185121051.274772,20030739.313218,3697868.0054771,102894.636218544,2900918.34915317,546781.469203073,287290.686875441,99124.0454297694,982794.436939298,10159055.877579,205874.762731253,11467722.7926362,6107098.90918962,325701.939203647
"P00257",24040.2243046655,85131.6451790435,39205.4346375206,1949450.44337794,216656.776406128,47991.0812975346,351623.633421139,2375408.51266798,1914383.97366863,279002.26557446,106580.487994996,436561.268696339,425750.803630427,197150.153702751,55265.4566423919,224903.349461249,202145.579229808,262781.98714281,62110.432052363,184907.101801535
"P00258",36602.2071199054,86289.8648039239,3213363.79656276,1715599.53782761,315593.278143545,314506.990816968,2017921.37008051,397042.801591112,2017214.17298499,161877.230871408,326415.576085468,516580.994887727,389675.087261154,183706.013549201,399594.980644844,315125.408133402,197347.716343388,841554.313599009,3236806.22008699,172017.919964867
"P00259",4596.54570173562,91570.9753749622,5679.33285065058,869498.823491903,10979.0078595388,5123.10919866779,72929.6621084567,19252.9693875702,185361.47559331,262967.067132635,3658.52688410804,284850.175770943,478203.001914746,177551.080787452,2083.87993068295,7786.64308565337,141425.4243835,85734.4767452611,7698.6873302111,48398.2628779522
"P00260",91516.5630879858,64524.8526248947,4017789.87866004,24347693.9745865,3902795.44509786,286059.937756439,28663573.4552113,15359014.8171356,7866801.17711228,129427.38107991,2153278.03005705,609720.138251864,280550.014405957,111600.976530882,2895498.40805206,3810338.75351638,206868.540106122,6962185.29878797,4335099.53946956,267483.130371761
"P00261",148176.082629608,66272.0323343827,4640927.28030502,43627935.4576221,4225222.53656456,320076.960951972,2981822.57058603,37597024.1043131,3816669.60694463,137880.61395162,496579.292987561,599482.675131954,278006.13995245,149489.834118593,490136.784508287,1646605.88700351,206393.520919336,2227744.130923,1948549.52852968,196048.530274325
"P00262",220139.558710904,31086.787729412,36640188.6810972,9525609.39029262,24200785.4451311,1714309.27752165,155557771.958337,167910531.501236,21623546.8183558,52548.3967551174,4270990.06931879,590037.579179455,141994.655374892,72922.5535890054,10215574.5937666,69255476.4474569,206796.282947352,22146786.7540592,7014233.83814677,285800.81896533
"P00263",666198.013929236,39514.2728642946,269033272.137124,4560508.96806457,29723266.3587164,1442047.9327568,135795103.346348,37280677.2984275,11655290.4536107,60501.0096789803,6201897.82061138,641583.648485792,324023.457865948,148668.169509603,11974196.8435602,12468169.4427355,206091.598016459,36989757.3573755,107441876.947932,244289.676833141
"P00264",7691.11344357617,114984.865993534,39627.8954531285,29426.0278275353,76316.3495074063,27223.6042372158,197508.174069133,11064.3401945998,217118.025632648,324053.982882352,11304.2318836741,388540.905936791,479578.806050937,215953.493789999,13387.5837578247,17989.9340860988,107108.499467713,742825.550571596,12176.0103908113,87087.948408063
"P00265",6083.22318960184,112165.843328179,777742.807215653,1903679.18603592,84307.2656885915,19060.473452359,304470.463464343,483263.529913267,542123.088474421,319753.800993209,24911.9483449167,354136.364489054,477626.080761859,204690.495514042,2376.25601948538,36702.8592292526,188339.873212517,84386.3693343187,14739.0231016796,101331.374576686
"P00266",20436.856707341,113013.513932314,175864.597890207,313728.862916606,215454.368780735,124584.25380026,368336.250177482,267474.074283536,576703.65485647,234210.341013511,72891.9929582866,462767.652183528,477464.978458776,223058.270471137,35982.3002084101,185665.773771005,158597.427413843,365373.025149151,22502.8981989725,171124.840136397
"P00267",51208.0532753106,58516.5153485089,8065443.40833088,3988649.64103954,931191.089804993,1056152.71740769,2628058.90396618,4380719.52945257,2032678.99737613,130726.228173466,2831846.8021502,583715.186922158,453086.109155621,144904.397984048,90823.9358835663,811433.34461904,200298.047690182,835249.847051682,1636322.01321168,201998.734865151
"P00268",175629.607174689,74371.3551170761,772420.796616056,12638660.0463864,1218975.78559693,86937.2746656499,4383338.37018483,9336337.03373591,1786161.21006326,212216.788503031,195753.137146184,520436.261039747,305716.754041723,127357.60770149,42922.8157676164,544464.260005917,200455.524700557,389851.499115662,323592.931054085,208931.093197586
"P00269",9012.16798337397,96079.2239078214,33864.651474249,267151.325299219,136813.219216768,37059.2655442386,384702.605999584,157055.431459629,335502.37866557,323715.325336133,11022.2583713285,353564.349686642,457314.85573262,195800.495585919,14002.4973669044,13072.9963744918,152213.638884084,316018.770122947,9408.27040820921,152607.185253751
"P00270",27980.6826741411,97172.5622484457,296616.256165123,2240266.0096491,1777871.49616562,22437.729659137,3912727.72716511,130766.805623523,1229062.24768371,300093.225419388,37527.8886439881,475708.204666476,469674.261726255,212029.175254325,40369.2419421402,120353.52848539,165822.460215694,481359.414011549,154813.586615592,132784.446360141
"P00271",155295.00887269,53869.6734789778,10635708.2912281,14555418.0903511,2319805.92594243,337209.279259103,7120765.62625435,2270230.64803303,5622564.17853215,113576.742005867,1524403.82579266,549535.831424824,265543.375480812,112653.133253323,4113496.77115848,1956421.63891237,206706.249821486,9231131.29735586,16294227.6448945,254408.523255366
"P00272",63339.3455874731,76694.3822448158,2273221.08583101,6065531.47164632,3590333.46633049,448750.9529952,1590463.44133906,1693647.19013369,1840660.02723188,166896.91375824,1335343.18407068,520411.559664643,343760.29731741,157223.69819151,787140.841880189,425909.989202181,204581.658978607,1261240.94034901,1615050.76757218,224737.407611657
"P00273",19803.7659948747,114372.063159453,22929.5628192514,1168820.67656011,134713.580835744,28851.1644938812,537271.4925107,563205.340561396,1043015.54316255,323735.131748866,18885.8424182198,485214.912592192,452184.878706742,213386.608615539,8511.86558814005,302530.34346452,183906.59615491,203748.361893379,30548.0070992387,126654.91260704
"P00274",71152.4635883869,79089.4135932092,793194.629712816,1167332.71527399,2282112.01361126,232098.214181546,810443.537476336,1197720.32815908,595629.784555686,127301.966787179,1036610.93512708,529261.660991452,394536.118690664,157881.361490712,382759.734449565,323518.649640706,187965.066838481,1843124.64749018,1029428.51216491,143692.20336569
"P00275",50140.5402053836,118279.394341696,6299743.9526627,789233.96355529,2108920.91910527,17031.994549734,1931783.16691364,106054.319620784,8150370.96370277,318448.302391025,1506905.88674454,349539.029491037,275840.186944887,223121.662169687,57883.2427758117,31450.2845509077,197517.831415565,64353.949296999,980577.543362479,124697.895132602
"P00276",58755.1483979802,116780.468523426,620991.760330173,8416434.34443172,617953.092231458,40203.0792217341,1826997.92819813,384151.886062078,628089.92500262,190719.162507114,134429.394275095,396451.25764907,472302.89525671,186856.85351858,38060.4065383023,118921.944295652,139530.364426466,229513.625781358,391234.617783676,187790.434000785
"P00277",252956.272232791,65308.5493940303,6492636.04479141,169095098.304651,1595720.79024303,103879.696011075,5627871.28825737,34243008.4423933,5108356.95935409,179759.257006665,3917011.26347428,561985.158705448,232762.03745174,115078.613771858,113550.610264809,7815115.52042127,203273.445649,1429162.12114535,396959.70967681,244138.373011497
"P00278",326137.845689696,51087.5527237336,10958072.319738,18637373.578834,14700107.7416098,1094881.98790227,72908343.7488114,55107375.3524224,13097390.0372477,88210.4132943117,3424955.17927617,596639.88877925,189970.491122864,100036.263457272,384460.379436776,7837210.61831378,206975.380605416,3138822.20025084,19140854.4075364,246290.460394219
"P00279",12126.948022171,96523.6304418061,109126.765768516,4023436.78362001,468989.241984402,42798.5034234576,377919.301886863,88155.3128828348,365711.875390129,306041.783930268,91169.9047284091,345324.712333463,454092.893192755,213277.628691067,2048.04242593377,75322.0559041623,177457.681597236,58185.8218888218,78345.6726316256,126086.27187921
"P00280",14329.3163792874,112681.947786415,33601.0119899913,367527.586826596,111501.785580406,16141.6059486356,245681.316934911,93810.0434831858,542267.216649327,323053.370238186,20870.1282062478,384659.858468553,478473.125246908,221716.449414338,5724.81783873312,48616.9145679308,180942.246023992,80660.2265279067,65091.0799893478,141253.288989593
"P00281",82491.2504502353,88439.9903756297,238387.213076955,1737186.38515159,541464.406276038,120323.801878127,3498855.06769056,288362.089837529,407620.998365372,264070.665321148,410923.694496559,480175.248856358,436270.214023869,209466.563177017,82700.8978610629,1081099.64010878,200682.02396628,385402.680098052,218658.268161418,188058.753387874
"P00282",560356.558074825,62659.1609583838,141780174.85013,3085858.55696054,1579097.85366716,1202580.56329874,25332408.0048742,28552214.021661,3983872.76531688,97574.9231718278,5940693.50757658,600135.037694328,264623.49294986,91816.3156752723,822418.928414412,2442886.80882587,206984.336086102,4126610.38378831,19427147.1679575,213140.327166369
"P00283",76109.5901576317,113980.745576018,242936.507744627,2568258.58890213,578450.014104907,171454.622752121,6361339.89289075,2760037.86671107,2521534.60537642,121081.582373476,143514.462629433,411046.872066966,472627.994717663,212540.604247477,46857.0822026031,266764.288271806,165886.832253014,882280.970646985,1572035.14831657,147424.585615544
"P00284",52560.7388256782,88587.6739525451,2356249.7197968,10137891.262482,4835528.68414897,168915.118324076,25568650.460204,60778378.9023508,3485237.03262905,228987.942519194,77542.7173461468,487144.824378923,311458.224305827,138962.98241201,74586.7815260461,1253195.82398825,206973.211030839,1003644.49720271,262538.634721632,236828.083629175
"P00285",4368.38061149841,116196.735394071,44252.8669926768,1317841.37700184,86826.0045337514,13860.2297791643,162065.960991722,61064.7021030452,365797.399204064,325141.740484915,11794.2927437768,302947.324699048,461822.188725578,214590.582799618,1700.43185488654,37181.2619319891,132058.824455523,86871.1230235031,21086.5402903594,111446.254903585
"P00286",94529.0322668557,53852.8629231332,8394874.13008157,11278625.2025803,3696084.35131595,962359.217191781,8771902.94232352,47691578.4272102,2542006.88232145,76115.2427711788,1357438.69325265,567241.724647888,226599.847747778,103785.127758114,924325.952460182,5867591.03689248,205770.124376373,3380151.83500223,13042485.6476989,252316.739352029
"P00287",127926.83422198,63858.9436623031,1590057.23542063,73932173.3408454,1150749.22398375,107989.246510071,6799405.27566021,43383169.1284079,13077785.3698876,143921.772569323,697481.668841705,584698.071396903,271440.842649774,70851.1076192217,121423.789596212,4242111.18788834,206507.554727859,966399.368279645,1807976.81051538,236335.649987891
"P00288",108495.799661524,69664.287821316,4921037.0131566,753924.677733538,570979.960323454,335617.389209591,2008215.34296412,2929004.14595485,1995878.03353103,228147.123389535,433115.708066417,541536.164142789,436573.775128893,157800.646886327,148539.194691938,297205.801597254,183768.653157191,1644678.38105812,1346086.61489627,221017.588553297
"P00289",24824.6302884319,94567.713678138,259838.259734422,1559797.41641879,428502.255587272,162998.34298219,3887679.78172667,868843.169926507,888417.120224548,289965.547908055,56889.7446777334,376270.761157896,466743.130894467,198850.281108346,51602.7201201057,110146.149023288,169356.103519526,145582.194298296,110458.521609734,145415.230240377
"P00290",10212.8501728487,118109.994296977,121206.731245586,301955.516803067,112877.534441879,43082.9009654308,4692916.44516222,200309.215925934,290582.530438153,312756.749018211,95303.6695414778,446898.895394037,462896.708469791,221747.94616762,9641.97997216629,36563.3657567058,135297.12284156,135965.647249564,10931.6186622418,87777.4760816745
"P00291",53903.4833007676,115065.861290213,106598.08338945,4816475.79308156,402700.230990069,44996.9955550296,1597851.90118983,44877.1113918109,1159027.29642143,306790.686482656,287642.181031957,451847.174112485,420408.348936851,219949.145146435,18188.0500040008,323687.00416335,175215.112238771,177077.964247136,368964.599227833,138067.843570283
"P00292",474167.429275485,38376.9419055017,49887493.842214,16695746.8558765,6091250.80361059,886173.326037601,15919382.1634446,19244200.8223292,11742619.637829,80689.9328892324,5579593.99651285,556494.349544157,291103.454510968,119339.681901794,5330507.21957145,3755626.13424782,205858.57532024,3730101.28852972,3793750.38917859,279593.812700388
"P00293",105365.986157342,113642.949434308,6112728.19512865,1557153.85386712,4903085.50825798,75342.7276661043,3059756.38472046,5407069.60267757,2387057.68806778,91814.0087432756,93254.2454825213,593187.086726622,417540.830400179,133090.202430242,92668.4457328159,233615.421160803,189816.259398067,645876.280098959,371707.568685462,110915.334918692
"P00294",101754.043146925,61844.0178367103,934295.922279373,383283.933859015,761042.085988365,215413.857291505,11006147.653457,981520.577990355,1035714.95268667,179731.673823288,580830.828969224,604467.238029051,449587.493984101,220788.235450655,468926.443376705,155166.343088851,191414.343801661,6480597.48790822,4230103.96101021,193841.48578625
"P00295",30824.0565899123,113357.306848891,488698.702284601,167211.761973708,834528.371855283,181819.435035338,1364349.34914257,897842.878300594,1160786.6220424,156793.736864928,97864.2199898931,480306.006822812,467570.97198824,218618.476009287,347220.090190907,166285.455774723,166579.813589478,1534679.75380172,43604.4619798626,174633.657900894
"P00296",15910.5673911883,118227.755858692,14377.5509376951,176776.115260555,42316.0459384052,112290.772865615,320324.260001982,116844.624190582,580082.822839219,320706.356682638,26044.2094894057,428901.48327812,463109.702670542,222449.340342728,21779.9868931293,23198.488421241,155295.752438132,562120.513588494,145516.727669373,135277.696184884
"P00297",11401.6018195983,118125.686974399,29513.3522353538,288655.417944253,45710.7926991677,67608.3431993631,599081.28106165,104889.420416973,628778.810409562,312213.899421012,7910.95883550451,359709.548972064,459610.541851585,173924.384466035,22844.8584274218,56630.3319954588,143350.826719164,542041.591311685,42524.2935679993,81156.6912993301
"P00298",10496.6722062954,114783.471424118,283798.337230198,261207.073507032,102513.789871841,41065.7941910103,116381.194239014,57157.0271702389,98809.0515671003,272407.961378588,17837.9019847839,482004.421984967,477736.884131419,210212.209229093,63050.6065123444,23642.9065073019,156489.659756383,391051.973938605,18944.7558968486,110545.797566184
"P00299",20731.1864585782,110764.746525689,196348.185284701,475267.725122365,56337.9036797659,23063.5688804456,1951544.61559483,56542.6277551549,493868.584891451,286752.554131854,87224.0318340938,329166.819602769,459348.378354815,222995.775134694,22384.5750729701,36097.2600689053,156118.564171338,336096.98668246,118789.180991903,143545.144994494
"P00300",22382.3833935382,84389.2095285837,172245.794410597,2980112.69608934,339161.710763881,87194.282820864,581942.945320436,602630.080099494,797879.743800304,243358.14794419,31728.6902791458,553468.008413746,393553.081953209,180804.491614459,104745.15438763,420484.807401283,193238.333879959,818837.298981383,173146.001462794,150512.116211302
"P00301",187310.749923915,40660.6240429224,25363828.2670023,99277608.1901755,5306120.74634299,186383.556978318,30425364.8552786,7848814.31054989,7439742.08268477,156826.342692827,8780221.4639836,574052.872496029,340857.285394386,102718.741769431,71942.4413466087,3506144.49655683,203657.233726363,2940291.89482254,24925439.1118684,210328.890043632
"P00302",39327.9035463808,83425.3387096966,159820.74798282,460970.819018434,664555.785476263,106039.162867137,517654.761121383,186844.286816884,442396.114646801,276181.922985263,148757.655751638,439164.052836147,468493.317302934,174541.904069546,43566.1879056272,246380.039011623,194626.033753296,841841.214031447,344998.701670719,177865.728730793
"P00303",18200.6677007702,101041.331703192,381965.53888461,764426.883264875,608329.829973556,43294.3638366454,796204.017676314,486798.254725342,495166.288488166,209629.935445763,40658.6551367997,520694.556947424,466545.32443826,193149.525798683,129748.288006841,74448.5555317444,185573.458917928,630228.215350344,603795.642835814,125594.322268216
"P00304",44295.5251399334,100947.802169292,532824.975347391,300780.522589316,194656.781272025,91227.1470203709,661981.454196308,482231.36211472,938246.020571391,266323.597043958,14601.4383848959,342998.726016318,456004.533164468,197935.94232419,536754.167339475,38365.1557914043,119133.895649776,152910.988242386,32505.1925179337,117023.333293716
"P00305",31946.2327875898,99391.8093027013,334166.516912125,9109721.03473579,203083.564793036,40230.0066112675,11490058.4049649,2611018.11675143,397262.875637259,205345.550260654,40892.7816308454,441850.819518189,388416.561995866,219093.882854525,22729.362736723,82386.5302804493,201951.040124161,323054.188074895,83711.0785009626,148080.559466879
"P00306",625767.298048626,43442.0157901221,13982523.9703029,3627108.90482515,4011333.3873603,3163326.97489217,13862287.2101597,28617851.9290384,16698568.6918067,59113.2706769101,1972513.59713887,617473.07058038,309602.979267851,130921.141666218,3146190.82821695,13965103.2698007,206056.735871241,3790572.99462691,46037119.0306697,253306.881645182
"P00307",89669.5396002518,117049.016705252,33602.7514145333,1967397.5428073,146450.3926018,51215.2023886607,652978.754144176,61818.8520286972,706938.530068427,294943.198547483,15757.9546634038,403962.996995091,471681.566245562,193751.300791273,14407.9509134446,96252.528861011,167331.836635416,365799.19108692,41900.1198474646,117813.268185866
"P00308",25042.627730573,89301.6555003246,1729936.90502919,2009173.69587933,406639.344594638,95865.5559630415,3324399.22309544,140607.020156342,1258404.03906091,171224.376373891,8261.49875957679,449191.327350956,446756.644604174,197513.163240792,41599.8133917115,365790.654823761,180123.718237991,496712.0020937,109988.399423383,169866.339559862
"P00309",71708.1631514768,102078.246577938,256689.472746764,2044411.49007435,1170591.15797172,231036.08887129,6686722.19483287,1489788.37272401,954978.674670222,168482.3481699,299044.017750637,549805.717284055,370951.46914449,198444.023431566,404757.776162667,75423.4880084748,188686.588145179,576051.974345315,2436855.53824071,203099.462834311
"P00310",16082.5948074699,90338.7114365417,217499.526228062,6081678.28416622,180546.479653376,63865.1338078569,1439412.55070596,483425.278389256,1315453.13069445,275699.47551144,72308.4998731586,463172.690112199,458892.512439386,182977.044310614,11990.457888008,909562.865901624,157552.121180397,164136.201138501,35062.8269576026,151126.255575341
"P00311",153158.207524958,46513.3127032798,5224502.80687064,12032396.9049732,2140123.71252985,465278.636030127,51674661.2483142,14031375.0966034,3618193.72245369,144828.559715569,2079631.73928121,525451.862509457,322581.245472953,100623.857236634,52745.5953798013,19827130.459195,206122.496746173,3252203.02527119,8630976.11308847,230505.211438924
"P00312",440556.753615055,65490.6103623954,78494008.7616062,2437680.0801228,13422563.3468659,1682849.4066913,51314885.4370515,31785030.668938,5933276.69450865,41443.2465261424,2689178.17309556,606717.539956255,339313.661766524,144857.158987985,1828757.37254053,1225666.50587706,204570.242656872,8128038.63775533,9177500.43823219,260571.156752025
"P00313",7448.27504178517,114423.57603173,12337.0722221321,1504683.19263391,198264.399721101,71641.3452865463,984757.472457031,89094.9791603455,1244035.65194521,324027.48886231,24992.8754148812,387924.494870557,459057.548470338,190874.406898392,4169.64725176056,50055.0340254631,169149.138024819,139506.440549592,29284.628179137,166828.245448804
"P00314",27783.7290156714,97688.3006889063,286876.89419815,1008399.14579647,758558.517472316,65803.5669022599,481799.64367673,2097115.20901204,513063.802469545,207729.046490255,107597.189195504,453940.228713326,373631.617687862,213704.858539504,21602.4214778605,718178.537530044,179600.630551787,419141.74292621,201296.701878868,224971.762130843
"P00315",145960.787346792,69858.9090451215,6400797.53779492,11009256.5641721,1007609.93913835,480195.308523255,16720029.3894525,4133524.09378097,2386008.17323704,156753.656380881,3245295.3991471,553025.408177738,238382.558396592,132375.064693016,190719.208338829,2575279.25694426,199575.252755458,5307722.58544203,3768614.32068963,218282.438704022
"P00316",68359.27815498,98585.9520078709,11442619.7731162,3650480.54387104,4107574.40550236,211192.528292276,4766194.64250932,1619974.2177315,4852457.83295825,129207.097540218,754697.125810743,452294.313261556,335098.066851273,137834.952648742,260906.18424089,801787.113895543,204346.480158674,2054352.73176499,2604685.48267987,229681.746823019
"P00317",155103.937264876,67081.8320106098,1273969.97727641,11559158.3949542,2476028.47161744,78547.5045253833,2380599.49065789,6623925.61382908,6240599.74349253,238357.414972702,384603.330511424,531508.725295679,343106.000805909,176455.37662639,53774.8860839822,1755475.77223808,192829.616749136,758421.890007976,1193101.56104216,189484.180766005
"P00318",23157111.6143327,24553.8291825889,155568132676.306,5271821752.33676,4696297805.96095,186153735.871261,37622588826.0192,12385687780.1639,213547751.129728,15424.2811545828,10302974118.2554,898755.790095518,109311.239500444,56739.100147198,1845258058.38047,13468750444.7892,203900.998813364,737448049.986021,124066855682.488,1837097.56370132
"P00319",52987.7693689843,95112.1937691951,2750112.07398845,124508.485682302,250052.764287346,179274.397060186,245202.440988859,137827.979700649,601683.041327088,274271.549605425,34526.5658204826,493805.421063951,477337.952849525,187978.865975552,104688.323642758,58219.8801779437,155487.56597723,771390.925966258,186577.021555835,94178.5722204195
"P00320",7675.67356727067,117830.970296842,19133.2815805598,591475.54794205,53856.2111410403,10866.8973631272,364256.493632993,39217.4866623224,341934.581343814,320782.320918454,45748.9354974168,296647.709333025,473529.754678165,207518.617463707,3142.3395112208,3893.7376205498,157237.792134417,53677.9359974461,24241.6745605208,72062.8062595242
"P00321",27465.1537695583,108749.34310953,165925.650777803,799300.958575872,336070.916939812,16278.3302365346,854294.719779346,1518325.87207287,1011059.36169128,303481.680666461,29204.1823874566,380096.913658349,362950.107167519,137106.50702061,8571.56459411105,22806.1429469322,187347.369045887,684015.597731461,139479.59570083,143455.359087149
"P00322",9877.4517709498,117930.217177103,32482.6430669985,2219925.39776422,55305.3236499267,15984.7863549575,336556.721108821,330228.382453681,477099.288762911,309048.133694835,44496.7810043013,335349.964931609,478028.606394865,198448.792536252,2087.65997607786,46133.5763025039,184971.090697495,49159.8297671887,50341.2761089876,151810.226783309
"P00323",29742.9762975815,84700.4364271901,1527318.4171061,122314.312691302,382966.734515905,220635.680988074,485551.104185931,231304.826181615,2105884.48758159,176136.470216363,77134.5708907197,528372.069432331,437748.876869184,221885.882269025,186187.025531448,547410.884643226,185910.367415374,884671.438127484,2882076.97281602,137750.528670912
"P00324",163849.995434006,52765.2333289191,12726837.6887506,3669668.24676969,1449086.29334601,717530.750476014,6980162.22302653,3884200.4594551,6065635.43933375,103692.561975272,971677.909242158,537355.073438147,317500.37158374,116140.131665615,551012.804816427,13888501.5950859,203382.149135698,5165843.51451037,3097210.4602196,206042.822702487
"P00325",102970.441355819,95825.7139652223,1708646.01303233,7834358.02367541,445328.873667163,61635.3368868531,3345370.29169213,603248.627578821,586585.329947013,187762.080058956,860426.583179038,513848.508883128,447624.699576363,161248.990904833,122379.484193075,3093878.5599099,186235.781506318,431869.108488828,281131.03970544,151264.962301307
"P00326",28306.4533348647,74123.2467572749,2743919.84948568,3568813.41060736,1437158.76653142,298268.05213007,7682491.66684446,1060995.27519259,3076001.0741189,131454.467855503,729065.122557733,539521.468797042,389593.888882876,200651.414581468,210381.656357695,240524.659372639,204752.858309621,685002.684364769,3504482.92718885,203238.371595112
"P00327",911575.44201111,33408.6125908735,277663049.298423,48802916.2470598,3006451.16081755,3670781.26760667,80896585.5360224,70073753.4979322,7475226.28206825,78510.1188239812,18636985.3283181,621526.814996371,295581.519267275,105191.702119942,9552896.45939749,75307010.7380779,206666.653194449,11200444.6915929,222449371.150146,358209.949701141
"P00328",189084.434771694,56428.6055775849,585087.442433954,42772210.978591,1194286.25627353,120762.274618962,2493794.72928079,9464707.15569834,1659879.01133238,221570.086207347,3853438.30344112,436350.845743181,343373.475245079,111521.124794626,60685.3485077745,2981738.56356504,204497.559065631,1008565.44135603,728127.304863423,198094.042434636
"P00329",53627.7710363822,95781.0513739195,183342.400904623,2861588.40391947,333404.990123438,91067.6882338571,1351648.71439858,400439.240611745,909485.31895486,238573.282361309,38890.4025043709,491139.129908102,320093.790198418,148852.522749467,188291.283196457,1491415.68582807,175914.662845789,524666.479153536,55847.780397615,149023.617696819
"P00330",372138.023773075,72728.3495873123,4442043.27157098,1273701.05666847,6157722.34162155,654552.364060333,15588253.4536638,13300732.9546871,10886563.9633824,104622.737069708,1935647.69104106,604843.819840917,290716.21108511,172979.396078145,3460507.37283474,975078.931270403,196733.787864314,6627064.72031948,988338.676878739,245446.341329978
"P00331",11373.4793571218,112364.672910577,34723.0601760928,572248.962841212,14209.0722476419,7022.41729361272,253627.437353005,22991.8608799947,162625.908045016,321816.36897629,6195.46974009979,390561.043388513,475032.248517695,222123.424964045,3000.04169580889,6409.70740061746,165379.446786281,106556.864203952,10453.5669024813,134317.377442507
"P00332",80967.0899944857,70233.034239919,4285984.27808905,3324875.01658337,476831.037719165,40537.4738957827,14605610.5708475,1767009.92103624,1971343.80112296,179955.533274689,394858.443923944,459481.875166056,413238.49756069,177439.577670934,59001.1985444569,122903.177409985,203298.882103801,669064.369322631,639310.46218808,236586.393117743
"P00333",35442.9501300065,103237.822021751,616588.5451104,614672.794065405,332798.271502474,203983.556692334,559000.621803664,2448808.55651295,1104056.25368474,289591.839522328,54578.7919161716,497397.47475028,461245.62985986,183936.421006201,157907.57526315,1629830.15635197,181631.420029745,304864.233081931,601618.848899482,200287.773977977
"P00334",10783.0283603321,65634.7447486355,23324.4936493336,11971373.9722178,135509.388897867,232594.13546256,268147.603852701,5773030.19166725,595764.368141048,156452.479965103,54386.5797174911,563001.215036324,471109.928089655,147398.43580303,6108.17297604784,3591754.92155146,176015.656901079,1661586.16010805,42067.900469834,181046.703854607
"P00335",45411.7871720001,74264.9342616349,2846096.33712066,1152566.36097277,1312235.82993836,279799.408317085,296380.378025286,748057.566648606,2133413.43437816,311724.177128287,532493.921186007,504915.605077463,448505.735871715,214709.369109571,173760.714339906,1951104.36471259,202122.983516947,1029956.91810167,407164.299327905,179981.615181967
"P00336",50995.441785705,116132.982135659,314873.846173066,627567.121687655,1951407.57357548,65950.2001046387,265053.588473026,400308.181794332,2245640.57490632,318818.46622588,45402.917577898,553264.315975361,458978.149577023,176372.569310155,86848.1922657026,204661.913976092,179051.904740698,732116.570487318,127848.030159842,134631.054045573
"P00337",18578058.8549001,23410.3519312022,25567321843.0888,5527681165.47424,1318650149.24912,40886599.9454188,21615159855.9364,4325225958.63358,255588463.267318,20318.1018791356,4715796947.30022,761552.65850952,127023.4265529,57303.1430295995,132373101.223785,879623615.972887,202855.843535358,511559279.848859,9170814397.15395,1286621.23361048
"P00338",60917.0778646647,111681.210693611,1783185.80150974,354515.466657225,3592070.92371082,101867.717563707,1649947.75160629,3332250.44871431,483471.158595168,126335.108177333,29385.2508746352,532992.985834638,415450.483213945,198820.999066439,1057373.6507066,305577.331480382,204148.158798258,5137243.2167988,892259.257930915,207109.872121087
"P00339",83298.9887255002,51406.2529658546,6321662.02184653,4927803.65462493,648004.846341503,409316.876595955,35628483.892838,7131199.12034097,7583503.32252312,171138.140133668,295490.664277577,568158.972556094,282606.790506775,139038.57214726,779204.964820497,1471976.86489447,205539.930672291,1667870.97769954,2757145.20542273,177010.522589318
"P00340",167833.375886473,80242.5919341537,2590296.60379574,48773927.9929634,374402.273209662,31136.9360592556,1039497.6100015,460382.762424641,1902369.0757802,306376.372426196,200601.774821994,429460.048592229,273041.008875838,165200.888814068,8242.55807742897,66076.4919203612,206853.0073724,257432.471016221,1084328.80108551,181827.286000476
"P00341",5130.16965551431,112881.31320423,1171.16821880931,153764.969248735,32630.8268888315,2412.19869925246,51769.1601192898,11255.6094160804,53942.4396975039,265137.419840573,3515.80476745255,199025.108433077,408539.654444497,209708.55812361,1981.26277482659,5046.72273789759,74483.620401226,81801.0952128392,3057.49163717675,77500.6715717471
"P00342",68746.8438671875,61615.34905242,13127961.6671438,351116.285978554,1797886.59446316,822395.478742321,2180662.99584751,7689520.97248949,2688946.08305759,98910.2702082001,853806.474034782,571327.013738748,399558.942345395,219138.197706475,840867.577430306,1149978.35280435,189884.941060816,9961471.45801339,16273845.6918832,188275.610679079
"P00343",115371.769690965,59277.2599234022,212667.917073215,1538612.80444264,745721.341079504,44249.8410560333,3173605.33390445,888482.419711629,901284.108789915,283635.907493948,47468.9903763821,466480.582725609,363172.51516921,123386.567527913,6849.88168122535,295326.050380885,199122.77297131,742183.421318457,128727.760197684,200772.556435486
"P00344",6880.27583378425,116771.689775426,39191.9809670958,45530.6153710656,13514.6148944261,3652.5555088202,238908.417344701,10345.7756452734,49848.6702047329,303913.858436738,8297.48603243387,266483.694264249,448868.693529282,220980.862622902,1332.76395446071,5151.19387033444,148173.663953004,18642.8723499957,4372.93571220357,85767.8379537706
"P00345",307951.97266131,54612.2114395313,945403650.028917,4125255.3618712,11575542.5186689,2611496.50650032,27826167.8074668,18624412.807076,8479069.82152621,57190.8924511816,8225059.00654473,619578.02455479,309287.204412265,155204.06161953,28005671.6984939,12562098.3272791,203598.675052342,13874232.8060362,4195830.54184708,308383.818856984
"P00346",677551.583998963,45543.4624494014,219686570.976605,5994541.39163006,2600766.79504599,517629.721032969,22983061.5254451,12909794.3692446,5329065.74563749,143291.990940912,2843638.27029842,602734.102378773,334177.127249294,116693.908731089,4566120.8792233,4405804.21331826,206909.203771969,6590771.62783678,3184648.05785113,240172.568788699
"P00347",18388.9845779011,117704.990258324,89212.6806977872,8165867.21999976,301717.275158637,58924.932156538,442266.464768106,115730.732065,504159.811219403,297559.235277739,26783.4387001563,469762.083489408,466283.228926737,213244.06586335,31864.2248832493,28546.2130753682,187923.846025655,410210.102424058,134304.461368369,96176.4434687406
"P00348",61173.6104960483,87876.3032827056,6871625.37264244,441324.331065397,563122.541259827,227503.421214678,1536644.88417009,2389666.33089579,645713.833113779,236115.71466891,442772.929643234,551329.558583874,408796.607094994,179328.828419212,37853.2127222679,237563.584704777,196309.305525461,2989508.00545626,1865261.16506094,203285.589894775
"P00349",10969.3901984288,114332.73220305,10874.6153612101,60718.8685238916,109246.733015455,33265.7705620021,70244.0376114117,53864.3630581135,188604.37254207,317876.679852578,6727.92796310908,204352.151983854,455236.552308757,183555.398872673,10016.9595851989,60933.9387655653,89313.169679233,127454.574353855,5608.89296946326,83255.7308980465
"P00350",20647.2264876408,117005.159334429,16146.1867969877,1316615.11598392,289087.998918135,23964.4290967367,1264260.58198402,105424.019480287,343605.703827095,298056.725073677,13575.6386461482,323897.855431328,468343.87455098,180930.761100956,4226.44903734554,55291.8266133943,151693.776105788,86161.4809471614,122799.179734319,97981.5674274887
"P00351",85558.6865824618,55358.591222094,4669123.76825925,11938269.943786,508986.107966893,225367.29973479,2553864.14159455,2384004.12070793,9002853.28015488,74553.7284646455,436026.941210543,578188.915341554,330814.46722472,163362.058368868,97781.1748803085,11304584.4738307,200502.692319268,6160069.67193631,3263302.41249007,174755.811790575
"P00352",9043.59643319839,96091.4559977214,13341.7684768567,11581054.667197,1123983.37004031,52072.2383238571,1298883.85845962,109471.123905093,870639.274518374,307149.583898228,65394.3695969871,356651.945965358,405891.455336956,200711.146602528,8214.05755022934,29687.8366205035,192262.982231291,244381.610431518,74779.268873633,179210.993392757
"P00353",55545.4718416192,93121.9761996325,2572850.55897292,24142330.2501063,3107578.05083416,90970.14960166,12448227.019549,1594616.72298655,3821515.14411591,140545.376691959,413974.555728723,414661.61607463,256729.106272889,140882.179469512,84331.7316332711,467271.119896567,201313.912425588,344351.705697401,426263.175650267,197727.419436419
"P00354",115053.192851826,90295.4050077513,610386.905672926,181481.072317485,434091.150226429,247969.624355844,424600.236356691,94709.2881473076,347912.447330328,299552.497295561,155368.237041284,483466.046474761,461786.831130547,221893.122440819,42084.8684071878,43970.438642337,179322.112732221,335513.746400561,43382.5165954361,127544.130196869
"P00355",1585457.02250999,43643.9439008472,116326661.762624,45951923.98525,32559653.5892321,352088.702078714,501662102.556147,35423469.2730556,15113151.7369553,80550.7438306713,8111417.98251022,598590.130894561,278411.875737366,74958.5904031271,531978.648227975,5863918.01459605,206747.9635642,7972849.22351678,24729153.5099898,315681.799629154
"P00356",26702.7287558473,91980.465239639,255139.03230603,262615.422486533,192058.447421934,45893.3601139803,207131.892499508,418022.88671509,751138.525605825,239585.695734922,46881.3525794722,514329.463147944,457713.017066484,220462.41789554,30967.2858429096,39098.4677236255,177512.734394588,426280.212233544,48640.4833667872,93802.3757054068
"P00357",296417.432012964,47440.3930035191,14639159.7223325,9309892.00732075,7699756.09070902,2345643.75290594,74994071.743601,14261542.0929184,4475815.51463504,52423.5102995416,699504.181842374,623394.043353607,286777.322097399,101982.093280406,8431229.70417807,21982541.0968607,205253.028713305,24712168.9105812,69474036.5093211,224073.055341652
"P00358",10967.515017051,108088.986903844,12859.5123142476,284349.302849001,192195.13496178,47104.6689277302,33453.6220065783,57688.1468789093,226439.495183341,325629.791900376,8392.97516785801,346665.47432848,446309.375586359,178656.518857374,5139.3380149148,34387.0021345025,145741.19034845,90289.5610500683,5145.45461711821,119300.944609834
"P00359",930088.631955216,32798.5207411344,40311751.9982445,62797956.1395194,21072584.0103632,1342653.39595423,42451685.567658,186092924.590482,15092918.6883344,72975.6011388571,4762637.374716,629102.040838801,189380.967371719,84764.9823121563,4966496.74967288,84097525.026713,205302.276022522,8618110.33295023,37374608.1739004,298834.224124884
"P00360",13226.0261721859,114877.623289292,38889.6026072761,652192.141454388,365369.274829302,35920.154844443,917270.879847063,37948.9091450024,545954.979978696,234101.965696229,161817.943262009,464730.838686223,477133.929841772,208202.897516818,15323.7844210278,141189.625600133,183514.773797507,306787.774749751,189691.987258432,154325.542072032
"P00361",76309.5683715615,82351.4718265628,1820204.31310925,9414273.7246478,894687.747908617,1010296.33218565,5115989.64504575,6506999.29355386,4285985.50278706,128416.084055424,750454.874465068,589644.077493472,341822.367209304,146388.028948571,181954.643043574,5910270.54930511,200566.038706869,2027478.11121182,18491586.0453241,200169.511331437
"P00362",422271.566533264,57141.0548899012,6062897.00371023,2233011.97757653,3313107.24661273,1431393.84582621,35929429.9629939,7557705.03622255,2656320.87953949,171376.6458762,2334939.31312487,593964.632109217,394445.613597644,147468.737251444,1548956.76574601,1077169.13447115,187533.032955663,13800902.4256716,9803097.92415681,191543.978241654
"P00363",530933.496812311,44124.9956130906,8136917.49688754,29149043.0450383,3159690.77182535,1597310.87844611,21006150.0094185,97978343.5857733,17592977.9390989,91754.5462060432,3749041.56825767,601858.666404695,265461.414304401,101989.425755874,7837457.5849813,3925935.54619795,206596.125332358,20451818.2170916,42856843.8251361,269839.910373928
"P00364",37054501.8270017,28092.510776348,302090216015.459,2536279485.39753,4842937703.79669,128107042.809259,62602542247.8481,47275433813.3776,229168218.313907,15100.2409188773,4928539502.97549,1107184.35979248,119193.721301773,56761.2057947428,1261012438.80763,7446758931.09198,207669.030209421,557750810.088523,32459629059.7132,2198826.76376963
"P00365",1323092.52021229,44993.9286375613,303032923.89255,2077851.51377121,14998940.3113772,5599416.16778842,47340710.409558,51825285.749997,17362293.1253386,56131.992119115,29294460.2952497,671957.650371149,219266.138401792,114594.078887242,12586856.5556393,16320753.6125292,205609.391084285,38197582.0211055,265398612.441055,321174.820331407
"P00366",150346.064003141,69319.5990456453,5182066.18915057,12742788.0290272,2187330.68543064,862023.476926578,12337843.0724241,3565180.47439439,5145833.26671388,139406.462996401,3850710.77240453,589563.67684684,307432.445026789,135822.636687965,357579.451197894,2647976.97533342,206980.551306399,2062036.17877163,9576301.33260988,230950.174642795
"P00367",790542.527431871,68365.48352852,605004945.264532,7616870.72134315,26561130.4611089,546947.865037375,28067003.4977336,17062261.216164,6613895.13885416,104368.338167794,1439259.37698962,606350.56308986,216363.900167147,106434.88905676,9246749.21279457,30657112.0149084,206974.300439346,6647179.33689771,15870761.6880828,226623.935436127
"P00368",1107220.29265089,30995.4903258462,291866139.245906,8809266.97782946,65830075.1181434,2907824.65706172,58247790.3334494,12880618.3917607,10353038.438588,77982.7402659716,5886961.53461027,645247.655105652,279441.227574006,105796.39615215,22324492.5776109,996816247.291932,203955.977497379,25646795.6217658,204792021.756356,287495.005444566
"P00369",389238.375914996,64090.6547120993,37971110.8944049,1789909.08251686,24138438.4819685,196456.079831433,73722896.2223978,3067883.36856539,4342019.24294568,212907.766910442,4442150.53354062,492999.471054332,242525.821674514,199935.432513473,463765.770244558,409556.703896777,206490.677153254,411435.361466619,39279405.1697599,141924.709508088
"P00370",35587.5926286587,84861.8337837787,24037.1743768122,5420753.91244468,157958.112465328,45763.6444651973,1181494.44581537,255903.181211373,1964616.50844515,308433.584706008,100170.808058976,374899.466013912,369620.338356623,187834.353386468,4542.86022416131,40685.8538284351,176735.846105916,184122.115737463,58962.4861428843,95252.2824452289
"P00371",186630.939962062,52982.344645489,16870692.6765435,44185927.974734,12441952.3926766,556338.244283696,38371851.6828332,8256514.00490891,2982045.86035279,174074.406605583,24789355.225076,583032.452826431,353708.030181933,91991.410702986,243031.001359576,14611011.0274714,203356.176044771,5531096.2456807,5611531.28045705,215387.786553288
"P00372",1541267.93352737,26662.4645615559,225824617.489068,18590272.5145522,19340647.71613,7667869.83034498,130048514.52842,69801317.731058,6622650.7626045,58302.6063945315,58188854.7940565,639471.50911514,211286.562949745,76711.9295737467,36388680.7456435,5079862.21950977,206976.790832198,57477683.440328,63960813.1497919,289612.999609164
"P00373",72570.4102313945,94937.5689298909,861322.337125719,4972962.99576687,969966.669905642,528623.660133153,1100077.85016776,553836.872347733,3738247.94079957,215887.629213892,140548.327396276,488215.319512654,347411.458272335,207157.545709254,275464.880797944,78782.5187622865,203144.858788569,850038.495718456,165028.159899259,141803.374687671
"P00374",2693228.09238597,45481.9388879246,751638609.250428,12414795.5886734,99656516.6534527,17881592.0807104,945674360.009448,81268709.6994948,28319589.7106502,30219.3459376715,59242818.8479716,708581.518815061,259486.852414569,85900.7289326974,132576329.935691,200150894.180916,206282.628886189,83545868.2719081,1209339372.76756,304216.737090826
"P00375",40487.8541058763,70546.5244882747,540654.750489111,3650681.73555175,666475.645063457,839830.054896196,1698106.83577832,4024533.93474192,2046165.72285278,193656.890334911,676870.42817979,557277.06721109,376872.719062666,215389.800867162,300074.168672961,168634.30357539,200948.232806622,2157655.64294586,1771066.46038915,188854.959478199
"P00376",3360.39451229808,114789.927816403,20644.6294291012,357091.594924864,249064.42818008,13467.9684514095,1224516.24629907,721343.04261311,446841.756058829,321758.457179077,37499.8688574521,467484.000893088,475931.383710646,221527.741076149,27610.1243597176,47353.4491670024,147230.105533922,233809.73241983,28470.2614975625,134851.420047542
"P00377",15266.5284843963,103893.539402993,46219.9181134191,28741769.1138232,509181.153839442,87448.683218172,3408267.43217865,2463767.94026129,2248068.10621834,311569.327039329,488689.658313494,472185.074347215,380351.774286508,162425.112487525,10195.5725105647,461369.80677314,200709.368616427,89108.1939500237,59220.8551516187,172785.914173646
"P00378",12021.41523666,117045.566866242,113111.480823166,5645568.69207209,160027.348001604,9774.1923091671,568797.63621389,321849.481996838,285745.597618872,315854.780837538,112571.790668331,350725.528123236,459660.59351308,205449.779036718,9979.99722016423,62362.2725274213,174100.049000159,77667.6665235992,64586.3422692333,119304.611199736
"P00379",227170.773374479,64330.186549786,4060866.04747338,1438710.99090549,1184445.74453898,446936.57770995,10605431.7631596,3686979.35003292,8614136.0621561,71191.492057314,1012351.64689058,587965.528051985,415478.847162672,145668.530967072,3539300.32508132,10640882.2777497,198426.969800209,5732540.82758901,1222008.49824722,170709.536751146
"P00380",864860.414560519,30520.2134979633,149701402.021487,41215013.310055,68047162.4402088,1866898.18611791,195460579.674229,256347088.153835,30858557.3887402,33317.1498310852,13707337.4953385,630703.01564697,169397.272781049,88429.5943512926,40227705.8397736,223526464.878318,206985.981199417,47473262.4575996,243048840.929131,261690.033904053
"P00381",34453.6519700854,52411.585699302,965802.410083639,24860663.2055735,459371.167995903,174714.033427289,8461035.69257829,14917437.7713244,2010093.45259138,228263.994642921,164514.943840825,527902.387890155,378808.076179866,125565.668934136,13592.1995608801,1092942.22786819,186280.081193126,995644.534263246,797941.663564756,220664.08138146
"P00382",21344.7844565969,90352.3285645153,67800.4111116597,3312413.03533033,374986.662214769,22890.7396256393,5759557.3326071,2153763.84077988,1050039.94580546,169811.150177701,95255.8013932922,429720.851242079,468870.298365959,161676.907498879,22714.6361145355,183963.855789175,195607.130671477,1240495.57608378,130066.725244997,190473.666435826
"P00383",410214.47593849,35008.2974940293,33566092.9811748,41446612.2620292,6428035.44531131,343079.547987422,12882147.1352376,52209543.3650706,21596825.0132456,83593.8388229647,28650045.7397518,596703.566344556,268319.987888205,76225.4121022664,284828.481745262,129623733.371258,204456.082278557,12411960.7330708,286705956.267003,384998.843349825
"P00384",92117.6158751071,87485.637751777,4736591.78114191,1897849.47355276,320486.180913635,611361.734715597,1343557.38821779,14552942.3299305,722724.654795918,167468.389225521,202918.619139318,532881.699913058,406038.877223086,194722.286764106,81681.2017749956,2593673.75548948,202193.674621047,2400746.08454688,1739661.74271622,223181.539603817
"P00385",8336.44079271913,115827.016279312,54897.7273526826,1717315.30576767,22623.4302242812,16930.0786344964,487759.221842158,32334.6188199103,164919.756148883,311170.298309659,8762.82845817829,258187.466385887,476787.710690979,206382.893876862,3560.29053643851,32334.5010661864,136262.190812921,71940.2519192067,5850.9695826274,82486.833381001
"P00386",1323093.52714921,35293.7753080387,2116629021.72524,18332391.2511224,28838575.5660692,4999411.39241722,325055631.719652,103758836.654161,8795369.1720774,54415.2158969597,81977286.4518983,616028.90810347,203300.470602555,80763.2084752495,14290004.367277,39577202.5918362,206199.310083429,26971793.1800068,14553349.3409162,295516.942757586
"P00387",27018.4975987208,99727.736115888,4119096.30148974,312480.371606322,1066024.00605935,120864.758446704,1232196.75583035,1268338.31326725,499483.813051957,178066.28875032,146349.664554866,542111.27109259,432238.154986484,175853.934675588,99792.1443373109,53798.9535429077,189838.978697951,623319.694010594,227107.574507435,181727.945118537
"P00388",61912.5747325655,78278.6070196884,2107957.84048146,12356084.2700618,5924992.63203161,212800.218886286,22682897.1261782,8424236.48832614,1499711.54155902,162711.052412095,551190.063686108,496274.453237213,305586.964168185,127267.379250296,91751.1881174184,333470.914236541,206427.966541434,828751.319347021,592314.353842066,178785.7207449
"P00389",141910.00559929,37791.8247073545,12429882.9912906,2290184.45001482,892328.708552839,747413.434304097,9143297.50568875,24571783.2171509,12704740.3533575,97298.47058028,3561070.10440408,619650.66764834,265856.011347433,116712.210861882,673383.426536893,6225748.32792786,206128.305680182,7744748.52518568,9255828.70201453,267032.592315834
"P00390",5829.82314961655,118282.08678862,54564.4870063922,56719.2058630289,111286.345123877,24871.0824996926,1241115.69594028,910210.174495417,152931.377281518,297690.026838102,21285.5196815152,290176.596833035,451616.547993536,223069.909814642,14157.538276724,171696.44058573,190926.078440372,106420.950671702,18956.6976117456,118723.074380185
"P00391",120940.164879999,72283.910043153,1085875.0628518,13596505.3516956,595246.880153488,155186.27142128,982604.573663143,5703912.71982784,1701433.92148287,192731.786305975,742173.306802186,517402.888596385,378864.001454017,159429.61843837,132428.40039841,464773.930739946,200947.542685273,854174.819015018,705195.091102013,171488.573246148
"P00392",198511.008186011,70765.2395191084,1337103.40516028,340442.489091541,842123.546820541,1294213.63797787,6496541.41549593,561436.401877371,331113.368699795,192792.251348581,35192.4775112806,507691.461408229,392825.28857468,207024.92367619,276033.20117448,593477.772209551,197588.512709721,947354.761303062,3626356.43002501,179234.121795004
"P00393",80352.2951719714,74378.9516796237,1717530.59167128,1117240.07565158,1044251.38490535,396401.696597359,1608068.75057236,450686.2847378,1589816.02081645,110019.171402529,492497.026509878,588210.854726784,384853.492168816,179570.083482301,483765.304390766,100234.703770337,205047.452937473,724409.260214778,3317687.4898892,163164.062745587
"P00394",176442.864940466,65793.5040426459,1744036.15940513,4838229.52701413,15637353.6290083,796530.117972006,4181760.98628835,3458517.89258997,2422588.19583869,72039.968177986,14921961.6940932,578996.609066377,399499.629122205,170046.846957976,2660730.78819242,3706909.96951123,202076.993390759,2170254.99520495,19320152.190869,181853.976144518
"P00395",55123.2230995933,108220.307112201,378131.680572639,2596892.78457992,564845.1765095,69761.8319585552,2706545.36919839,348408.147678211,1515933.96876355,221940.894965195,86095.9795611949,506043.534020565,458270.362369942,222263.188411149,68707.696257885,46141.8476954272,182077.027110745,358055.431128526,162756.903678642,165107.12084536
"P00396",202311.106097363,53579.7752641386,85908309.9650803,12809675.6023108,37176351.5515132,2288456.12020938,135108373.458262,43788817.6468195,12522378.00615,66761.4536967611,53853493.1810718,607504.174838856,242876.020824938,154920.249084238,4279932.23083347,15063427.8183457,206129.041263498,7685404.21505043,29123812.3356336,318960.793826347
"P00397",34918.2948935193,51247.3731465196,122121.468314219,987254.436534964,252560.144071356,651473.384925197,621783.716527427,19066515.6654233,821888.699332769,101877.031893205,75153.0220717708,556603.115111316,456410.092600609,200759.658747674,83526.6455088801,764896.134662658,162280.088019916,37295253.622811,1240390.34208148,224946.415886102
"P00398",83241.694243272,71664.1233830061,5390475.73011716,2578716.94872695,967933.918702411,458582.056056771,17729881.9538437,10138029.4748912,2202252.27142538,137472.79893662,199908.752600719,590762.70408762,335480.666998421,146439.557899422,1601616.46199248,2112034.30906949,197347.621075187,1929121.83384617,2290622.02417989,180136.159740993
"P00399",14249.8327387599,116663.848917848,6251.12525475083,1660815.97659117,28502.7890758685,7462.37628124449,92825.9881285651,86331.568059457,196573.885507737,312651.561220218,17155.2062294205,357538.421621184,477847.45283937,216531.398689996,2290.14546167014,2130.63357703246,176484.191240785,26523.3452670686,13801.5237717697,65466.7923609462
"P00400",1373.88527530169,108600.665628094,1020.64419413471,107757.991401434,6761.31844725029,14360.8485739413,4520.21420737351,7417.31380197394,59581.7531727882,229471.10206201,3865.85973207879,225231.084214568,329705.79609757,218306.193784873,423.950142782904,1928.84444364376,100347.066595568,35750.3609345014,903.910444956142,41795.4018743428
"P00401",17031.0491551647,81046.9676043013,2077189.50349671,2546470.56318995,264635.959823965,241952.61071597,398624.370304416,441277.641022211,1818037.18968015,174341.152163326,60207.044624251,499714.288622675,468100.311007264,173421.04445369,152559.155194624,766932.532987328,174503.088310611,1304711.02818825,118110.282753053,143672.151647956
"P00402",28998.7859630294,115044.794639324,62526.0126246627,289004.92315886,135794.137380623,116663.26639863,277188.788316014,136436.534023543,332823.730096514,234386.68937862,29516.244243457,388327.706529883,479619.299269529,216235.697318092,41387.9435253736,72659.3870289413,179840.421892605,379340.783343085,99278.6199817152,91860.3876718034
"P00403",10558.8877302465,116251.850988059,43629.3697194674,478310.705398284,43774.3342971224,31820.6931847645,509575.587302736,264126.505593286,1202135.99753572,265167.313931673,22230.8399844972,391327.602713133,479076.033496588,199266.111186982,4155.32424816943,33163.689518848,181400.109588537,270471.010733835,317836.296864841,117987.685694263
"P00404",62077.4924227987,53166.9174544542,5412272.39816609,14099236.8283916,1559666.42191434,806155.644970581,75429626.0016914,3071001.53116517,3924741.85927666,144782.802522357,37047198.0566089,587996.208263688,267017.145030702,89128.8630487395,542753.008343372,2405411.41881568,201342.382812243,1703319.3356332,12483676.3102144,280534.711040026
"P00405",191324.101366587,67531.5938493332,2891292.30368567,648318.85980402,1621623.89052032,840174.615382786,3728354.7895643,6303834.74166712,2515712.95045421,124803.274131741,448107.384529957,580327.163941483,407834.870533533,205430.491088807,424294.753112249,628127.169283871,178246.362953281,5418625.71352943,973933.158503538,184379.850179002
"P00406",28289.8090022569,71501.2718165698,501122.664380443,3778208.69976199,1159598.26910059,136137.813054316,14351708.4414468,4158452.40833043,3965457.0550377,232569.863274292,1885647.63090873,546927.97569989,322757.918200286,156411.654984722,109093.681199612,897442.770664541,199507.285238505,773591.525928158,658041.815925944,211692.826194718
"P00407",32107.4995248334,85507.13087622,105391.553870735,16532248.5917292,562066.464592881,82687.2409985708,3683434.93311756,2284337.55826548,1002000.33901602,158835.306992753,123080.756855903,468153.007344277,470535.445587992,174999.563762148,24324.5489259701,402193.889803762,197900.086109422,3330110.71309496,312897.686399221,169201.980665888
"P00408",3212.2083505855,116747.112405364,8222.75538412626,372646.0015808,68762.0601325948,6095.59131166994,216619.038366705,28264.9074440654,355089.97051328,269659.275011604,5036.26141987213,260215.244747784,473761.380213037,195656.295311225,1162.90583926813,11386.5705101198,128539.962127665,20416.0441279702,13533.9289989242,87906.2137882175
"P00409",69149.7512667292,94234.6576419701,1326277.27362452,1000334.16721205,2319605.27954657,232742.806694839,1212278.56564132,173244.353746554,2119940.1551435,180272.401267921,728554.051988037,446414.737018674,427066.217152776,151173.956419134,88443.873404331,724379.324439362,198638.900754959,308655.60976879,4634961.56143618,229091.72439975
"P00410",58261.1173173425,103141.198246326,155569.28848724,6931942.39501325,107926.895576578,27306.2611926207,258672.884872875,450192.537513177,1268510.4590118,270834.466103249,22737.3945281436,330528.831180879,442736.798610016,173825.698070721,5497.65752861976,37377.6207088116,183651.247057965,220654.042896792,23009.2014104125,196943.302717702
"P00411",43487.3281436028,111530.155729826,252009.765816554,659886.79515556,163929.836638995,107843.612525043,835904.020059188,62341.7805121187,1520836.51605895,179763.509506859,175930.704913021,475292.097018321,471386.930170321,222862.750879098,110120.668645307,12521.3188035552,169328.446524974,172926.099452824,107688.537277259,128051.227079749
"P00412",70117.4271641874,115954.057206841,118655.277943745,1094246.04572261,197520.834285217,7369.1034638257,1325005.34838164,379890.456218566,822694.455759534,248617.662044904,72328.0164571359,412107.172711601,453541.695118138,139132.12328475,1962.3398527457,185317.040488922,193090.859048046,177280.793333515,116476.660001989,156592.99823872
"P00413",483337.855413991,27344.7374095745,2396781.10794322,2116307.10773675,4627605.64869681,4286358.87495494,114177081.706048,25906158.5909001,9693512.43980958,42166.834192003,724703.572929771,646143.304926862,274308.532911064,90969.8026006028,63621128.2588591,5123055.19636784,204740.749103092,26063096.2657487,412427020.633166,329346.613296627
"P00414",52039.4667797613,69908.9301905801,55963.7275329704,1002641.63414562,1393054.70366694,229572.674540877,809791.742772545,728512.440454143,692917.391413034,202279.331924578,306982.066768938,526671.67861055,374396.931258443,168783.659669696,736596.514832465,667767.404914169,205131.353251981,1510339.28743789,1072526.76940882,159943.193376253
"P00415",43048.1712708656,105953.74902686,101482.054859989,2472599.79771783,1728464.47185652,36487.2328912074,5216732.16671023,5547262.93030772,4948194.81164604,224490.889563594,77533.8879932621,504407.213257022,426485.879347643,127329.230475636,6685.94948700296,604895.848050268,191505.93598188,464531.873522159,447653.466666298,183404.619718571
"P00416",5095.17121947785,105274.456641812,16635.2417830672,94826.467601595,17548.5984987282,14779.9638147351,40397.7624231808,84473.5492115648,362715.673093211,325366.817308404,36119.7387800494,209566.367300779,460884.757385617,221835.097578771,1466.79581446425,10890.2123189492,156539.555795974,61887.2577841493,6094.13331968797,81437.1026216777
"P00417",5580.80904045243,118136.288556048,137794.661914254,408417.299251415,221538.628074081,8244.7456789055,171693.159917672,244364.663150412,810375.635570274,302305.83924812,6726.09810005505,366598.902545872,476213.47307109,223096.185194013,5493.69050814538,34952.6303147447,170743.536310894,263390.277800404,66019.6051064062,124183.13074547
"P00418",130728.980402175,77691.2919484496,1054641.23484465,614993.109152344,6133200.08964452,175349.891884376,838380.329534443,398350.870189063,3983113.95650643,267160.419033239,116956.312423546,516622.021011987,427293.358218418,155793.24794411,285620.519042481,1343170.60044575,197254.845468145,1427896.11552611,213295.006505954,182106.823403754
"P00419",43992.539524754,103200.288434574,454725.068024533,347703.215242989,602160.778624395,89279.9465097635,1123203.93991243,1381742.88826251,1446032.31369371,197656.414788816,572643.556365374,547956.818048586,446961.186038498,202437.098236247,172018.056853705,864313.18748278,158624.763204471,2467921.92253418,376449.668272563,183491.928646736
"P00420",254561.201518542,58957.3750012769,790306.731544969,8909935.48272935,7310025.76167074,594548.298409381,13112163.4064112,1734001.41582198,3808314.38184779,83767.2478744394,913614.165879322,597595.530282823,285740.337320859,151522.138172493,1072267.32296793,8075393.87462943,204003.229562577,5907473.11173924,7136020.06285029,234939.063486976
"P00421",25839.121381822,101798.280942098,4786153.45979747,2062574.49529885,206671.693220028,112301.718450525,1133870.42179065,287992.197983669,3197667.15221304,126642.493794046,24092.9580665255,489837.482146433,397523.50436902,186313.46174618,232597.6449444,152029.906300972,192108.706709303,953151.624869486,168320.650544461,192486.173707325
"P00422",2354.79962812046,114421.607956269,24223.7336512725,189188.729929369,35219.2898548683,17920.8916683474,50017.4508165346,32836.451924033,192490.316703051,325381.623268305,11425.0995549643,176656.577876931,456794.876906834,203823.633231901,846.712383462188,6320.4073936556,145461.366980288,46617.6393048702,10741.0849122884,68739.042992508
"P00423",145044.823718043,78897.9730750348,1471716.06122726,6183681.74097448,589601.870794749,138718.762290201,11123275.8323877,6246643.56394493,4964509.7375091,247818.369712605,2373273.51533936,489917.872413743,332400.91533783,109798.359637195,29502.5882461302,320966.806292956,205778.39672461,1210514.7607802,122484.879365029,169723.18183027
"P00424",41521.936913387,109626.763469259,592453.028737065,473482.341697922,271344.218202176,71041.8320063503,128110.506463437,206296.375766872,728081.582654325,285263.264860851,16555.6332264318,387697.798795537,468848.281017786,198696.817569515,13069.0768939642,44929.9150254392,172859.28264762,136896.508150536,393805.152264508,129028.475508553
"P00425",539407.319385731,66538.4058052184,26760881.9786788,1116616.38179254,2626429.88857776,1931622.74452958,4526196.32021272,106960144.472088,6013519.50323239,98324.1450094661,1382904.58926432,575083.034915068,389404.249563207,186124.860543872,1123283.08413802,4583342.90175647,206970.49817323,1205277.59521573,5536568.13082445,228124.822601876
"P00426",165691.244543082,46730.1852426997,18108548.6448211,1120058.52023835,4775415.33065114,928393.387035795,9244654.54961833,677461.674457861,9663331.75912025,141181.337806635,244530.85428733,591208.945249264,432810.498875273,203100.230700392,766910.539690972,860209.265846876,205214.065417305,2556462.63464756,2780408.25067255,170665.241717189
"P00427",31659.4055736191,97058.8241866854,499808.185339805,989696.363162797,512910.368056556,102655.396062061,640728.972552356,405891.212182872,1445572.79756908,303520.917058858,207765.419259522,512263.246344716,463735.800460031,163906.851941433,117549.819781907,269239.730137889,172766.904548257,854619.329236175,543792.322274291,205285.374995518
"P00428",44221.24563935,104591.968167776,35706.4938404146,106048.95570326,605538.708390662,190205.194688846,383513.951398108,98154.9179227864,398191.746207623,196258.752613607,41634.2327291456,517520.002990694,472388.332170159,219564.430667439,76978.6343066443,315982.943277263,180447.315655755,671078.235578388,56095.7323568128,115691.543251115
"P00429",41918.6241525365,74481.8640557352,113229.355046988,3264430.48546601,383601.049652032,52160.5900841679,797096.66211924,260996.426766743,2673508.90608996,292532.885893462,11127.8633956792,442310.619953755,427735.952914048,182442.206464194,66857.1343798127,53683.5421486189,178839.503772288,155314.760636812,104127.156428103,148899.05179217
"P00430",4817.47743406192,109920.067696078,20549.2312379733,310215.759138413,46480.5038806235,16339.4463519078,99143.5999007566,35442.1385303188,29110.7908336754,320114.317800208,11725.2529852796,484586.336039502,470701.165560028,218282.807189228,29386.4677928606,8890.89919537192,130232.615695145,66211.7616862518,2310.71362589426,91722.3321138666
"P00431",6110.62700194767,92348.1898713514,5753.76969960071,19687762.1200064,203513.159451695,12093.5235539909,59016.9886250115,254843.14745593,205373.61067346,281625.995504704,6951.4872344976,418352.791945143,437064.787345817,122108.646261435,2767.05337475403,271561.039849792,127533.683958201,108473.070203834,7869.24934867569,145247.884350223
"P00432",2162023.05213184,29180.0531555566,171562236.348875,106252192.262841,59348570.734533,3291884.46738198,2283181649.87867,82562090.7504136,60648490.6105121,45313.8515506093,18109296.0563839,653014.406069415,188119.164959179,110465.795221005,787051.33766302,14610127.7083759,206302.957266529,30189975.7585728,237507301.002088,324817.842654225
"P00433",65996.6652840402,100595.604490567,6104126.73324741,3809314.81742872,673362.892773682,138037.671352426,8822111.54740649,1169919.15334133,1382531.83887339,177196.430821571,382830.600350388,483902.833654687,454644.763282818,191875.801632143,231596.100945089,795509.01883856,195142.408115948,898346.870655859,375240.000579833,218033.55064509
"P00434",105473.524409535,41597.9589467801,2740413.42922564,46170320.9151389,31346758.297685,4288859.67626491,23546050.9889161,286554445.360002,7780056.48935506,147007.36687413,9662297.30806689,614213.771855649,283488.825996724,146928.075551924,2399549.32342244,14843418.4086484,204636.054408205,11245752.3301384,1934233.41499817,253963.05087647
"P00435",4143.80989148442,108762.24638839,10458.5979672092,646716.002204528,92174.640780718,5695.90177766151,124711.618972494,69724.5629768978,183946.303459309,325540.264523552,25133.0918213081,270850.262313531,408450.433899268,176331.425248464,2660.02801802771,4042.54277746746,127623.47495691,39939.2927244342,7455.28446710077,102813.917969408
"P00436",2606295.16790801,29262.3110547092,405711234.4723,52389576.5556278,36052904.5291236,5005347.98767069,1057285135.56324,29672039.1767719,18102223.7614009,75403.8930082357,33630874.4900179,630298.519423977,143274.169480314,65117.7910901228,2604813.07018057,68471330.893705,204805.314480331,2939461.14583789,527869186.461509,305609.054403837
"P00437",250578.583468155,49296.3461832605,14013434.203171,39156700.4915218,30898822.0654213,851012.612444617,32978177.953275,1368382.84876816,6071452.62129423,61103.659082626,7653320.09659003,618332.981969456,325288.249339245,105491.742212743,1567519.04929524,4850775.66317176,198359.19843311,3904300.67627358,11489884.6144928,291132.268604758
"P00438",958202.135863224,34032.2697333508,102212008.513555,22640789.273718,9919787.44006278,2025994.28129683,9147678.86312717,14393025.3715442,5477900.00925563,52654.1616837958,16700066.2088485,635629.22701898,251163.404950469,110730.465901729,6042728.60562608,5829595.73551619,206384.031396659,4806125.44054126,3181942.65068796,328969.558556127
"P00439",31254.6488511487,77058.2208215294,2737371.0483121,2817718.73376729,3950679.75871917,105267.894558829,5859564.10448093,1071317.28184914,986033.306656839,188865.783807552,593441.854415171,466733.384293673,426173.853354894,138901.145398938,55205.0577688258,319411.396846327,203328.372421112,197681.034040932,1625035.66819843,257599.675553335
"P00440",8903.77496501739,113615.817533222,679189.415665191,619870.059998512,176730.612190833,24213.2921119269,504433.124613799,193493.842556136,666973.06788673,266393.95436313,113142.348333228,443741.288868656,452479.163842968,214432.578520511,8370.65154773759,76752.5630199858,168063.680154951,612024.413222359,189910.409089061,112678.92682118
"P00441",9401.09213788181,117776.46246839,349263.568665927,383950.085817328,65727.2252490502,28943.7391524001,808778.711745335,20683.2895965799,380060.143694306,325413.688132551,4480.10028812756,506618.566151558,477141.638378399,221910.119027548,11322.4149344993,42883.3372829254,170809.839180687,82248.6302382147,218222.939303939,137406.023464833
"P00442",9680.82551982114,117733.904946402,199100.719712478,511030.744825085,469564.013073104,73039.4438886631,541579.41470403,49571.2165924165,592201.602473279,263676.325235665,18696.605104031,541307.25127615,469226.255424391,204235.552622355,37318.0344781277,64681.8734275965,136297.389315876,219695.114295607,123142.833385371,156722.318635789
"P00443",6513.94677768529,110719.97485591,7844.8772590804,2456395.20056834,21301.8492412659,36127.7896430002,49900.0321135493,434485.8775524,101383.378488421,200016.029693102,11470.5606566967,523829.638781599,438495.437777115,173804.397901861,2931.33761478397,93614.6010824899,130336.849976995,284566.855148822,2324.54697290848,252988.665880283
"P00444",53003.560307904,60022.6555868259,14631144.7518895,8311747.13398534,1696366.48384842,307122.048593004,7051909.22324237,18006762.8540469,2741991.42949669,73126.8505058649,623851.498354002,581652.518743897,424899.283870145,164694.72363346,1049564.77028376,9793959.34636535,203276.516742072,4100522.72343845,24572896.1513779,240155.99585484
"P00445",15117.657472377,110880.643685034,6387.57652065333,28392.122811267,59301.5114113146,39396.5580128216,129085.688693339,11977.3058701435,143806.338374938,307878.700200644,9318.87645908625,287516.361717683,476961.444426002,212461.01901647,6514.59054485152,15287.8725995268,118293.793950353,235431.18577946,12957.5039634001,89443.1413359375
"P00446",65969.6998426699,94338.7007041691,1289868.52889322,372311.363151111,2135798.73527033,329276.029499292,16382031.3274483,221461.00942608,1022668.53455816,126716.564435066,110987.481163956,553579.410104743,429472.200263817,207873.830463268,308299.824512381,3379249.52126991,190288.43462922,547998.572896041,1154476.86487833,165343.81442248
"P00447",1334.89235840806,117002.273233886,2605.43726886792,1094468.78958724,5956.73054214141,35726.7902888363,23059.4346601979,34839.8126132865,138807.352069488,311823.598883334,4244.91905284338,300160.886137883,413075.516457999,213575.34608605,597.740287660623,33058.06676811,104429.066732758,70306.0534710954,1373.94712280842,121643.214681245
"P00448",42126.6966301445,105206.808073576,44606.8414127916,933661.972441434,231166.911971328,27225.6312681411,1430726.38266364,290606.99900137,655851.24665578,294601.019995915,28029.5752355285,419969.371668233,479364.241414726,220804.175836053,16459.5761161934,360002.036237496,183039.032392948,316483.050885674,17332.0279511182,110105.649806373
"P00449",15651.9745750134,79663.8755929176,123555.407955587,4758992.41093658,248325.479953772,452859.048920791,1166927.18508687,393865.292148609,552949.133890308,267775.600842661,813061.490369029,543577.659785171,393538.375772006,212358.842909726,124315.532633516,119806.8291924,195132.997824994,1502553.22202733,2266934.41812931,180329.258326037
"P00450",106040.929664732,104965.500347115,509876.615037007,2721229.40903378,398403.174869015,78119.8462202673,3305121.78551062,608364.902130572,776881.498644326,249875.610056038,77679.1687489705,548080.829975441,362380.969805705,161557.78768832,48624.0444588862,231885.650615665,193484.547010015,504739.970340387,335306.701950693,175414.780313451
"P00451",358086.982580368,66327.6800274804,851679.989062357,13138441.7026565,4335931.90051383,666412.428417431,4386641.66379206,2130938.00036523,1389300.61692551,136254.364373529,193572.09060615,558985.407853989,361252.362432533,128556.241223109,166546.207783012,934612.58038416,205111.401854226,1502148.71121872,5746921.53980728,229257.88245247
"P00452",52604.3593159593,55452.659060127,253443.26059159,4291821.85535167,2720886.37636666,78078.2040617356,1652746.96171879,1585310.50246203,1027940.55062982,133229.389928689,257104.807476041,474431.522879264,387967.488075072,172078.087518044,39247.9247298179,564917.862600424,187674.819709844,4669618.84921669,1412656.10776051,176620.653240902
"P00453",110633.63948684,43743.5350348281,1336216.75161646,64909426.1839869,4731654.82366316,184828.482210854,26979756.3988746,14985269.3589369,7866348.32112918,154085.893137159,804541.368025228,586091.316955871,357849.397863033,141837.022085713,85007.5893280344,4100903.04408367,202898.606633709,1505400.20738969,875182.277602885,270222.663170891
"P00454",73425.7270082251,88102.5571750961,1333949.75841345,1838415.28992941,1402807.10581803,63634.7575745681,1549840.27389967,1064571.21620788,315627.092033481,153209.717941287,315138.2560186,570811.798683823,473207.115495932,199985.798110787,67080.8279489308,516737.128066783,179320.24800304,433672.237730833,449473.023874125,172367.227435876
"P00455",11768.1602390618,117568.581660362,34956.8431125145,273846.642626787,108880.94375053,38079.2385803091,29241.7556671708,76009.6966226396,354398.239004653,313916.403563178,4273.17235202298,278775.727874854,477869.117971824,222975.878317555,7302.9439300426,14473.7201975357,157311.110423962,133477.937318542,64160.3590363079,90250.2231603109
"P00456",19037.9558937799,115028.439943226,164379.305843385,1006220.50545273,243768.86937618,56691.1312728541,762261.988728634,282678.543923897,509373.486100421,304619.374613289,5079.24545178636,368513.243125564,477722.156390227,199904.882137616,16604.9057014897,101464.718060693,182481.707867641,465303.982063612,55016.5037225303,137487.510924073
"P00457",115784.791592828,56315.613700695,14385279.5367316,3670239.89291423,1535817.39790464,259581.977239164,5062436.2197749,10694161.7214891,2179616.12162445,178038.318777956,278640.452710463,578091.792926421,367496.835177604,124497.858620528,110303.951723978,716582.346778095,204543.697299736,794052.43903104,2307465.17729153,198709.554518601
"P00458",916042.555862479,34378.5475648995,148796868.895177,3698497.09136066,11320035.1417237,3682283.36253908,63400279.4113511,93796658.2395041,13178016.2644059,84153.3285691871,13034589.9782957,641083.026592869,378580.390482117,125715.170424602,3790395.40512102,20829252.1601501,206332.942005351,26399972.5570158,43177031.7627614,283958.042651175
"P00459",1428.65062325754,71488.149104182,1956.12287020779,166453.55736811,24670.1955253697,4346.2918466426,33309.1852154479,6026.70617619478,51897.6524049611,181901.644963561,2088.5422028514,203023.555698715,453297.908903948,212568.325012958,628.464420349845,1340.18871646615,110828.532837326,13673.5008489866,815.985334925368,69814.9237752694
"P00460",184959.37873,36834.7916650027,175634218.623555,74650566.1433137,19157235.4638556,1045000.93055364,136854881.945327,176674818.252623,20154129.9936527,68772.7894684214,12343403.9436179,610155.592675533,162282.839831522,59621.193442326,789590.425577137,9131382.93897159,205341.57426002,1822545.89439609,77855019.6789639,265604.366241296
"P00461",2205.34864965716,115296.460530216,11617.297490356,160894.433805617,51257.8761527364,2402.20130837796,108608.366358664,67698.8635385961,299861.664356097,313633.120992247,7193.18690086893,236254.563392606,317700.622932347,217965.376786999,1785.24582539077,3885.03351518646,111782.382343002,21586.7460683339,6132.89328498523,68160.3540185464
"P00462",40892.2928548578,99825.0701858549,22807.9652320333,2411436.8370231,259771.731008202,28810.8959637558,550018.625169122,1704101.02637925,1511734.37681351,312568.249948645,148179.502982805,534013.820902285,424487.705759264,176411.774682039,23653.5738265578,76085.3072428279,188649.785970871,789047.982064646,200015.162741671,175063.11995001
"P00463",141108.053287899,61415.6772287547,12947021.1068564,1359448.95001545,902974.442280183,432131.12851906,1518716.64799658,2563185.99510016,3434943.67039196,133511.307583015,2120160.94469172,572267.496565685,372826.038439265,186753.998028651,3838000.36991136,1318685.50629135,195635.226274845,7621519.35110338,5778949.66788086,186053.7224804
"P00464",37640.7521221049,61526.629806533,1910546.76996762,462754.491497459,267824.109664889,78222.3777364604,1541954.18532856,2990332.00801041,677046.132181526,179842.722881435,75734.5852183689,559307.215954989,428249.247742717,189757.023732899,373017.220039889,268295.014971365,202597.303420015,1789908.54294887,109493.897449173,186233.945210952
"P00465",20024.2606845787,86153.7237426421,64069.0424828458,109499.304400022,387410.323594734,396501.195223411,672482.468984191,184695.534767895,2244316.26966854,160922.684474117,100970.198101684,525039.077577375,392294.701917578,202649.961388609,715546.045824726,1275467.03534032,184125.310865558,440771.156857507,803242.602586132,154464.731222939
"P00466",255789.878967689,67273.0504539473,3631983.94421631,29025073.8716503,2771430.93086869,145140.103428587,6352776.79514466,13691408.3386921,11195011.4247259,124491.824158965,7338243.55897032,556458.860859989,331719.972307414,110801.591935419,48879.8072993612,423302.874355204,203274.848697491,1822324.82603499,366303.57318192,195522.12860811
"P00467",26875.8546574243,106168.956273917,590430.796818312,541303.966390508,973514.328033762,38443.5285552405,722087.476909857,983386.190388973,1013472.97316132,244857.323879974,23771.4188131949,519066.734961956,478617.07812172,165160.877035528,58237.1145176298,94530.1649292503,174955.438399248,775183.144540716,48756.8283944281,140987.460470377
"P00468",2329.84047703958,115772.849208045,25476.6854612604,389771.536235899,29628.8571964557,5451.19918971787,96258.4576450108,32060.6276220969,277437.01364884,313585.975025737,7150.73185283937,257889.925923486,457613.485876687,221823.526833544,856.974317795852,22315.0367110386,148383.511417326,22295.8538008328,6358.31606543523,81002.3614981753
"P00469",109814.019047602,47253.3108934038,3520918.80304075,56149907.8567607,274647.172937807,560467.388955157,17207021.2644083,8626182.47215375,1122622.64984161,102858.363629951,59442.2496422356,560055.611518199,381285.689203772,107611.601044666,69781.3754670915,770394.787835419,190650.04935481,2648605.21730118,272397.445232254,240651.686034846
"P00470",196396.651366016,73014.0427243973,32007033.7762662,603549.316963513,28305017.3845465,650299.668934732,15356633.7697507,8796837.35059543,4363652.68753685,57509.0073861428,4080429.96329151,591979.555651719,344507.677436657,108213.40529026,6378662.89446954,13757302.4690628,202443.037865101,6578470.86109342,14307401.0940277,226889.608581297
"P00471",118300.701397229,61423.0017942516,9465795.24862747,1466050.62137771,2668316.88676822,2311032.49558349,547831.999287542,1243925.38501858,3563728.17179054,114063.134134882,1123503.84889106,618339.188313658,370767.274199952,193013.691278298,3701830.46343308,3134763.35434348,203723.50385812,6802639.84883352,1599702.84352193,180951.755614533
"P00472",22374.077344186,66972.8057632632,3548509.83952961,2365847.79778877,326900.588692871,174349.95022902,2689156.94287111,962415.177213664,1054571.58484788,118526.039134137,338333.185048002,497100.9961472,422889.073964847,207993.979395047,38439.6607557455,208994.06946318,170757.837342503,1517234.73498901,885179.33891427,188959.860866623
"P00473",22750.9758770956,116447.740886566,37230.5107549145,882121.611713058,119858.368590164,39620.6402686449,3222320.70775048,554988.496161398,564887.857320039,311713.899334577,11486.8204116878,413801.230913716,477217.247639979,217497.361809571,24191.2993087646,33420.9540369588,152984.50584906,150458.296210724,255747.217304033,93612.3272348558
"P00474",51389.2589834344,100773.440279352,141797.688776209,669558.156319199,981248.785265721,41734.3189600806,1587291.47621551,435648.876562001,2973179.48264282,288852.699920097,29846.9774802727,409080.230114109,466107.782002202,220596.055361186,51326.6863142442,68568.8178289349,167458.35576,402518.049179877,174024.259919246,147430.866321789
"P00475",4044.82840395567,97692.6132748053,5627.94781238258,664252.529850151,22859.5052870813,2765.19070729015,86145.5994117465,24274.7534069278,131048.242297473,258463.208335554,3497.38243628867,74198.3686934891,429545.481931568,210524.082200749,1665.47563361508,13478.1094220074,117913.452318409,16878.129546901,2475.89652838017,75822.3108653966
"P00476",31463.6905404877,118263.251115649,193124.809109463,1268540.75050725,103102.361207346,17441.3912339547,518273.500047242,89824.5791661939,1240553.59194368,270699.610985125,18022.1149713701,423899.364110049,457305.298362793,207869.212885771,84042.222120691,294669.826144456,198202.450635073,440579.381672239,127364.774561491,153295.538695472
"P00477",20927.7741185771,118313.28495656,54884.0999519764,170382.885473384,126580.56639981,48519.6369290646,243028.441765416,18743.0428067959,315991.461415187,161283.786805162,51921.1892487071,361075.790913713,414507.659277114,197541.151703355,22585.0849299401,51555.0067880427,150315.201764831,87832.1861467115,41271.4317099847,144085.023769884
"P00478",890876.955306897,38428.7344712923,170054765.620438,20216913.5322041,25693584.1526287,4520457.11677562,75279772.1922769,52250479.4101677,11138183.9831009,50988.6073781754,2075027.09424567,622496.400990869,255558.838584907,101368.926893096,7300190.81319183,13077638.452176,206765.411120419,13209823.6887886,46432075.4768311,250087.795240093
"P00479",21561.2812877194,67076.5986290548,201045.348470733,6620582.77623243,524539.314760643,83289.0863736349,3337414.33089624,213707.492144654,827802.508566886,279980.785954589,34061.0079227079,407312.628646203,416534.716145782,168964.671424305,5775.76174722252,168489.840163148,204564.659387121,245127.671255612,31847.9867481571,176232.663858797
"P00480",234832.074501936,103919.577782597,27792558.3774633,3472172.98067732,4080397.00673559,764432.533767922,2355559.00651249,5261167.53006352,5023634.45212796,136758.446547966,242762.882055128,535563.244221642,296446.704872297,149307.01225636,339870.589011127,1956728.02076411,206562.138835333,3133579.21332646,6699710.01855273,241661.319070779
"P00481",17342.1746979917,117769.283093699,230127.566811076,657521.265759906,297795.610456797,32208.6706236653,214134.687965931,223087.120447007,810974.493953728,323997.244767645,55947.4966033575,461601.218638805,468907.360137486,217975.768053112,15305.7671445289,17812.4737900781,174122.835445563,218447.081142112,5752.50649806659,127535.425435065
"P00482",135890.028759351,90604.2316452444,508359.11882504,2317487.54605314,1283052.92602348,542389.971359077,1957245.10817468,643203.357263068,7066712.42171799,119527.494172421,280603.820864155,585884.085913626,419219.665081834,210645.616333942,263470.314946295,3210720.04595627,201534.925454568,7864775.67807374,528114.895645015,135886.70889947
"P00483",232585.384765513,54471.7477100131,490161.779952197,1116781.88240556,1004093.12597903,414683.256400091,1282279.32156139,19088984.162807,1320532.27858851,150075.057448922,3305027.85281892,532347.960754341,398627.566270326,183009.208022877,441035.599366024,306099.492966806,196303.424102271,1451427.14002492,695164.592733952,165481.470173438
"P00484",97094.3384955418,78509.6443036381,300833.654683484,15091331.6501698,5175978.09422085,232786.067101747,19664809.3129559,917135.020169423,2389499.64018537,229351.453172838,139917.007326698,567279.30080783,446857.05021878,146895.846320163,444736.067495196,4140462.49749921,206979.916633918,628833.457709864,9617921.07969978,223549.203606637
"P00485",32118.6643452965,110108.976308847,8736.22595708184,139781.497060206,109542.069050748,9072.49862836852,197934.522386617,40940.5375890065,695680.331476723,276375.114311753,18689.3471791291,403400.230198894,455843.214468394,216030.263393228,10423.0548461551,53103.4189914722,138711.91019146,108895.113255808,14934.1289725131,100471.158795773
"P00486",73081.0617165256,78630.2367818043,3682853.74019232,1098814.00587617,7233593.63338652,87744.2675315642,20476459.4393041,433418.634215709,987250.916838302,203131.455416288,2675064.13316602,563290.390761362,468315.721384251,192303.95564769,76783.5903509084,395142.314375697,196678.47925136,608373.125753299,773900.692043776,189951.56926602
"P00487",31610.7499196361,90750.6800589957,272562.847200543,2593845.16090761,245824.070009853,57561.6137307676,1029347.2189936,1736649.24207025,878698.004202579,239112.0921751,118321.730389443,504799.30468372,457627.270716964,203857.0070358,261726.344650782,454356.945122207,200817.796421474,621128.08694822,5783018.37117437,133410.688033136
"P00488",234879.727334647,42686.0287476774,305189864.442629,7946568.28485201,18833706.8221257,700438.436510909,26922190.3362538,28981652.5239779,5364516.70112861,72670.7795495211,11295244.8721943,613761.026803934,246110.021310445,116844.810756698,2336019.84609977,13385335.6676778,206646.68485143,2648084.71253246,30983627.5727912,243104.776281675
"P00489",6704.83131143865,102109.752905377,93197.5124213152,253334.653159922,96630.6372963103,33750.620774889,75782.1290396322,108151.152630915,276740.217959342,285836.288111786,43274.0039616916,412755.030808793,479647.092917789,215103.132993054,27704.8274061168,4338.01619934143,167445.860931988,163460.852535165,37831.4496421269,91894.4553175453
"P00490",21943416.7116306,26676.4700809325,234349719001.95,1625979102.51052,1390399473.16703,138775773.610708,37376726366.1973,8483682334.8657,1144119287.76676,17556.1040906567,1220551684.02772,1030171.04705756,109330.253138956,56795.1984910327,1004409570.92379,15594121773.2487,203002.705071219,1162372583.54406,11133072085.1752,1383657.02735702
"P00491",96589.2682393214,85024.2570976456,2516903.75918101,459971.262191009,537090.538527953,151802.208287486,4567671.32515769,541288.912153304,1583080.26765839,147024.870520889,105122.422414893,551619.96277255,475521.907788225,167105.16871404,117075.285991538,103736.164937525,196498.545080561,661732.118263161,805879.813594373,195062.776018991
"P00492",22076.8087613978,117004.569228437,226984.795278136,263415.802069511,1166522.96073468,40730.0065986924,279653.336553317,513089.734882945,321584.028658259,290027.176178013,379222.887397002,475417.302513835,469693.69177277,217824.543647159,15997.41634817,1101220.07067438,164580.334163016,360998.178875297,32167.6858774527,126736.373597429
"P00493",17517.2553948378,117283.268026034,12933.286651347,185922.006326089,47097.5913923177,21068.2507200625,283675.868530571,68180.3923634454,310918.333096861,325401.558143661,8490.04618533703,324351.43210518,478873.184354497,178301.244333584,12384.3638653673,57319.5592386139,168893.303939121,115133.51114067,266199.3199637,80572.8085569484
"P00494",434580.054266452,38477.3282848372,195019621.118692,14220761.8343371,9335867.67499464,3411553.60900119,34802267.0117697,165830576.66025,9531991.16338394,46830.0209134077,17812542.2259522,618607.552518216,214220.422844728,85805.5077715953,19897389.3990858,116213999.531059,205053.100847707,38214767.9536568,44233921.2492816,315584.481722158
"P00495",153015.077324772,63617.3496168419,33540088.9798435,109610383.916594,20262684.3231241,613808.787656347,18926295.1791637,61119215.8150987,5853252.37080651,89051.3387469469,9696473.40031011,591308.566271574,210578.667597196,100065.178641715,420530.569690983,3052315.43653171,205558.953994571,2221201.65067522,5596243.40606545,225539.046555047
"P00496",877.42381939849,98368.9676367276,667.053658135062,44380.6872282955,4999.81855999719,3179.06517050654,3828.62358343806,21154.9455157326,40747.9447686484,284841.482085775,618.595260805363,187980.163266962,307991.246904903,213654.205605463,308.033683781219,5634.33510236368,38929.7787410895,131467.754889411,378.376962852666,77807.7453227992
"P00497",5254.96948292217,117271.156528999,24745.5929923999,878296.447339749,312391.50572028,32426.8384786094,447014.321706842,138151.703007848,206727.256533393,321194.888901295,12534.2594481871,275203.325489068,465302.56138883,176536.551512784,5692.71365088257,306435.823670164,177867.841097248,131362.890883083,14077.0585097773,120026.849556387
"P00498",240108.863083352,96610.5372451139,11501830.429326,4525333.13673229,5286326.20082932,1033067.19855121,10421352.0527617,3913284.71260678,5358155.94700731,136656.757496822,1110212.30883285,611922.278497012,424116.313594879,155712.891999984,1081040.24599002,1355195.96476931,200814.081503527,4998655.24430177,7537127.05553577,220071.869619246
"P00499",2969.82848170559,113806.544659285,22301.2638456845,23769.3656598415,81718.0330229147,29499.9962553665,101179.325977193,21903.40949732,174270.917295545,323609.584922895,13113.6666091577,327491.057022053,360103.315880269,206166.576181433,6475.88427574607,1391.64634580747,111849.175529126,182528.029073222,5386.06914064797,74249.9502286147
"P00500",385203.236980619,69948.1064755809,24016957.6573092,8752118.56222984,9811790.04722293,1858605.19015762,16358147.6408058,2033941.89137212,3857634.8063565,72119.1485919538,8565877.94164996,602216.203827616,310004.904701155,111996.379358205,1923382.11121776,8401258.27703826,202233.516287476,13518571.7825989,25220149.7909118,181680.193640511
"P00501",6400.85140873541,117857.445024869,6947.84162261234,62741.1184337863,27988.4030063879,19232.282718473,67081.9937355396,26030.8797968858,606604.79980579,322948.251085311,6964.11253736912,371378.838517044,454771.689482124,222698.414017467,19869.3993322784,77485.5741896562,123167.743887741,44836.9316976881,13495.3711405835,151483.551331253
"P00502",283129.391970969,38308.2932350328,36792854.549734,25722071.357377,10724831.5633751,707212.131269254,67599470.2136738,141433544.746294,5985059.29909869,120980.044407384,17332833.0380496,627620.250969234,276063.074868212,75749.809066427,2706970.9177357,20750305.8138427,206549.994304577,9083349.06559767,14701781.7994167,306994.6235048
"P00503",33956.2161574216,109990.548728854,162038.050738489,914078.596331728,3675964.13727393,39940.6524999832,1482922.74131976,76904.3206103334,987818.79534875,236499.027798806,81224.7686139698,438606.055161687,479078.248863649,163176.14891808,34203.7690053687,35260.1748037262,177638.583089883,662640.33848318,48927.4720828931,191497.677359515
"P00504",20342.8142399234,106135.646347382,74702.3634531383,1934652.95893863,764892.316559334,57414.0640453272,2032457.75214583,133466.541526711,924630.385978909,215689.545908833,47919.9533907484,463560.941058062,461402.546316188,218926.248783974,37867.9549559379,222853.903506165,195912.861470184,1191576.3267436,2295128.10868427,174964.68208061
"P00505",140097.596631973,64358.1480207908,14790487.8553572,4015131.08120954,6346802.38877991,315532.108493182,4897789.27587421,15724884.7029878,2714332.90751472,147180.311613907,640115.594406815,591316.969939318,400601.056887405,172311.792433095,289156.676442411,2493918.51667545,206490.572164466,1640340.09601726,2899056.30918857,171984.040728351
"P00506",265970.791075439,68064.2162782893,14002022.0456696,2114426.84379799,483759.809006945,890006.755985162,6918946.97624569,5619246.97021868,2283639.43329871,139900.539256354,447654.416156344,549883.981223651,388929.025993221,170151.819692915,58774.9161388479,2282781.5723998,197149.498674102,1906585.4262631,250652.046335094,225261.176619383
"P00507",6499.33364189729,111055.510932484,52692.8493224896,1203205.64286109,258912.28672901,32784.344727905,67829.2209491475,177591.367012654,337858.948555781,323867.448244005,11222.6419780966,310039.383866689,457263.450457616,183213.500690189,2799.50600759877,38275.8685851217,189979.631415389,92027.3683626928,5064.35393096441,119363.655443638
"P00508",46130.8281882835,56642.0498504941,16827204.2858497,2626907.27892379,5002102.42800721,348069.012724313,2267980.96342945,3305977.81038342,2033833.17747803,192485.719969535,748647.087197952,569566.811054558,288081.485478447,199243.725977922,365691.622448634,3237414.86138534,202963.255901284,2349358.01002746,32035392.2123158,247670.742333255
"P00509",1338.50068923754,101576.155936463,589.14528089121,119060.062495669,5054.80053836559,9942.37898522223,21478.5713211728,57740.049648812,43282.1580439214,315617.6314668,1609.81338685044,330605.74876647,330155.185219201,212865.129520857,709.013409153353,3392.84313526338,61876.9050078955,19214.2267703966,459.981494998113,69514.8882280414
"P00510",21763.4410843828,118014.040401227,84018.8727669363,776134.747404639,178849.195817054,88744.7048875914,1338505.46432144,184350.383449046,499078.402037693,312308.157203364,39343.2156287699,392934.331807469,479593.599940629,207924.054795057,18507.924911072,154322.114646811,193145.576173229,220164.37879615,69575.2567133759,143246.854735549
"P00511",34463.5168382691,58507.3073903812,1816802.00472329,3124993.80299962,8513693.07582531,567336.346835921,9567197.01407864,2530201.42071388,1385157.88785752,153340.731869252,755137.146331003,572377.874253915,425270.219214564,204988.165983458,196808.395052461,1623621.67270129,203191.962054213,1653937.36495105,492246.342178057,201564.955145088
"P00512",116459.193718456,88553.5762484532,1980275.23958861,1327225.27911538,1454652.1877641,1951792.63163142,5981320.97984761,4006260.43393999,1830885.24680417,92769.1047974609,6105657.12656157,614791.447685433,478712.138423762,184631.160337728,544408.852516221,989011.642346258,167927.0399373,2870143.08012685,858450.412706997,249555.391912434
"P00513",464918.521365483,34583.9170263968,1884565005.16574,14452143.5299022,5974959.09861538,1738419.85402606,15455979.0191099,32940292.8919304,7225999.79351101,89907.2955611122,16171685.5385728,648219.169786297,307445.447343228,97724.9676554485,3017662.34014461,27932596.4513192,206984.84050098,7808139.73420897,14229214.0741386,360147.205468903
"P00514",257984.59880948,76843.3587269899,650329.516231456,2485162.30197436,1187823.65335265,130424.315660818,4537680.4756719,2409351.89496819,1982929.98829705,170874.320544563,75541.8831306028,543563.225459301,381694.623854918,214496.907524022,625105.750671132,123472.490562475,189735.810328759,1461696.67904447,1014979.96173603,187090.560584046
"P00515",41340.2517069153,70010.2458070763,66070.754513177,212389.277070505,132715.324710324,122838.544376551,1696655.81975451,3315588.67013374,972068.951972212,189866.341241308,23144.782588961,473846.604365239,479220.313940987,153703.555063069,82793.824331077,325834.389041219,178460.183312735,672823.840005588,354311.597514697,166912.913664205
"P00516",69282.0310261026,48040.4453390935,1671964.39536712,8025524.35940807,8718294.18803403,758859.597245386,48056333.5727435,5755735.92000923,2140363.33153975,85700.8833126376,2535179.7088028,592862.153479683,309767.230765665,130007.589346134,303989.47991048,775820.394645996,204334.224514168,8602123.79223867,4006624.49997269,266590.513583204
"P00517",51861.6365283324,104656.233988143,464705.110996599,496181.253893507,937917.75292555,52835.7230825318,597437.271110236,863456.388843405,824138.816043484,222632.602612188,81604.8686394654,461944.240602671,479366.197403197,196485.696910186,72161.5831551397,147840.071640891,168131.914847974,234227.105990775,37439.9901263904,105552.614498086
"P00518",62629.2998257409,108592.947572198,1359814.69040957,572673.917699027,527742.177852654,92466.0414883304,589541.706423979,541811.943207344,565955.616801552,246975.435143818,173345.1427535,537560.293110257,421389.31129178,215375.195267856,1605723.22506349,134015.775785777,173794.235218067,2505309.03074927,627920.986072767,140129.545664401
"P00519",263599.467236675,43512.9495111871,11414439.3001534,7174226.31922061,7461164.13312015,785772.478091996,34909266.1901985,52576211.8119395,9493036.09941206,62153.9094606122,11907284.6291428,559774.44451526,307107.23191984,102533.257764958,893645.781478119,623951.226236045,206980.695206253,11618458.9712243,36662694.5503995,262816.129953953
"P00520",16143.0989954558,117580.067709807,86051.8250038111,910617.550821037,302620.924633207,58522.4471481725,1888735.70982307,762217.703466742,983179.80984488,292481.742682366,744758.703868317,494146.004452402,411828.279156886,184413.967123305,15888.139900772,203131.065203678,162783.003266509,326465.954495887,71047.9298636689,142115.523881389
"P00521",39029.1865739204,104563.687448405,387998.79996807,615485.220596567,693887.961861976,84069.0155472181,432654.406677711,693648.611890713,5097488.81374488,207917.866697066,530311.785458758,488523.207243946,432807.37240609,214163.24750032,204111.298823349,230378.194573404,183404.47645203,1235195.43676708,1024361.99938743,182344.25533305
"P00522",8970.72028159686,116074.114189027,2164062.88197429,2479665.64641345,308884.331133502,29645.3388688189,275309.584904922,124231.566131393,839581.145748544,214696.427629637,188332.963068209,478086.734739167,383098.257339913,195212.325844755,129692.237885314,39313.5292157953,191430.661962728,225905.343126277,84145.7937742981,154539.339713407
"P00523",47682.1340665924,73085.202100738,6452984.4023933,6326610.64020083,317834.211387042,71820.5111236942,3048564.64931855,2642460.99563532,4306942.07791153,258760.091164159,185629.205808341,478725.529009181,319336.753445608,195991.251817919,83729.377557672,618075.607203576,194317.604523411,542893.047862424,204767.836264461,198999.481592094
"P00524",665970.106223337,25178.519824535,135110990.403335,56966016.9824263,11980096.6507818,8410789.48046909,394013302.886147,943234599.16836,46005409.3671016,52472.9311567363,44952867.3143096,621447.812426824,188776.379357839,60013.2820166437,3172084.31814246,32975473.6148576,204081.948580688,23017512.7530889,187044203.46669,313826.850957283
"P00525",144211.839898193,64955.5764519298,11685682.4180042,1412858.69911276,2264471.1914834,154077.2337525,1020256.70574875,4049670.42007521,2147149.96049668,191034.263576491,3996768.05591674,539663.444620994,255355.455639753,125957.748402556,325918.572486764,234861.060679135,201590.620571686,1946664.10259942,425520.96372851,167216.074080135
"P00526",9114.69268578832,109862.874022663,11349.0007002947,104278.516154284,26467.7337625198,3515.04666790008,80665.3605671368,16224.3057138,415253.192138223,325630.866575465,10684.2725735919,173601.912459366,467016.551535181,211437.837653871,5904.09253679846,20753.9359129922,153319.968346605,22087.7561222047,8677.72467588457,93522.9886305829
"P00527",8473.05171012235,103747.53893949,534302.324048298,1683850.91385887,169590.833769983,65591.7013727512,1010236.93832613,18197.7782340865,723515.547782691,251289.149929951,77352.0944490073,411961.180709455,479434.177149043,180614.713453677,25204.3930298241,194652.838901014,155363.858015571,425958.266402665,24994.4368640872,129352.34933626
"P00528",104970.317620615,106400.974785169,3537953.17142017,758924.54698566,1016105.41971812,71097.7178778928,6277779.45447682,515481.309829029,1960220.23389508,249342.187917654,464856.724079103,482685.182755762,458491.426106409,145699.876401296,46259.499005194,72068.4019405646,190320.477061622,3015737.19138746,514045.30232169,153987.174823415
"P00529",47866.8407341208,63975.6571091769,2231339.5245203,1422135.40902713,212377.706660659,173697.365826899,4127415.35701703,3209289.64342621,7645526.71041701,193497.796720016,26412.723244003,524742.090318591,383595.275636199,182252.129009767,181811.59153381,140566.604726697,201372.343159761,814045.265003385,349417.484027907,128578.366469029
"P00530",35526.8086515906,72693.8663717402,4260608.05951114,368285.809703565,863941.766782431,145912.91012008,1876524.74107562,1402820.70438868,2674926.68105518,230193.029021052,44358.7641574579,533222.211774937,445949.902144631,145660.061289429,105414.504410205,347269.513579416,163800.863741321,608123.658709596,1502305.24000272,132015.819058942
"P00531",35397.348979064,84749.2378501695,164462.43476458,1335382.7401648,361312.000240527,136590.646677932,406449.595829661,1390899.595903,312445.106683542,203050.301458554,12601.7192368423,451469.220873662,478844.428063303,184037.624423516,25749.866774914,151590.861900254,180416.727173676,850467.91968805,213963.886237173,155128.242939737
"P00532",43457.6674595443,93064.757088271,478327.013407354,5880730.9321237,1233352.22998891,58518.4279437084,201526.725459021,68337.2885016265,884064.161289634,208559.115961923,15049.6009437675,539423.925594707,458915.279172328,184029.88178708,23753.786269322,254737.982544625,201116.553530309,211559.184013717,267088.976530535,200304.450395137
"P00533",34498.6370444317,53940.136823279,90756971.636867,5770312.38422326,3925887.74158315,202652.07549291,8963812.70923808,8952598.76877801,2075486.1711447,112654.451774357,1294531.59997297,513097.240248944,313550.783655119,157258.654094027,87280.4823080125,585800.189243125,195769.401026531,1735379.07441525,4465993.03104761,227168.884277724
"P00534",9681.83724399272,114602.26167583,58657.2488812257,414445.135336113,164184.531712972,18478.689891289,82373.9090144475,17493.7636814964,233694.693278831,317977.573981401,13233.4205924283,275886.078783921,443968.045992568,222972.665302783,4560.79375704897,9259.20902717661,126770.4927073,51606.7616620367,8154.93389388035,81121.9790340282
"P00535",71998.316702308,81023.6019577453,2082754.18437877,6305933.07122772,2496325.99195745,138142.542661355,1389150.93300374,643797.67229981,3947712.14237755,149305.119213662,119006.469033846,494641.286534027,455744.779719106,165245.839683707,284612.650345612,575211.203218211,205088.378602015,844630.500410432,2129383.8111719,158767.22084153
"P00536",8262.78506696697,101993.322630758,527714.941778208,329238.489063865,109268.512604987,143336.497006253,718318.407037398,122844.493433338,1040313.8379273,227458.817385895,57089.9664309011,459685.932282506,472512.437430909,222854.118021497,26638.927732375,29839.100270446,155478.537680705,842086.051634357,302489.829282176,113632.252058676
"P00537",16495.5770063354,50699.7883207169,57609.2563946061,3212552.17077033,180412.05364161,200567.915838478,151643.38005369,1791616.95690944,788378.09391822,127783.378594099,10725.7814629688,596783.32514075,459529.995273295,171129.244776178,6829.50758986317,1863832.53109316,174898.765599912,3317361.52747885,38645.3339822147,197819.12210245
"P00538",120826.152622632,96242.4807801464,1122134.70315851,2829631.1930066,802310.255916478,218455.114295233,4333793.10961967,8144876.20083864,1846707.54065164,157116.516909021,1708686.61120061,506430.25142369,370000.419269629,196694.446709047,257486.326717629,2945398.11691874,197969.18558796,1566252.65804456,3359880.42040506,165574.709519407
"P00539",34965.8130650338,80393.8801785245,931627.719358511,4091790.19775458,1296302.74657062,89476.8581644968,3664149.96036189,282135.513437669,1059029.68395595,260577.483699825,410817.922784884,447628.739467903,444319.113114399,183218.325099141,37173.390283546,309176.001545014,180695.162796017,617839.388095038,202014.580256208,180951.665586794
"P00540",232559.462274581,35510.6824551413,36583419.0140516,12954882.0097574,11576125.2341884,1147793.71746401,17346298.3899479,31018587.4538382,2242230.10004979,60070.535734648,411294.203848258,559185.709453714,310534.004602228,116418.343038592,7647632.1629059,25224978.2921281,201241.929261326,8719957.26547828,34678578.2848617,253698.20986359
"P00541",30670.0627922321,90891.8383778659,892750.946706565,21936193.3859891,3269694.8078748,826736.023003711,2585915.98312062,1296905.69478932,1848044.97958125,274450.740125402,78067.0293565222,535973.35347472,343630.532717407,188919.947029956,11600.3135392542,262529.942132241,201426.960176556,746040.746841296,65737.2994126353,172926.311807996
"P00542",42572.8539263978,103944.611873154,895419.805386727,7963362.97679895,324987.980078559,35783.7014017844,2405876.1214835,1166509.36788546,1607942.62490126,222375.83031067,211815.657161348,489871.923166067,371603.591201803,178274.75719833,7669.82294632683,291198.709149772,201432.859742274,407461.864644109,98307.0707920119,202307.545676201
"P00543",64089.277372184,84100.9480556167,4721372.60051109,12553489.6037763,2669121.50211218,239032.159853768,6798032.96125523,19036257.9845795,2841090.98559698,97462.0632358817,177677.972827095,554154.491323043,344930.268781341,151383.465518989,84849.7229747746,142855.001558949,198545.730421573,1510304.3887358,639968.946355947,198256.775319544
"P00544",112856.042757311,72996.4140241667,983732.539569188,5065611.73337257,376523.092748433,220452.630426275,6169768.58647853,35724500.258519,3169601.99825623,134535.561239235,411071.227791241,542646.156261018,284413.033729329,105196.743539732,139401.873165116,1703915.14589446,206975.726962414,4896395.52938148,80467.17200011,204832.665708887
"P00545",27836.3843981155,97729.4347439776,200620.933052499,117003.7720336,197114.877121544,134803.001466878,397879.084061941,148612.978634466,301033.959025465,221816.534658764,26605.7186877915,492817.262643923,464527.082588748,218442.184203081,415025.724433916,65375.8207955328,189039.832333308,2372898.79632985,2156746.37251602,158668.197226396
"P00546",45291.6187802037,98179.6689611036,355366.387170884,2312430.19804359,285506.177273361,45965.4079240667,898436.089629276,59565.0101946781,717571.188887088,290606.541355225,44776.2836800461,494115.365986274,466901.065836922,215973.931916529,25619.3212698467,77906.835920446,174369.730323876,289384.228068847,230088.035886794,120482.610419719
"P00547",11020.0229649906,116212.212307655,11492.2015946015,43130.257096455,41628.9774903168,10287.877937448,379221.845206356,34184.9594197973,102204.279390168,325230.219515924,5313.8766765819,263696.076838689,476784.285878128,222519.023695064,5464.57320110583,29203.5806497112,115563.904117734,45113.3114600282,64082.8654968318,68108.9009379734
"P00548",9469.12126901809,114840.164825945,14409.6885891979,184399.728273119,129617.057771706,127045.936501116,82777.9294941968,297566.705102717,1068628.67617442,315813.853992493,45355.7732788852,407739.977985224,435544.703396442,219486.758534843,29758.4010669098,3785.71414953215,170507.504357578,154159.317630309,8753.79430122789,132736.52585505
"P00549",55214.7386418064,97827.2464219374,2497777.28869194,4714929.66419244,1425141.783448,224413.469658077,24685507.0736456,19885012.4830849,3869460.17083079,120568.0361683,4096139.06853761,542754.006985537,317850.351756905,121112.790646885,114094.751188457,2117020.32245571,203377.233893828,865902.979528312,452611.840424267,220700.105302023
"P00550",8930.74893523552,117957.818739601,12461.2501570304,839126.339725522,66538.752052744,4378.94064503349,126500.568716149,16430.7767097828,206325.870487588,324896.872657534,7094.09392926042,390405.425046278,407674.019970834,222032.03348694,3594.68752968479,5002.14971706961,149191.798545637,19632.1680534319,6295.10598231224,103669.327090326
"P00551",14527.8366727424,111109.151072592,25857.1016394616,11368750.5517068,572566.780461519,28486.5269066872,684074.480359397,505208.11230652,276204.17995987,256912.374080397,19635.5510362774,334705.190484379,435617.870284577,209800.489578169,21053.7628879166,54798.5223189879,186505.220850412,240887.157294617,13202.1224985924,152581.824578512
"P00552",13855.6889931886,113949.424907757,23207.4605405573,515740.550931052,126449.221192596,20406.3338204464,131257.953357191,74586.8800564138,245956.142081846,318166.532104432,20212.3309265963,375340.749437415,469480.662733445,185285.719678902,11553.3960064978,50945.0415685102,179838.283530927,373616.662874387,17532.5590082834,127072.4435764
"P00553",29685.2993348705,92717.0698060929,139288.722964546,3357803.09198648,1840988.83473418,459698.641142705,4664381.86364554,748187.06853126,1743267.28723039,211222.401963961,143014.877093584,535960.331261191,453635.657247218,202672.337531705,1025282.04066033,493123.632494234,189556.63490604,2249551.42336518,1113040.07753574,149264.496834517
"P00554",29373.0052671203,80808.4301604409,328548.508718185,4759228.63266755,1327153.1710101,228356.715916566,2660762.44096396,1448819.67144657,760083.702979432,175986.934010107,631635.965347697,531405.272125356,400168.99362932,222746.024195605,72657.4464860158,83238.0293882165,174435.239312091,750665.428770954,527090.951449012,152997.406818698
"P00555",18398.3095808333,117225.274105483,9941.31469278632,218006.546961632,58670.5648779245,38152.9369762908,302603.747054485,124532.909164855,208564.196363441,282632.796642841,11741.2939185649,348141.527294808,474232.402237363,222364.234912966,2936.20602270922,8714.1599065665,148363.025340553,64088.3386571398,28142.3534137805,122045.268284904
"P00556",1007943.73534217,26248.5754134794,558853102.970768,57743735.1832524,70170874.0415672,12670906.2511386,365312535.524265,19609323.6693924,20568619.1239887,26634.2752059188,131576782.950945,676037.538881328,200106.804197887,89383.0912446395,18222573.5177061,10499012.4969659,205409.342518549,72398865.2640184,305626196.40267,242529.377638962
"P00557",16731.0579911753,99771.6873128918,3389285.17314866,1188672.42310485,1624406.21634527,783021.902609436,1397142.56424141,2414716.55294055,4760273.11112031,193713.91126972,314930.49528458,583385.746314413,453990.517390672,140802.638238074,2582456.35967612,1602224.0237989,171542.668696011,1761877.81474943,859188.285886165,162795.003322777
"P00558",205195.471725539,85836.7419540454,13447563.5831992,1224562.25735841,1406518.55085928,176910.760117777,3439548.83727011,173414.16090917,1424871.92893173,218215.136475353,582979.634762868,520642.052044226,374606.302589678,120754.929603904,109173.410965392,2342548.75307518,206832.824785049,1336250.19454968,45235.5179843751,185397.106452314
"P00559",73726.6283728718,69862.3414484258,1306698.24521898,1200017.50427942,1036781.21190191,453264.870811929,2890068.04119984,769124.036986625,3066659.87542103,162396.458770097,753256.856877376,581954.500408499,465004.720246971,163914.029450971,262287.823441214,893060.672414791,198807.777551694,12969834.7332468,11997828.5299542,142595.914244276
"P00560",15659.0579316988,117649.299333389,51073.9863889781,4624199.8449131,53175.8362876108,23827.1692676832,1125827.72494685,309127.951650998,1751345.82811141,280267.058027513,36231.3170353945,443954.910030521,392988.53217903,219968.898929689,3441.63753031145,103055.959919394,186307.932259468,190001.177682193,46842.4526657634,146068.99480236
"P00561",763163.335806088,32356.7123399188,104785134.721412,9832757.62870927,52321520.6056646,785212.890224231,35863829.9784939,13978610.9780939,4707913.56870649,57827.5872617716,1204564.49912145,573784.438487604,408336.244112927,128882.32117129,860084.846209122,651629.944287502,206372.848732332,6201556.26803287,5494548.2509032,163063.16636053
"P00562",11551.2228117632,90918.4883369785,86623.569520009,891222.988478718,1039068.77732892,26948.7032055873,441346.322361867,87058.5835204698,759294.411890146,263718.629859085,91895.5361803434,455073.881284787,476292.831105007,202077.053147285,40594.5198977048,35803.0864011408,192668.390125676,88731.1784893692,9660.81406982043,121124.490078054
"P00563",202323.224331927,112684.630437672,2040042.32473901,3179733.81706828,18783636.2306224,27399.7013539456,133790053.78109,1670382.90394706,3858956.44860245,206526.015562901,1362464.52917964,265878.250270343,219902.036055778,169093.616069352,27869.8249121115,143479.995992497,205608.308983791,133904.790406394,626542.716520461,117258.623855117
"P00564",84422.3185411801,83111.1230030981,12009962.662478,2201410.88374892,842497.639355302,422181.660003513,2301942.4047846,453537.095403676,3471210.63277796,138630.746514834,1902158.67283526,508516.025600624,316612.807974359,193680.276158425,1100403.71708123,2987710.62327519,194432.954282242,1790648.84256524,407811.61224117,228851.661948057
"P00565",7497.99704868622,112763.972474278,69457.9347990355,652274.492730057,81097.3157443743,17911.6994089964,204546.907735852,87194.6637418013,219201.001385957,323438.045953492,130173.939161262,215691.039130661,478905.392622735,214657.542512596,5413.41818564105,5190.8963514439,166636.493764174,63854.438630637,5656.47592401765,111459.325834042
"P00566",142683.45273158,104053.830954146,271228.050163876,976128.446998813,397277.561309246,121337.190192106,3859997.41673068,753094.373707009,1381527.88805852,172062.231786344,40667.3237198522,483220.263634057,458516.29458552,132721.816865035,188072.003170838,376213.596560571,200589.84220825,1358267.75210965,3251068.57323559,183949.280523885
"P00567",813227.378128229,31258.8336197838,51737970.354367,5726015.30548997,7349383.84973456,1483403.19573378,88547046.4049336,47926296.0430784,9900400.26288942,115415.087847762,56992845.3995167,636226.246904414,287643.874639236,94763.8938936552,3757565.8262024,36278292.66752,206688.29472776,7441160.16718324,280262793.791805,305441.77247027
"P00568",112249.989246309,92681.6611531172,1255376.29596124,648852.232374623,1686455.90758876,474385.897652408,4772355.87413818,1659024.90106581,1781707.36248305,182063.263224257,1192019.35772828,555694.961259739,369941.990031451,169076.030505693,938235.320906073,4369817.05602569,196166.947425229,2671561.63262381,464103.232942244,190724.435416704
"P00569",233833.848092708,79450.5040946323,3904208.45622583,3622168.16712442,3375343.18944636,122988.461255666,16888138.5024851,13528978.7901627,5259167.32071933,275496.431288393,1211786.95854053,458814.507932976,312056.320334841,116105.040705868,23265.1931247947,694978.377482562,191326.526047468,712544.03999222,214391.904135759,207271.225464562
"P00570",912582.131292807,32115.1668581053,49790587.6288317,107471848.996951,106573074.254512,1247433.5162103,105426903.834667,35787272.7842279,12942349.0441679,44585.1701851893,61892837.7446197,654809.959460287,237450.020458583,91675.2070739767,6371937.45109689,42290684.3697858,206986.092519862,6739559.57056708,102483548.174587,429117.651532689
"P00571",2064.21743510998,116705.154967846,5006.6432084592,198611.363576408,34029.0148751992,5874.2722727856,80504.213793376,42406.630267847,128630.204185284,273674.677713123,3799.41015253841,375518.349812101,458221.561617611,199585.677027422,3990.67514938702,3348.35303062083,126938.647382289,48295.7366442009,2938.4034119942,63289.9941362435
"P00572",5876003.25393132,25166.7116631243,2559198770.76502,1255675138.95076,1425996746.67525,42475223.0474023,1300209976.3376,707325358.742564,425946280.934364,22624.3967662695,499815427.872595,665383.869155324,109941.717289477,83709.9550183051,159224749.445956,3640298773.46201,203573.961545604,176421046.710347,7624580230.06766,752870.078699663
"P00573",219911.726980487,92174.4595432071,4580336.79253256,2051560.02201875,1842025.08703373,37626.4100885264,71815486.4122498,276682.690860815,4578396.07225904,286299.082810799,5188641.37059531,420157.602448986,278518.310507544,203943.502621327,183804.25747143,109123.288517322,206620.085511217,819208.086114298,659801.871479928,156985.667486387
"P00574",23608053.112308,23277.1297093114,20521473770.4653,1256076706.84977,1580413168.78955,30405110.5845818,996647150.33195,2595995984.68815,200088252.029955,22587.7923817521,2796404356.72167,720767.48267817,115411.219866336,56723.1894429486,87500431.7525907,964224088.510434,203036.507509321,309182580.574444,9164133339.16049,691846.574762113
"P00575",155023.865671421,49917.8446920498,4709308.19170379,10294315.333122,3901496.71762839,580844.471140163,3901325.68551111,10799028.4697317,4626056.14281909,136198.534672345,3955855.31806153,564347.373566583,219704.318453823,134958.382253545,322762.714048875,359436.296143097,206936.880414325,4633937.71018945,6811447.18865229,230448.550994464
"P00576",11103.8397937121,114773.671204702,19747.4130426696,351129.516588725,167122.862957157,28327.7882936948,212332.733473218,63521.2010863281,480175.003356572,280084.281281915,44621.8207447934,434624.67033226,328097.963448688,208541.347276052,61057.3425754055,66026.1911212102,171289.659847217,89510.7950429167,78084.3478179804,110182.3163465
"P00577",3858.40262650033,116231.940429309,65882.3515270873,134261.1884727,147608.204585736,17296.2447827595,89824.5710457891,60513.9275543964,373615.615975331,325525.658696712,5229.04084571979,190296.722111348,476091.836333344,222511.380675839,1332.79877268621,4021.02765356912,118535.076253637,108850.619792977,10590.3952823136,57529.0999279707
"P00578",4263.43118180229,114778.784322529,4423.37779455745,160135.948707403,13056.3625104005,30668.7255591749,238620.749619938,47104.5334811952,311822.090128371,325533.665493474,22432.4617116829,319192.263450015,426569.159613301,221395.906750249,5243.87007938349,6072.41478201431,137682.558995071,64029.4881104883,4758.37771598108,48122.2362154766
"P00579",304231.372514035,50945.6992005485,5653685.5362633,1308685.95922312,3853020.22730205,220486.401952907,6735913.78286066,5716285.89163309,2446588.81972054,85722.4067829065,421448.040802736,581481.819023456,380766.361939758,155901.422124032,5821608.42231516,459451.892296035,200161.439339531,7668970.25459113,34363685.1035069,203332.966532295
"P00580",41941.6782825549,111217.331342036,252112.82533254,2133821.72820241,147735.532892281,29848.3471296655,1929772.0641316,1413951.0192083,690896.359988253,223692.64512757,27979.2418758458,367019.315897118,454338.082811856,222738.440699972,24345.5217844065,131672.373064838,169631.977532762,289393.311893934,121371.976050872,127315.447536487
"P00581",106270.465085406,69888.6670714784,9195059.56260908,8192600.94672591,4088397.50899027,716732.943029748,9516423.69193447,1151013.50735961,5102404.42317062,167179.965329197,982958.526194476,567621.512050716,283406.103799974,142798.021983969,120403.204705502,1201756.42987678,201894.114347141,4073013.95516549,1842038.04842442,193569.865934406
"P00582",123669.305764181,103930.765747538,63261.9821709871,1676922.63269492,1051235.69962795,151971.496726719,3762854.09425093,2419721.2812575,2348810.26004034,313656.525718733,595123.067740747,468711.761530058,424641.261536037,159822.114459058,646574.061213367,714004.805404838,203020.516481774,666975.854446593,290790.215299938,190611.779468585
"P00583",13781.0752546631,108531.51071905,180507.310456379,222851.930157318,128453.616856307,37805.6219467084,479292.433322047,25159.2938406522,415286.652741926,325242.921866341,102048.619864022,411956.333069062,467173.998197137,217640.122557819,9037.43616456994,116178.544954511,165871.249578668,53587.483424679,85843.754324595,135271.144451881
"P00584",556754.379104544,50073.7835655363,36414594.602561,5075253.88937251,3749982.16012102,2400247.65415736,15576582.8294042,87378832.3690747,12415143.0044657,77239.3248471673,3639022.43089976,614603.259775559,278752.912005794,155516.870739395,8576417.56961142,2466847.80507346,206896.519377117,28032515.2126643,29819609.2115431,307650.033737634
"P00585",3852.25620467954,116947.484803216,7176.95128629944,94075.7338434134,66051.781233904,13403.5441789977,286543.801752608,50125.5693804484,217297.001126142,312205.463490503,3746.97852125672,351654.794135714,403660.307523544,161705.003433575,6020.61503188533,18753.4507518862,106992.458058425,207566.185416281,12339.8347363043,130860.050854583
"P00586",211636.819059596,50730.2534076009,85795245.9767157,823022.71075328,3064668.40866693,539526.10198075,36438505.1716682,2095919.1454372,2231609.63631877,82169.9818984315,564745.524306917,610380.771624072,410359.252645209,148662.319091696,1123361.4164363,1337148.8987155,181411.771001794,4040376.88516532,16256072.3954529,263659.946669177
"P00587",42162176.9092402,26242.9850813667,1192984431931.78,305889035.326526,2611380918.03399,289739045.35992,102783151875.368,27022547749.4811,726389955.417121,15420.8746087498,7820543291.01486,1115979.06969176,93936.6441316482,56914.0581185058,2095431790.10559,13472609276.9411,212039.011303233,1019323414.22012,67325015881.9254,1210289.51544641
"P00588",221593.994563556,42807.3725237517,16915391.4910045,16355314.3432965,5190065.18821185,720186.515715978,5334675.81631619,6601555.9629994,3441035.50498986,145598.892190264,1582689.62568972,534599.074571379,236890.834536759,124624.442047149,366157.687187069,10918647.6261527,206675.574657926,11085043.1664446,13319608.9686189,276849.449734628
"P00589",366867.393690969,49835.5704829536,26561078.4276838,1990813.60685326,12217888.9471834,3104299.2751164,66026303.9883917,187812163.148027,5039276.63751131,57091.4499118175,2369911.14004547,618617.231027837,290205.286537814,206490.416325839,13627750.8685764,16222164.8284818,200677.290382082,5663193.17049571,305160967.645195,241413.457294427
"P00590",51171.0685142455,107704.148516739,91244.6369499217,779550.128398174,119406.293829314,52366.261105294,235164.181301381,126874.227404497,353396.085980998,313875.896232623,94983.6395196173,396893.737825939,479223.767034145,219734.269704126,24383.7207873283,238454.021217368,181247.740282555,200712.455543317,13625.0273464805,125436.451686536
"P00591",342028.125585848,54640.3295675683,890036.915604522,8335657.38904201,2029316.43495501,402136.645779622,4517680.43984244,3688916.63322182,17901266.7924659,83778.4341826128,1681458.69398799,598275.576697571,347129.100467424,128028.0684645,441150.62426109,3462255.11879039,192301.063158851,5998914.09540484,1119178.02282245,207841.155373432
"P00592",35885.713661825,97726.1906698803,196361.547318409,326384.396192034,135266.669252066,46660.9402903347,3176865.17576177,774733.903481794,681040.099525303,248738.500642773,52259.74297955,521430.504209227,476034.468489313,222812.630706644,197453.444108786,411039.415150417,178488.040264775,448236.0876407,67113.883172497,131061.284412407
"P00593",61215.9447393846,87715.4787279231,382191.73165439,351617.274668393,1453372.25454941,100323.483880221,1304321.74944367,10246544.4878507,661855.638335407,280040.318743961,143881.39329248,492391.294168705,387897.410210527,179223.732281014,22685.8869999219,88512.8292520288,201392.911899319,1581212.05172401,62938.3042646642,179927.500219459
"P00594",31889.9242710245,75555.689658457,455787.058050214,685782.628168176,931364.034508086,124475.144030613,230651.380919148,106733.997910447,1601544.47406994,250499.824487952,140811.773517531,423512.231530292,479185.543745079,188541.31878398,23566.7572890825,78589.5913610516,184118.858017976,428549.471921273,89797.2879207816,155784.490190263
"P00595",7470.58448816286,115318.590383708,91427.8962535846,835985.378929711,187886.889701877,18287.5419398496,267564.28721774,170042.878104264,558188.764528221,324786.204186164,6125.11548995663,247496.985774309,448895.845424099,209699.404082986,13385.8162204154,19004.0105480691,153765.491359438,148283.019366144,20830.0924602019,121703.26941043
"P00596",21259.5483938691,111746.886221506,12654.5587483088,2676631.59291507,273468.264320598,11228.604212,1452280.40296822,847816.823882041,978003.600823973,261255.018393584,88526.8711615354,250313.433133064,477104.884074013,144809.648919458,6542.7196047639,307610.462878441,165276.835341897,52470.2890184457,20355.3881101178,130761.224636586
"P00597",764329.604350575,64019.9076074997,45908227.0413385,3058349.945086,18061768.0055625,1364092.74707984,36467231.4109599,1902725.92721769,5658874.3020274,74505.3206723449,3180228.83977593,615961.906388002,357867.324814193,165267.100660587,2138826.46164368,2354677.65283199,206986.047914976,13017348.326136,14575623.1417933,220496.677548607
"P00598",16509814.8425673,24549.4027761374,35184620617.7525,518837123.384235,998140052.428932,13438978.7841645,11672702447.2949,9357285369.98479,91275838.5631828,20800.4025216217,2368841694.42293,850682.289011352,107083.159202206,56749.0164309028,186056165.844397,6757792563.22133,204333.190573787,200846520.828294,6883448742.1168,798769.486918272
"P00599",321998.333418234,35562.915024417,325398581.956127,59817155.4289825,9614507.18405795,543603.593992627,38982413.1271631,9035729.76022064,20932821.5321819,80484.572477931,4542661.49207603,600624.073778831,221680.918232322,106224.581587495,1268483.2358352,27471840.4438394,205688.15526115,11609842.653196,45728155.9438173,273646.284768636
"P00600",1324808.52580271,86105.560335275,42256788.921916,3113430.14646359,9453089.92280808,100876.53147384,14847101.2352927,14723841.6063373,25867562.9417161,254724.100311268,40907957.3611614,485200.667542889,185554.766657378,190011.86036869,585038.880016855,1768378.3970093,205877.534979468,803058.785290709,44302594.3512741,168617.165332783
"P00601",20935.7345313777,63346.8778323042,211370.680433077,1086980.20835945,1363382.88713107,238280.420102111,318750.290224249,11066008.4883999,449271.052550097,75208.3096766574,100122.119089189,545267.149482518,478841.690651949,132523.485572047,11017.9630043053,435760.375970006,131771.129316743,385480.98041458,12249.269402976,226379.496729322
"P00602",20398.4644260368,104390.8902879,177761.78736059,541495.856298031,446615.289195634,14486.7043480434,2259902.23715814,656791.294748069,514969.832318097,254004.312777936,66328.9271681668,373034.214124053,369620.59893862,216229.315974342,5260.3167917984,68677.235462546,187984.462003001,153079.462798015,75411.4768805529,111768.489937555
"P00603",1195512.2700173,29512.0092119069,649676982.548715,2195389615.59597,176571719.645948,4331006.5917619,2407371097.93307,3007196601.76205,56305552.7076856,36255.8519593727,231995994.001274,635395.390491334,139496.0403353,61284.9396827507,7492275.51247044,268257597.591588,202905.487145944,24472785.1504324,2175725543.76382,581602.649990235
"P00604",276473.068043384,40733.7893028675,6525313.1577011,1653441.56438063,1556200.37811116,1698537.17614491,30317074.9368772,6360735.06503775,5045960.33733184,174926.8462126,1009241.73946644,585491.701229094,309122.996489361,186865.648020236,960655.149469709,3574964.05998444,206985.9743874,5737732.16394835,5591553.2543736,160212.625819393
"P00605",186510.871989126,53325.9342794415,1717880.27695971,6531239.82497883,265194.340042326,204609.842001696,691510.340848332,1031217.67819791,4359252.85114917,215063.244777252,4496150.33611959,574332.54527087,209690.366230917,159885.250350792,825137.207691124,451394.427724906,206587.488111059,1377624.82939199,1036008.22543083,193894.290345739
"P00606",68557.9583559551,65523.1741400592,3446306.08996856,10991035.2483331,1437954.59422664,221676.253855609,15961950.270948,4030746.87642533,2274206.44641214,205559.287132232,1060953.38487274,570002.162335864,252622.232581014,103444.232917034,79504.7902871074,335071.875711454,206631.630250184,681915.492485427,167979.272853323,297826.006324605
"P00607",29660.5009125083,67585.1099038395,2003367.22658993,790251.668104943,504144.856208149,119052.480698606,301316.548852054,78947.8332163882,493202.197494929,224627.906085187,77681.9328542214,487968.467313327,456663.781207637,177639.020086692,10142.9285831799,51263.9879487473,180967.858553434,529611.205001783,316012.234546355,129932.398204166
"P00608",114191.186068686,90594.8578218274,1451906.03676365,9116295.67848339,2576225.494299,144145.167215285,3938756.53753975,1505709.89277224,1763184.37346406,236121.9294517,1224098.62260482,531785.48231633,448312.094466551,177565.63726458,1116041.64182819,580604.507481289,206930.639360654,2064019.45850825,928946.42525157,218370.245295862
"P00609",184255.265235484,55232.7099272918,770176.357902935,194495.327912896,507460.16505694,1537598.84498437,4237669.64349638,877758.188676582,5619350.68411749,84763.1247878037,618371.473885735,532165.457186039,386532.794232652,168038.385155679,3507681.8166149,1168282.24056668,199292.960105879,2440764.35766177,14910531.3598053,232274.511625245
"P00610",4713.83026515851,109558.58350119,35930.2710655175,227345.741305352,76920.2243812256,16970.9559438507,127591.693045037,48196.0276101886,171392.531650858,310392.822958485,5869.94936650938,192976.815447341,479035.338324862,177048.35008644,3142.87005019909,5766.17936787524,125726.437982053,13310.1112382119,17250.9929492124,97718.3964434593
"P00611",29626.2219812816,97911.8493740477,232509.358901359,106851.010382906,122562.735002057,55139.0723235325,281082.66178171,65760.7397758684,537937.478511393,240041.811629631,23240.6718354834,511914.710129715,473634.075836276,199283.484367175,30438.6954618666,42453.5079089668,154641.606500644,384989.146555507,69478.9643971155,96808.7149998675
"P00612",679698.619319587,25762.9810037422,65856849.4916008,54579448.2432854,31936550.3732213,20002059.4465528,166010730.287326,109533587.830311,13116892.7660081,44390.9383113145,45250433.6701542,620404.848764978,221849.976005419,94825.2631205672,16958386.24246,58841238.7161718,203543.297803764,36824458.0386266,1054454761.9292,335340.713548244
"P00613",178683.611750532,83668.2676687514,5723237.13262965,6367451.65923499,1295962.25884874,202119.848516824,3725730.79716172,31711846.93808,1213088.04824519,134984.619467518,308354.933130802,562872.395917401,353172.521703083,163593.538209956,250364.33826454,4185845.94114509,204031.655560448,2592589.42114601,1005119.0616567,177917.967390272
"P00614",129595.501739468,112084.132000208,2653991.74112438,1322414.00964309,1910078.41273585,248280.380166644,4544749.74263943,813644.408435605,1257579.47253907,177352.967243261,277547.961300409,384911.652463314,478733.860174547,163254.219761975,111011.123174312,372743.935388333,177353.174957486,1730592.50116762,2107720.24512954,158579.965641482
"P00615",26911.8532954442,109248.963580947,299354.221204074,922331.677832734,144261.963475355,40350.0988968606,113232.105071496,157271.784410295,984331.608185211,294290.247875099,59175.9541134868,403402.047349367,479144.47411108,215521.901430847,9018.88481886721,40622.5575195552,151836.507285829,124027.760364908,18910.9753518011,121467.918818075
"P00616",860521.804106896,36189.5349535021,224520451.375788,890389.313392422,25583889.9998658,13010787.7018299,58533259.4218446,376746550.191355,13107158.4998373,42067.2395678966,11665480.113885,681468.10978162,237281.27949454,145477.742192362,49816930.8990047,11807829.7157898,206973.574288926,110406426.701119,136381124.568149,240759.343744553
"P00617",47853.1004450341,99181.4307907028,171430.957920371,5354531.61351372,836021.472831396,18153.5848835468,856315.428481918,4849674.29861085,768806.385339633,255781.938066836,186732.967301817,488506.688643671,451630.658047812,196967.586340506,37116.0078926227,50829.4923113818,203057.944142376,661450.163678074,384181.15863016,164969.024325887
"P00618",10554.1925387941,118316.933227205,2937.68008842266,133428.943089657,48412.9151213463,8078.00022935332,27359.7067093707,11989.1573420332,206069.787861151,311698.664800163,5473.4923750251,304463.428979201,463174.742478985,205585.187917431,7889.31713270746,13754.5575534719,149343.913353456,24575.9926415054,3877.84093345667,84743.7315754503
"P00619",58563.9794812759,81399.5069885832,297463.205640607,9222293.4108091,700119.958574792,61040.348345701,4327719.6393109,660505.449231871,2680375.89976546,277506.144393669,115352.750189413,480258.518320807,479650.581457461,208673.377670021,35632.272074914,144538.509722608,198841.306610194,259838.800440082,18553.8719472767,163199.702041338
"P00620",23088.492963789,112130.425354376,172903.2804632,942669.265693073,664989.101507223,36984.1487857994,2093142.443912,367018.596124129,1111067.97253203,210346.63292092,38962.2213928366,401818.237799704,396578.583202795,196869.249053549,7674.46046822657,87891.4724813439,204204.651009285,218400.854375651,86776.0719300467,165037.228063326
"P00621",94668.7125060157,81631.5592000062,2033529.33755526,2090904.79151936,369400.602336911,370762.524813354,1663068.87782379,274379.675159173,1573375.33503407,180765.755451574,344159.76357707,508442.654807156,387003.213519398,144525.467381356,103472.006572378,571955.445192836,176454.312720009,604332.651132609,689033.489333327,159740.430267632
"P00622",27773.0828415575,115626.065511045,195910.473707086,195210.320517249,439296.154917213,355346.141077562,247427.406525033,394584.863990663,228595.723365724,223744.087612983,50039.7002288543,519932.541012886,465697.174355352,205732.707058021,313667.225381737,56188.0391928472,130492.781197902,504131.225921587,1284655.44279656,83371.6893314566
"P00623",215929.152809375,36306.475535206,42016156.9894959,17253110.2543226,9958449.88690324,1734755.16556429,10229822.1182316,13777574.6908432,6743183.39022698,87736.1432243192,433688.869203329,588767.449606044,302468.760862149,97693.5941337318,4359726.0505263,4683902.97723556,206524.094021275,10399470.7498812,56747621.9841349,252027.436677256
"P00624",15392.2830155741,106846.736587585,96012.4414383235,496193.754272712,902225.161641503,77689.8664421843,1621899.97669627,4475141.49849772,778974.133629807,238440.206024256,94637.1261587504,428479.705611728,452330.820736251,214391.404258403,15812.8482642659,128557.239167851,204224.119860259,393126.092814902,162607.209117687,151288.669757235
"P00625",102210.715143638,64958.9212843888,2298702.04976141,3160876.00349226,2951256.37707545,969103.344117798,10867929.9071377,2425600.51659929,1308332.88281853,120282.773606832,4366867.87888995,578601.558705052,320788.978404615,137375.075953062,606444.401397627,8721002.32443455,205720.563405375,1968533.30586725,9201350.23171825,230971.497310607
"P00626",45289.9183590899,118287.345798616,864659.191094384,36778663.2018391,413103.391094538,33972.1402572556,5386109.21825677,743739.572886331,3474610.86323674,290475.016249157,21674.5100536184,450927.340857043,473126.776915881,143657.158033432,3992.40255043449,75660.6592437962,200970.640216822,52611.3625542811,252418.290880363,191652.958736072
"P00627",29893.4546140959,81299.0725157812,353325.449925622,3257329.47694609,210432.539281668,44127.4438217689,244377.399945398,452838.69564101,1052267.64697714,218663.559502248,17024.7333808738,426598.773606824,411695.985989043,122442.354300221,28648.6412130001,193166.255301269,174716.893290352,428042.34562715,54397.0484298877,140815.593410202
"P00628",12528.7280287951,116371.78946064,187099.389006505,249619.689111673,539304.545006338,17734.1381850356,391056.693162297,12929.7523789444,523856.641801275,323950.164038476,52374.274153588,460672.267007255,461703.158893495,217631.888651368,12738.1427849438,60124.8478211718,150496.26948296,69652.5565756901,43463.2875328406,75723.890679693
"P00629",7132.08859598874,114453.460942491,10876.7179218668,501624.735883583,220275.8356344,13143.583571294,361299.323623765,46133.2937165558,235023.593505055,295716.462209881,17671.9922149275,365433.412473964,449079.623254342,195419.470998706,3338.6319933328,31046.0805902744,120417.123874844,173926.130609,120995.323285822,146287.528380481
"P00630",499227.748370275,33947.0681589199,38687702.8680358,3582082.97698395,6254022.74096329,1378383.64463045,16447456.6742262,72782829.829798,9074966.23562429,89108.6174485238,1746954.72951335,620623.704042746,351371.926549104,145693.361227582,22643569.6235973,13074439.5911035,205642.091790722,14344548.1125145,71462239.3256007,257015.705501752
"P00631",177627.977785277,63034.5447565604,36039223.5302292,7319974.44568493,6660810.55725111,1142058.21793515,64979180.3575863,7670393.88951955,9052793.04277728,92067.1808992499,2568231.47949969,590280.813693514,268737.385858203,95951.9433979033,1995316.04034494,6695871.16150136,206790.294770214,6587616.57082293,5699364.00719719,256383.157376666
"P00632",19149260.4690241,23884.0855813183,126696049391.486,5606021836.53633,1704843928.7052,50222033.6248499,30158991424.3242,38647094354.3885,538296487.974516,15336.0371120452,2437395203.23084,862750.462387002,95029.5489926169,56951.7325762605,318339103.150446,7781124089.3139,243032.357759311,322526262.008283,10134126316.5195,1220240.88400054
"P00633",262196.944577643,100785.453719785,449904.220557943,2873089.29943579,576071.920355699,86587.3563058275,23001225.5242072,746401.169032756,1266700.92792689,181631.869761315,170600.148591919,504300.608175344,425291.003930006,206598.878177696,98699.7808769337,234622.973647955,158416.575694162,850658.870677731,761129.690474817,195129.282209383
"P00634",32704.1739844417,82345.9789782474,1508524.01378504,1095559.03461407,555947.700164951,116101.151756206,3410730.33733412,143850.650239182,594480.409732158,271194.566494816,52355.594018782,379694.964007759,474709.359239335,201395.077381474,10642.9241516608,158372.844064579,203564.060981908,326757.820468427,129267.131249162,121167.152380667
"P00635",76137.8375364982,75495.2238048598,3863516.77651755,3088168.95187945,1103592.29591756,215881.965703778,12385683.802546,448009.069522726,758609.007414244,111907.526810104,176357.667562344,453995.707504671,278187.73946768,129018.058539474,312824.883727264,155549.777483642,183497.938506628,715487.138428185,181407.250802221,124092.068141493
"P00636",279360.228171636,40593.7320385952,84398927.9836059,1935293.72863915,38966255.0252233,2446105.77397601,38582348.1780986,11036460.3845329,5030455.17717977,40771.2857646932,4745091.00653892,631692.617479638,301546.802808448,109844.899515796,23252098.7928243,32752045.7458256,205991.707387209,31718353.6386788,100538570.342329,241896.918869433
"P00637",14122.5102609136,57724.0731633144,118750.009676522,1194892.90576933,108834.867137169,3058793.44982304,195188.303795609,882892.375147829,147320.430418264,122662.971405673,13754.2882152821,600787.304703353,476259.129591934,186730.38304448,77888.3538713577,2660860.37929899,107497.821037075,7916318.72250661,279155.099852103,163538.115575758
"P00638",19410.74905681,115902.745636774,23105.5348545801,32248.441372129,233827.869871318,59994.2186937261,116009.026595008,80043.3700489208,275772.354353251,318851.862512346,5371.15174238786,373997.59636062,403157.426248539,119947.590944059,49158.9023000441,39432.0859062143,132922.518310249,104232.662354036,56630.3473789319,108912.195391468
"P00639",335773.607243865,56053.7108873103,21351996.3451628,29579312.3083569,15780284.4506472,393458.564844919,19935049.6595599,28678162.9197648,8462728.47464944,61487.7374977308,961814.491400672,577819.081053153,343638.939129081,91414.5670466643,178761.227766974,19128500.7890912,206563.905062526,2327366.96918709,54888704.3879267,262867.862814949
"P00640",96247.9972334705,52081.6818267989,5790506.04553243,783983.807271127,2819180.14826623,713582.58513228,6587490.64458276,12168078.4074093,6034689.70243038,114970.451416555,1660502.26890425,598956.541127928,358535.463375459,190233.415195611,2034331.19079699,753352.268434652,203658.767559851,3249051.39761549,1379549.88407433,256150.900324307
"P00641",262455.274738257,36192.394734277,15819669.5870293,32824823.3911652,5859482.54438118,380895.100871932,25652954.3988061,46050708.304303,11343229.4297409,81429.8748248629,3642029.18771036,588528.049435401,227953.591176243,86368.5289142578,109976.559961962,9107672.00311318,205585.756970163,4545255.56418625,2146962.74386833,266086.144492246
"P00642",31450.4171953818,94829.577407319,376052.388383902,7113753.15620009,385404.945177613,45811.0606640059,961274.812005688,182112.876930134,712279.147688664,301281.603579847,138557.227202714,353020.241676269,470316.657773355,216867.827933058,63227.0085008218,7458.66858518006,148998.872796102,110858.197971058,82595.009927067,101691.841669729
"P00643",335877.943405399,87663.6818809692,36676543.4658194,563055.661975869,2392290.48807966,646315.606824438,5455074.63073121,805309.617259628,7407339.72933739,114170.1417095,1604216.83609941,608427.234925694,350679.544176406,177960.629291869,524067.931200995,7811262.0044066,199437.666658646,2664351.2225473,8887805.44379663,199839.497560586
"P00644",88523.1610307716,62108.1117658542,4452592.08277988,3810081.13451526,2352603.82604688,229867.822915418,950914.149054495,3058741.21399049,8854160.70963633,186438.616323002,833351.306431844,560281.466068372,322032.297671053,142257.789330061,277165.977091865,2032912.29786883,199813.148925364,984514.10269732,3551997.19418804,218247.186363886
"P00645",102424.514479318,70495.9878372806,2634157.33283368,10662461.1737529,3947507.58941695,246429.114375873,7088778.10472045,2217436.46944652,3396853.56870811,205975.147554086,1078653.67399043,549399.480331018,323232.260760606,125144.330186482,1079085.60644729,354826.866746896,206570.028705156,613617.317610952,2654269.26040741,144448.879239845
"P00646",43523.6828515882,117599.52494885,1137035.32792015,947912.36558407,338586.01320249,20528.8882551226,4824221.35614528,89145.4940027381,1279585.57515429,308905.465330854,97913.2887993185,433985.758343425,427697.387828628,222965.975213795,31217.5659724149,122093.685615566,190258.934533969,195891.427050092,2020900.74998108,163796.925039818
"P00647",69973.9075214025,70642.7682750204,529660.806622779,3673326.33320482,341826.440856726,164064.42358907,3529226.31239389,815845.26694586,1350706.84973451,230906.009564235,190014.021684778,550893.810449569,461049.825353027,155711.795391473,75396.5015686639,179376.631272659,166923.676591024,82737.6388820445,257586.21130391,145457.849528567
"P00648",176866.140073474,34423.4655188669,55814817.5628134,15837100.4659565,3521796.32837252,466533.059092465,47354096.9724131,13020357.4654084,7508755.84226013,66476.8531323293,2845777.18477365,604672.261213505,230413.44611494,128993.128773863,1718521.94165271,35521913.8083691,206946.223455085,4777674.90508621,39390520.6506824,302120.106571934
"P00649",3025876.2547398,40367.9978743873,2237191614.41272,2273927.78960329,233558059.57967,1120812.64357218,1248129092.1215,48855951.4271706,40411934.8723408,45254.3016024262,63443223.1758082,633707.04827051,151912.726669265,116863.670893887,163609113.318451,4873753.55910755,204134.921371181,77208313.80189,2168173928.6436,185682.680788065
"P00650",637852.391972028,35319.6724199293,21425611.277869,3883626.72151622,10476709.6156233,417106.698568052,10397465.988825,33108341.4482638,4987586.77457136,127060.708966679,1952673.41714391,575972.039987188,401829.823910969,148537.362322026,985413.086392315,7708808.90995682,198057.107913036,4065257.23196593,26848233.9596074,221457.728858886
"P00651",55113.7295620066,101136.872900703,219354.585981399,1346795.70231331,392362.050747188,90930.1915506366,498167.61177075,358884.350633399,936712.638797681,196114.220156921,662233.869813313,472205.960732278,476648.156604111,207364.629105954,18879.8113100632,54304.2523907835,197950.462464121,202060.764530962,311024.51520333,184713.023065543
"P00652",25444.6021764476,91439.5249598825,71170.542517345,937281.880956531,437465.972028082,59673.339066791,2970120.92670883,434980.129984874,780168.139519155,228413.98438198,246399.029647729,453435.252854853,476854.967682143,213305.775389086,30121.0057841387,449586.467982336,166440.963020169,793594.748001711,142521.717754192,129827.302589569
"P00653",53402.2679969807,84242.4920753442,98166.4667030378,580503.390264289,178014.150511027,163877.992620506,5369838.56489478,647563.732850064,1018297.44791091,303045.284909025,734350.724160652,439776.932094722,428065.261105984,153751.908303258,27721.2787207218,181821.004555332,193334.576669827,448872.832641471,45873.5461532858,141017.905645233
"P00654",117894.595154629,58620.3093810197,250615.368090238,1170208.0150483,257354.443204268,202826.556343342,1005618.00651287,2049877.23148935,1006561.42378543,150964.577301431,151076.092304241,514066.951704805,398699.232721517,208556.207578628,94481.078555403,775327.335477098,180843.14233703,2159382.17907832,949237.214912796,130503.132757463
"P00655",22496.4700272192,116382.490625566,103129.949000412,700475.389708131,88310.9772746068,40404.0344749161,112653.081543678,221106.745466925,437746.979490514,324702.203900455,17991.6186238852,378128.396307582,479366.46816253,218347.06420689,41273.3378749978,35662.9660178393,169899.330548994,118942.678093769,74027.7471747555,131637.857714992
"P00656",39936.7352576982,106405.721551593,247633.296538053,1934540.75975249,511056.943565379,166875.32572788,1616201.92743296,867023.668664994,1118285.92175517,305010.754509986,244286.668802979,453649.215989185,472251.151338792,213528.811039288,8095.98454019417,231007.369095338,171315.703941589,183991.166555288,210632.723488493,185339.680026229
"P00657",33825.5123235833,107896.318194879,253126.435071191,894484.423769636,290336.428491273,187288.532245728,1816769.4033108,187073.584280359,2001972.38828568,276104.893009344,148408.480940466,477080.90554942,468650.660340477,212901.274098712,110423.603974752,86047.2156156892,189904.324822575,291632.46578728,263947.44041267,116779.396119341
"P00658",745993.795820821,95214.2203732405,21104914.1249898,2088436.76422888,6902115.15806129,112416.462974451,39572964.5724896,3140616.17054816,8609894.2446244,244478.001509943,16781578.561917,591457.458908326,257599.331313911,170179.939667261,1506662.49462139,150195.566721003,206127.645340497,1202339.35127725,19493467.72491,144563.626685895
"P00659",11953.4465612084,117960.549759564,62367.5184622123,99051.315991067,82053.7305006778,79354.3637073865,80733.2180289072,121129.210989833,1946820.24537839,180516.276583437,17829.9282983997,421214.710633178,479644.52963679,215198.63320734,6344.62414283653,92894.5309460939,135788.800958463,115427.068000188,29079.9123542152,105196.45832427
"P00660",15975.0413250901,101798.794564119,875354.677365816,4354964.14499891,133530.041930053,431195.648700616,1068287.46666134,217225.062279046,2248024.6350379,271974.951013434,147427.325609832,487808.500611366,476951.7788739,211603.8286654,264313.332647257,171158.632217696,186492.351015927,277644.191794071,303624.678553137,164469.045682103
"P00661",15302.7885384113,71951.5441916592,1119072.73595178,330427.063390665,1683416.84210747,55680.1449513901,478612.231156813,94430.0921324724,662788.052838747,224966.008138779,208485.820233726,520699.021696266,463765.155750193,189782.425040658,77012.0221000853,216330.06964184,199924.863315923,416890.997148423,44022.1827545189,159610.974297091
"P00662",679617.757341279,28964.8159681079,389637961.898156,42033081.2436304,10823654.2937428,3055806.85670799,211946251.811971,83291682.4461781,9774003.24167448,59782.9596023389,12579525.7340013,612800.668765067,236843.146220727,96443.4529634103,13772681.4585882,4020137.34868047,206820.530879662,7072522.97149949,81342859.8759807,279769.229404425
"P00663",2813274.91015019,37442.3549372414,1302072459.04751,81390688.2914326,8211022.8049037,16797578.9455205,302178120.611962,950978332.387377,31114530.4146048,43395.6192565892,39925265.8751844,668387.932375368,232239.656236526,77821.2651798727,41559770.7550954,157139837.754483,204950.01620372,40869261.0985191,237594924.401764,294121.267054826
"P00664",196094.969555421,82648.2485245057,1941957.46450964,3859476.54193502,1187764.2524937,235455.482932362,5223133.4457988,1248675.62156579,3154876.38585051,149362.711773604,342536.540562174,563872.519658056,470398.927781323,144321.730749132,232835.96194569,3140675.69416249,205601.185101627,3034870.04047707,421151.076830805,243200.340657005
"P00665",490223.253087037,41492.7517924092,213658321.770329,2919569.76196847,5456547.56130604,2104954.77643242,28661103.096059,90342548.2859656,5095369.96237151,70052.5949809276,466863.66265312,614667.125532114,399383.863568438,166133.790581688,4924095.6985801,6689257.28661817,201307.7460093,6417080.55030636,11840669.7600803,217015.736870427
"P00666",88937.69179904,61922.7142636095,2865598.009094,19340189.8776565,948680.823405082,420330.281046149,7836000.82752933,6128585.00695238,14525631.4241503,152222.083413614,7358649.68581684,575930.710680563,339770.997790461,77200.4335162241,1140721.68354458,840310.05688452,204722.484807417,7429499.35801342,2298035.13578267,217132.291591717
"P00667",27696.3960019496,103169.418008359,617873.269910981,2408788.21819205,896377.7816921,76018.432841254,408446.134505719,251957.286088167,2023234.22696876,243541.583417654,62224.2964593943,532108.002054879,397138.32273819,115829.720998927,20134.7400476191,213946.05168485,205773.694985868,522859.580096723,566665.390550523,135757.875148607
"P00668",96751.5111172144,96547.1963947205,3385946.94939143,3493532.93634814,1793955.42662506,269687.637831605,2623765.32738948,823931.443680577,1943770.83863065,169174.523239382,330007.25263002,509729.423346514,329733.108220047,128231.118307721,250892.951594378,2210799.49401871,196748.291631455,3046380.9473464,2414469.55108251,171756.045688971
"P00669",155119.551703196,66646.5119921205,154301343.401205,2540436.19656762,4220871.48672564,1138169.42917112,11731218.025961,4260844.95724918,1862506.87973624,110659.468992235,1642062.67601279,580641.346850583,367308.556563174,157810.785262588,2510747.45520674,2942504.62217167,193463.721566297,4511957.62817428,11221044.2054971,226268.070103589
"P00670",3764.347113133,118299.424065271,2963.01507550281,491258.853324293,22739.3087809872,13071.5149388041,39694.9469210923,20429.2789833417,179872.302367906,270237.753701326,7302.15228172673,286906.626600474,432244.636950858,213256.996600009,4730.11507146163,2862.23744191828,103938.04185324,32284.6517633702,8441.47918339181,100929.7774644
"P00671",16690.4298157427,75261.99591561,56226.5000610545,140793.190074836,81240.1285047853,6378.69893149045,172481.530013292,26397.0336119922,412067.298476641,271525.46579384,15026.8597372192,238250.673584535,476861.028426979,221720.451211386,3366.21790896497,14600.1255967499,146541.994375392,56050.2380345453,11333.9067147233,44029.9805941655
"P00672",84066.8551350978,65156.4757152102,611406.154256753,955491.504109576,800810.546234759,358172.893427048,8070492.29126823,1021612.32157333,2079812.78161826,122733.531781614,77561.0429490726,556465.470949791,380279.551912039,214853.599015858,1238141.59810554,421628.451686048,177028.1482028,3098196.46663705,19917342.008222,150460.962071849
"P00673",79276.8006824103,81239.8337704106,3366663.99083892,9334799.52358055,541180.668592174,106916.478982694,6229707.40525593,7153729.5920505,1603861.68995781,197527.570944437,576561.559727707,543308.546876358,320429.601282296,129777.235786692,43003.1163279536,316508.168693012,202524.962603612,736984.846766077,232863.031745949,226237.357116075
"P00674",6042.88448306179,117703.104330933,24368.3487664515,211347.896821522,63888.5258334243,63469.9543812332,131087.119655022,86133.7779043147,336272.104549222,325287.462475646,16569.3027652154,287854.358816111,478695.349084005,215676.267812716,4324.55091321577,8887.01278951461,119088.419419764,40884.1408505788,7782.39698832487,153090.93223274
"P00675",25144.2800030017,114102.519609991,38123.2120147506,476791.173596709,181233.106868055,45619.5148606465,470097.716857924,50840.5795489831,488364.751443013,320378.74581043,68111.8557178317,381167.265687,471779.153580791,205287.406795603,39980.1236374076,53042.0339780214,183960.676751833,141875.359430615,497614.718602072,160268.335489424
"P00676",20591.9986760203,95234.2822592286,51204.5604367492,1850611.09030153,227733.422439984,74197.5144020318,7264214.88999086,1110338.14799803,774508.913614721,315961.985313492,154745.822147931,325745.680802517,408710.331657286,204485.551387645,9549.74647579925,179106.402637322,199430.813621052,375226.849886412,28730.9484970857,159080.84314016
"P00677",8358991.41426159,34579.234237117,18562093997.4511,10634737.3734252,621273681.015449,1812232.88858376,6047970112.6749,242781036.676007,37529058.2908932,69339.7077516103,373264112.51302,583194.731297871,176780.000775902,147822.055751927,48851657.6912677,23279714.6002637,203284.546918563,16541310.727214,556330347.525211,224805.434021932
"P00678",124764.407146018,77250.4719260606,4866939.43856325,8680679.50226871,1542588.96341305,1373581.62833542,2422752.40754507,22835538.6115065,9139557.284462,109464.673499217,6297774.53075339,602640.278492677,354202.875286046,133755.634450444,5308865.0838145,11104905.7703571,200711.171993802,1532881.24786876,9820782.64078787,184925.88745574
"P00679",10526.6490117235,111520.841264849,46779.8137390264,944338.655775381,76871.6613994719,12758.3697836493,794831.839375865,123959.491195141,254632.400840632,325566.898857079,11194.5071433163,345303.668779612,463969.093135761,138435.200037265,12989.9246994188,29319.005873514,168424.697906046,95188.3652808857,54422.0188624103,93529.8899391515
"P00680",1339782.23905329,38451.67543573,170309125.603104,6266563.57986353,13901058.3534296,7264815.18261812,73722591.5690864,95867563.2092929,12718686.3012519,47846.4613527568,7835975.87645827,658182.997731715,277558.003421767,86033.522333123,8172691.58398185,50958720.5179237,205431.061738263,4072715.3368127,80959233.9799006,331318.654689985
"P00681",6213.60416848648,112266.231143516,9677.48831507325,1569806.71235771,60962.2501484929,13876.5482340101,105379.261027645,59016.0456817514,275143.117969284,311124.824845351,75408.3593385076,393897.657951715,458396.610290856,193088.761185421,1081.66160905473,30707.0926481607,192932.501954461,61119.1130013706,7909.05693973928,145285.556822068
"P00682",281044.688977467,45217.3855974447,148628023.765336,9758180.5842111,24602650.6174034,3050807.08463289,15880326.1522721,2303194.28097244,7583104.68265475,109117.811147416,2996831.85615181,607106.141075533,390402.75778461,128402.923305389,4187196.42388486,16871173.9967145,206857.798421266,8450825.25205879,79614677.0967072,289739.865541815
"P00683",4344.84709608382,107247.283626975,6571.25126503954,86778.1357865646,21722.5205097677,87605.576350227,71895.3670444306,52691.6378752791,382532.713529041,322128.650196296,7859.45497841637,257556.544619989,479113.678563949,214330.281885772,4020.80569586475,11100.3567070572,148969.500147034,30160.4367863928,5488.10039930623,85795.9507153814
"P00684",18370.8831463794,94006.2557624801,106079.032929591,967599.563521953,1537269.84491092,86039.1016992514,3861177.28221311,1146444.72940877,1138387.16892136,298178.101638219,35508.6658630335,408598.027769968,438154.44830101,209817.006281917,39951.0848052376,109601.776841956,198270.47036372,223527.126238343,28599.3102956411,148495.890165207
"P00685",33700.0454461914,90806.4477234741,136850.248357176,1492139.04541522,1573860.55725529,88825.1765232164,587686.583699942,1094728.90173145,1005780.99646024,239838.334739526,195539.157989301,459096.921154989,337541.867856147,186324.491695872,17660.0540064154,152386.652273546,189690.456501487,737606.811307231,519597.176026707,167640.040680941
"P00686",188450.959421404,46169.7339249414,32231879.1966959,4150726.45496325,6272158.16476085,545050.748646264,10316596.9020195,3373370.14490136,9024276.46746076,175572.483759561,3908572.19299236,526151.46505557,318668.054069092,170789.23513395,2260591.82820471,1281145.67038931,197690.214202604,3135755.28285658,6555460.78875683,190241.617131298
"P00687",151975.175805111,76664.7242052117,803993.904285026,7167182.31388664,845625.5708158,466013.679038185,67372774.4984063,11840026.2861539,4785395.59768503,150169.333718545,1085512.46773304,574708.102249312,281764.83562777,150824.358464712,124769.606116861,608209.396910652,206469.287727001,1566364.80234995,3664245.47795963,228621.860897113
"P00688",236792.986751218,41497.0520872526,5132945.79400382,19882165.9449347,3423308.8086277,515236.405202546,34714874.0171449,5247251.68655135,6269159.91893073,174339.381041147,2313110.33761217,591235.056817331,248697.556682111,111258.473283411,434894.855742826,19070446.2896837,206869.995894358,2687555.80882283,6330927.07034376,288245.767946799
"P00689",44808.8730296816,84969.8014994149,148040.109912728,3359383.74946343,234544.065498678,132438.90512498,2421945.71548768,617764.67172072,2810175.96865985,241278.099595985,603728.847069678,452786.909145735,409544.710805849,175258.361148286,60037.0834151307,200696.206235102,202855.396434379,390862.95690044,68864.7114566029,142042.117895315
"P00690",462623.354871158,67086.5192269456,12046730.0666978,3116350.19326651,1507315.98608963,520041.811540624,2751561.39431813,1108491.10989779,1855191.55970932,139657.357348184,397717.944767754,588473.552799822,370780.277113749,133244.419372389,4673874.00515063,2314397.394088,172848.420668915,1632052.91967336,3570801.2672668,163899.496017007
"P00691",221767.46264585,36098.9011730361,3405112.01902541,6902633.20273862,1635901.22381336,1913562.93470882,884187.300109539,13192909.1237736,3534402.67165741,106685.07719632,317520.894573397,570972.792356972,361669.885697857,163946.127046535,1847463.92042177,4284753.63822334,188119.045830072,14251768.3351367,6400193.57115933,203466.091600651
"P00692",609881.720010285,45816.7996523708,14457991.1358385,11886255.1162532,3612010.3751056,1167856.80111607,99772517.815105,222956072.254889,12993015.5940328,76448.5508008265,20122076.2769093,637430.124215447,290874.585084084,101174.045148323,4216961.58871636,78511006.9843215,206932.428765923,2269902.26882836,70151859.0634674,220155.57212288
"P00693",149736.054817954,38795.5563919596,56317701.6980314,9775298.51965858,5967520.26283066,2353941.17861608,27375344.675706,69450629.4448636,6231776.94790754,88777.2846181386,2236382.47265874,596674.516248659,334500.369851544,118082.905860569,1419131.33676049,4639248.34227114,191512.600940846,2878080.27542122,34176950.8274178,197017.515378475
"P00694",50783.5293290412,97037.4299030426,70730.7828195556,969006.369242593,404795.760699294,66339.7660626469,1984297.37847698,1171087.1010976,875611.358861684,325404.444606871,54289.463676037,375405.757324644,432300.996048838,174196.057917308,11567.9701774637,175250.648522332,191047.627787609,369651.587158483,70559.518732455,112846.585851298
"P00695",13779.7220576215,88257.7863771684,312621.469835318,312506.566707239,718107.904566389,66971.5209662878,3183029.95510413,355550.76586177,931446.800960299,266762.885584955,258835.805808487,525552.679552405,460456.95080475,187718.304780463,147843.497198573,373252.956384508,186436.458045708,353765.872189978,184683.839824107,180540.200246568
"P00696",128825.567675251,83120.807357563,1790963.83711454,685699.673725899,1048148.26709945,590220.309623206,14907600.7437058,454295.108562819,763333.770412316,130285.483413606,364303.929567346,593253.584217153,462864.379073629,157974.95816041,3193680.802604,367663.765318261,189566.45815573,1169979.15028793,1955932.5615981,177839.106650279
"P00697",112775.409975505,60261.2610505186,235024.061974591,10090138.7283452,1681796.76561258,408074.100613226,2954300.31784944,3737062.00447639,6713660.75153956,207439.310132406,360179.042530597,547620.920218199,426624.164450343,135891.305546761,160205.202275042,1540370.31925658,206965.785027228,1198261.77209056,395041.757815802,164006.904135559
"P00698",10731.3609873874,112409.775893233,104640.500250939,409264.696493083,214423.67981029,33622.012821668,2065535.22142183,49691.021597376,396111.148968045,239077.418665947,13485.6338555598,428297.749219455,428764.889302362,207801.621220714,13737.1292888087,34042.9910170764,195041.413145455,231379.672698607,5752.50669445586,159440.175709541
"P00699",115731.265291522,83626.5318946945,21142386.2524493,16101186.4175633,2437201.42019532,162992.258898889,4146485.89319135,4617490.6308136,2586394.87151307,182163.591945051,1183285.49722498,471208.427210381,363932.332212536,139944.567837773,103730.700934904,2321718.18999598,203896.723676826,3110499.71276815,204003.838402549,218357.541056294
"P00700",238078.958693471,42453.261945765,13364789.0644489,5782680.67691408,5086983.19382628,1160630.25908908,27050683.8295657,3155139.5028066,5999520.84500756,104213.723967549,1174347.40054862,608854.517567376,362548.936099174,134698.398517631,487505.8200575,717779.668297447,200020.402773542,10438541.2939092,4573776.550722,251348.047668189
"P00701",99714.7512410091,67385.9299894947,6271347.30691792,1984551.63133689,835171.813290997,411864.23890759,10410543.8703382,8850094.77096568,6516245.07190779,190676.761935725,349810.83455831,536702.058051118,306166.759716472,105401.840440228,263878.849655571,404025.519550226,204521.420104507,938487.043080267,513030.86493479,275216.698402135
"P00702",539266.83594059,31896.6021492492,27075457.3977022,6722585.27672872,20398020.4610589,3478114.04062686,74894729.4286175,99739748.098834,12097202.0604449,43428.7134434513,2698515.85480367,572945.174717623,211164.813989958,114671.253993972,1378409.29911144,9678742.9787299,206386.590149464,14647825.9066445,216494399.157203,390050.634971449
"P00703",47601.4011962064,70785.7405896547,463937.857656972,22073078.5072048,7789922.85874502,1896058.80952563,11404927.1511634,17644363.6016449,2687088.32119351,142785.731211629,3255096.18677696,513643.413863518,287262.560606937,91819.2353424784,313734.912423045,686605.184569566,203050.963936648,2350399.60231617,2070666.06171525,198080.607346092
"P00704",79221.2653797685,37552.0738833514,8605860.24134993,1595092.11983962,4087327.83969154,1090755.59898919,20831930.6587082,29312443.8404421,5809032.75900378,71365.3382613901,495462.781749266,618141.5193932,232312.647531702,182023.100436531,7478496.76081751,6723637.54640743,206679.845988098,2611812.29404472,20679127.8127051,240811.47192981
"P00705",6680.02176252759,113225.454634277,3983.71686503914,379141.739965233,29539.7911129481,7831.87309752464,82128.378510438,30239.1243994944,205568.500268482,276850.605571622,5065.81564246999,324333.88181989,478218.922100121,220752.348132823,683.712324970002,3020.17028006856,140993.836273425,47761.9062016488,2160.43191698237,63168.5119923819
"P00706",884155.450400255,37931.8967561529,27211214.731541,2437802.10067461,3749224.75886485,2635457.87918662,23263027.1031415,15309726.2491434,3985233.70890244,89190.3455428416,13389944.3479095,629010.125553943,327980.606625697,88710.8577542387,8760950.55296108,8752290.35372092,204528.712492833,24208360.7838926,44263136.1552945,352776.439745464
"P00707",5685.78982371186,106297.669804458,143258.582302911,466007.097691042,107694.264832778,11604.0891481717,265859.871330831,158638.860890236,504728.090929912,325394.171099298,19575.7810118841,405751.859590756,477005.114856169,166185.997611974,9003.11480501376,16674.413312917,188838.51088027,258832.953961017,21021.5793454927,128290.194817863
"P00708",6569917.69109449,23176.7240439217,764493518.77175,747838617.858377,103723751.371257,10459247.4968038,118018849.022836,503064792.068726,152889344.473974,24581.2921077796,388659832.093616,648290.384916309,135500.682769528,69787.7301900079,42595246.476949,1192715594.84347,203189.554052133,69854583.7688764,855955198.758107,379946.71917774
"P00709",3752666.5398162,23240.1506028888,2919749688.25601,43041684.3264212,356946966.504359,41877342.6550411,839163837.441162,1069061238.91723,36577570.5036904,23185.8816646884,397803638.716179,718807.691649178,132579.486008969,76472.6639710202,178425642.129555,3907069989.27476,203705.549569226,311685433.359634,2489821612.84657,583710.523537127
"P00710",16823.0362889134,118317.106832321,380232.592182125,920621.030758051,488413.593163425,17738.8350207503,1409624.06389369,435148.549930564,1794061.17533619,324511.844637044,22851.6723284425,403032.29594658,478376.049937056,198751.389316248,8649.19966426418,43014.6305584149,186988.073751062,185141.95346633,37643.3162851071,135571.814910159
"P00711",259182.497455782,57907.3924883797,5037419.79247892,60725.1499924839,3056690.83558125,944297.168590501,13440927.3734914,1091951.42432842,2038591.06687577,131060.883864235,253800.230945877,571773.639465673,364240.147787031,210439.067454969,2039005.52077193,2490866.15904348,184406.102372073,4437070.5442873,6928429.65064947,211591.968077464
"P00712",8028.57340884451,117996.433289975,64980.6772456078,52405.0628366485,23555.9124643381,15700.5286010053,23760.3902979206,58717.8853256004,271026.690794503,324445.133897569,2096.22604597354,202124.951302922,479471.219316292,217198.205571649,3243.32806285105,45942.0171295742,168915.882997962,43425.3556618964,11174.6436056301,102221.391094077
"P00713",25739.2089604609,105999.402211165,2009082.56511941,448695.996858111,1551051.20998755,77853.9511432857,3507706.73585313,92400.2363805474,2730500.6881811,294700.050323026,332342.76552051,452061.203669292,448284.812774161,185919.871249543,225198.25375881,270669.870961822,202407.876121567,1329474.43494003,431088.945767536,191597.911395833
"P00714",33884.6592474646,73023.4280698599,794639.113406595,3689464.23518564,524299.445741635,194085.078936322,4949695.61895293,1893132.83417297,2747415.75390712,266384.112364328,637827.229127984,476907.004367397,440119.824457474,165262.478757689,183641.220500692,724638.708616771,186474.383727015,866441.508468268,338946.2262396,193678.149901782
"P00715",61359.6912630992,82696.8469208016,121984.578357404,1068113.00748063,737192.900234499,183879.073660191,1952264.60775735,328851.197997411,1041709.45516435,171047.274161431,122471.878965189,572607.661874702,419750.162590755,223125.666021339,434040.984420278,820858.857766551,176586.552641722,782150.963096049,713463.180187398,160193.472998544
"P00716",209043.441910135,57810.3620364219,5480137.54590241,6930064.38700575,1494217.30019441,567869.865366669,13822341.1983511,3848163.18217684,10610137.8134834,97666.0462801992,567654.536466886,610955.618083354,339578.095024019,152380.765365868,2009196.60447047,1509863.86824114,206792.66804565,7571538.24606255,6165480.18986159,259080.539126336
"P00717",43361.5536470595,94138.6427589136,1939234.14335414,2719986.5483883,1561740.7474968,205097.532605987,850373.685472924,2206121.39679721,1192365.45373034,113130.599350542,128649.702749955,463607.010670315,455712.253065004,112779.502945048,327821.018750887,55225.9303751284,201886.907367404,200713.000112653,581501.047476366,179814.084100672
"P00718",3849.62411510659,92013.7512912998,10074.143533787,286190.782185987,53168.8226580217,7986.80337637348,77799.1587319154,25046.2250477702,299068.837987115,324899.085244245,4356.11451977588,279432.081564159,478938.597315211,215810.490940361,1215.28414579212,9826.33371659448,113515.795865576,92250.213530093,1206.25758298773,110599.821517116
"P00719",156880.093112174,63505.3403303495,3562561.88224693,3569343.88277334,8444976.23608921,978937.47600763,13017780.3508943,6837344.04671947,1585983.30738614,94141.8669848897,2662387.97675132,613860.898021932,375226.082211497,174712.864375434,1262544.54103289,1428386.51232037,196889.984413336,3722260.84731217,1693828.43701779,191904.250805778
"P00720",3721.7486534573,114673.039465552,7397.13316537611,2114066.48255303,65162.1263911123,30596.0522770304,97365.790962422,14679.8340257018,1184397.87108732,299378.969324617,55223.5853257845,334403.971082962,428040.814100517,222907.987888279,1908.45948433961,38079.5897578362,126683.068720995,77509.4240217029,9074.85352847585,90986.7808373823
"P00721",19321.9927748689,103082.739331104,357243.398600608,907792.068755471,193978.178071042,23481.1613519358,353824.748748753,33180.5944488364,439348.833355773,313463.21631386,7456.81024127406,429917.332700177,472411.768910318,166447.279040949,6069.01469183107,65219.6498557832,166261.321465102,99134.4500523594,4190.06114195312,115878.927109149
"P00722",778052.151162912,48743.3428414151,17033070.5680374,8997109.2689975,7496295.87963809,1066796.5641221,14620277.4028191,13288270.1151386,6221566.79843964,77598.6042310263,2226153.25524753,620004.706150389,349152.85720237,131603.779536299,1756841.75920358,15102925.0012621,202392.709872442,9959216.27199038,15240271.0337882,231522.496815815
"P00723",10612.7694143603,116822.919391013,19699.3112157044,1836212.40012299,76987.707476681,21086.5591441261,185633.878857395,87652.4136971612,212939.055345997,296434.870105028,8704.75746776629,326690.994599933,468187.417850182,216662.267055313,1186.52954865616,2866.59525873521,139628.430997816,59123.9857935933,4412.81202061017,124092.708621238
"P00724",110353.913503355,76762.6093176113,2348658.59548461,4327698.33991195,13112191.1380207,180713.014616274,14566433.154873,5702640.48354609,1832415.82980887,132961.562834325,68703.4379273354,546065.868348238,384459.473903261,147637.310655623,137253.268075045,1334516.33482612,204544.4825588,1480104.18327038,3437701.00754595,209840.152934294
"P00725",541485.485250326,63388.4495049315,1008980514.4006,1728908.96657201,16154385.3666634,1325889.310247,217344875.535889,11584801.9208388,11629753.6365927,136804.502874888,92154524.4765938,615649.389661228,365309.319060596,147063.226965402,31972488.7161195,1255850.21449245,206817.75970538,16147415.2342534,79565545.4848228,223205.989457155
"P00726",7112.71683084616,118287.847511166,24662.8013854546,70513.297705243,36584.1340261408,7405.65052711071,141020.705886464,37477.8896960201,176519.445924269,286693.395324936,6511.37430842015,308133.939900883,413305.012697836,213874.818478192,2582.78160564617,3605.60716939228,157455.733904734,57129.7529009024,2354.73032428523,86602.6931828167
"P00727",32313.7226787061,57504.0978287925,534115.914803917,993268.347460936,270665.600363337,220014.462633155,4154146.13286427,1657807.8557431,1173355.16594132,193019.105110382,83978.481873875,526917.691192896,344167.635289282,149079.861436781,35675.4447167935,277263.737397269,202644.812222969,1274199.13324634,3693538.94692119,173048.838741237
"P00728",1039908.98883659,35649.2754237233,96968056.5451362,30616148.587711,6638452.07234624,1603883.87619171,50167033.0015864,12530902.5433091,8286989.69264885,68271.1746783463,12628469.1689126,607718.005196902,266598.535602537,99664.9001845977,1146905.62546924,2432357.85106436,204878.671630248,13103656.5828156,83051035.4608084,275736.247217677
"P00729",96638.012885662,63221.1745220484,1962139.18756953,4374135.58188591,779128.080496013,141623.815457766,2238678.44780471,3292754.29828444,1257503.84170532,236055.909302942,573920.557459508,540975.241625773,446284.63902288,176983.081046106,225880.833620632,120054.138225259,190942.639972931,1014185.14141244,2037400.31279048,213546.44170052
"P00730",86042.5150901465,73541.8963494713,4704917.18123847,33456135.4124084,2705466.8891569,155713.154598119,3678048.43659661,1580209.63534864,3564689.02152032,108101.471916138,1015882.83717653,469993.418640397,265553.947764396,168332.252217942,80402.4928311765,319720.440144949,197523.526857419,1264752.96164733,1015804.44230237,153830.536028139
"P00731",478201.495160628,41071.970062594,16104016.2528912,12082938.4292265,3310423.77071626,1039223.94187998,94415249.1897221,4829554.68167503,7541147.09183391,95142.1280858523,4624327.19302031,574579.68330078,343366.790591378,133142.530090386,2318090.44496111,1461802.50177924,203485.400424983,6088271.63930384,2513090.2819738,224871.234223008
"P00732",208377.745139565,86685.701700767,2961034.84306367,2656832.07402396,1885798.58716492,647432.519970331,7199763.81851322,5470716.27682551,1492108.61283655,103809.482250016,813799.045769583,489384.770278279,395081.300602188,152684.267916752,276839.774589645,351283.588487176,200134.666761673,1935109.929853,2219491.06142356,199591.225821321
"P00733",3849.9701978201,103979.130909286,78535.6476520538,859255.935074264,20058.9646177956,12136.2306462648,142452.453562038,43705.3618167895,807131.278909692,288359.250539412,43072.0387196126,228763.420022677,475612.619709079,220997.935116872,1668.35704635108,30141.1802629093,188142.103401818,30926.6589268538,74087.0539710114,135505.967452791
"P00734",44750.7539814715,105365.179847474,662192.417738222,1440024.18931897,605286.598954211,225389.042960619,714703.327346113,722164.854005944,1925211.63536336,197375.061359668,120964.872987781,519326.053471574,448980.72655293,179907.481450263,308290.339234425,538139.630551971,171429.143036388,594370.772464954,616215.488090793,198514.05173436
"P00735",29167.8384329696,108491.692336271,12505.5228868945,515451.675523796,101304.990287235,51776.3833605793,252337.088550594,97108.4812610593,796394.551111176,289929.014388363,17733.1904836957,408631.006612963,479421.393067465,170647.70554279,5438.11160952858,137598.095594425,148062.063719405,101636.263485781,261014.542285935,146685.996684867
"P00736",8432.45482514442,116425.423267287,14582.6781848323,677998.025821356,261586.124721307,24245.3231059929,94748.7719778239,167316.971803577,138611.548817988,304068.059895722,13743.5219928593,242854.821113645,469664.805776719,215421.262884222,7353.42133304399,145640.731070184,173947.262302406,136968.507953676,8940.6246019348,91740.9704009029
"P00737",35110.9052383429,92906.9560256865,615015.385280089,370518.219785796,394791.085829884,51682.8503632984,631842.803258029,693814.851580575,383367.759568483,317017.629083044,62158.4171295145,430095.495984797,469298.111555746,219938.622175995,63443.1942799883,127469.306413435,176265.633444868,305711.194078218,449974.718062632,105235.792361098
"P00738",64697.7316540605,62253.4514094531,1050995.94488181,6002523.97501261,942119.430034003,59118.4751892052,28141289.4550081,509475.247646168,2334700.95996633,168436.757018736,503080.855604039,529687.56239516,418917.607015204,186685.157171405,218552.835986468,2536508.66742005,199873.387836353,2052585.16630649,557640.016363266,254111.779389525
"P00739",24639.0899476018,81202.935179631,178953.588650319,133137.624000326,251481.542959525,175596.377544692,259726.685666272,876690.349120967,736909.757245403,171571.043047826,26729.445469385,528202.984016567,475059.36636772,204302.45448023,194504.081995761,312753.435303873,161502.470073139,784284.009408769,338212.126892342,70047.1992697129
"P00740",18565.3902095967,118248.174733741,8795.55871938044,345306.896038797,19052.1309736595,10487.3827096058,98437.8556361963,25235.022547562,256419.25089639,325345.824260641,17394.4345877844,281460.520197038,477172.175758458,159104.614490194,4986.21762272185,19036.8432324818,136492.958142091,27087.7515261653,13299.5529392146,113021.80459458
"P00741",27585.1645768812,98632.950009446,583932.155921177,277671.084469052,149484.003778706,71601.5057291825,758140.194400924,690482.436709364,342419.262837941,286813.794224589,45366.7184109489,405704.930779232,463303.207456573,217296.913318844,82199.6598954612,74684.9690089447,159789.983125164,1302240.91982819,33265.4022107459,124696.881606909
"P00742",225456.824698102,53307.2436665691,41863930.4600664,3335634.85902534,2501021.72535181,604615.179218122,15940560.711768,18541803.3325115,10879930.7781146,97261.0073772602,6453199.58558464,594410.604280613,231073.979115679,128264.830206142,318166.748131881,1996210.24011984,205527.44573504,4373290.95729337,1598927.79521934,233060.110142437
"P00743",191705.326194832,69123.1492449541,6862977.38947883,1832622.86265284,2646189.63273964,453131.097339959,28290465.3508404,85041210.2805558,2992175.50896578,116587.928177703,549346.728912846,559695.924494961,323966.902639523,175620.644622939,617724.092136152,423787.993368331,206685.75581208,6042741.52474499,21855613.6225114,240339.249367562
"P00744",100210.54351219,74461.6296943649,2487556.74882853,3298586.98616817,1402670.55415565,231513.695406651,3501854.68343313,2530083.30482168,4882910.76882933,129107.828677707,3932658.50838543,602785.226063342,355882.576997833,131834.297802127,579162.731067479,2999914.08199369,187913.316666746,2723451.3464716,5614063.06302295,181752.034881694
"P00745",53086.2471183952,101657.779189516,476687.400521089,228326.041122775,445396.112975676,73675.712959213,299040.210007361,37410.7944688822,1730899.02089262,238051.848695794,59995.0049986491,399272.569825113,479012.684791998,217094.995365579,25089.8825620225,166973.265334731,182888.726832424,194187.257802831,36320.8693405342,115138.058547876
"P00746",790834.197555175,63845.0748515175,5903146.34155087,26798994.8666025,3778295.14256166,538544.973138007,2704786.13654233,1557115.19356256,9655680.91620441,93144.8144747473,714661.328538649,584720.108439271,290348.338177375,90448.5589009402,41511.2668086659,6668238.62505448,206004.480325097,1722711.02461855,1371276.78577214,180953.132343289
"P00747",6659.4771873295,112365.214772148,25743.3159639266,895990.518734935,129759.959402084,63500.0568591175,148779.725478236,560331.759471937,726914.696087671,260650.262998178,20004.7572936025,317467.096304779,477585.513887077,183229.966981574,27308.5651945441,28559.008566969,166295.026115318,291964.351765934,33916.4196727437,88375.2182006237
"P00748",334078.790052809,55494.0642364898,2535994.28776327,12701144.614318,4805412.10786909,522534.249233468,48994137.2047646,7125425.90105008,1726746.37362231,114186.794278646,720661.25160399,577908.850593988,296460.111652787,105380.675154936,452210.941000182,3023791.34017552,206240.0406625,3173575.56410104,6160690.22298349,211103.546052603
"P00749",67565.0004794036,86070.5993269945,16639367.1813649,2828274.9069203,1413265.08205836,78758.2936562035,29884774.6367776,57449.7094920333,5030144.95007773,191795.27276157,702704.157943043,482447.548357963,331454.719564529,178507.332282141,37143.3938982853,53680.4825956823,202120.749259177,197435.043845272,766442.297036539,180307.046640407
"P00750",49602.9245580374,72984.1788472152,172054.752613535,198258.834754637,452506.605844031,206547.568738385,10712568.330996,1667696.01746862,521905.425362634,141866.761417627,342628.897149926,563882.555063937,427154.984107507,222097.711283373,712244.739559699,354625.860232597,202867.977338902,959464.455758733,2962367.37660027,189764.047411517
"P00751",42842.940242731,98018.9136143291,116693.162156968,6777332.85868459,341805.213792637,145620.166835632,4527915.87028091,662213.713065525,1049655.57578654,221645.488390298,160700.540605588,424920.576201325,397673.755164102,158876.994670203,21135.214788936,53543.1944643913,196764.919691541,1822076.62787633,223192.953504117,171500.246433364
"P00752",139003.382280177,94826.9839882164,3801824.77563439,47541402.340409,1066261.0298762,230008.147158423,7466634.39753307,10782585.0995153,1737471.93702144,199432.920916993,3003972.42269062,507848.134942569,285358.515357507,119594.462339041,131016.160475071,696604.263057367,203573.758675897,544997.538643476,1404533.23746457,246322.107648871
"P00753",24655.4599112544,116650.667402425,168933.06828927,500623.039521854,351191.399684726,31396.5305643151,1247753.06030159,639599.834323211,1083343.79106599,231396.595924874,7072.1742441739,443599.949998021,371828.802876915,222789.516933036,29699.0887721822,226643.981847701,177402.507329544,1274723.58288971,249858.056933994,138584.404072307
"P00754",796704.367358827,30805.0417671265,691899950.639277,195215147.409122,53059595.9435444,3304451.02083212,365689067.207396,341151808.383032,13590603.9958364,40855.3481699206,20647893.0411819,630795.36087036,190316.411980071,76305.2730761125,36931494.17229,13653751.9425442,206868.635019913,22301813.2143609,366885978.27447,276958.111080409
"P00755",324243.919767552,53913.6196829273,17828006.6767662,11053117.4612727,6104734.67345861,347996.206316979,4025045.17120722,86795705.8672978,1665597.60894616,99181.2847809648,1635280.72862565,565917.226409128,321438.26296132,142111.561640717,335473.962400414,2288966.17287967,205080.026291348,2594981.01101978,2236483.48201343,302325.999643651
"P00756",1335408.06489479,40197.825203501,10454596.226258,10536987.0216645,25561392.9453462,1629755.19603782,33030179.4751416,14071826.8279833,7911256.77536394,68361.7428759011,11142508.2070563,608383.506378725,360450.520118651,132785.382779243,10601449.5744185,13163053.5523236,206816.699690289,34005258.2141134,42519105.3018071,277951.280014777
"P00757",296176.926374295,49113.3252629371,248308716.827916,7634044.33534702,8913165.13696378,2635569.83066955,57215254.0450419,12811053.0151244,11761921.2679485,68592.8850091424,15039260.7466422,622342.003314294,361002.866339096,109887.316882736,1797363.88760599,23053730.8184006,206884.339784826,16471407.7955029,76462484.9379248,280661.727338626
"P00758",527556.350708338,33598.5717872593,19669142.9463307,15763836.0936314,7199587.23790884,1227560.46336528,97921567.8264078,96989383.6994127,7170056.85573993,122196.123350321,1453677.76409623,597224.155644846,316354.540209139,89567.2688279179,1848234.7055068,24849963.8545606,206883.337106899,9718661.1834484,9331022.62873217,246823.974975733
"P00759",358709.058009346,68625.8077795812,13961894.3362366,24148064.1730454,16042830.8161276,310038.127141559,8227667.39669557,7626269.98463781,4598735.54173986,126222.955280391,5027261.44576888,588119.927146498,326057.388327563,86709.923714468,107542.56670232,7006807.38254936,206909.603499527,3367660.1771639,489439.561379304,218857.303581048
"P00760",10574.6573927611,59033.8349440335,5701.72806551623,3089180.58821383,92935.6262334153,621950.086884071,310451.13948607,1562400.39484647,508972.566908502,158725.020059897,1539.60877251435,594356.774855633,464848.371066378,188061.288984535,15013.8312239212,2287902.66026408,144920.666297681,1164710.94504349,24561.4709738845,212512.298146006
"P00761",1087723.92085696,34466.1884751888,58825424.2660323,13185604.5261334,10294271.4296925,2405982.92418489,112178685.028654,54386838.2551167,6193515.77947344,65395.2512616197,27177912.7593838,616482.999394711,346085.312354553,88132.6837313272,2676707.29446054,7006781.79349181,206984.513535125,8775532.06314662,55125084.6652119,229589.981439501
"P00762",42407.2959084533,93056.1063162932,12472.0192331122,2578080.74726498,316921.265529811,23768.7840978671,662045.152570474,166305.789168712,362070.304336688,265339.497740981,25514.2060706417,471808.227371348,407914.724273126,208936.58733522,7634.65008075811,50598.0835038602,190118.325422517,116459.147220597,25991.6147301495,163798.381901336
"P00763",66053.583227683,64886.6861576149,975958.964119973,399309.123736062,762102.320880068,103292.630247723,6825870.57313651,996158.919589687,679374.851345012,191313.399685587,1183655.78577746,507378.283235589,456347.930002826,158675.05805288,86911.8416224407,112105.912032836,181653.472980638,447454.052740041,1073689.35298204,162333.002045917
"P00764",153737.051206964,66399.5630598625,24712484.2698884,3434659.31145908,8942436.15812031,724628.747000158,48536448.3887571,10032316.445363,4977952.56165507,60140.2359677467,2630933.03662808,596424.428020467,450177.558522649,139339.548021425,1911453.45788319,2006442.98845884,196030.52646019,3664806.52897939,20832169.2757235,216309.797132624
"P00765",14366.2943004328,106436.787765291,117340.679789595,1326465.75219189,125595.461291737,17675.5395506016,738509.240056562,118849.306679347,280742.538605695,325202.384919329,54545.6550409793,152364.431468509,474775.209423503,222955.703959748,6352.50743021299,82303.6253310542,168372.829636479,92520.2334086619,15526.5419263778,100887.166327383
"P00766",72652.9285007673,79512.6075693499,3202123.20439621,2766906.15493137,2844221.05225551,201144.611884883,24807032.7558872,952420.220399908,3794700.84466377,203933.369069567,295554.928522056,574628.028902551,457103.423807832,152054.608801451,801120.06262717,338438.398280536,202014.592925946,5731655.80279137,1107083.21152074,226155.332147275
"P00767",567230.00062151,35922.0296636451,177603841.849506,2989102.88115726,7053420.58481915,541867.001835014,17891973.898881,130300520.942879,3126643.86155587,51452.4456788297,4169223.59990339,623315.550674299,330946.266588433,163630.79522146,7691564.86826551,7811822.63511415,205698.069209652,7714381.19818963,30686697.1561025,203748.245306695
"P00768",7704.27880779864,117232.258596214,16732.6094545968,400360.317520231,76795.7992160812,47486.8276877089,80373.0414632614,203828.078702034,166065.966995355,309980.791261416,10132.9743115594,361508.778747024,475200.152515607,221904.635167216,2587.93870546715,24717.5450346998,155347.374214384,222571.009041275,13197.2574426318,109527.698933439
"P00769",20912.1248109133,92116.6774028188,163400.431935432,1399335.33560089,161712.720927883,116970.129366214,1245279.4835615,86216.4058973607,482947.416458964,229033.174921484,34667.9149532829,543385.304216427,459667.299646436,179496.114147354,148570.727266988,66603.5421163799,186281.268508318,473769.475402498,90533.2965707813,136895.032134666
"P00770",9599.96276902583,118169.846248732,170339.023210594,878029.625263017,88228.0870601593,17993.607524039,279187.492233214,130067.585066726,294523.704595752,317386.068542921,6849.71831736583,385938.570006867,479615.578266469,213242.241232558,7815.30255433237,69144.0821981751,160817.3935959,146656.617773152,27551.8769315047,100713.026460589
"P00771",122222.503293122,60149.8909479855,1647144.04547785,4558635.82977356,2260230.76986148,267843.935707051,6627843.88602895,36519391.1208921,442258.94599957,83468.8962412412,2186846.48501053,538310.776100262,395644.841935065,123234.448758,79790.5786394003,6754998.89754993,206808.313287315,3800416.88837556,3145313.41630436,211727.099436052
"P00772",16347.8151779748,118251.065908452,2946.3690818629,1027277.01099858,73232.9896859583,29100.9653213606,118129.509154131,71735.4710694839,544349.778260241,325495.041622866,6527.24316950028,383286.957504116,464698.066017856,218944.299393668,1760.58229270452,14558.977351506,153585.128298931,87913.0177268405,4041.36168188634,104811.483867543
"P00773",1927068.78729451,64037.4391248938,355015608.265108,4525767.91575329,9841842.62479759,204821.459434483,55713525.5033908,1180828.77233993,11550613.8579,124874.771893928,4998039.22499882,613468.039829083,219453.856208535,183077.843708736,27465421.4183246,804132.376231516,204610.774272691,969542.866043041,79665877.6815537,206837.525671663
"P00774",13857.6689703183,118098.309626688,15881.8024758191,440541.156761074,299204.319807744,9257.47150215535,144916.632814631,71405.5367804565,965698.202803549,322770.590137225,8253.42775991387,290515.536928008,437713.025717549,216103.196533735,25661.7600977494,13821.4853270023,134949.971619624,122118.924735293,11214.2790991273,110685.546506299
"P00775",76409.891537222,81791.6815883129,9020031.25715913,7645770.08538763,4381561.52195124,1097843.20175797,45784883.8617594,4261049.67293524,3386230.75493555,210520.032350115,927115.18853552,588905.699825108,425798.371364878,160718.360115352,568757.395831567,1421600.58783478,197640.93473978,6110632.78722147,26164717.2695711,221137.268904844
"P00776",69553.6837697357,93449.3139184144,1218488.21730992,10630909.0688337,137351.910070601,28202.3156837457,8493075.82155399,8687333.6420962,6279868.40122897,205098.52940827,852225.972223775,471400.403794322,461396.485945946,168952.587231994,24276.4960529287,224241.094209392,187986.799349347,565540.777162813,851782.206729549,168556.53831874
"P00777",125341.116481088,70356.0775892399,37452322.5879384,387051.750961109,1233071.56570249,1466357.30400216,23957507.3831837,3987104.95905315,6970060.88103458,88219.0568162054,7446833.48955833,611162.560686063,275082.30382442,176280.570292354,9880667.04038134,9592047.6701716,203101.770838484,5672533.73988967,73166041.0581553,180598.498118036
"P00778",193986.994400661,40411.8729176618,15601836.2034514,5222648.95905695,13853682.5805405,405918.96563184,8691845.80132132,6727533.94763448,3669378.91757395,192705.740134596,724590.836229852,578924.16699702,360392.317269986,156006.384176631,600518.626606729,645193.057283644,206023.628350904,511004.159528064,4065810.79112695,212095.833002009
"P00779",68560.893408591,71362.0638052985,801868.581847837,4849217.25920081,1379083.61652427,105333.157596602,10807856.3321124,11589988.9387223,1732962.16099006,183497.882073725,201758.017017498,489240.603005497,378959.885421702,196506.864876977,42674.421040942,1183881.72463061,201513.639413671,592568.108670445,766796.433680623,161585.201888982
"P00780",115804.910617738,85029.4337135051,1082952.7623129,30968592.8204708,1037699.04777251,304680.802950839,1500618.81499539,16824062.4636254,2802878.32621316,111756.002852609,208827.036864827,584634.628203446,291243.690988961,157018.423855413,177906.71310797,2910832.08458316,203952.502263448,5550563.43839529,1364602.18039323,220397.646056202
"P00781",8422.57344652187,110703.175522821,2479.40205584228,664989.407303429,31049.2234877043,5040.98550993,300327.833396163,29744.3555563554,255879.293898173,280370.728437091,5933.71027589735,250346.058901801,475518.705619389,219664.711967415,1591.13215319072,2798.14195268064,120402.398994506,20834.713241375,5063.63644942065,123648.149410581
"P00782",15922.8954582968,94403.0936445045,19918.4295643657,386516.200956711,110795.180783094,56924.9102856634,306848.323993584,85059.7573222731,1579690.39585528,305308.922513789,23451.050056183,390530.504649103,478707.657355783,195522.808472735,35606.3237443128,68554.6603419588,192311.256161425,240041.544150678,54845.6679561344,145778.63186187
"P00783",38256.9782151817,94702.7248047813,38930151.121001,759172.126184951,1188991.07376978,347321.728329344,1245290.02841239,229932.629225345,1113255.44542503,163996.309058589,732152.234022855,565145.63062081,397743.143246276,210963.573482076,404847.722872022,178603.140353955,156527.891428443,1123031.08501588,1092457.38670755,190659.192510795
"P00784",19411.8684275403,113716.806480884,155456.804850745,1705357.29988943,202398.252466277,21014.144304545,140403.032102405,48780.5895448679,653688.6335141,322720.395859136,45556.5288728897,340583.691480055,476513.327478875,179833.39898127,2843.41849249611,103429.45845184,175018.682089236,62973.1192058798,47253.9616112672,117573.171856302
"P00785",17530.2678825546,103840.283878983,36727.0234580056,344137.603572278,137807.536162552,32349.0510691898,581791.331427057,311516.277873817,615499.611117998,211700.360289585,30702.1621299178,418311.038505449,460429.625873795,208776.878249459,12917.0069396238,43595.6395425183,156676.078083255,283131.329033886,147917.914581909,121309.02877758
"P00786",3848.21313446104,117183.378727015,18026.4484775757,325116.934655293,125703.727194837,14228.9004303833,431646.764000551,17815.6877356171,151647.150656613,323521.645836401,6092.02670621809,226400.273941244,471013.557181434,204137.478687527,3043.80684093178,9929.94162282447,95949.4105522006,25065.5040753718,9064.98941068418,80386.2402208805
"P00787",168026.489820643,58948.1582056741,9348156.37623042,17336689.6270623,1482958.87944643,1057077.28170827,30478521.4390189,1905360.24117833,1101798.2221223,137177.753162811,3653447.31580298,576582.168600581,334900.154569441,154073.915870368,221382.67190048,625783.632152909,206935.419028461,3279377.24201274,1061512.22915428,246041.282093639
"P00788",422683.702463526,53017.1084738802,20666290.8833443,84201785.6886863,5668399.35448899,1272008.35145613,7929038.21606383,14675690.9000044,12485091.6335264,119446.939008454,1509962.31809876,571447.947949062,223192.533171783,113688.01309717,865966.136054165,80949329.121679,206761.522271685,4800264.19911516,5431876.7302202,283388.722475233
"P00789",288490.989636324,42978.1476783876,7171204.25359666,17777575.3496003,25866147.099628,485426.923717726,14261644.1143919,30877721.5266371,3956579.1064481,103103.78254088,376072.62682054,558503.620538064,279720.152635564,131663.588763145,189402.417053229,5587961.10928065,205944.463012793,836411.902955177,3854693.85682981,276467.279454256
"P00790",19892.8626459547,114324.795245808,18401.6444237143,534803.922325105,168360.631975608,105782.803300959,176562.203115272,58773.4153675538,317978.008634825,238816.177309441,154484.079569313,353230.875774954,468715.511998905,223118.197437321,54198.2904990755,63066.3037516287,123959.268455906,239858.592919125,116005.816493942,121768.190662575
"P00791",48467.1514205959,66675.3166531283,609145.079776798,9422454.1683075,775340.567449997,51177.8649537613,18326327.991746,640026.508521175,2049612.58093364,222013.679547834,2073016.78239085,497364.318584011,422827.255282625,140902.581257791,89158.7058392336,14868725.2142491,206695.045145429,737148.124020125,1914742.31574663,193297.822112998
"P00792",18686.6142030708,113000.255778261,97074.6010339618,1306650.5710611,140147.067248553,219306.27761425,305500.65459509,169602.696138759,1088435.23171422,303881.334259417,105516.249333961,571464.937540575,479454.013600336,197614.008500061,106730.587721605,1325599.19384444,185794.385243412,618287.886444736,114053.097733587,152560.804467839
"P00793",186175.71612045,66902.1493912229,29165448.3216304,20941506.5388886,7850053.3025406,628191.497750786,35392474.7184375,10562763.0021186,8018616.51535655,90503.030769754,4407513.23870026,585876.727542116,330737.256192007,118951.937723539,864896.013533129,11686015.5537886,202964.993532074,3544864.15604088,943219.235114382,226421.65514889
"P00794",32606.7009441915,109764.584679766,100496.116547048,56333.2975362987,107686.757177184,78555.5775514443,197984.995763235,292565.117303416,817934.38198235,303180.536830417,34552.596291523,451361.848364116,465722.506882206,222238.873090225,182958.120415153,312588.491116162,142534.420443294,288796.916028845,199848.05393465,111355.620881937
"P00795",20750.486659387,87420.4869500602,628168.996018496,101016.183672169,133927.99320108,144662.594376695,561971.24564326,211021.498558436,1964524.92854513,171461.558186474,68579.7367842599,509760.832296616,456378.546901048,219353.693015931,268417.895524919,621465.218108996,165157.108824711,708726.732138223,187872.277789957,129081.051571075
"P00796",34337.0347593719,99273.9059689819,139178.579744325,8985471.66262918,204187.147037567,40269.4018739097,325186.419288973,2687234.70959436,1306387.56458005,279824.825329912,284387.4363415,337876.532739536,467855.429522999,212602.339307313,30100.7712209445,126605.17062093,194280.734750085,856911.811893098,74555.5753526337,176372.498520527
"P00797",19936.3580803707,113240.056028915,60969.7035359355,7162675.87898385,343568.805872519,53880.1093819719,984202.69972485,520866.917710163,750215.864449679,281619.178132013,79927.817965367,272764.080222027,460554.546441524,217995.818622204,9713.32861279829,315922.454795849,191792.732333529,231313.792910118,74225.3571651874,121475.926156516
"P00798",23108.727110567,112750.734949125,14930.0336123604,242630.7710253,251622.59948662,69299.9943903233,1258187.10865641,231899.280909027,189819.109550628,267587.54446209,17047.1351549097,418326.534430826,478474.021993656,223092.190269983,16076.8177266694,26646.8699550276,100968.519916708,382911.509135564,688500.068851516,139003.988086119
"P00799",128698.830186862,65186.1824829145,5696300.87002181,59487671.8732907,1604073.88420553,1582899.05035495,5350503.50592516,16302746.9614893,10835990.5351886,114290.945064334,496505.128098945,594157.906659719,282624.725225331,136563.588708586,382270.856044032,14874335.5757411,206636.405803081,14889973.3320833,4340197.47155811,213441.541722392
"P00800",17837.8563333097,115090.499002681,26743.9235702189,187901.795504093,69754.4617751521,23359.0056284672,190597.37150495,36228.8404033387,259866.720425136,325605.180241311,41908.5708522063,370062.341128479,469704.351336594,220362.772332207,13276.337363292,8608.30017389624,179921.274175586,130299.794328516,16191.8290467222,108428.893742154
"P00801",270572.34763221,52187.7160289699,5475648.58260079,8709756.1738944,4438598.61210509,991718.241077219,15959865.6338922,14612149.3132835,4600950.46942765,146055.727230147,922549.855033065,609954.101686041,399458.164846712,89035.1774917018,159152.164874361,3224265.17427208,206306.051130735,952922.888517041,1423937.79576012,293304.028065573
"P00802",2041023.97991145,31237.2469566623,846092554.367004,268240232.474363,16886869.5764824,2908427.93626455,1245640613.32374,120638830.369607,58483817.7636342,72059.3143154554,27819680.5379885,672487.223779784,235285.774868277,109580.122647236,37614211.0018447,300544479.998382,203386.054866141,26424966.6851182,201321132.935728,356459.452855901
"P00803",17951.1129216119,118201.205215439,210219.391418212,3134513.91173591,178131.435134347,31138.9007868234,185967.568847756,49616.6935104416,427153.183660265,308150.486010543,34504.9452939249,355580.781143582,479531.175612553,184579.120931125,14221.3211983115,45782.6985776702,153651.122507574,636081.172573015,24547.318619521,131013.119590337
"P00804",45927.372608838,79988.2327575481,1260778.16056877,2247249.95703453,898471.050947961,119427.124864542,726260.653670241,2104093.47599859,1662612.94907118,261035.098856347,81007.1720568972,485122.673933574,470821.530728599,176924.9021196,133823.689780308,90387.3868154708,197028.778269182,290567.76715954,223325.464678815,190669.660513694
"P00805",258234.36243457,71190.4077628644,3169198.28795854,16199071.6137155,1011134.23854603,2001552.25455246,7782438.31896961,18114874.8357558,3023333.30804349,113984.148986295,822858.276095181,583370.415682939,373897.635251963,177130.129151528,572727.471536009,804161.790772026,205347.867091806,2434765.00342748,1885920.01702877,231626.786780476
"P00806",72266.5372601446,83505.8709621017,530976.907845673,1511220.95234903,316652.686549387,211563.363468206,1535444.08948237,469673.932169933,2249784.28559657,236455.296020804,102699.784966316,540007.579709608,331813.697249124,170085.188910405,26254.3438443213,254476.683874366,197230.306240948,1345766.47955933,1163067.14514296,162724.189359657
"P00807",4891328.761025,24550.5645147579,1118840002.85546,958593697.317883,218848266.359112,9966969.93816001,1303256024.29601,2095500753.664,80290153.2889908,25356.1880140347,55493584.4208574,785257.169664666,137663.684645219,58582.7899438864,11470506.2951241,1538814375.51662,203234.019269391,117981817.692864,5994746228.07091,488848.945102243
"P00808",112460.280250286,53330.8100764233,16303681.5870765,2097569.61794689,2000473.34968479,671777.099606705,853843.405248445,1692579.79685641,982095.210711448,127576.279969673,372837.250252604,548669.746599987,370209.700809593,147140.347331394,581163.191304908,1919319.57422132,201720.756958806,1867080.63687123,4096221.41188045,199840.92613721
"P00809",8200.66676693999,93196.706214006,8815.70514495465,4481120.6170962,37756.1600181317,259273.230159802,29995.2973860339,4102104.75449079,122080.134562418,202726.482088985,3359.6945922413,552381.976520735,475245.831080139,161908.988473343,5718.14825364812,1329852.86144665,139642.035317286,531467.86235452,7230.828039065,181867.016576137
"P00810",29060.298335173,104218.355052087,1494573.60730473,31104431.1287447,448498.377773642,25088.335778089,843889.258024855,8698793.5218443,1632800.36194376,232424.326258755,485511.744948627,439674.771029653,320463.988982134,132689.633698609,10469.8318300673,1155371.10290745,206095.610011005,163098.981368031,135563.292523361,199781.401962791
"P00811",113181.210759971,74449.1644150173,1413571.75531331,1359657.50709409,793790.031902816,203094.214029082,2791869.29662792,361534.560509948,1117575.80181742,97300.9505404965,312195.791187098,504929.953692787,418339.17829791,158250.708643167,30506.376162293,1475331.05370159,195967.198333443,799944.188353551,3065884.27800373,204176.327400813
"P00812",66192.2001849295,80192.7662724497,4501119.40362539,19688212.7613214,1061015.88738335,45024.3811735852,3960861.87894425,273361.792768087,1626822.81040822,221974.778137845,689141.949220521,451682.354584574,312971.097742927,166534.975045441,31508.6728010244,899030.414361806,206583.981989108,417005.977857519,130243.658162105,197575.550802288
"P00813",2919.39572424795,117919.611092772,3086.5253567728,189881.389310575,9020.8105727012,2489.42948397347,58688.9784611032,17111.429198847,104470.883350858,249328.887462721,2479.34573567275,150037.496100697,412039.157042648,221728.374691771,879.561166827367,12433.0164438564,114569.832634331,16006.4869879574,1012.08421162709,58703.3300933688
"P00814",16534.6860860787,109631.650898847,153909.001569389,275918.236434998,121573.849848062,81224.163864847,742442.684462294,581050.479028533,531437.098876442,320739.199074131,50151.2463924879,397112.355451156,479604.267499722,184276.781465257,9056.45311803845,17751.6674619446,171251.200543635,76741.5125910404,30477.53775362,85996.406901832
"P00815",6347812.31783881,23854.324701181,37865710713.2483,6359498933.82369,1853697254.02244,21810326.4983884,6002392910.10534,843611675.029999,144196203.866209,21576.2681935507,890910468.101708,667394.635757871,110747.767507106,58574.8492274493,44297650.7183805,8652317992.38296,207694.737272179,464808816.963934,1313049082.73804,886863.253538115
"P00816",45073.907277509,62831.7578467037,15238247.4184101,366030.45045347,3643239.94918232,46895.7839045326,9053624.8720394,1930436.21146626,1170792.48312274,115697.41688804,2924305.46739545,510585.907244113,360369.3824013,193635.674056495,184086.542564379,3758372.88660238,206949.38881827,2074815.19194738,1060830.8293253,218686.54336315
"P00817",62086.4252947998,76650.7347949038,67968.1140655221,28198948.984723,386635.396660883,46246.5543248627,16826803.5400874,515940.739346763,1656877.04984175,215867.646828085,1779108.3677371,447193.655034092,456377.179083435,125935.571300743,18974.2930034022,1207482.50854618,201092.124282898,221511.015949123,95471.7979710354,180351.383911069
"P00818",79210.53722815,86084.3075753393,559041.749773169,3587785.84972292,289004.912206377,169818.591387168,15717012.2288589,2346534.5626466,1819197.69416344,183272.774912843,956172.460769921,511054.62513923,249611.900416203,180632.976647039,137722.069128557,3443893.75906393,201159.212899959,1491735.44180916,1533631.48823195,209969.495652145
"P00819",149131.918102552,61735.0524689644,10127971.0637354,395293.7310141,6872278.54217667,269310.744439693,6450917.27697958,2355031.09560906,3819119.91502704,121702.314177379,176825.067791292,567613.478216624,317215.497548586,150574.763475123,626270.733486707,3992901.59130612,203975.178237828,3162696.30124045,2393458.7815462,206952.956984311
"P00820",72302.2286157136,55817.8804174162,841643.492516709,6794792.9401054,1509701.57644466,495416.993730318,1800955.43215399,8713039.1652537,2452228.04103272,145013.94048629,256992.032586585,586631.345631696,287866.78891118,132317.66052615,53335.2184934096,1315842.30732214,206220.383204338,903731.405883797,2847359.2750179,156813.09376782
"P00821",3018913.31496964,34026.1015248147,946118063.173433,13707738.3261655,23132390.9078826,4697437.66641645,178131813.628108,65065627.8540432,15338877.0586072,59671.2282412603,9838240.17097787,630703.804755223,209199.098621402,94271.1642009596,16100182.4761954,29021965.6130746,206984.855012766,6461690.8744393,70144035.7841476,347577.814007279
"P00822",247716.124568043,43733.5069287049,47875554.835078,12370695.3598002,16828867.8229412,666638.554112791,4677031.99258508,1016215.11103802,8942796.48238719,135216.7914476,15713346.5496728,586303.183665506,311284.078636306,183439.290576287,719304.13678089,1676848.30397109,202710.998934089,6423260.34016075,181979085.983971,288249.68561066
"P00823",61671.1625058879,113069.883510557,1320595.77273608,1304617.23282618,386097.996433359,124961.011414379,212044.124028208,174148.298945241,819130.826832294,282247.716043639,38649.5621501194,478368.461714087,462260.251059676,220508.925155401,20966.5188995035,691515.773471492,176100.44097156,793030.437043367,3315037.48310042,139490.240146679
"P00824",84928.5310364036,116565.594735633,2185650.72757145,285109.110547685,219371.426378105,224923.458166682,1506367.97124101,223154.007868918,660604.063101627,166642.521020355,263906.440614665,538826.465976955,477736.895083576,218571.367985586,49482.1096239457,85119.1434113595,188043.098233602,686531.263785524,255892.616181508,153213.448112211
"P00825",49335.2590955653,64240.2315481384,130461.637162749,4983347.39484459,59487.9481740483,823685.230844767,1904107.40516589,8352762.16964077,1297804.47318609,52743.2313696207,46390.7305472768,591855.379335581,479141.140246273,123144.161951245,69450.8858412936,4184653.85431988,177989.135119749,3103561.31268619,298501.063238482,201561.731026576
"P00826",20480.5994473858,87373.765580172,1442226.53120665,239876.201835998,219971.101151485,147374.086662135,1414479.09191595,550109.066202497,1182417.58397443,258573.275379935,499986.301107807,477781.060135077,479650.416965647,223090.195655284,68925.4952457578,63028.2584430773,193491.618103276,1114730.41363683,228985.69635296,163306.849485726
"P00827",70600.470394172,62078.8077268562,1995984.60524392,1242680.44008413,1403706.29198839,493136.961893611,1935250.9569917,1144803.93627966,1514067.27487009,55882.7862404234,48932.0711580984,601459.007676456,467964.790500247,176988.683076599,696963.920714747,151515.920600539,180492.392855232,2595475.5640845,24217675.9949748,173400.642609656
"P00828",51231.2665474542,111526.838777672,489507.142956599,699124.325189093,193448.118154922,42336.5338666343,1772758.74170538,672031.244110906,658977.041225291,289142.230383282,135365.644378926,569273.817685493,458878.464452158,195364.323140498,176007.115693896,450075.608031495,197495.284626993,1049820.19036332,370340.400067849,168537.332508433
"P00829",36266.3259603424,87836.6287035012,225762.577694876,1334398.90850725,187909.49762436,114320.365818655,4361212.55346053,444060.336849557,593316.285675877,220530.168007075,146274.845705682,556367.222808713,432489.137422038,161239.935237023,97562.2590243211,152810.614363526,185182.845085683,325529.585246346,1124752.6290888,201038.568093227
"P00830",51304.8157700311,88877.6634566268,382836.626215738,631817.987405361,511887.85177683,127341.950628134,1215892.15735748,1246044.76064498,731618.803296679,187370.156845411,99099.5941247504,533033.945291182,470782.974703494,202078.991679958,196070.720952297,5248649.65240607,155003.885060626,423196.714971447,197101.209520724,138330.157448416
"P00831",66631.6971749559,102572.905586627,561520.900293938,8617545.52714592,491423.565243996,52943.9113268209,3380082.50620085,268372.882052512,4491583.11522806,315843.642140005,135021.149743987,455669.128170739,348242.800020129,179605.611303187,38577.8305656386,126856.397615674,204678.036867121,1183570.30250674,366008.602791863,234420.890446453
"P00832",5537.62796722531,85902.759604526,4285.47550701454,230080.360967637,36717.6185336981,10704.0227784466,26819.6089994934,80225.0251761153,93963.4479015387,308569.971765417,19485.8976650291,235121.279873006,467137.24489676,215453.854262676,8612.04632361986,34654.8863060788,148617.058581544,54055.3058506301,57254.9590836402,118507.806423537
"P00833",10235.1031436461,114252.84085412,21045.3485433554,444887.106919859,165069.226603587,17324.3873403338,293418.428201637,39863.1272002739,444184.989633551,317718.657644332,18195.4660081013,337000.196926362,439103.070984718,187420.029176087,12287.5972333704,16674.9894296805,166909.508462691,125452.110276253,10237.08439632,107401.080387217
"P00834",816485.501554077,36577.5015078449,5790336.00825074,15601199.4667158,11047831.0344957,1516496.84497737,473733688.734007,114950746.648757,5902803.99175641,78886.7520554099,12069961.6135132,625064.095705502,298525.472660692,166451.098092647,1870236.87320419,5136328.68047721,206753.228838814,9312346.42867137,22890854.8281507,271909.684801209
"P00835",4213.11291506336,68874.9447426795,11979.675905376,845516.216228476,30935.3404768821,391022.52163111,38121.5018359271,438102.811106034,246296.37932529,262979.671996845,3180.76557121235,599577.633804904,468910.902760827,165501.68362238,21672.0723908485,484793.177176851,122643.234694647,1366067.72881587,20831.3697744969,177037.060112681
"P00836",292488.565118717,67533.266732754,1303964.05018744,752872.430547526,161293.126321886,137774.316430922,422976.553096183,927437.908396806,769287.896888325,203159.396879718,2476958.73001064,444628.047924165,390056.913260323,169268.185794632,63184.5126485225,1261218.18596502,192348.917953378,532260.959454854,235172.802669932,164040.938989018
"P00837",41955.6726155149,73707.3147040412,28243.1101425794,2581750.81858504,1435339.36013667,161216.701646371,3641828.25839359,791706.399414234,776719.281891863,283796.841498712,266169.056739642,417934.342172564,404485.059852516,151953.328893211,39595.9941392791,290064.096283185,174840.123934963,323671.631184141,181305.282585274,200628.147212804
"P00838",22386.9749529395,113334.514273887,155143.252136099,347565.932400124,784818.167570687,40929.0712250087,2230446.6395056,94610.5476186174,513952.560332658,313031.623503864,67082.7453035872,509463.752462155,446184.593081919,208242.109575913,28153.2096515962,12580.8081181435,155301.594210648,330584.940383431,55436.654627067,51321.2039486734
"P00839",32504.3462545991,70443.3956122801,871425.643779991,3623426.66084945,109802.558789094,267711.164480045,1448143.38320335,3863476.81038201,471344.365552954,182775.782867965,120054.926805517,572149.148181836,477250.858400643,200396.963592918,43126.1099161689,1435535.39270981,163270.808265069,4690649.85362225,159854.141696693,159727.613599914
"P00840",4582.94735033046,97235.0543674218,7408.45207397195,515546.968351257,41320.0360747754,311045.700242598,77518.1352875097,666716.867072911,262831.166730058,136938.620443435,24188.4646336933,529835.594164331,431330.85041057,161510.642117426,15663.8618762262,103152.973823875,141522.393581933,605212.883574035,9203.45959104662,201187.850155653
"P00841",147600.124776849,76894.2013696589,18174729.4176136,20599891.0397681,1190580.3858424,616512.039936226,9929047.43398276,3343731.2322412,3069551.70604847,75551.8517358958,1021474.16897888,594168.871641141,370179.677547001,111708.277805239,95165.7626633944,424707.259408794,206985.862290428,2702016.45634101,4790379.49533362,233108.300119357
"P00842",48394.8519258618,66043.5779481221,7088397.24892158,42701709.4647684,5102057.39257981,141206.419173132,29198787.6293983,18379775.7281936,4693733.21416398,201189.583256989,3240736.87784446,580421.849850045,310481.366629468,133636.366305905,67927.0299174464,6213047.61805328,206734.5302269,1362685.97692728,3524776.21188139,235391.845777007
"P00843",11925.0935796443,109431.340451476,94906.5278033828,91484.8424519147,165477.537182634,144106.678834493,152352.410067479,108516.868477511,451838.162650799,307829.004277477,70117.7481523728,428269.767753137,449851.007425284,215948.31652107,505841.342399807,73837.6896121342,142901.215784667,101848.808121771,77703.4799975225,122174.684180825
"P00844",213432.919673271,78511.5761079459,1863811.05122829,2998521.5165154,722341.902653027,183913.124556516,2878943.26058631,5440595.26023395,1227087.02202609,109962.004564073,265110.186400009,513852.001330263,410453.727365259,185476.238374703,219150.696248678,783259.844467207,194942.864962758,636555.259922388,2329389.78462823,223374.482114246
"P00845",190531.119166471,81986.2498270784,14298704.8975548,9428696.39572351,261165.341559921,478039.689287679,24039354.1148514,19099923.4019117,4204100.62390185,169832.178118726,392568.560666459,607411.474156535,303341.628381997,173578.509109216,171679.076130889,387260.284392693,205793.943348523,1329889.24660211,5678458.10236542,215703.683021721
"P00846",9469.27922355006,108220.672862663,546399.692312484,1910464.30195991,280075.325590446,32925.1491231174,2626796.9856302,319804.416483796,368176.983652231,301423.586488831,30511.7804953746,369899.591370664,478462.996550542,215172.077837807,16642.4968751818,166489.632768721,177912.918531164,137907.529202242,55605.6269548328,170916.803703527
"P00847",32028.4841448638,76125.2653574684,1930667.09536942,753185.659391168,333091.536580664,181733.117873584,2109209.57657123,404045.591156617,1562761.64793001,195409.299351072,445965.312581782,566078.586605453,473609.723710583,221755.525409346,965913.584085882,144285.804136969,173379.18135011,1328653.4961785,281769.451284703,176298.228813775
"P00848",18205.0869379692,101758.979894028,116378.863957544,236167.633103232,708065.17767347,72824.3901726026,1426321.1261532,76773.8827191568,146252.765326086,295868.545586263,11188.6409680527,388888.015173117,479489.175960873,221340.420571101,89159.9734559287,12821.2246571476,162507.753630231,459698.526733784,16725.0142664542,122103.95003231
"P00849",31097.3328969383,101568.801254593,76817.361674262,125435.827350095,429369.182448967,113041.332488045,203431.832188278,635131.511000134,1220557.16105477,285822.391399351,121529.005382574,520138.312343493,447734.256048245,205286.481494624,46054.8580622345,293582.343435283,168665.237390358,305680.27720683,292151.997983674,150570.278363447
"P00850",17268.7416695329,115701.110790786,27134.4042655445,381242.527334897,102464.82896667,91953.0868509955,239933.34500516,90850.5446355966,298492.77448715,325148.880833378,12697.0994231687,343346.932411583,444750.213250837,210147.237172726,3387.39435711324,8360.47307784003,176083.134533598,243862.555382439,42820.8845462088,83042.0442676206
"P00851",25219.7772536186,112297.342750808,261831.726089586,557079.105220631,351069.236872864,52094.7576397055,1293186.52479981,309028.620086373,2870156.27922056,252573.900144285,156078.088326532,484329.540983018,479360.287752514,162295.213214476,54733.245491922,128828.829122386,185335.203609015,401718.716933973,617302.028821761,164825.134989142
"P00852",133149.668064815,71414.2767628745,1331502.2692211,17306324.5412724,3807288.00925659,190116.685620788,15029712.2373773,6273169.44251804,2908372.30355299,159828.540844569,568442.501793583,499794.904054313,295775.166459102,120105.50629665,108719.983193405,552115.748746966,206971.118444004,993671.686333294,1197489.62530423,243685.917271075
"P00853",209914.942508616,53912.5396263115,7263859.21642544,13933296.2072242,3227553.88435953,441620.056290446,5728006.87274706,10871760.9437426,10935351.2490891,113124.678582978,4546020.92382534,589570.925804158,232799.386684849,134247.553138281,447789.785529342,2754685.04282971,197121.757274645,3352127.58527584,2010628.35021358,249923.610138017
"P00854",175789.260209421,60052.326151118,4419948.45919051,42655339.9529309,13001236.1662127,333055.11295358,4346740.00392246,5056406.40102219,4728857.98186865,172284.961910357,1117346.45283638,562912.583304118,429955.735139828,111717.656713211,617502.687965938,789086.936915083,200733.743713013,2618991.44837924,12854911.8335151,216182.762530389
"P00855",116126.320778545,70865.9651880996,18842777.2908536,5288314.80098336,3322306.73088855,124352.836696664,8843692.19942524,2561754.78303635,1505394.92089695,157691.124095887,1883926.69067832,593303.06898669,432894.932985825,140233.253256285,72282.76446328,993758.208395539,205683.140969175,1886305.9972743,230842.778880744,197315.670789647
"P00856",221642.095543,39407.6779246459,1551751.83793764,7651393.29812093,13711387.4406631,1373098.74530979,10928405.2925887,15710615.8534643,7237997.24788221,62974.1826928487,942740.808239748,593732.080118863,299256.073914765,113406.564174538,5527247.23860311,2868162.45334932,203167.900020714,9822679.60662384,11907937.6833754,211334.156286691
"P00857",133255.473021772,82882.2749038906,5884400.2864479,5926987.6716341,4499418.10669318,204758.624836151,11928187.5587588,8645563.49092296,1479630.23434955,175615.717373545,256210.563752453,538332.193397483,417641.507548971,143738.32940979,220329.878138523,97730.7745039697,201757.73006809,1667360.72549609,4164532.14971335,184767.219952705
"P00858",9811.30299094666,99746.167999018,11172.7425060852,173905.312160415,147803.214035719,18144.1242467003,51097.0550180189,19345.5386697706,167848.548029811,297044.780952576,218135.050758847,404979.551881082,456386.634896083,197789.472449262,9852.91729511882,8347.08757213581,128667.388850097,244212.537263158,11171.3515252169,75195.5194305241
"P00859",348512.894747059,78187.8610456969,2672257.79459688,5883285.60076412,29444799.7221282,511871.773390345,28341322.6477848,17172746.8676084,3483480.0605221,93740.751308315,1185433.1458233,596982.446791309,412179.590190722,209720.066836295,19941224.8346127,980704.458485973,194399.586196773,14286308.2672723,52694064.1599042,189131.992833664
"P00860",3739930.0983746,27594.610072684,73157111.2410666,84578297.9288372,21529157.1373431,2157209.08348179,77070315.3956802,173172005.897686,28891853.7943414,69376.9024908298,14904529.0773887,614699.969004367,223844.940952626,93973.168058368,26876666.326204,30024633.5407634,206877.533132818,14425212.6199579,60129781.312176,300994.673959054
"P00861",33021.2880303581,111291.676583571,473188.908394024,1018997.55186626,260807.30976732,49467.4690642249,605511.582049687,82102.3724050167,398450.282446733,317951.828535825,25737.7266777327,446368.062398903,464141.435494187,192377.652016447,18224.3274841345,50380.6129889911,192740.082106781,219897.250822307,23047.7217160283,168217.384948034
"P00862",318756.719668161,45356.2893341985,1216157.84209626,1344500.67792934,8712295.93716799,964042.413697332,2488765.92449554,2236891.52225234,5698081.83787384,63053.5597816303,2670233.54744452,594824.416671969,373440.807505382,203926.769857412,4570067.66337615,17901008.1193652,198654.115218293,10652293.933577,81919993.1613025,277101.603127332
"P00863",1734646.08892711,36667.6287743356,105971088.014207,140006621.057567,22383438.1068841,7307054.51680684,1086376563.40057,533597284.561878,19530500.5879093,42103.378842586,27614223.781762,622753.513821784,243779.968890774,124249.449287883,7240814.47266005,75681786.6079936,206611.093609672,18305366.8316474,264921899.629628,211037.431141837
"P00864",138139.456979278,59375.7252118149,1878884.01102082,1489325.86147672,1631945.19336216,774679.381094711,11715404.533004,8814998.13427049,5782003.84323042,59383.2463966709,666140.826492925,590424.883120696,309967.424850893,131869.044625476,273566.566574767,1624336.02918093,198576.598017954,2653939.24866844,55691413.8132119,214999.255140615
"P00865",8574.5075594817,108120.21133291,41623.9598165601,7464867.28162772,655103.894468667,17811.4386196818,2174522.44989641,70895.7450575438,942180.697415265,298695.684833392,30431.807206787,466270.047045246,474811.492187115,179859.202852398,3213.3401960059,108572.530203102,199967.893043784,82380.9291791917,212011.025080939,158529.758523492
"P00866",45114.220790643,112755.370829828,291623.274675629,1804194.75894485,1100515.81186119,156213.235847156,908847.021516634,2351600.95051176,2033072.80846185,206366.967473661,491689.916064222,450215.027525492,453522.415242786,222278.057421369,134596.967752325,57701.7222849703,191362.536508261,417343.099510745,329008.57678095,108539.777205487
"P00867",10129.9410075428,112358.692951886,38625.220951329,714243.186575882,193923.960594782,76129.7199708526,2357850.03032726,258977.481904633,261626.911159988,325389.124263049,104419.022061413,378841.088920774,463118.648261033,222790.118892092,9324.63497718676,270044.654387393,173418.587308425,203310.894435954,25602.7516946866,108691.893516237
"P00868",323886.946086003,58774.9011542804,11166483.7051187,414630.362635511,1742557.16459111,527108.321927847,5266839.40659307,4885196.36676699,3395125.19952712,101612.919985177,1751082.4390639,601217.253056846,361265.633944513,199287.597168447,2435489.37657632,2563882.16945499,196501.371356889,6911075.41483341,4438336.61392863,182658.960447977
"P00869",562129.508130382,27933.0451709198,257136799.522061,35253601.5262998,17178028.0727306,2465405.58981321,205079248.464737,320269355.931764,11412200.2224091,73038.956921282,87324281.0140804,642118.205520831,259694.840900561,116953.962446869,11996707.6841239,36320798.0388124,206626.347332409,19221106.3528599,184786051.457146,307629.577041138
"P00870",251703.286735149,44359.4177508396,30040223.0706995,4403748.319678,8757174.29546612,1273415.74155174,47788253.8369258,21943410.6005136,20516101.9371582,88686.8999108555,9844879.39432202,625954.785562231,274710.088296991,138116.929459626,2098656.42547233,6214307.37020535,205753.66838516,19482687.0190895,69152720.0530955,292820.641652316
"P00871",135464.441049564,64695.9030191539,2358338.10306168,58525128.6061617,10256281.2644193,303850.053101639,10103926.1630996,5676403.48912355,2546514.21774193,189413.582426078,1447796.64573972,556547.74739661,385275.720582986,136903.50911053,95689.3592529842,23160936.6466756,197236.86549986,1906775.6732478,3641728.81869448,206144.954547633
"P00872",663973.789712307,111061.574742364,16454693.8564685,983048.718325286,6889568.51286217,78952.23601661,99818481.9778656,151251.833029183,16619968.2046723,276289.83471274,64479184.4646263,414885.973391277,161916.74002584,123066.212066165,585005.705657705,291780.757650546,203549.037741317,654099.948143518,7906369.19078829,165911.864189032
"P00873",53197.5564338008,110091.471240603,54009.7356758718,417098.291271528,167040.109562686,267593.044946065,488546.281076214,177149.472828311,637428.091663619,165048.939700424,282595.695483671,533425.789019017,430374.297900309,220330.684730426,34931.2281165032,54800.7113608852,126262.568026906,193482.57465594,67860.3319339533,102323.720516347
"P00874",47873.4885702641,117724.222179255,10830.4433776442,821904.170698702,198432.817995117,106083.006276521,220303.983532131,134798.826246449,774914.581947665,307834.928592749,293480.875973368,362388.913486854,479493.626375261,223125.695388892,44426.3959800876,161236.080965689,176929.324190597,594901.421393583,19905.7831429122,130602.079565074
"P00875",214278.206421309,59695.5028361782,2218706.8356174,1149111.49606623,4236661.31991908,436576.067500474,5520604.30499051,6303484.93872,4401288.43090421,67597.6021223119,391616.375107858,614150.854228536,444364.495254032,131922.172521058,2262854.34317671,8848904.69514295,203798.711859269,5366493.59617915,9562959.22687491,219746.9326117
"P00876",44866.9498098563,97061.0767672185,1470294.28001428,2797092.96740286,520538.138213686,113074.600719825,454059.593088006,252938.485707417,1244167.06633161,214657.538910972,209276.231691763,455514.111485657,338229.409680178,192627.878309187,17792.2250665651,292452.719207787,159518.283787694,500430.364915339,1721910.02363245,185813.025095235
"P00877",114959.814594102,99255.1250902014,223709.034506141,531414.004767642,571528.658866543,82674.3600521101,970118.886396569,215204.284737939,821014.908006001,244230.97750351,27963.9224078926,412530.099059689,446746.926421392,196652.096133704,72184.3911013519,302087.218379543,195121.911649137,513949.979099282,263642.437291093,141287.867645392
"P00878",57151.1884776012,111509.361682726,395483.805451767,427236.54922423,456811.31917407,34545.620139235,565845.451151322,354654.699316921,1545333.52775644,244589.454291964,291090.9941853,482705.354310692,436773.346087506,201805.653462129,4305.24037545619,95241.0557007525,161237.308528368,253670.527578187,112508.892220584,112467.023897638
"P00879",5859.4803018536,88569.8127228681,1525.83318269701,52550.8033450759,7364.57333362813,4145.5913624082,14175.1517325528,17251.2837637615,86051.290431661,188485.833186984,4467.66752452933,207296.529120234,395692.355499245,204414.54543721,526.374033922762,1096.46964348578,81988.0962264799,11756.0095698437,2402.27165495673,42274.2752829048
"P00880",285060.82597845,41017.8078992889,75983131.0604898,21929203.1893503,8037489.49053489,393693.016273672,12299072.2898214,166000337.635906,4855061.09412165,145132.361619656,2083752.56915889,582360.745076419,358510.478392017,129402.1451954,4393618.15383355,14118350.961385,206137.570863616,5252483.65861767,62348766.1484398,269434.392780012
"P00881",133399.418064329,36063.772512966,21855834.5659254,1542184.92315241,6636930.80354033,908058.85413131,104587239.280932,25623693.0772295,4618288.51626961,78059.3683153745,5032047.34497438,591888.038278922,230323.805051261,166988.69967249,6290664.54598809,6718555.23152261,206605.35466624,3120016.0837659,6107573.92468877,228551.06461446
"P00882",6977.40210221652,114374.000702119,6271.97750381951,215012.466014573,48114.6755174812,8609.85995431556,39068.1015712704,69924.6207766175,585296.84626502,325346.615993374,9624.94898944348,283075.616091954,428967.718956122,222807.569830926,3572.48686563069,3949.97561055588,145728.436397103,158676.42315522,11612.915164457,116526.272790431
"P00883",369349.62005957,45935.6767438414,77570351.4168746,6660535.23154778,7974055.72752622,3416277.4882664,69545322.6920391,6725881.1738241,4927336.83859126,35457.5726827832,2123672.11586804,647084.359472919,347130.147391791,153683.033795907,9203892.32217025,11277915.9775968,206929.844749327,29182518.4413028,191177023.767725,245713.117728942
"P00884",79256.7839524568,70505.7402599396,738112.885738777,7346223.91564552,1374008.27704724,161528.816993474,20253576.4857618,4349289.17522282,3011447.09449738,159719.159225904,909446.68659566,543323.118229158,306706.786612941,160417.109004237,32003.399303833,349448.498622587,197050.876850503,2751551.77187323,815320.876739297,219146.037727084
"P00885",179341.405470321,59097.1400393939,168157.456569416,1602555.29325175,1051129.3756065,232205.493347783,10515073.6470146,2431356.33428617,3473232.98492398,146030.258397272,637673.065874463,601965.762894992,477607.700914623,207625.540829433,1186598.20202874,1065876.16376916,201779.67142066,1476831.29612777,1396336.13922369,222458.864617173
"P00886",26908.2056152724,72849.788075351,449169.394604715,1493193.97226453,400260.422552236,41128.2782779271,2418830.91835604,309863.814275816,4974721.33841533,199954.612867475,92671.5528818875,506462.313883421,473953.069230083,177316.505047221,37954.3474417601,132982.514679521,178459.675159433,309795.206637461,270970.517418828,158704.46342972
"P00887",7039.66786108255,105177.032039956,3845.27792722389,81883.3892840995,57485.5813178731,10687.2900739302,130771.122323823,20761.8995813955,294920.911237819,307487.872731617,1811.01570739178,289428.605347754,465658.220476319,218308.698711765,2089.63713349398,10804.4563702005,127581.890918367,47142.2358349449,6859.42744872558,85937.1489177291
"P00888",2395.22182611391,100901.429405468,1744.33164137414,28865.8644531831,16743.101466653,4058.87823405263,67555.2109349505,8858.51421599267,107950.942001436,268233.546860011,1360.10322972513,186796.533000794,327696.076443651,117550.802546779,1616.34317696585,1550.6654755746,126846.982463098,25882.2085011185,1691.72250652137,62742.9754931629
"P00889",12203.5647234343,117811.944389124,59353.75749419,2083608.66318007,1017716.94488642,43366.957191739,1797708.77683962,288318.082905668,663218.305004556,312280.239862494,69745.3032762085,348422.575882283,454925.723872939,221258.765273033,63620.5309684038,10065.1238848359,202446.143014145,195455.460341266,210539.367118467,98410.2443010044
"P00890",173799.314880315,56133.8352623209,4079209.06340223,199341137.866683,2873791.80083578,231444.4989075,85229692.1768382,15108164.629008,14535762.0306158,104725.890975142,1898662.40261322,560224.843228763,322803.562103776,132092.948239679,231319.112911039,1937532.80780522,206606.389965033,1381949.98754073,4244223.62750963,243293.679955177
"P00891",86280.1715302281,85622.414676329,616730.833804185,1907773.32165813,3081828.70944963,56105.5702561719,7483636.17106875,2936344.06201254,1778559.78177904,170886.014825963,909684.725142052,563542.276890271,386329.791375862,133552.841092451,41667.2825909776,845915.226213505,205108.091853177,702726.606931079,173439.114011969,200487.748952076
"P00892",1099053.39145298,54663.7091032339,35694422.4471103,49893128.5325114,14734181.905643,3771877.67752361,51867370.5778071,471419901.506405,10417002.0183089,73504.9957839577,62943960.3183545,653481.584963838,221590.981084488,103373.346405479,3158260.72308588,10992517.2746711,203302.241138576,20950971.2069869,3100612.20076073,270400.915862209
"P00893",60920.5915968734,96705.4964030444,6385418.11850939,101057830.803274,3094187.66908418,92794.5554450533,10675139.7460008,15787996.6034646,2523738.29373473,234218.426364337,408392.894206619,547032.934504896,314027.982050957,105334.330474316,60093.1766356767,753638.556918687,206979.824386252,230661.202545869,20047.5075066884,214335.165962744
"P00894",23519.2245756313,83331.9171268236,3129422.42386123,1634492.96398957,952037.073822805,103864.246794617,2254093.52403073,174094.067374763,1120714.61944069,187786.522302239,89691.2285768285,510147.735003662,458039.511525975,219832.812588006,159501.426206593,81779.0109741804,176379.789418205,2433726.73944258,156063.900782835,178665.735200536
"P00895",30510.7341645713,104345.59267864,225828.933428471,284218.451049952,667063.621394713,38942.8723547524,849360.455831522,221774.634827996,837806.311544558,318516.463427999,121169.311417038,468354.647554811,455492.870426961,221739.581626052,12064.1268985039,242118.74785837,167271.670552613,611340.088641194,289408.619849844,122961.599963677
"P00896",277625.661985079,36564.2898744739,70718715.5139191,4754565.38236482,1991957.66645126,694919.369097753,43942713.4427184,10932991.677523,2474058.02061283,83094.3571374365,5218232.08899947,570440.278050452,253417.934451411,96792.7342544183,1419824.58130886,1055870.7836258,206355.317366991,4501482.70542811,15455079.5277522,268964.396948009
"P00897",129447.63414802,86062.8980691652,12893789.3142578,167173.89628555,660691.338579428,824814.552386774,597730.185111409,810568.326135736,1054039.44221546,214404.352143268,99899.5461127468,558880.16320029,449825.756218278,208268.65144914,224496.461936216,2238008.44788199,154053.133514286,2012995.24777246,997039.513347569,150303.481015648
"P00898",2885.91024403308,111300.568427177,3388.75550166154,380035.688706234,20201.2740847493,4281.23932383043,42391.8647722301,34880.8777165158,97776.4220062934,232878.135575892,9790.40941676546,170888.959079432,391542.099372697,223080.988072306,525.019276687258,8194.77412153707,110574.907453833,13183.6780006094,1388.83302487782,53529.5347961415
"P00899",86513.9205710902,56784.717158761,701236.995591416,1248381.06743656,1544924.6387711,563057.128261892,2028530.51573802,2557516.8941945,1139808.03713243,113967.443681279,534818.709834876,531635.685739114,455125.444686289,171088.19715457,78111.4476058899,801133.204442026,206563.55023682,1758930.8641453,982974.894989598,165399.031251834
"P00900",10194.2801352398,91656.8481432182,5880.85546157092,160637.242407326,19789.8019624168,12103.5399024634,71716.6473471477,27122.0607454195,134853.34785066,300515.189247846,3056.20210679155,143319.956140881,449238.807855965,222830.369532031,1972.2061531553,17375.0525963667,68405.6967112235,29304.7110843455,4863.41817349599,61991.1006813419
"P00901",47820.5195730374,86711.877508196,584973.143968877,13400502.7082415,2813689.12237963,174437.044129034,3314806.99221587,8062154.12066642,2256200.19542092,231943.63098279,612112.925246297,455741.789994163,341197.562474212,180088.185705829,60038.2948489733,298778.203405966,206667.025657124,571456.11178056,467723.636236098,167070.02283632
"P00902",183082.850786662,58338.489963317,1141013.75683876,861377.687091161,11106023.7566181,119186.111711843,3644115.7683759,3192514.04908517,7018946.38885962,108085.045990496,535090.232615038,534077.779304761,433962.498275187,220915.96109483,800732.325694406,836251.229124139,181078.269980238,4544471.90944226,700823.35217915,206193.255828246
"P00903",3894.93218033791,118153.763918474,26383.8834133908,1037545.58418526,217725.135985932,23577.4741630751,306354.495750221,425709.643723647,156876.598382371,324960.224231388,16792.8986917334,319876.459517255,474795.660617073,208586.06495073,7240.92946970306,96614.87499473,153412.389380733,84441.4941623976,3743.46008789132,114589.098635175
"P00904",139698.697900693,70765.17434122,1323520.26349669,17938320.9703841,4199396.0040911,290942.38398687,18052370.1152278,11663022.8838761,3543604.31481164,115202.966784758,852191.077445809,590940.419387348,349673.370623362,113409.933997661,375834.739690756,7475004.38857351,206476.990374787,443761.037566916,1499860.87144369,267305.80194566
"P00905",318460.78889776,70368.6003804934,3484734.2530987,12378005.4180338,1000029.84588775,447398.157677105,94668446.9946458,70755926.2801245,12459669.7159656,122197.330668538,1933674.39573498,589673.252484583,349030.671579811,98051.7057526453,3488339.69188987,1872206.61311331,206682.432036832,4825400.05691427,98280510.0554888,227220.353301046
"P00906",11202.4597161698,116405.292002349,11947.1181418564,864681.342739176,332538.975131207,92563.4744837161,387619.569614338,864905.609997411,979441.914178093,257329.214370176,70040.7304208828,479432.461376789,474692.616595786,221591.048001744,28585.1742475518,112022.633590259,185491.727018151,141373.458425328,24565.9310771275,126887.317816484
"P00907",17556042.1774748,26114.7297723092,235167158883.353,1953542151.29858,924574148.714922,125100896.337674,14463565751.1051,6978922659.73522,831003469.304567,15270.0897255713,2786446446.64189,908915.051227786,95804.1360761901,56859.9267595305,1363802296.09875,79943059727.3248,206658.885113642,1810803727.43532,17124342020.8958,736761.398767051
"P00908",143966.772336876,68669.9278731286,3592082.33715345,1087556.51671929,1107149.91082052,394655.447376203,1067909.66378905,4246348.03597735,3479792.85286335,144740.718564966,247269.662423919,567554.495692976,402122.029430987,209335.980145638,221051.773139457,4176358.2672579,202718.332926891,1615629.58305079,3000903.35680122,191555.809728387
"P00909",15513.5355971791,118316.898451105,20683.3915405795,227026.088395366,129572.680261929,22695.429643253,156417.989190672,154547.77954629,260878.16634326,308948.025713568,10164.3748594634,248681.925622062,429382.377757292,205327.488247682,8819.60827276423,87362.0910702285,198169.948533095,119532.715202994,8961.19262436962,95136.2641164462
"P00910",8218162.08703551,23765.3568516492,99237130690.0207,836019403.74677,480550137.025798,35473658.9528611,1678933439.39372,3925707878.34084,181052167.308688,28883.6604780445,1325110224.3041,792100.681047235,116530.872743873,57475.94908663,36634351.4631025,573192728.629638,203001.811748789,179797915.444794,8802654491.7235,990539.483298036
"P00911",5370.01368839166,102729.481726402,26522.6494730997,240385.27655719,228944.574188085,13440.3810615963,250654.071051899,75188.2733378231,187587.757294466,265139.907180768,34709.2919199529,340863.26019261,479368.21351882,219714.049431287,14853.0298003734,16538.7902476556,160746.983352421,67756.559917358,13164.4891604624,116395.46431004
"P00912",43238.2024642301,89675.4919838921,1057311.22041368,644970.017935714,435625.449710921,212539.745005288,1854527.40240845,349709.334135162,2450737.6158888,200893.638873758,17459.740628301,515568.003640461,455473.599255401,216337.58786817,263118.550367241,428777.574627731,188310.396236879,5983454.23580568,611788.707050141,191490.688886855
"P00913",12427387.9369394,23137.8150670959,41013825716.0064,1599003912.22127,1203550196.68017,28889180.390306,12003523580.0561,8102341614.91274,146509894.697598,19039.7745717461,1954236938.07083,767764.633432465,102020.518077924,58014.6788657872,549920675.761624,7133133370.99153,207807.566529737,1120940745.4755,10739317941.7635,1391028.66689516
"P00914",66969.3740939176,77512.0428213512,1377233.27405047,38798474.5584112,1213568.9848653,664093.726590754,2907321.19126133,1691242.85676744,2015457.61023515,161869.436429689,137830.494003214,547420.367405964,320167.900967079,164104.635944058,326287.531419156,1792804.22442456,201294.38400022,913637.679639215,1027497.61655256,182384.104588099
"P00915",18938.296521839,112044.777297496,13098.470500079,407156.358749013,249541.315294696,76145.4700170238,293718.647273827,67532.75294894,77701.9623631541,173370.016851405,5424.11503453422,498642.872227439,464264.476655291,216266.395273445,27650.2171536945,239148.653273667,169617.727538447,1342590.33757626,55203.5075973412,128504.873833533
"P00916",947646.646788211,39335.9544895815,893239965.637945,37226417.6264606,53793691.8634344,8750735.22916855,95992992.317379,373270736.23942,6194518.36050469,76223.7359341315,16319722.0152643,656069.700838683,154216.779980627,109252.088184128,10458798.3459649,38033373.5008481,204147.344403732,20161454.0254629,18864812.8412718,298339.64467505
"P00917",47257.5606978097,117741.327194966,25434.1702199806,1524497.32568699,1015786.24793687,59519.1009196586,408374.797340385,318763.699902433,660684.817671488,232082.129456703,71640.4113074211,467405.739928806,475056.789132202,199683.642957063,54373.8575367246,586656.349833192,174805.423404841,543834.786113715,355404.901383325,160646.368906763
"P00918",37885.6331839864,89604.01691982,88575.6672010745,1930874.97588033,274813.478304791,153714.249353198,1157059.34562094,581270.540291191,705531.325771785,247244.336388345,468603.662023725,448126.554939079,433992.763530656,221493.793787211,26878.4402624202,283312.166240998,184102.762596528,743071.2298717,45584.9317137113,87368.1747665627
"P00919",27444.4648755038,111611.632040301,477826.196769037,340970.005740195,287590.500717751,18616.514798136,940785.266587355,1240867.35904183,429052.102697926,213897.458424387,598932.161847077,398778.79042052,479330.514607123,211289.240182403,12261.7018806359,250124.07377329,195837.02307305,689363.102512546,46341.6835702257,124646.239158273
"P00920",33103.4957604017,97480.6127763083,709174.083191788,1348200.33830269,512028.531406615,183272.117348355,619605.70799344,5360766.79307297,968832.458141458,186557.735323777,77202.071860695,489267.411539736,451222.112210327,214899.180549544,391945.865078916,55156.7168027945,151492.536211843,846817.282495032,392596.754826373,130820.675134938
"P00921",45699.3905920007,103570.011707063,1470697.51736638,4299757.5485923,1129638.56738334,208738.109156138,3484505.73937708,207931.613606807,3833963.99813973,226587.391252982,191864.496236771,428985.994295813,372453.546285206,175188.029353987,66148.8728593555,1318305.83044452,192677.542969019,474095.065935944,249528.485137916,185749.669883954
"P00922",209216.442968542,40809.3464530152,121886901.827544,12567298.1363791,11659369.5392007,343692.501215932,56192997.2916005,14760652.5358013,1394292.83390336,92318.7906659554,600033.003502702,575410.099232454,285324.667088721,115833.811969703,116231.521604573,55879477.1158704,206932.195930521,2779087.04678318,5819923.62871085,223403.861326825
"P00923",693025.063312505,86140.1662464772,203197585.685974,8129412.37105364,14128006.5986296,1628068.36461767,35589812.558918,493585.797682552,6249214.95579977,175624.986486611,5550953.92678125,529263.064765155,247170.026049538,204672.143947669,5660618.99627618,313817.053683228,205910.630592394,758486.490387421,18760873.0950657,161289.412061517
"P00924",79945.3959706714,81117.808429456,5315856.66633221,4063768.43464791,18156075.2019529,217659.356306556,5344199.35071542,1362983.44562504,4338400.00246096,138812.885434796,2317028.44716905,581714.697344985,429758.684216232,166418.703641501,350082.716190394,642785.044666718,206053.487344192,9485836.83326577,2079542.63965818,195394.970731365
"P00925",11774.7719488301,106996.279428394,30706.2526635438,478945.007138595,283215.440204657,47187.21660804,222766.364541622,59725.6983436257,286891.084687645,296490.125809763,10900.5244652222,311286.507581056,475804.953766693,196425.673818994,12486.9073447732,17705.2386500744,136761.541443265,447398.40616068,17666.7123100395,147557.68709912
"P00926",252087.52291162,57080.5079945044,11467771.2804423,2295012.5871378,2009302.22580223,961512.761788044,28356179.451868,5587916.26129291,6529279.03998479,73910.0784776255,418500.094352957,579721.611474235,316907.164393788,167144.426503671,610457.672388865,1226143.79022849,196443.902103455,4810012.65023497,4565531.25989406,250263.03657889
"P00927",46295.7816383941,85952.9533843539,4200593.19956514,2818855.97110563,1900096.24369532,135340.435302825,2124609.25570097,3809541.95800782,1267004.36165251,215973.744197866,144009.290250172,554517.909015381,446504.194646038,181105.03271907,196007.769864642,162290.83467654,185536.731053638,984589.534543325,989640.911341933,168874.679834247
"P00928",8207.93391712102,108012.194801779,22385.9143457055,56271.0998732332,73940.2057717531,27098.4748330811,50815.5907428466,90032.4783041824,219332.588922074,312414.158679447,15648.130385842,420321.480744253,477724.487518327,199430.666506532,8575.08015296268,10121.3691037649,145616.385761784,140856.988122956,17315.0543206234,88278.9725196041
"P00929",220843.652484327,89178.0148439628,357187.314510063,1116084.67139243,814600.779206564,206660.700657726,1670497.91833829,7100615.84561332,839986.757586804,191874.695782613,248884.593136782,552377.816230688,383882.892672667,150255.080869716,152821.507718929,273882.544256246,201493.087086514,2807116.17449295,2562829.69533796,204424.666991954
"P00930",504119.649710951,24695.4232542988,16033332.8382084,6955514.56482794,16340389.9238608,1096677.86867597,56216339.0442883,26007803.2138859,11351964.3711512,69506.0222631334,8914366.58221125,639550.102834929,310702.782542705,112548.497449918,16271244.9202694,13900247.7185207,206813.90403859,61461196.2076345,207532949.649039,253356.073155365
"P00931",960949.451561265,42495.8123503052,55696565.1114376,21966929.2117468,25784525.2733513,3410886.40324265,33213252.4177848,42836119.3672915,3614102.17718821,64529.0809852349,8899590.60204897,594858.79898571,311379.992889999,96292.0915146847,1373097.56468569,3747991.34000376,205000.171357466,11135262.8237543,18315703.5077001,289973.556059526
"P00932",535184.295453776,53760.158731207,348369663.961778,19090322.2524717,6353557.59381182,940167.164323893,164644331.747171,45129495.6849393,9392905.6911243,89768.3016786182,3870582.59980169,607739.592116239,270393.499438741,160492.128636614,2479206.39586992,28039823.0558328,206625.416424136,9266127.93863576,141765916.738406,237333.989850846
"P00933",14257.0600457369,113901.452418981,34764.615266693,1439563.90957916,26254.5986734308,25691.2396640901,908258.680863025,80254.4594783026,257959.967227703,313962.28960744,75734.596722441,416778.044831891,479249.494594865,213873.769093579,49860.4636140421,149555.822375422,151484.554991788,129539.765052103,37500.9272805782,75303.2606108873
"P00934",15878.7647942913,104467.096250243,1088623.20797955,821070.457114551,533877.465087308,315929.316100549,2325485.25150976,588819.423601844,1253432.9895863,261840.626587571,22851.9089200342,428268.513534792,446617.70159502,219637.930795658,20981.2335037067,277775.734671646,179259.869810844,2484510.81052766,59984.8352317216,181967.606644955
"P00935",110124.9964071,67671.4482590108,2282728.2716965,1444935.7938729,4181313.2177066,330514.091349901,3322069.20092671,5268155.0399842,2228399.3615326,118085.184541582,1186503.57892097,546591.808619189,456562.553929534,162267.14652857,533019.770794341,10498501.2401295,205059.394283897,9818965.67237046,1351065.95017729,159058.305750362
"P00936",57218.6843815115,53540.9147363052,4299419.63477054,925627.583560881,1480787.74997777,337279.645718108,3840177.18350946,1284544.65498751,1201664.96626829,172055.715330546,493097.104567751,591920.525723735,469076.045210833,187213.465502508,1133236.55154048,2134683.29952519,194504.169167183,4050424.03155971,1777699.46202364,168469.577784208
"P00937",3915.0786951022,116671.450955232,33451.0789268155,343255.186514773,162822.141681941,15039.6117922555,47192.9772971417,46117.8821947108,214550.866843861,291465.332946759,18148.3480970519,396502.551401884,399757.052077975,218596.251045822,25192.6642426765,31026.9576590965,150261.594779729,255520.11920186,9374.82443127388,82900.9346425467
"P00938",16959.1715731399,107271.689935562,164738.875533772,587622.922132701,345338.426156635,44540.1159224054,474303.590717093,317775.709118537,481926.92773414,256805.983859801,61074.2492247492,456996.248746723,478410.639232117,217562.387109067,17219.2322648312,70854.7959629718,164981.24009599,246237.296887003,209799.969382033,158647.151354088
"P00939",190508.200226598,66391.8927381742,8708888.20140365,12504162.15134,3074325.35538633,4175102.01880887,123235585.740878,56679915.0997555,1622822.33358342,74671.3274151505,45234138.8036007,619950.018055221,360327.407201607,119794.49892288,1415673.98048667,4908910.72672867,203786.012453307,3890181.34262684,15516600.0305826,239117.450636393
"P00940",438179.82137083,39249.9664035898,9738061.4611815,1123412.25405927,30633222.2646253,3281047.05087098,13560805.4375547,47943234.7229832,3379816.29620206,72132.476124429,534516.598181146,615964.182778382,394725.663572439,180655.515474968,8208625.69824457,189396819.063393,187665.002350902,8518125.39821035,102214466.736185,255071.486911071
"P00941",117084.698658109,56746.8617596461,14236647.3050332,2358961.99116561,2093345.15253079,1101418.66315097,12689370.3257762,8852927.26316857,5743794.66162463,107547.575286181,2251609.21549235,588415.762897507,359713.138003636,162511.996868779,617622.084579109,3792771.07041904,199913.205758752,3967344.09418228,9777041.34466348,261809.06693006
"P00942",359673.554056764,37978.3980019192,80945264.3153869,24440550.41135,7629332.20576909,7279060.80682124,25479052.6780743,154246508.080688,9095570.52073274,63934.6304182825,33790998.5695524,568800.455974718,325605.009056486,93376.7045080531,8449415.90284956,7524649.87168133,206378.502960026,5178703.23596425,9535345.7979277,204379.619775253
"P00943",27079.2835462154,99526.9413717975,878694.179604182,1749737.0463278,517175.202082043,285922.254520244,4795947.10705432,1099799.28609018,4468488.1674847,137185.32618827,1033441.72165639,527643.125751534,374297.255442073,114144.82453837,286817.622935012,297481.603812573,194342.649300325,3982924.154889,1077681.07849473,153942.950872051
"P00944",13448.2987545687,112903.139665976,23641.6036343881,659834.066101167,524996.650565085,23823.1567952158,648042.426060571,339120.343228331,261805.595770233,323830.558539592,35892.1459882703,421405.261020917,467994.73839409,183981.092022722,8965.90200430391,30327.5373040209,161882.835594205,329670.230441451,81855.6976078353,166759.791836762
"P00945",44941.2910102208,54559.402589091,641289.859712921,7488927.10490597,419498.180311843,595991.807396409,1037144.296439,3763866.28860775,1107305.95697693,149430.435243929,44209.6553082136,491134.769526284,427957.057792831,137461.306854143,46489.4773915573,2509545.76069564,169690.225505756,2448743.52661644,89859.4735326345,267829.425194078
"P00946",486774.278554504,42368.9095001155,11215961.271761,21693069.4383658,1747126.93458695,666087.401737451,3927510.47235285,12792867.6503813,2226403.50476942,114769.187159916,1826712.86965096,570571.293402836,320238.110333244,105228.737977848,403205.995690162,2390309.05026881,206981.83710782,1351275.80380152,35075352.8820771,261976.563782532
"P00947",51285.2386578532,103204.574653997,560767.900427139,3006644.67325781,242860.939583703,64654.1975224006,950915.886109106,314409.967353891,1226038.09541704,242473.130256834,434926.049697171,445576.590231844,423694.637956249,200795.421314513,49011.8822153943,953127.806714222,203144.639762314,229750.134475088,368370.283615604,190154.66026922
"P00948",57576.776986618,95665.2999247186,18470.1371416856,3546394.4980014,182683.030972848,121020.793311174,20659366.4662458,934573.147892141,409969.999740058,263813.033802696,335193.989424647,410130.424355468,336696.84917366,147686.23665488,8196.99760410889,149558.718737507,201405.567850749,207772.744627633,1358758.30401212,176416.005759532
"P00949",681950.371278271,45342.0954224799,850257153.305194,238598874.646865,57076628.7957109,3190157.56439377,205551718.744206,97978684.3253204,37750189.2148004,71339.2108447846,15025532.8919528,655571.228144847,199129.683904068,60541.5836731887,3859885.45779739,103420949.009077,205118.886504183,11447419.5251571,43705159.3150396,292015.812027267
"P00950",19424.4686246423,113032.896905644,82105.9589864144,53725.2656798517,54940.2006358403,41741.6907130267,248903.157176857,126960.387301719,196575.13848453,271990.019482945,79358.038834532,444848.845204008,471201.318653351,192788.947117949,51574.8629988093,28859.1968387237,143149.595525497,407215.554451174,184535.551019157,71016.403071669
"P00951",6099.95001253993,117010.685453292,18550.7713205032,185154.081329558,59584.3695533543,19675.016857465,1056636.02625136,22562.4583579791,428334.688767563,308502.916762045,5368.88544250951,328934.979056673,454354.524780981,222377.91946862,35489.4297142823,48652.6086150356,162805.563029058,369101.707811929,199201.845467896,125378.991417753
"P00952",174410.279034289,72015.8191807182,15636254.7152516,3060372.7016343,9285413.58108971,136731.580158462,44567003.2788031,1056987.62625889,2083018.37912785,255662.47911787,321685.813049395,535085.386247356,273068.49974441,171300.65069598,412500.66182626,1452029.98625716,205881.944969912,904990.122142198,15789690.6768473,211050.808530279
"P00953",89994.540689704,76479.0087687035,3794874.75762081,3336408.9623059,137247.828096513,138460.416133284,1805661.8056249,5416583.22532351,1336378.53853791,141736.883064698,505175.971248525,495806.273842142,470844.381754107,206819.422240339,245726.774513202,840831.273394896,175885.177674306,905367.892704376,148982.869194202,191171.087322052
"P00954",373238.721756608,84464.977427557,677197.311389725,24902167.4774379,4544323.41327756,1546012.45086602,531431564.809498,4284774.96575673,16573287.0135531,110196.202625011,824906.322024402,608281.318270289,211862.965630588,148101.744012703,655922.938058381,1575319.20227044,202325.489468922,3984480.09728626,5188753.31385741,228400.290802952
"P00955",30058.7926642907,116342.152897761,643427.947367208,2242571.851782,1845934.02550546,13652.436959525,18572442.9070366,47110.3023134321,1504975.49284528,319669.199341556,312065.307783474,197642.441446202,382660.122885658,149790.209234042,26422.4694559818,32674.5813275216,206730.819546236,56373.7370484401,195568.678331686,131593.870806312
"P00956",5334.50612732148,113120.690832207,15703.7432121018,25378.8095100817,58992.9891950966,4178.25114620859,76161.4931410608,24451.173919849,118693.349861898,288490.207393593,1488.87733900107,225704.135461289,479361.160196635,221889.201999753,1946.10366629864,13552.9574364412,155467.196821196,56426.5220337062,2332.98251347076,55970.7528406105
"P00957",167764.480499906,46221.0905437044,21279201.0109915,2368231.39677526,1533727.99654778,1068060.91362654,6440557.28105874,1559691.31002361,10102025.5361852,109511.267584832,606284.270007708,582699.793765814,226107.293152848,174649.478025725,1781982.35810036,4831915.30331631,197298.996155592,5660510.70980653,4927340.52139635,266425.209998413
"P00958",548469.289495503,57716.8261160959,53222181.0476526,44455678.7950816,64020688.6131843,435343.554651156,554077515.779891,11231418.2793354,16703000.3151941,88007.382048752,230614685.707668,555551.716267754,134729.993678335,101970.83601821,2659244.67518568,11575371.2527689,202953.118437547,2742453.11527489,524928255.081063,232999.935743226
"P00959",339690.341550189,98932.5723788281,2342321.29309349,8297179.41988229,1836848.15761522,564377.437565812,4004716.99757935,2126396.50421479,8299538.79670307,159820.066596733,2065717.50093449,597035.860836107,402493.525281397,172311.910791384,74176.1988062926,1512247.92538314,206566.739875948,861212.31136502,834759.804311428,294284.07479846
"P00960",37709.8876866318,115167.163346889,297327.369955857,3689215.42265614,614405.586894403,61918.9810597852,1404472.83844079,279352.75300017,625142.381288247,320059.665294567,32851.7773942009,480469.575822993,479259.534959612,221668.379373786,838181.518919254,215709.013913334,191680.862240136,436669.278378567,151123.829515628,145247.421923787
"P00961",70978.5225814521,70174.6708822106,100692.880642604,1826297.37236956,441068.517447125,44069.7329084737,445113.821868986,1209668.79533435,2907937.95755769,224940.377143246,108954.487957527,393002.635794053,349559.613173429,108801.509487779,16006.1382455384,599754.300945042,203360.060505563,224237.955381413,159526.086070535,217975.805746478
"P00962",133404.026608813,43472.0658941045,3290595.5289938,14648679.087733,913357.034256875,154667.518487285,6038439.5464032,1864260.87324403,5887716.07758742,141408.435047682,977267.077363661,564242.85134996,384906.314107446,155165.467412297,217686.310489749,4444478.74804169,206462.664135122,1575473.5516585,6543119.02156526,221860.451096542
"P00963",778681.670291208,45963.4783549871,317549445.503828,5026202.04204219,7104645.26215137,1700952.16634687,59894804.8262969,361359896.445552,24793102.2795397,75878.263784405,9121614.25459117,634300.447539261,245578.180490772,143589.400677646,933384.012600913,91023418.0320295,206311.776076359,34314437.1018581,75623430.8626046,307320.468747016
"P00964",62048.1966807399,87804.5844407831,270548.813447719,576251.077766432,370155.426641014,391111.662280078,2868532.65546594,1367714.46206648,1000288.95762,177042.826452932,130639.748427446,578143.10807961,465381.077151722,217464.128215436,2560876.84675344,953173.212356622,175704.40699722,738797.562728777,2192011.61555205,127651.724720387
"P00965",27216.97891325,78652.4980460019,136268.685561516,656329.713486934,251700.880524,260323.80499037,2483788.57734662,374419.642925577,612696.830087083,255276.637689452,23641.15176433,552396.54915134,461683.230833083,222285.711997922,90405.1196010222,852140.498782034,192974.195019217,1005572.49373778,1449074.25972159,172020.046374353
"P00966",574654.136489347,31919.0221144715,287550824.351191,120510323.988446,85037008.5626843,4353431.86727467,275547458.791649,844928087.214819,51080370.0793709,22226.5057842895,14570648.9317141,639317.094910253,170154.94244712,67268.3327490341,52697798.2775434,1717324124.60064,203035.857529603,45426883.2058366,1168663894.94321,422980.197867775
"P00967",225563.773370674,52917.1268526634,1837036.44046553,2656201.17549966,1190584.03401676,357745.046174347,31153193.245493,25618614.3561924,1984957.77284859,108236.398350897,13000740.0684704,575361.49097266,325766.436221741,110398.71580931,773711.488483837,8137468.02936565,206631.287181565,952662.583494711,1450180.87438711,197707.77612215
"P00968",51276.0496084843,100051.857031054,851313.101640995,2165393.6252403,159905.301066135,33635.3551855643,2867845.78886471,1728118.46933832,1122751.67051061,278369.376861231,18792.6901302635,389632.300312699,384805.696118897,222996.690301551,286628.829668103,992077.416618657,195283.622329053,508414.923630166,424142.804441357,120658.214222714
"P00969",85667.446733629,94750.3419520011,1602029.77342772,9933580.17553171,880463.707250195,173658.283672051,2096564.36050134,2128393.16798173,4109814.28555461,316621.775494092,2538701.49825175,526705.356700704,308284.944613031,150840.828172942,20731.0496525813,641718.149292022,206956.829997854,180036.61433641,74184.2960109417,211555.0791698
"P00970",12244.2136299127,117192.714029452,281516.968744154,67282.1121246642,157610.186540646,52314.1581435493,300966.727388495,48174.1558983051,506372.968942372,279290.522921996,18460.1148555478,477150.241121236,463190.977510632,218756.30025308,71059.5324045182,65803.7520467303,163186.277890125,406663.5023526,163609.557982429,147382.552054731
"P00971",201684.172963597,79322.7949982088,86965848.7184323,1974870.73637118,1754949.34360751,334606.457440447,10882766.7977132,731239.799892604,1749945.07780043,137996.811953353,47363.8170116628,511039.745544129,454883.968845702,183939.280115881,1057048.40404347,10096634.8032575,192361.961449135,1853370.39821129,3248914.79752421,162406.844612936
"P00972",156356.992326399,87276.7619789986,15041334.6359814,11429948.2689974,1072628.46989021,220226.662025595,24504405.9294923,28438514.2099498,1424767.32003091,234435.265502245,2446036.64317118,528007.044092846,381017.354320798,176249.834043312,121816.302474995,2098798.80111847,202419.163794017,434337.864659571,607991.404245172,170122.708728646
"P00973",379161.243880899,71465.0408479669,12039842.1496852,19952447.737122,5351810.33881684,1528135.81729417,6001082.67695217,10158402.0092265,17587165.0969237,121677.728798776,2078149.48335276,498581.048365512,364310.163572277,123828.739556271,477345.804218504,1576268.92409375,199021.388281622,2693681.18461734,7574986.10095141,283552.162976953
"P00974",3787834.10716107,28114.6131657731,7351266401.6611,78486017.3542288,263265429.027081,5061102.92392291,4850951598.22147,267882691.566514,51620356.1832633,45630.0222222742,155402320.657271,653674.959139511,157611.089639903,124105.292860114,78775478.6085623,161635933.540864,205943.885452605,44243411.2832218,4385631267.84896,263146.147368303
"P00975",77125.6296209474,51861.0636553833,54960.761252422,5199818.10283534,508166.632398372,175271.991678155,6447853.03147387,3624326.48080853,1911114.01770977,161264.641886197,2174231.35412178,563329.183200467,450118.794418922,127568.88053772,45661.1251675021,1614491.12219935,206126.999306933,1838364.07437929,903525.304045524,171541.480022877
"P00976",98050.2278953103,54819.1874107143,2539910.49017867,1897127.83117459,2295897.27521898,1219357.84681746,14338591.9238769,17337281.2897386,5374780.88074133,50248.8096929232,1728310.33823229,565545.566763775,312964.3100895,107861.10955007,2858722.7085232,961812.597522319,206901.835761204,2773814.2970597,32136524.6072916,261347.38760653
"P00977",19184.6497279778,106465.716939576,85588.2837862007,820839.089215221,264466.221191491,72249.6890297129,196711.486127863,55524.2343109359,614891.218830324,288429.714285415,97121.805090899,447482.132762381,478783.846977792,217725.38867335,76356.0807364585,358906.638317331,135494.201667231,845720.716178669,39906.9499935672,124972.08315403
"P00978",50960.402352067,69216.7892801675,415563.444664275,1462653.6447027,586494.461367531,45457.8234779564,442616.088996913,268268.893634332,691092.665658415,185723.486076213,118732.666343134,460478.140392879,406749.621442386,206715.995160549,36219.35061863,191036.796290978,180652.704247569,938126.907573706,359074.258649141,159051.923935128
"P00979",931667.543835562,46003.1061820157,36854424.2381637,11153022.9984914,34410042.9246895,7189767.63509396,4429968.78530958,39371672.6536121,7744772.52843408,64115.0054846976,5042798.61274966,597802.230580402,233133.221534862,127384.490070044,8122234.95435127,5030017.93771132,206981.670897107,5532589.19460532,9959594.5910037,238043.375211491
"P00980",173189.72346631,103853.005374558,190116.930595131,1042291.22334683,331616.425540141,52937.0847646926,2572803.46566672,246234.835737082,843900.625675465,299118.516055317,174891.147657799,490473.288381811,440294.113438051,211518.977604584,40870.7858014226,365304.706259989,188962.552100989,173444.030535942,109388.225295487,190464.510349214
"P00981",148299.688495216,81930.7159650649,2458967.41903351,1526441.70292239,347655.401198815,176541.257685954,3385030.70523323,33709352.8684814,2928602.63985423,204767.073714766,5167433.44055663,518627.200541556,370285.836820401,183297.809345067,133641.254969554,5846003.60335641,196072.016850196,1063067.28211921,3967879.63130626,182785.723207101
"P00982",25366.6122370652,111678.059816743,1393108.41309665,4253711.88878963,66197.5828025597,25339.175317353,526302.186831318,117652.274722577,540283.172507956,288551.394403955,207182.338119754,501452.284675717,462544.365415449,180091.114407376,11916.9556208071,93058.0188650038,179293.771817244,385732.999293238,11885.7606290986,146645.349320713
"P00983",354026.034631077,56904.2655804701,138345038.929474,8457366.37563088,10489782.3538717,1512435.73087059,25464333.4738996,41616394.7567128,3672851.00533085,84790.4174205835,998286.633507874,576961.184297636,277331.821835027,85719.648279377,1502530.83616632,5122713.61369978,206779.335328471,6521461.1389706,1171525.36304926,305605.393518528
"P00984",70652.1941424801,96554.0819034088,1405347.35865846,9145422.21673523,549832.546330612,34608.2882737497,7000842.68580746,760566.456569565,1181944.89238001,257797.416066827,449181.300109483,406552.276333142,353697.140165494,136045.403865735,15744.6775443592,1068084.84148596,195435.99101697,676096.804054844,257436.036229461,171896.137102859
"P00985",121767.832354908,76572.8532015787,1557767.99379777,1339786.54913026,540802.000463391,274172.853505969,2743696.74257568,928579.799571933,3783602.04488214,141968.80815404,146380.143459564,436415.873052827,355488.826779192,141772.359030943,668740.895034318,1462805.58361995,189528.285902471,1323647.16318308,968025.615871008,176463.735693019
"P00986",112349.247996155,69632.0287196477,2215820.38050445,9393270.98306805,3203745.33803946,484684.328849761,4346699.33619344,2819996.91946321,1495424.47440716,225826.225426993,1314444.6559304,573911.396746576,314191.65883086,173645.424148028,307470.365268184,5994911.29386726,198681.419843656,1872617.45340749,33228002.4892563,246818.682292742
"P00987",46935.9961508857,74430.4272323781,2251387.36457024,3621087.18283859,595588.628945551,260888.576829809,1419465.94898867,795071.52953486,1440692.75280412,186837.931588306,1684969.74838365,505570.181495693,371534.635879243,164878.306130439,530037.438350576,2120679.13786966,200099.703540938,5835959.64332223,732579.793261427,165732.572191269
"P00988",2631851.03490689,23279.5987490806,12961364435.2678,2111676520.41058,815523720.239862,43516312.8524697,8581029805.58524,11520823160.1522,143999637.490066,19692.2656749772,117449004.422561,702114.436595022,110186.616437693,56797.5749203403,173757639.174778,3155739900.53192,204668.633529493,174070822.752648,9037168221.65843,1195137.63008025
"P00989",382546.605806204,98309.5945394075,14231737.4957815,2672038.3379382,7465930.64678154,2031630.06112758,62569840.5367525,5295056.84597319,7663620.98811826,120652.371629011,1828520.78997512,626064.683873995,354093.280981214,180392.92848406,5589439.48956185,8996924.28610716,197948.062802636,2641880.61733881,12509324.7662986,213099.740305043
"P00990",4535.72499612405,117784.019717389,30167.718784064,155110.015098351,23034.1696317898,15290.2676043855,184063.035674028,21320.4581128681,367284.201332433,281196.130341297,3447.40930413855,270726.379575099,473596.727571466,222958.357836333,3218.65547024769,74330.4464562524,111545.16224625,41766.6658001069,19199.9366223331,73638.6881384181
"P00991",18353.3648031676,117531.85816347,7170.04890628052,582852.045184552,902126.44694216,18120.777486316,249589.544777889,167285.835442199,378404.401139952,313164.972967145,16697.0901864634,282919.62114907,479201.444042907,160340.101638523,8410.54602936963,57648.3038683276,154148.409101226,169070.061854925,48901.500519198,144524.493065528
"P00992",91177.8889483174,75832.2169149779,492182.972424477,2795426.69315761,1269453.96269298,89004.1586614079,1366976.29179578,873555.289636093,3168911.42961002,108136.457228424,710622.604511785,381897.897037325,446573.206257236,186076.683884566,40076.966046774,104666.680970292,196901.762179029,347828.163832132,758242.485663726,196482.555698931
"P00993",9543.76872410137,118200.307460065,5879.14567480299,842402.791263119,17022.4007274908,8877.66124570149,56649.8377558413,30950.1944225606,97403.8926624712,318005.635916042,1769.99547769832,190529.476050044,457594.367933378,222284.560540708,1701.05843384338,5474.28295673266,152619.840983264,29915.4350688326,7510.39410990046,68758.2975344896
"P00994",514009.83919251,37968.6358867362,16257724.7694097,1317885.15560725,29020145.6738359,3493057.34657315,92674995.0214784,263961461.48673,14851322.6935193,66215.3963060304,7160850.01498121,636116.653286264,296556.856753578,137853.524767279,1472679.46672169,7911587.71869578,206840.844999138,5594874.25604088,77057093.6012129,244513.128086993
"P00995",119412.808259618,79766.6518185066,993639.841242225,5136994.73153419,1535891.67858223,314083.599249636,24173459.1906201,5224341.03190612,2961608.07030322,126211.488364536,1014014.28025815,554790.881172143,295281.942729091,135357.375751097,266643.519372035,3948930.20964033,190796.185415765,1587976.9093464,1023781.56782517,175580.532693356
"P00996",218697.184638493,77161.8072460067,177220.246766027,10762492.4783067,4254093.6411167,66173.3014593469,12551750.2276294,1337632.95644437,5874829.80970327,197460.89392057,1387850.90364853,503926.985631399,263553.908860457,94891.8645482734,35394.5686697506,2862884.67476099,205358.037970903,687766.981868444,1760689.42607026,195073.739185882
"P00997",16359.7143204636,101218.85060724,360443.871303946,11138849.8271369,803314.281459959,90425.0302873707,1692116.19211978,487382.447924867,907926.036083686,173924.53428678,71245.3517737572,485624.178613588,370198.523672439,172064.387012515,320055.595437333,154260.647830739,183203.887290942,212424.680686741,250311.070559178,154130.654459288
"P00998",73445.9721504529,48727.9944306937,3295175.97041584,4265731.37363139,7849430.8103653,1106054.39593131,25779347.7023379,19127660.0113302,8014753.78142836,144956.489287985,3938334.38393409,616355.312217956,297748.58946321,128366.927405156,1882818.50434626,4209089.22884491,203090.941033491,4251241.33384835,2452898.38284375,207781.067790541
"P00999",17981.9797574179,107050.297999334,211498.428903406,3820544.48961246,390964.183358849,73671.0876560719,206025.465126137,122548.038638226,849846.849244282,185840.001369595,117353.122752584,321501.813975884,455191.649909546,221600.236919827,3687.60982528448,118737.262718046,191911.500279642,101434.660372311,78362.8328232191,154619.018578613
"P01000",366175.191929224,50721.0655474754,1787525.48322153,9310741.27324625,4348267.12562677,1590647.35140166,6999171.15956139,48343991.2085333,4511472.40988996,87374.1403324235,1621779.11536308,537070.194707391,225073.327988126,100653.842139232,934237.888571732,1117403.49656429,205179.992978439,4539513.59944607,4635184.51829618,206454.128714684
