"","G1_1","G2_2","G1_3","G2_4","G1_5","G2_1","G1_2","G2_3","G1_4","G2_5"
"P00001",348209.357067981,306164.413970347,396351.645541815,122792.604495045,31368.9006886373,5373.92073452936,24085.1575987689,27218.2320170922,5343.8199845386,15132.2102086759
"P00002",870968.33262735,107621.202175529,66149.5312701121,377841.596288758,23734.1237788576,23489.3074914376,27033.6096278864,181822.36646431,15487.5222790639,22650.9746706174
"P00003",2221390.48590713,263925.992646774,21815.3330784765,249184.81277213,19898.6041280114,14586.3407546817,27573.2221232484,50657.9483207878,39042.6119227885,63780.2536743704
"P00004",154968.63600197,9107.08908366351,1334418.08373817,626276.889642151,44368.2658349972,73165.7092282829,20387.2670392615,1634012.82622538,1664.54356081079,2332.74478069882
"P00005",3927778.72335296,209020.971566039,23424.1627400618,318422.765665754,16044.118370964,19106.0271801853,27709.9815803193,43644.6880357384,65144.3525549768,98013.8933751573
"P00006",145073.372475823,2134.46131933538,2938453.25848603,304419824.679317,54652.4934576765,39977305.4076887,19261.7179930958,1296241489.07311,2319.34221620801,2575.61939125919
"P00007",1923336.50210828,119198.493755747,39804.6583808899,421703.952599379,19937.2237652392,55460.8677888527,27485.6412493593,113217.436707099,38806.5129966481,41989.6675111382
"P00008",4674309.98557966,712214.026360074,2468.92786641357,109525.015355515,7725.79118143899,13720.111261999,25522.1964621319,5829.29135312545,99059.9043182584,185348.107922046
"P00009",1100373.34510342,81985.5907728089,55587.8285622374,677565.485245963,21917.7747929665,29733.4527363001,27203.7442611851,311291.764751626,18332.7468907675,30082.5082207764
"P00010",373454.949959065,9104.83303476026,158698.029071283,5861030.11970768,28562.7020048476,467089.579921827,23234.3050982344,6465691.52777929,11665.3895361513,14834.0925853303
"P00011",2540245.95042163,409430.926725415,16218.2386296305,143236.385563002,18312.9430347741,8878.03166408163,27917.311359441,8985.86341882121,40549.1244145322,50987.8504527598
"P00012",1106989.3108093,41675.4114850705,30856.0456832938,3080886.99950883,21245.9352411495,120799.468242937,26969.024613531,1477204.4113273,47158.1734188712,62421.0180849406
"P00013",881343.438291493,19598.4316963305,99199.54276733,1153675.04851183,24570.7093833399,112205.721020694,25547.4785075109,835168.848382523,21917.1381491737,19216.971319339
"P00014",2216289.26212551,93972.737289877,33279.7634830963,645970.623090382,19583.7441831502,72561.0268043068,27823.1363741034,139656.073740759,49210.8912104177,52141.816468596
"P00015",453535.859399426,11529.9445839791,215786.52865222,4864495.65968752,27215.835115435,627086.130335165,22935.3092870599,3969256.98573311,16759.4305948206,14201.0384920406
"P00016",1715462.07817345,262204.597247916,16031.4401487492,346070.363257368,19472.5437625815,24609.2844028966,26855.7101811017,43577.6448677705,38099.0591984355,51654.2127403459
"P00017",2199701.46095897,197985.796198339,14571.2091298683,782835.412859173,17506.3210734657,93765.7540220435,27805.2883433994,211854.288825127,46817.2672219779,110262.561540594
"P00018",2541078.02997776,146683.048613772,21368.2156480859,400963.668090313,20215.3344365489,30367.6997543436,27877.0473016117,178102.490157308,47738.5096930887,64451.5734966047
"P00019",221835.768179714,4986.55805590211,1161860.40768151,7303774.4069336,36793.1719621119,410082.109562672,21141.6220285183,15563396.1330966,3570.47359818563,2968.31366951746
"P00020",2976023.4326571,293667.799567628,11495.2121884987,627281.687471016,15689.282443806,36648.9561541219,27930.6771224148,26687.9707412471,79385.0557193887,101773.22339289
"P00021",3191250.81865912,538214.43173494,9925.62323393138,59547.0946940835,15101.5164823531,4419.78224864533,26946.0906461234,3150.3281801387,51889.6809805214,85825.2187937826
"P00022",4274904.80410886,293216.954457464,4520.58903813829,974206.803715662,11723.887175543,96744.9061236353,27333.2000468893,55759.6296967836,98542.1005284378,185731.555185486
"P00023",333261.236696599,137579.200086761,307646.376843935,489453.466565277,30119.4968564481,76310.9658597877,23336.9531339549,134566.396040512,8835.81247911622,40919.0115848451
"P00024",283335.908324588,9352.82196919453,285593.143703086,5301610.9640205,29856.3708722152,444844.332952244,23682.8879758642,4890413.47076606,8280.37156382937,6535.5374155161
"P00025",4577185.68408068,735429.086996525,3505.32270180302,69794.0276448037,11767.0986915227,8238.21019879102,25882.6986724692,3254.38212176587,94866.6037485573,185840.966338897
"P00026",662747.209158789,66110.0760879699,95442.3328353603,499005.301478043,24717.4252004736,43358.4786803748,25878.1869854629,373717.343354018,19224.8877451362,22851.7309510687
"P00027",1153636.27325928,27288.2727553911,61968.8534661902,2785294.52570174,21552.1603940649,167860.774666178,26307.8166227631,516094.407222361,35783.1625843211,30249.9739161246
"P00028",395114.649121737,16156.1961164817,257722.468187365,1739861.10305224,28947.7486511658,123021.425899795,21952.8557386883,9417842.73837987,6223.98415524707,7192.6727723116
"P00029",1673129.904682,67918.1925835771,29862.1836638407,1510453.66573694,19708.0790560711,208412.003542564,27096.1596701473,492488.380614599,68789.9734389383,84264.3420233495
"P00030",3175474.81328309,708412.092821966,13346.3962165158,72382.1905619465,16312.4643814529,3502.74225062667,27872.8908731783,7779.76323767055,53074.9065157157,79606.258148141
"P00031",4278801.17223454,558566.139999649,4645.84506192052,124105.532457563,13683.098184081,6824.39923774283,26914.0941644203,10632.3252035145,83175.7758298605,164323.198308399
"P00032",4267098.30732125,227115.247925727,6577.28772016975,1043549.81738906,11942.8807294351,79829.4714956393,27913.1854661629,23487.0951551237,96487.7262318467,184915.886863345
"P00033",1061537.9820735,87538.5800881635,96029.0296604042,526696.014185127,23313.0699246132,31688.083292857,25957.8015890197,133679.782558514,21139.8349464384,21403.7368452446
"P00034",2926778.01464564,359388.436703465,14468.7771927704,130647.42139361,16592.5583131511,15334.5152677546,27602.1950396757,32747.3519063064,56901.7498014085,122414.822783109
"P00035",921909.545085503,158536.989751883,71388.3502664675,473085.014942245,21507.4662562076,19350.6155153603,27406.4217710156,422307.605973476,17141.4571096609,20169.6072965927
"P00036",1608212.566096,445500.221637664,34319.500811954,61405.9057042146,21346.6484474075,5759.38934350877,27653.1373093477,7567.12589407722,17919.842806784,26332.7996730054
"P00037",2425137.1806391,338112.810605816,36929.0894814462,79166.9012615694,18553.4936670944,4184.09157596794,27836.1633684023,14033.0764074103,32778.1675970661,46125.4158346676
"P00038",247292.910992329,7288.96804078498,348711.09120337,7014428.42491751,32542.9115479876,668960.309491713,22914.8049099907,26503907.6342283,8591.24386093645,6241.16645785544
"P00039",4273275.90656319,844775.21395329,7724.01169276345,34193.4984893333,14045.0587920509,3008.34525686899,26556.0746392259,2082.71087310416,59053.0846388493,117945.002509404
"P00040",2617243.94856665,336012.346970673,23890.0798063995,119227.539970095,17247.1042955159,6189.05924905531,27907.0480661688,12493.4243046292,29853.6049648763,49249.6221844256
"P00041",2640918.3253442,461299.825837161,17038.7775205166,108637.02902976,18668.9646806708,5054.93143310894,27931.4086941286,5418.37862178049,24717.2438051826,56875.5879026734
"P00042",414144.250672567,15122.9332369558,221073.392511573,7804007.08572678,30276.9520335253,591295.645687815,24103.864672821,17823220.3711738,13453.4788334009,10143.4086698765
"P00043",1133348.4288072,59834.4764614118,44998.504455705,2114255.70140921,23037.5758567242,109295.078993575,26917.2221873931,282155.193630298,26000.5041823773,19367.6057852887
"P00044",4283344.35860932,664460.569384753,6526.39823801735,115064.15040614,13476.8799991415,10556.5424275647,27713.3261813912,7336.73988763339,74885.5632768162,149580.956805973
"P00045",2341145.53958383,571147.437084144,26265.0543921773,61838.4562070187,19751.1630490506,4284.7055660519,27896.9937667109,7474.01695377214,25754.8701614241,50176.8568875841
"P00046",1193512.97759635,53341.8228843457,46752.3123052315,2352008.45537212,21002.9296168582,139251.29206472,27584.7757788493,2224865.54244537,50636.2570261569,62421.0991299812
"P00047",2505169.45669827,109617.661727194,35226.847620616,934372.887309196,20015.3484499425,92543.3302836524,26976.9065883637,164969.786406512,37875.8136905394,39064.9671859427
"P00048",2262028.23070811,155700.529047985,23740.1013638384,312973.907301821,18393.915547466,25299.5863555053,27845.775103703,96505.2862608543,54005.0805358533,99262.9686981595
"P00049",287665.218209715,34872.9600063862,534518.367198535,1411412.13356479,37149.1304335685,82615.5051368747,21726.919602748,1298689.81679716,4636.05581847149,8377.0343863002
"P00050",1751717.09604886,102361.315466526,33962.9739448778,2500829.03713106,20394.2954245096,116606.924728677,27672.6812295566,535972.517505438,41548.3770414827,64964.3549954901
"P00051",546551.614209626,13747.9298022366,252587.661570903,6166133.10611563,28261.3882059437,201153.555073063,24216.2512884388,10067769.5548853,14133.7806656766,9919.61390319638
"P00052",971733.873375742,67204.3399235263,55619.2170058795,279117.925832472,20558.6158562675,16975.1829618076,27360.9811245538,156856.556389267,21525.3848183587,25390.1776789209
"P00053",1802570.82336146,135417.922935688,45408.7118688871,721732.2237821,19064.0226993655,53548.4799387416,27474.7391770233,192883.697878354,32491.9171321139,45273.6678558452
"P00054",861855.074486948,7527.89196434166,50786.1420803873,15225957.9709473,22179.1301405304,2452172.58750746,25601.2406772052,11781766.9464714,35709.2681884236,60485.6959217058
"P00055",1417994.31159687,167958.906678911,30050.1514006045,91076.5574213368,19720.3472617392,7881.8827135841,27549.9115483853,17253.5145758264,17720.8448406133,41888.8224894378
"P00056",1526356.46383784,273079.093130773,23230.5102578556,116787.212927724,19064.6947694871,7870.87562054743,27800.0809468517,18915.0463747071,30991.5566383647,43080.9571140374
"P00057",4230615.40590012,486408.455080612,7444.03699278531,264753.517903334,13345.5495486404,23791.0534817211,27215.5884426041,27530.7053877642,89295.8370161382,157132.592884939
"P00058",2085828.58825799,174140.019632322,32162.3783112336,891797.058703897,18823.2345323285,63012.2298580974,27343.1771290587,98447.1571911242,36688.0338122398,52474.1726496965
"P00059",738210.538933725,30694.5506303786,57661.7220258767,3563002.35724718,22093.8931715933,193391.046855641,26463.3403687323,1093646.47986611,27458.1307764387,33493.7360027027
"P00060",3369998.06918816,335372.999906332,26122.0564249508,541659.553104545,18006.1511033792,32259.3306406832,27774.0932477268,61120.1284188699,48802.3695018381,98187.2887624947
"P00061",2470917.03259274,433721.190378342,17001.7883413265,52781.1012401345,17917.6046643379,4948.08076996669,27855.3828760633,9544.74713365678,31161.8326663892,67946.135774634
"P00062",3697049.75953998,488955.448346204,8788.0409018565,132137.424462571,16175.9052111158,14297.7231660326,27177.0184364849,11270.5274962512,70462.6342513374,143952.5338516
"P00063",2582732.31205936,183954.143332489,30160.7903927544,183618.490426931,18876.172160775,14746.1187152738,27900.2133121342,31744.751025582,28937.7338602033,54308.4216193312
"P00064",2811589.87397888,173139.438648853,28877.0580058763,246296.296428477,18419.0957491603,25792.4661013619,27760.2644402107,32212.6628320816,44873.716965978,85262.2415132243
"P00065",557784.010402049,36321.4559147136,130939.206341824,2797914.77426899,26242.1167576947,115013.686435792,24924.390262209,3988346.84872775,9603.66174811416,9066.94300315916
"P00066",3190389.58327829,400115.303694259,16962.6576184592,68830.3264901283,18041.4347602462,3594.4838775278,27631.9759294238,7219.66257498402,43232.7872189511,84092.9030775865
"P00067",1042202.37457593,32941.744761781,45462.0875519692,2583308.42458811,23034.9353867994,148186.86936723,26906.0217583782,2454330.86021985,23307.2981725194,48323.7114447646
"P00068",781077.620852416,20512.1243878325,109850.375578586,2576644.43685443,27073.7268848985,161037.599776681,24782.2180643479,1086660.8862985,17409.2597595349,14596.2691323294
"P00069",1727373.06435508,215434.559375106,26458.1172565081,392768.777936139,18362.3885956814,14263.7324874665,27931.2456968084,25211.1879970585,38640.9555443412,33390.6617596413
"P00070",150294.207888604,2512.59963058952,1405775.63972417,53860315.3005201,44115.1866871284,4309524.16376823,19639.1566963845,286629333.8929,4114.92907752479,3225.25624509393
"P00071",1818184.65495925,132198.733546034,22404.1749781863,840859.951281513,20424.0233737453,64637.3361139326,27133.5733484291,148516.063601248,27402.0574552288,41105.7969907595
"P00072",3382673.43027174,529166.452408354,6219.86720332029,142416.488426731,12537.4757260018,6813.71641111392,26944.0657151513,7124.11334517339,82297.8966019404,138009.887302456
"P00073",1547437.62125084,188473.078559311,25838.1316067556,494330.433694259,20340.4063204611,40843.9423779611,27145.6895630878,55183.2836133423,30415.3090315077,44579.3360949313
"P00074",1492762.36836784,149338.561847715,38926.4500835766,397504.621679478,22312.958049302,30980.4903459822,27560.804733138,160939.908268083,26382.330630331,39161.1647420497
"P00075",903777.338417386,32841.6889976836,77134.0379975407,3939078.75415199,21469.60631538,238021.427015058,26750.710398509,5038962.26549539,23763.9559890556,30702.7497822663
"P00076",394601.61891749,5735.42079854265,285365.970820738,11725195.5511468,28752.4915147565,554770.874699365,23225.0467833083,28760263.3874867,12129.6208913495,11394.2771259579
"P00077",3041185.55791633,160599.669550034,17283.3656205848,526493.863579779,17982.0910220972,39423.7062706973,27901.0481767965,19541.4641087886,54302.52267397,97911.7685513455
"P00078",471601.670830515,33383.1536647738,90726.3522271496,1289476.45746993,26230.0532244747,50355.7859840933,24091.5045660295,446536.274615541,7432.89877307122,9826.46617227055
"P00079",3411995.55616721,614330.296798584,6873.01905898884,45295.2809144923,16237.4510471757,2557.40524799008,27439.7432092029,5089.70780819893,51590.7550845504,107241.39946043
"P00080",2873835.8291532,873155.028504138,18415.2948033934,24169.0865697459,17332.0891424145,970.72375415699,27612.1900469658,2127.89345305073,23263.5917497918,51045.7313593466
"P00081",346561.318957308,18391.896762702,328889.411915053,1754632.01201089,30881.6291236421,148710.765101726,22735.3838397378,4657963.12424858,4372.42869978424,4439.93728016946
"P00082",2101124.96392992,226159.690296852,25984.6868875432,659921.490104583,19086.8719603095,31627.8620753458,27713.6960475338,425334.722948332,48630.980013607,102618.527558784
"P00083",354810.482566643,33737.9984618911,240873.377243121,1332370.09849754,28441.0810456057,92870.8293180444,24014.098349792,2103045.16603765,8737.51112993904,8123.22365394394
"P00084",3445769.67394887,178481.433309014,12020.4572701626,373642.736609226,18158.0294955985,48997.3720583739,27865.2102822927,53976.1349138043,54170.2968806793,122167.659832828
"P00085",1134436.00176366,83001.0100343656,39777.0974178003,585731.943386095,23332.1294015181,40861.8056304257,27193.030554488,188743.319132408,24880.4513433288,25218.8488422471
"P00086",4691891.54295769,738027.520734267,4772.538617135,91011.9524403741,13117.9534007299,7727.91013355897,26874.0900678908,4882.05745137664,82603.2010383929,184363.364751877
"P00087",362681.771548695,7141.69290336594,272797.025728325,3928767.66948055,32328.5614573286,183211.252072646,21736.2885354822,6595878.62951862,7294.63954986343,6512.28074837801
"P00088",1506952.18852865,109918.226282223,47190.1340985108,160997.791195658,21393.1314930405,20818.8780575478,26749.4390342309,62653.5644963403,21598.9036810753,37499.1050732258
"P00089",869839.518846254,21325.8728677848,166408.643660729,2499378.48829991,25178.7713106066,135513.169837288,24665.5801931929,4232185.75608551,16503.7016598164,19373.9020196093
"P00090",1466660.65425838,209900.32813663,41955.2690662197,173151.575599978,18617.869617576,12807.8119169825,27616.713708276,50051.7231630391,23027.3500308726,29871.9651029684
"P00091",4505024.32072433,558732.520091081,9183.57727008047,151686.333640395,14778.3526092278,12408.3607873699,26779.5580999544,14488.1988860578,71539.7861117176,154829.78985286
"P00092",1971641.71803189,222957.396854413,39864.465617042,162343.034565112,20119.2141132273,12082.7624104151,27423.4470428525,40645.4282784154,28641.9620001752,54797.5973096317
"P00093",987578.709047892,36607.7995441764,68744.5853318526,1654055.49623961,23076.2119886501,90543.7142883964,26598.0706032409,736439.490285243,34669.9608897671,29690.1149759742
"P00094",302330.894595806,6372.73047063247,423533.371283873,14449966.1895062,30548.1002121269,778444.203062399,21498.2753844042,24887314.1771889,12929.114668284,8473.74171217539
"P00095",362769.874253365,10761.1092693496,258179.487012606,2589995.5731844,33538.6522460445,271342.133443497,24350.984278506,5420346.78048697,9209.78888901808,7007.54780145386
"P00096",992820.357861064,69317.695317,50457.8616014165,1123832.05873474,24138.4466517351,46199.4902369919,25798.704835608,365351.973280929,22805.7622273035,19802.4719287578
"P00097",1146581.5722066,42163.8173156896,93941.5156519452,553161.250961199,23167.4282403421,31945.5952293588,25227.8500215922,108089.993958923,20064.9972390387,38145.0410156142
"P00098",1883523.2225474,84286.8528769639,52227.1669481993,1573491.31918401,20714.4830072045,136117.06267098,27212.4527943165,314243.605366655,38582.4119413666,42308.8276224422
"P00099",905547.722040464,64539.7464406581,70197.741808805,937370.064735686,23110.5241446682,66189.8258252749,26638.2703083845,473457.24364392,27804.3615250874,32214.2013042688
"P00100",4092662.44803605,705824.875920641,5679.44997115703,46280.0922517208,15219.5063188377,4336.17621446889,27101.5398568734,3585.9953275687,55300.1451468843,118526.814190733
"P00101",4626184.65980781,809941.610601544,2728.74540873295,78862.4296669949,12023.329524318,8433.16826555947,25526.1324303177,1934.9990863839,94289.0245241039,179255.184330385
"P00102",3677220.43386891,432438.796916306,11781.4513841154,98584.6280879852,15283.5070707467,19163.6793209325,27932.2588629731,17296.3582760604,54024.4299422584,127463.056956464
"P00103",308914.406940213,19977.0723722392,250842.045688421,995719.858699167,32315.2257383188,51372.2447621258,22838.8135008365,1004027.38986679,4869.5238362712,4535.15163994816
"P00104",2327741.0568676,299821.368212384,29814.8426874755,107968.777352147,15832.2511534185,8704.78850349614,27931.5454552169,11924.6525083659,46328.0922238531,64564.7003732963
"P00105",2834004.18935022,732392.15168614,22976.098389597,50495.6030732238,17792.7260002234,3311.32980690053,27897.7737610827,4069.69577363107,34658.8639396906,69985.6148965187
"P00106",334044.873733313,16973.4624854402,303176.178996377,1324750.54697796,30665.1524105187,93673.0282441209,22499.0025230514,2663812.39644573,4522.13943656827,5846.11554896733
"P00107",3430755.75679961,918935.370832176,2062.37681686882,14984.927911905,6244.69148360797,1819.52345709351,18299.8061597509,703.866595746452,97738.4456023974,166028.215915293
"P00108",1394355.71150978,51447.9533255875,45367.2379568299,1011922.00584385,21989.7486303265,157173.137837524,26796.1011615249,389695.944695778,34229.4307521977,37502.6338070954
"P00109",2516622.93698531,160922.399603441,14371.7395658434,1128233.56685656,17077.8333418429,131868.77629045,27653.7033377896,302070.31795993,61207.5690247904,115900.228435846
"P00110",2944412.67222882,291229.318324829,10322.0493959469,376690.967923483,15799.9649927848,41920.0220033421,27833.8419108781,57067.9516051929,68765.8157869713,154238.459038486
"P00111",1619577.81705374,131318.939424065,31677.843773042,668920.540816415,19082.510273867,28442.5565248484,27030.3087120684,140333.123403404,45025.6889483671,62814.9432178299
"P00112",4405909.59018719,793039.493963556,2655.35451068367,48742.6744962096,10610.9196917483,3164.49228514848,24678.6546877514,2490.06872561526,84156.5433611303,178146.841386308
"P00113",689238.400151793,22029.6892674372,101005.716002742,679748.209505485,23757.969501559,41433.138022015,25410.883879971,407999.110681897,10128.6152299055,19640.4257275368
"P00114",1183924.83332616,122579.155932533,30413.8294766589,725837.037135227,21859.6222408996,51043.5844137921,26955.7842171864,45274.8647825719,31504.655189529,52669.596905748
"P00115",287392.015196345,11590.350518474,394982.10186182,2207762.91576106,30662.3298200791,173594.764799051,23007.9804096127,2294872.87848425,6165.29859916654,5746.82416410219
"P00116",491344.170401102,43722.7345615186,144975.93716646,653457.059028672,27297.4817866764,21807.8907333383,24665.5709997944,1005739.48409334,9217.7050928429,7621.28635083003
"P00117",713194.618268581,43642.274130708,55933.2353769463,509206.974439796,22766.0626371852,63347.7725910205,26143.5910143045,389182.865550682,16780.5428425414,28281.0574143875
"P00118",1172417.80184912,159932.238558966,77988.4012765775,524297.021657768,21700.9471840749,38964.5195873787,26785.7809226711,214339.745102269,23751.2691379439,34639.8974030081
"P00119",2059916.39296249,28379.110130166,25490.251477722,3090759.77271224,20063.6240120224,249189.858021445,26662.1858547114,1000014.98329945,46299.8006915205,70794.0207165635
"P00120",4673681.2860584,878925.033665865,4038.54555164931,51631.4426829644,10592.0927495643,6564.83486695639,25810.4855521034,4652.7174536106,92144.6928022664,174912.368055344
"P00121",3508727.05531398,578091.782894969,15871.919177855,87684.4135111563,18895.742597193,4651.68905002,27689.1165388496,5375.05291388026,50454.8320749262,66919.0525627663
"P00122",3233636.88969115,903135.246576793,1574.08202675262,27156.6815604603,6643.19579622597,2482.50231453369,19801.758689374,666.774189993797,97649.473750435,151318.776402742
"P00123",199211.948372491,11796.9408237165,552365.980375219,2207416.66695098,35225.4808154006,164219.961317284,22107.7874228313,3339898.98632762,4246.47657794645,4116.60723501046
"P00124",2302537.68175413,218522.206423922,18702.2081966952,405887.781099303,19201.2629270026,19342.4504960734,27704.0894873511,23118.0390422492,42162.8553734099,41246.6248994882
"P00125",155053.816704059,2131.00517058702,5507813.94614358,221797863.597796,81476.2343847571,20221256.3259503,19431.8244322472,1228603135.37718,1408.02997054228,2186.89221441113
"P00126",3591357.57836356,477691.400851706,10867.5831141931,115843.165655394,17598.8800747517,6985.34328120365,27873.5843425869,12345.7449770525,56069.7905628959,123029.169066985
"P00127",1186729.03099691,94495.9541181114,94697.6956114157,326399.880054875,23322.4936773591,17872.2132559218,26276.3772155534,83104.7125884262,14684.0560312955,19995.7614036637
"P00128",2212299.33096508,193283.489923906,29897.4887995756,298370.641757976,18671.6372966727,28598.0841583195,27482.1598277765,124955.277800946,57969.295545578,73496.6880024338
"P00129",158226.567412843,12708.8467727129,1008269.56976023,5778535.86641826,42492.5094106913,373785.904907075,19999.2995523613,2584062.19656735,4975.56259305956,23371.5711307973
"P00130",4050857.53051867,498807.36290573,6337.1264662131,56315.5045016247,15007.8535982512,4972.05772501012,27797.0099035048,3720.53982624328,73499.9653981591,103901.258107473
"P00131",4393965.04651161,48542.8659409751,5722.73400338874,1109431.79321933,10249.0630224643,130337.121903583,25622.8891876981,1059844.48606507,94505.4657533647,58234.7995644733
"P00132",465456.337884226,6167.19897938528,201253.011568044,10684717.0125861,28630.2132963003,924384.676774785,23060.6682193744,13815761.2013352,15770.3077575732,14170.4985238794
"P00133",380139.693139341,15633.5982225957,209383.626406919,5267596.71483423,29753.3522692745,218387.260298093,23020.7438982941,2075512.53775458,9833.65308833492,8496.79191195818
"P00134",2000281.83288168,218735.996300156,15454.8826520769,401163.143825739,18115.9889857564,19517.6330107744,27251.8702408085,44020.6508319965,43997.1946088168,69826.1074022164
"P00135",3849383.33643362,420224.951096817,7307.77061806278,105422.015748678,16550.6152280486,9974.72584844313,27777.4201100362,6510.77500706088,71731.3683273476,122646.341238816
"P00136",2037952.65826992,575818.389461533,630.041258976615,228548.421606187,3904.83743492133,19058.3899851421,14494.7601553769,17809.0286665999,72215.5844449177,167094.147270261
"P00137",4216984.45924221,291303.068118276,9636.65675438119,461319.545032451,15384.1943738563,34524.8301079865,27591.6401137346,34536.4707227067,82096.1373942465,162158.113560626
"P00138",3281649.070992,898834.258069666,12503.7322567018,26720.099806494,15764.3498820261,1250.32150919761,27644.9614922935,1569.36295834791,43556.7469071775,82153.0436978534
"P00139",2416439.11778084,469594.790952126,19705.0830900997,118969.966826693,15291.8438255512,9881.50464075488,27767.8096737866,22047.0433909988,44325.2542719686,89847.3765288133
"P00140",2125418.42485681,377727.32362376,19310.6199587321,124087.491590051,19975.9831183944,6068.15918676429,27831.9614670108,19276.3590166967,21308.9517555768,38785.7146478416
"P00141",442190.292098123,32796.6243255433,155986.452826114,3783171.76054038,26761.7672307095,182403.745783665,23722.2170518056,995737.815677858,15699.4126068087,12156.6816356025
"P00142",3756325.81754497,511388.787273271,8733.26988336374,171524.294770214,15626.1817198572,21120.3504825585,27160.8939428869,14696.6366883003,73888.2184660542,138117.233748546
"P00143",4568406.22437671,864762.170936016,5613.24704029706,47997.8887358408,11199.7170437108,5270.68301496494,27073.2955562278,2793.10985577215,67352.8730476281,149131.175195748
"P00144",1393479.86065234,39938.7184732704,85115.5209390717,2392845.08254212,21467.3267818889,90606.7373541148,26475.7228497685,1364387.73179933,24232.43262181,64077.076339901
"P00145",495018.006054238,45810.5998035427,168692.215771414,510334.84047057,27847.4187919483,62884.56855213,23946.8753703005,630425.413895782,7792.54230387516,6328.85193650483
"P00146",4332412.10774984,737410.990005178,7768.78147045741,47060.9653333552,14290.9332717619,4515.63865596246,27332.5137512795,3022.33262052893,59935.9254401615,82280.2218112418
"P00147",1392153.52018198,103749.911413878,40219.6172021433,345373.044539413,20680.4134953752,46800.3112836295,26419.1841642401,138092.692087919,27556.3268581831,38442.9365238106
"P00148",3563668.19877764,99955.504949885,13214.9638509254,2747865.52353495,14426.1933948351,163579.371689695,27889.8549116436,187689.676521502,85472.87464409,152829.098184355
"P00149",1322662.01492444,109300.328618712,28974.2902400418,655454.238427024,20156.8042323584,32614.3012908922,27778.931152578,88989.6906758629,45436.7299871167,67379.0639307588
"P00150",816807.258626781,60825.2699316845,64251.7512002342,470694.147941141,23206.3417956121,44546.1019717258,25518.8472759501,191361.136231556,15955.5718411883,19950.3386282007
"P00151",247841.002102607,21032.9816872373,422351.672179863,1030205.71198755,32436.6209665277,71559.1143690613,22611.6179210137,2851217.47710985,5045.59401157899,5380.60632566337
"P00152",1022058.53975798,26091.5162547493,53539.2015959508,6217704.93991793,21834.7961339351,189176.866016993,25739.1152609767,1685339.42550171,29186.2698042056,22382.1239101903
"P00153",1191547.889789,62880.6111033688,31929.0747829409,2008213.40825628,21144.6787377367,120706.339917123,26422.2567269452,492832.760781477,40498.8470195,66000.2130731002
"P00154",4677160.24476398,838900.974955922,2926.76941532833,32177.6137588932,12145.0536590537,3029.83010552929,24969.1100727537,1793.4683566536,97581.1585339004,183184.51551636
"P00155",1635452.41243007,120082.134667307,50750.318738996,801877.600915663,19816.3278105097,52109.3852408913,26154.1489248156,320147.766311795,32607.6599283915,54762.9430124928
"P00156",4690523.15216936,343044.248311074,3628.00458153202,366493.23947825,11509.9947193921,46441.400170349,25993.9509196854,22315.926762499,91264.1881698328,184536.275989155
"P00157",3172610.93313737,652409.89190876,18522.8446967552,50309.7649298024,17166.6271917908,4205.33103108731,27927.3794503895,4064.95881371685,48798.0638448495,103936.962445672
"P00158",1665366.23648765,26585.7053894265,34904.5283223024,4654534.95678652,20786.0890450809,434119.693995668,26711.1233232006,810232.049175963,52708.619062741,65565.5892959508
"P00159",413635.217301085,25251.7656998587,292303.799953152,1208947.43869605,29804.901628309,63098.5910421181,23177.9607271173,1078410.92568554,5745.78470063043,4698.26520352967
"P00160",513939.845308637,84002.0319240258,112949.198054075,158151.700821108,26085.686358566,9568.35891776123,24314.098369455,106503.327305108,4947.91984569185,4964.46524102757
"P00161",293992.534554159,17355.0662877206,399572.518282056,2138441.83787564,31748.235854245,181167.798935378,23553.5906383724,3520300.27039328,7173.34412995579,7414.48640768629
"P00162",4666916.76031586,676660.518617774,4136.77009582563,134396.412458227,10531.2191502496,10648.6314285139,23865.5974116887,4791.0477684611,99494.3156509967,185890.110824384
"P00163",1394728.59798942,184518.508112194,57033.6135307037,198858.724776575,23414.2243525891,15952.9136693985,26312.2468183299,71078.313949098,23971.8048749677,16107.4014001301
"P00164",526986.415441231,73878.2040482396,165338.544413785,1145123.02513494,25506.8896312988,76788.5593940275,24672.9240905805,1202141.61115245,12401.4109930082,11673.6490101721
"P00165",1224253.72233423,73998.3094912502,72157.437044713,641541.350288905,21581.9309329792,63028.0468305648,27010.9157139839,438389.762151928,26520.0262056005,23487.9052162462
"P00166",151081.744491384,2148.84916385971,3918424.14598435,390410339.187946,69577.0227873343,56613209.1848531,19443.9585170115,2999526905.38732,1740.19929705247,2223.29618705943
"P00167",4586331.35410531,926595.664708164,2272.30381835042,63033.6248877606,8904.63236286126,4767.52500060561,23858.9841545225,1332.49638485227,99583.5695428435,166781.972738221
"P00168",3889605.731798,180658.21803233,8976.48812270402,1195842.67865191,15850.5216999447,147452.924924301,27800.1794073112,64509.3890335308,91994.7638346216,159372.960834432
"P00169",147073.067143896,49945.990108754,2301158.6121478,1262019.74600415,59071.1977083144,80693.7387100825,19338.6777972463,306531.290436443,2243.37541805661,22750.1982954737
"P00170",3543940.48672992,156596.747061224,13927.1650633184,1158886.13421547,16224.4075260263,113035.088282771,27894.3619548332,132725.258613831,75719.3417370773,116182.420399545
"P00171",1716066.96575672,257775.497403828,23013.6440630154,305450.095850349,20012.5183587044,16635.3369724024,27546.8123966296,54089.4762163767,32184.288316877,44245.538592585
"P00172",4323135.82344768,719330.820455237,6940.93346443652,28343.6498340522,15361.4972798707,2035.19131633666,27247.636050618,1856.64753855667,54890.0173414694,115444.619815685
"P00173",503715.734751654,64887.1299151417,129883.854730393,897697.964473618,26428.0033778735,39682.3029911547,24715.7869574216,359437.249293045,9193.55617992819,11922.9636951472
"P00174",1690347.50746146,177416.413022997,28661.6668393115,319828.902875046,22604.4248895135,46024.0881225177,27616.7679853597,62881.7722840439,37543.4273843458,47684.7796152905
"P00175",2985544.37989197,127267.782777356,29956.1430601456,547786.612821088,17324.0380618792,33046.4011028055,27729.1556621259,103691.382121033,55379.3053051332,74195.3854056485
"P00176",372536.005095591,22820.3910944739,197396.833821794,2676036.45451843,27984.4092563997,172184.152340384,23528.8038520277,2464244.09508555,8895.35561709124,10672.7279043863
"P00177",1682789.86335373,124677.838771721,21685.9892451046,572837.658071368,18177.0488486173,38872.9181912267,27449.4601859888,225081.803927345,38802.8385898981,66225.6733390223
"P00178",892801.155133557,35533.3739068372,123479.718358381,1514494.64407887,24719.8749431397,89460.1336568437,26075.2826725526,645581.632818238,19118.8014531483,13211.685631642
"P00179",1627006.2259071,75273.1751879912,26042.5955267541,1554018.92157691,19184.2587870191,95598.7894275089,26736.404626568,454394.179184711,40396.07330056,66484.7126894042
"P00180",563544.356945946,34707.3126853927,133352.656620456,1162368.36888122,27219.7136853389,92233.0189408019,24775.9483652898,1239681.85881754,7547.57797736772,11868.447039376
"P00181",1290409.31803614,128399.158105725,68561.4550131539,474296.692635726,23787.907420811,60446.3712951041,26696.778603331,150707.180235383,18012.0271877305,22413.6860940615
"P00182",371627.170522069,16750.3184979821,244503.663287055,6370124.10589003,29534.9697316763,659820.285371763,23046.1484204976,7365116.22113953,11378.211429654,13062.0818765408
"P00183",1135558.88940767,443543.211041433,62219.9614780315,120322.796620424,22787.7420287878,8646.99015855409,27275.2945737468,33393.2273662766,22733.0804830224,26217.1322920419
"P00184",1028092.16138393,49334.6166571739,55006.0946624595,1134761.57223633,20700.0737706538,67067.5646967172,26590.2608220907,183145.86710137,26143.0554731591,41477.3149952256
"P00185",3170735.52822027,343354.190356946,12292.3158370417,102888.810373375,16542.2909008639,7856.31866852797,27807.484098056,9960.42761819955,67835.6805684744,84435.480711461
"P00186",157836.480466353,2131.21368172299,4667211.44198167,148091533.833824,81404.0718050379,13174162.3259078,19798.7717935722,736804600.759942,1366.15935818189,2163.96350834914
"P00187",313528.643198946,8292.78248698466,183932.185490121,8093736.93296828,29262.0712039229,957282.055567241,23412.9037226752,14050159.6935485,9667.15986846221,13329.3074033515
"P00188",4653347.22909223,138114.266550271,4755.29159317161,757076.428795195,12182.5214984328,88237.6519579431,26257.7762682182,328867.886545125,91177.2258610959,55440.7443529813
"P00189",611918.902383783,48159.716796242,109600.71477267,433443.70090598,24550.7345249554,29798.2285450993,25998.941439235,310958.035560221,9989.51317361125,11657.2739078484
"P00190",4218333.3333167,391046.315945896,6083.49066881383,173504.622388219,12964.0754634548,29025.3132179833,27337.6472866072,7560.88122470315,89468.9609249666,173995.724701081
"P00191",476473.02968843,63713.9607093011,160966.363685327,527073.648903335,26937.3500328514,43320.3246236416,25944.6241077517,481399.013923786,9705.21116690274,11623.5345808961
"P00192",4200555.46834666,915277.995360228,1831.92363183222,27483.2318254254,8298.32370467771,1626.32717191065,21733.6085547828,931.524214502172,98838.9183271689,175873.175443016
"P00193",4685920.17865311,616767.628294957,4410.57959922935,256892.188737156,10243.69785796,12698.8786211132,24856.3027367086,7822.72403622534,95539.9585127853,175284.573355896
"P00194",3972409.85049515,794616.409436889,2405.97733810678,12955.8782463277,8195.08577113678,1497.96294496815,21166.8200131391,437.360884360447,99410.5853611577,182687.374787245
"P00195",2017289.83535371,213142.111731992,41636.8341482917,119730.58252381,21034.138480435,8635.50568478895,27787.1287222003,24083.380322128,26446.8140450307,39719.2393958686
"P00196",1147297.49814144,76201.879709723,74797.4926070154,764077.738851354,24812.4048646549,57314.6051421647,26105.0099404108,280825.860105093,16458.8704475198,25460.1146549764
"P00197",1097220.0661617,48084.7604068847,84330.0485224554,1439830.76493137,24420.9126294206,89623.640008822,26325.3492609024,785135.719617798,18668.9490466587,34276.7868747986
"P00198",1779475.1060143,163079.331097542,43515.6086647878,275411.781187407,20671.2186312253,15296.9840869846,27357.9782909856,90144.5135511734,22924.179700701,33223.1104082958
"P00199",1452723.23598091,88512.984155412,39193.2071665977,674910.344674619,20469.1494810226,138966.340168986,27174.2693685885,560289.511229891,41222.2598415733,76997.3371475765
"P00200",308765.004264476,10782.4362940567,432162.395260395,5546344.2512434,32594.8350263274,213873.077305584,23324.3754485713,12136975.7696187,4417.00127433699,5423.32021787854
"P00201",471114.193664752,61606.9918405713,131246.461708365,640996.349813188,26123.4529972043,74710.2206881512,25324.14412753,586300.371724188,10525.33020879,12541.831761919
"P00202",338633.786818676,15377.5460047948,273893.442362608,806007.76334668,32111.6161153193,51367.0336720401,23795.1942852786,1345183.7494286,4630.69459407311,3616.7174756092
"P00203",1132145.21023,21610.5490981144,50920.3487354476,3552949.12823158,22924.374108051,401356.386063411,25657.5514566226,2470147.64018947,39568.4453040805,41354.1383216657
"P00204",2213148.16939259,605890.632801169,14676.1318691054,88808.431491607,17429.0995693326,8065.85747781351,27928.8809585377,29797.6476679851,41958.7925794805,62206.8212213125
"P00205",2377648.00563767,109254.635765492,19194.3653466124,848409.925402741,17297.0771058726,82737.0577490004,27910.0716564787,180342.949646165,62823.6489187692,137410.273988673
"P00206",351129.008464349,48120.6595974107,511127.216264901,672037.17784267,32140.7692640804,31683.0217448969,23519.7700495648,301093.280594284,2995.7764353923,3829.47086193077
"P00207",3776032.98783116,858245.732418822,2472.6016919874,12902.9458083519,8836.68872870616,1115.77856361249,22087.5842027583,394.746137135107,98932.770984214,185196.709009921
"P00208",2230317.24418079,270305.530942509,21071.2093439533,151141.270656613,18157.661063291,12076.4157710543,27595.1874670524,44055.3176784416,35255.2811445343,73405.1338219057
"P00209",174579.195741835,2918.88296744714,1329343.93640732,27432449.1618186,45082.4585416904,1796417.89234977,20111.3376630143,153070431.233311,3132.42453209328,2948.95474408212
"P00210",4008766.76265006,863281.291280771,2931.63148757175,22552.0607679145,9435.285491312,1244.85930779805,22651.0706128169,618.360004241394,98498.8760362821,183737.98062072
"P00211",273438.903793786,8537.29216551765,399472.71599012,5914859.08766477,35947.7604613601,501098.568645248,22343.1662262011,6262131.79729524,6631.7258994115,5806.05486501559
"P00212",4357120.54120534,804854.889489384,2962.70957644167,140452.150646768,9038.22795113826,10734.0940027693,25389.7897574171,6931.34828769784,98813.6614478585,179692.855474296
"P00213",2279351.32349365,188937.033994531,15809.0800439684,493581.273025602,17922.6853103107,21249.7912091592,27665.5213213005,109426.481668165,64976.5037117652,79458.2008191586
"P00214",2794057.96664257,203036.902688129,15418.8634064542,394523.571857874,18355.0695462874,37486.8487123898,27930.5797936883,34477.1904273878,72694.7576242184,66751.7789498641
"P00215",450133.453100754,27771.0479361952,307209.223270992,1290444.58538444,26692.8735795707,57322.7571923284,23181.5587011629,530350.183904815,5166.61081434817,6493.33256433095
"P00216",1193136.6380822,162243.130230517,56105.2538726806,627067.396027296,20840.0970635249,32930.8299023803,26742.2267502557,122227.218520032,21733.1362242346,52726.3785988773
"P00217",4271714.41312119,792111.691519158,1761.56495937869,12924.7063866434,8766.24024042919,1020.25712880244,21959.458471435,511.558132943888,98146.8146566384,185880.700937097
"P00218",486786.246102315,180465.576033541,133137.12518511,404490.426010108,26727.2689893893,55476.5300327026,25251.5665726186,71604.6787545902,21936.5507931005,119562.774714886
"P00219",2202467.78787123,72435.4988454296,22148.2077055547,2588657.90512908,17496.4630288073,148397.172212696,27440.5629100349,956859.369296632,56376.9059705794,72327.8155084354
"P00220",4698035.56379437,232953.318683143,5233.64528854029,461936.434233982,10283.8950898198,38692.5733824926,26668.1276864978,102867.592956822,97072.6496442484,155409.247013556
"P00221",1360342.94825754,95888.3586298932,46764.8716285851,623043.796769988,22768.6139978048,40431.3402033503,26881.4127871829,173502.451708531,25567.6273154194,18047.4235038133
"P00222",2773429.6762371,403599.762405177,20621.2572228354,67510.5947648898,17265.8724296614,9081.43107593854,27845.811598844,13608.4754044028,39688.608811831,49083.5146565139
"P00223",1151888.26961603,21352.7586129611,63110.8542195128,10150786.5994949,21045.378270251,1916923.56346174,25823.8625414972,5985011.6062631,54623.5116051431,90266.2678591791
"P00224",3149416.13769553,374525.713185486,21701.9880923942,167715.081341142,16516.4367509754,14226.1425842192,27825.0905350407,21277.8932186812,49996.0997494695,110475.428313596
"P00225",2304894.86298863,69585.6678994537,18234.0985013726,1911301.29066667,17522.0590406306,145176.189497072,27890.9420553245,237690.840082281,62519.6530099573,135360.735951833
"P00226",4489801.11925663,917761.131381876,6594.72011923157,47588.4120097658,13601.8643935017,6881.26100167457,27273.9971006686,3934.94093780476,67995.3398270564,142535.83830519
"P00227",3829215.06733421,598269.14144809,9653.02542574792,55528.7842285522,13884.9487072222,3505.29799549488,27736.8847014473,4641.38906183099,64940.3151389327,118624.073274261
"P00228",1021884.79248076,30621.0566466257,118231.923936105,1242278.59115055,23346.5354716576,94108.4698228935,26022.9971668919,417692.221680269,18367.4660097237,33705.617956117
"P00229",1753369.82437798,140392.391295344,49569.3203372254,352549.59879041,20431.2172543807,23755.8904452059,27173.3299283293,57912.7424010324,25734.1157066658,40373.8042517814
"P00230",785279.987188594,77615.6619302247,160378.330118656,275193.507588804,27609.5189781548,35457.22803958,24905.6799919017,262331.161924858,9256.76099243255,9862.76714619202
"P00231",4140403.46780003,646413.164849204,7883.99278426117,48139.2992810413,17255.5685471032,5262.28966413998,26788.1727612951,4599.81577044656,57306.3770464138,142770.95360655
"P00232",1017438.4790073,15905.0379347577,105206.725697514,4245389.16695193,24743.5073819748,566529.983085219,26761.7396953608,3306028.99162291,29968.0223665871,44018.3270871501
"P00233",1319592.12063342,219477.195372087,42741.7570404695,264676.550635668,21105.9339115367,13194.1803734799,27590.2293165042,25597.2412371798,25173.5501874619,30718.2113451756
"P00234",202104.959668884,5838.28936630728,717952.832168447,7270561.77105877,35470.8224887074,681285.565366492,22025.7418369904,26403381.8158178,5177.67896153486,3194.09860479572
"P00235",583554.578783918,35449.8444313566,126229.144736718,2290291.40024592,25282.6975399864,137861.290489812,25546.0137545726,2391353.96468121,13185.8813752029,22836.9319561902
"P00236",422942.912845107,18108.9241437138,151938.022235601,3564879.10035023,25533.8991768622,201377.459044049,23134.3728637455,1888866.02354283,7053.22917400145,9239.15625261574
"P00237",2007425.10053446,198735.5333906,15915.2707549949,202884.057119984,18425.7450826527,42018.8908713624,27799.8081795697,78842.6518728237,43825.9555288473,97034.8889384393
"P00238",1564572.41062897,84115.9262708828,49104.1488314859,1089751.95604887,21500.1596384531,83029.3934844091,26187.2074053797,322902.645322383,27163.5195316334,36707.9259422009
"P00239",201698.160387729,7002.20594075516,516905.56849517,14362347.5730669,32547.5352945918,1016542.5639793,21572.5733656308,13302214.5057462,7461.49153962976,8284.44682765319
"P00240",424901.104898733,18457.0581164527,328318.219931387,2509655.30904425,27905.5935741321,112700.81702644,22540.6007792327,5365731.54017601,6951.46573142925,4955.84716361353
"P00241",2099436.01386725,239087.702773148,23960.5495064677,342229.825087636,18859.8202622026,21515.6369198955,27932.1677425479,33725.1862868095,56455.2589407721,91803.2155469545
"P00242",272326.001348032,5720.0264687667,536596.726746391,5691695.39330302,33833.1668994746,362797.290847648,21236.8620677679,25169887.6428004,6031.14901802305,3772.49146052741
"P00243",332511.57575044,10371.930916899,137912.570575542,3356907.04178574,29969.0170616967,205575.115914228,23233.8110007964,2115463.13062461,6046.82701371877,8277.59395983815
"P00244",3394423.86269241,740207.583462717,10306.8354332334,60515.9615219761,18070.787486504,8226.72714326046,27803.0829642478,6281.3006626279,48148.6534494747,70497.0187448574
"P00245",1599440.03947066,212264.404463236,23837.8441016205,277797.868987111,20232.2551141979,26885.8710350178,26878.6048725881,42463.1172454967,31786.4889861922,37403.0397544917
"P00246",478127.084205578,55769.534821743,175175.807967274,1284051.34025085,28234.4829782271,30474.4677354218,24352.3466964441,473697.993132051,7054.47062775329,7200.7757217959
"P00247",1845892.6043989,164774.776119805,35321.6110199861,187367.705240686,18735.2825433507,13707.2519799879,27659.1733648874,84072.0698452326,40970.5976200228,62240.4584572201
"P00248",3240279.46391466,236539.983443497,15309.6586340114,783872.56058535,15299.6700153438,64977.1085093261,27930.0699922838,208919.465717102,72389.2324527934,145370.558181697
"P00249",1934699.41664352,66518.3833555069,49926.2371133551,792359.12927212,21484.2354211676,57573.4558999324,26749.6051513436,411293.726723469,22403.5650355209,38706.3427278988
"P00250",1964802.70134481,155775.267035316,15436.308237323,348188.069925698,18890.7931835598,49355.1538041469,27640.4373208718,67134.9476869384,48223.1409513097,82321.9073742989
"P00251",1020765.78675008,94580.2134280317,55252.9036899857,787294.659979931,22486.2598942444,29354.5893160648,26325.6437359922,379830.445871206,20482.5859383685,21893.510432613
"P00252",1089878.89212486,47548.552797342,58418.6343001379,1256808.10899342,22806.0169249881,71766.3217315832,26198.4255299547,860051.001794028,22119.9250978034,26683.8736519651
"P00253",2583431.6617035,278322.335956543,31244.0864999881,448165.832841469,16965.6774004927,38616.7909397287,27920.6787746824,243569.398088811,64969.9983629263,81855.6173257714
"P00254",160573.596728352,10165.0987425959,1169378.00280423,2807056.09715806,42784.0848324097,106626.981791308,20447.074978571,6343382.39333445,2037.7497034651,2476.7823292511
"P00255",4220614.66150767,896176.381998176,12379.1103883536,17450.3139115369,15020.6270806035,1518.82017775377,26698.0396234795,1706.44090991418,46008.1674870793,119392.035052892
"P00256",280818.276941171,26891.0605609954,246634.444493098,2020673.82061434,30456.0006444767,127104.37918408,22249.8631425794,2577253.15252268,5278.11788653525,5225.07535668947
"P00257",3210209.55750448,156986.430410652,10349.8449313185,543365.973681956,17467.0789924862,40882.6959388523,27909.8735161761,130767.161868672,81696.3714475793,123894.034218078
"P00258",1029422.66785855,89004.3734257302,59946.8858616927,1057131.063877,21684.4772702485,53512.1168381473,26405.3667256309,432486.173924782,27349.6519178421,41251.7705920367
"P00259",454496.905066256,24466.4792116129,212602.918819396,1319936.95941544,30582.7274563643,87900.8865242622,23642.7886319293,2880371.92629713,6887.00266298976,4768.98842045663
"P00260",3807729.44980303,434235.479118121,4984.46699207778,237794.640253011,12620.3218592112,28873.5918783583,27028.0923629657,13475.2888416966,89493.0995683751,162755.81825544
"P00261",565435.830205685,29599.89762625,93126.7958009765,1029856.06817002,25093.4120500438,88211.4366630629,25607.9467139769,2033862.08258377,17309.1816666925,18802.4098240254
"P00262",4673695.07045665,618683.523568344,4472.8620833909,137690.036578447,9520.35301148862,11863.6810998853,26341.513892398,5942.40757383424,98498.0228452893,184849.429969836
"P00263",1757640.04798734,97056.0603619783,15049.7505210911,1537857.88524213,18666.8570955685,116809.004988291,27785.8995997181,72233.4637908777,46697.3337876307,89714.0315540951
"P00264",4690599.7540721,603353.379567328,4340.38137082564,53554.9565528223,12043.1238585619,5323.66485975442,26288.9187142306,3030.90827374033,95555.5867490005,184998.401661383
"P00265",895004.280076725,30579.5828572587,61765.3193305369,2326660.56336593,22488.1105799854,165671.978568682,25808.7362029902,1065159.04975579,20860.4273898198,22224.4028746607
"P00266",213054.895484267,2450.96505423091,13982094.2991923,629371317.087162,133347.784635962,186208607.238058,21281.4530126615,4589603727.53329,1114.42600333241,2286.406848441
"P00267",4050876.94956456,596347.054676785,8245.74204911075,51723.9469908944,14342.7783428175,3651.55337085121,26275.0764547496,3246.71288279169,64420.2234539019,131490.579919409
"P00268",1107474.65496863,84377.6342748517,71675.8752407236,1263800.32745178,20710.6817297324,76347.4488378499,27297.8455833909,432219.096460734,38838.2278133939,53614.2870254149
"P00269",284980.685182612,271149.701697247,420511.365372284,161729.289190782,33453.7511161557,17085.1578208113,22061.8528947521,84061.0679480058,5360.29373343758,57093.0082858616
"P00270",3349158.88154696,459895.936903873,8314.39195827822,69553.8101671176,15358.2326009718,3993.60302756759,27642.5790110713,7104.77316060518,54622.0290266552,101669.809345567
"P00271",287148.186228709,24031.8835345515,235812.451438962,823057.428074296,28409.5641473253,89167.8695395067,22934.5625491346,715028.120428315,4814.91061893727,5174.89014946236
"P00272",2168864.30701921,322518.081584777,25366.9223083554,96646.3456715179,19035.9496459048,8404.49994597919,27612.9813644063,15419.6152510399,36986.253959022,75004.5441901312
"P00273",3057119.28680827,271280.262398101,15276.4164038931,279085.611817803,19216.3944166779,25282.281611489,27771.0147341994,113231.497759575,61244.4603633791,113806.118821694
"P00274",847185.609457402,29059.4095686076,97302.6145253689,1368437.95631699,24119.9801298765,196580.937735705,25068.1088665363,1546491.19587957,28342.5447910907,26845.4326884244
"P00275",1518159.18768513,36721.2521255325,40194.842660652,1493904.18780102,19795.6570481617,81874.7359154589,26513.8893446177,405171.255265005,36356.6386687135,69399.4480418937
"P00276",3111471.57284365,240427.430476164,15326.0400751545,635658.682813721,15517.8190781711,32299.6797706375,27921.66309295,31005.0098684256,74724.2073787816,126377.500792259
"P00277",2072199.12429528,498366.6882579,27856.4833356403,150420.346074118,18524.6189063414,9340.39748675552,27847.4955633554,22710.6738143906,33009.7402566371,54498.4262182719
"P00278",2063806.42102008,655629.084876099,29011.5173851896,19485.9867886123,19867.5046456321,1598.49768464505,27850.3187169197,1660.12899965983,15750.001968703,25456.56770684
"P00279",1345959.50454846,99318.4839480518,60746.6554141665,514653.284977875,23194.3342827964,37530.8973519409,26812.8008084868,167819.522508369,20276.4132097719,27965.4499129884
"P00280",1557824.10377328,204771.733302341,34689.7433302917,347492.629214863,20370.4706158211,24875.6030988395,27790.3796328675,57733.3621435174,25483.040109655,36332.3069385182
"P00281",1140805.65999419,97768.0086983072,84793.3438054254,1240339.72995814,22817.7267924938,63104.4455091949,26670.2527021875,734551.719862155,23096.7772651936,26897.4590492159
"P00282",2111998.54375641,68488.9207643013,19721.7242720784,474049.308959677,17873.395516676,41717.8776721304,27474.8336524432,144886.712933601,62687.5581109591,80094.4028893245
"P00283",3508427.30467687,165209.725551111,15597.1265280721,149116.549565406,15146.5316949569,22603.5460994317,27850.5948833215,39554.0181371493,67995.3608520024,127423.600364437
"P00284",1138977.59524983,209632.831420293,45417.7900487976,312421.501968322,20313.0106652292,21891.7612303116,27342.088694648,81885.1804582453,23597.1680470919,37910.2585790349
"P00285",2707367.23336493,271496.631808457,14314.0334771651,168595.563001106,18980.6379436362,12858.9139934983,27932.3772238227,18754.8804493514,47471.1077870326,102655.395660444
"P00286",1559295.81695434,478067.149463031,28833.5418496499,95165.0208627996,20295.7087736457,8078.25331537044,27555.3623434183,24788.582281194,27301.5173701444,26511.7697494505
"P00287",733851.882445964,32562.7100490915,91450.7644888857,1617695.93953613,24924.1826018239,134034.425054542,25331.3958395411,2103831.96341574,11831.7533102092,16401.7597279146
"P00288",661930.033277778,13757.5778314459,129717.29003441,4359278.96071496,26064.8400770946,246084.62932091,24608.8998314575,2049480.8792177,18475.2936047953,12680.6102567867
"P00289",387493.907918502,13791.0061628869,217561.279158072,4796918.98613939,31543.5228985618,341815.958801656,23529.975201142,8272363.73386594,8781.06114566451,7549.64817372186
"P00290",1873487.80446665,82606.4747488631,24612.0467271598,1111576.59132784,17959.6312866078,92607.4465080624,26846.8864550692,313383.911012263,42474.9214941041,55333.3265281161
"P00291",3144041.88776593,669990.300720986,25598.0553613631,49557.4284255005,18142.3224725632,3768.04584488379,27881.3920669271,5922.04830237901,45717.4448711479,64465.4175654548
"P00292",1538780.0062682,217330.121142024,84164.4476993709,165226.583179454,22355.6358890389,5546.98673074472,26991.5845581509,27247.8707066869,12059.1702955656,18822.9153035918
"P00293",917770.400729253,54646.6319125031,105591.581095528,726105.131955217,24378.9688833129,54095.3297697108,26356.2551077192,318891.291712736,16172.2274857202,16981.9692384547
"P00294",899962.349090999,75767.8128671993,78094.4883954741,460976.142106856,23244.431846248,19142.2121050168,26605.5859025198,108039.587467703,15845.4438587577,18429.492104198
"P00295",2113058.09863752,124238.773797774,22985.4302832323,441836.464357364,19855.7357696711,69344.8507366307,27125.8554620273,227559.883466636,42688.5605907337,83456.6686573447
"P00296",1332959.16265632,111577.8967371,45463.2425145422,182684.292959831,20706.2828839472,15051.7527190981,27651.2390313002,35933.1917793329,19761.9102439695,30250.0274671706
"P00297",1623727.78227893,199185.272059933,34443.3777059363,221191.970520928,21063.2843193031,8517.25694033079,27490.253591765,29390.5911955104,19820.6953925544,35160.2869656618
"P00298",975322.026279555,91456.8818720982,93555.3397284283,520955.336890796,24251.2877859034,51210.9431366614,27344.2646658028,204631.839459053,19395.407721002,27848.4700949468
"P00299",4462498.42882162,931508.425790721,5452.04642939211,20119.0036483395,10963.9934878761,1939.2973422882,24929.6548994786,1270.69042150434,71711.9712824535,139720.673607882
"P00300",264287.541593637,26109.0785753935,471996.37929227,1742608.18616996,35188.763661151,52243.7956453087,22802.0355473683,1826665.50537705,4092.76319579457,3649.1191847672
"P00301",4260645.36898698,579081.935730599,2006.07851847162,52643.6831782415,7702.78455053203,3120.2394419468,20520.0387822125,22245.0582461121,91713.0571665173,21116.4714016208
"P00302",404032.547602691,12814.6347493453,266362.485033688,6644090.38229694,29420.6796223557,566576.451795681,23239.9126495325,12158683.6496845,10344.2020751291,14074.9244626972
"P00303",2659775.67649417,56888.1427341353,16685.4426797835,1423845.31369341,17771.6898135979,98990.3832678708,27625.8179275233,282608.846808682,73988.6703125582,142774.46863734
"P00304",4123201.37115109,574173.973252946,9274.35499286951,95394.0785560996,14811.3408657453,12054.3308834248,27875.0795426259,8757.09012283838,72230.8301820463,162260.98426581
"P00305",3621953.14202233,472594.752182661,6736.56301290304,247326.393911784,14961.1544702818,19328.0551577598,27639.230990963,10041.0082473315,85480.401411936,163946.023727646
"P00306",901003.674834827,40785.7514205117,35420.6104883747,1954649.70168476,23669.5786425275,103241.005548333,26064.9128399058,1236596.77095212,32787.0250044799,27640.9844938126
"P00307",3798801.76479203,567447.530101412,9912.20931727986,49550.9414129649,13562.6883910834,6952.18572349698,27517.8005873578,4264.00775225249,67537.2524308518,139165.282254843
"P00308",3743358.10387162,84866.2620562782,6682.98818989829,241505.757943851,13895.1717403039,10310.6130241999,27116.9521528025,86079.2460847506,45044.3572948263,8452.05629974414
"P00309",1038911.22649781,101516.473881592,60360.9868697304,385299.362772525,22955.4798417499,19910.3212883194,26371.0723984591,86634.3538383695,21305.7528297921,17275.0932820064
"P00310",328857.752606643,9942.53446194562,358553.211742876,4049703.45927701,29128.5024354146,283275.754408987,23486.7338434749,6701229.01798114,10622.458096893,7845.92835193679
"P00311",1938789.03946739,164808.044483889,22944.2677750153,278241.921503402,19036.0910613009,22768.7130091504,27873.4275737255,36207.7264510304,44133.0938020401,89375.3794100448
"P00312",2105164.98621987,62816.631423917,26672.5660222977,815036.642449374,19750.4405879726,77041.1350447376,27212.178426359,261781.31061695,39650.9222345928,42611.4756930664
"P00313",4574985.58723957,37499.5726877776,6411.84108478361,1896530.99467463,12198.4218707421,190794.495124451,27288.055954703,773639.36599445,85591.2198792012,33011.9285391038
"P00314",647068.173146745,23196.1599522376,171118.441680876,1940917.16672424,24974.9096865821,111352.639511504,24879.2208033444,1737780.58183904,16145.6938280243,14574.7341590164
"P00315",152251.321630657,20854.8460914059,2103969.85310415,2900005.8499348,47456.13209497,235117.042183775,19499.2611076742,1158121.50580631,2517.53380206386,9613.36130386268
"P00316",580752.729424471,23762.3679822632,113891.345141133,3586238.9167941,26616.6204853928,310144.95676937,24828.0119906721,1468625.09453627,19015.6977820144,22777.6136569378
"P00317",1938404.80558385,197560.663042013,27818.5243176074,151443.081689691,17989.7037574867,16504.1624422758,27556.0436438762,39957.4088465866,33983.4957383245,60215.2744229818
"P00318",4676234.43206457,623517.777163244,2746.07951112821,250867.084786971,10500.9660090867,22849.6622257386,25387.2078116473,10715.2274041632,98935.8320329244,178210.143002201
"P00319",1080908.41768094,49879.6506355691,93470.8771601187,638652.132198288,24330.6190223762,53020.0944535921,26430.2198421774,193327.212537183,13735.1132096615,26607.0062768845
"P00320",3922843.09921487,664147.495964617,15904.9392193763,37314.3309338571,16977.1409556021,3255.68559372635,27713.5626417685,2438.49425988719,38235.7716100895,62618.7848117029
"P00321",425786.249052428,14142.8674251829,300387.141672452,7206440.07062461,28591.6330386899,606330.02965944,22771.7663111585,6555216.07471344,11661.9982223158,13409.9533404805
"P00322",3483716.77172324,158389.819800274,14976.2559285182,665597.442668495,14942.5058307518,57720.0217051991,27920.0553729789,327471.199729121,78805.1397348068,145202.575673278
"P00323",2369206.35266987,83424.0335885871,27816.6035268617,808412.307900661,19105.6641123329,72485.569216931,27722.6251317495,433363.315134416,48803.830135555,82613.3764968349
"P00324",2117522.25519079,478824.820895723,32811.170883906,43904.4474457174,17253.6185649695,4649.71586634619,27912.7409194142,10989.8601332467,21181.2225305274,47036.591860505
"P00325",266283.057731295,7161.7065936704,424553.846395134,8650266.23897825,32089.8271894502,408150.554252271,21999.9275997332,21695088.026747,7867.94858209476,7572.80134185045
"P00326",2194606.41585019,352035.286664811,31110.3450392353,162997.436746891,20375.7162808661,12919.0966625442,27426.6345376793,27563.0654738215,32113.9536979014,35152.2275256345
"P00327",3161417.23210461,410811.457733192,20021.1862733553,148794.586509123,17210.1681789456,6075.33253340891,27927.0963641774,14525.4920462264,47385.9558363325,72265.0235711276
"P00328",538061.592104967,20890.3064304148,100605.79121213,837784.942635127,26682.0267570301,160612.114034364,24263.2256762328,1514193.88120903,9452.29916623324,15641.270985267
"P00329",732482.985784299,64727.2527067561,105235.108914715,245602.213121493,24382.1089472271,22564.1317566129,25359.4834368724,218305.109599811,11792.7646710878,16959.0474952772
"P00330",2763338.48808538,367889.354145322,13096.1806765353,160732.165210506,16807.6819509651,7589.98542297649,27930.4718523351,20038.8452583587,56330.767701344,90092.6828197986
"P00331",293034.203282006,5411.80482712066,485756.687312236,20598703.5513676,29825.3994203013,2028982.27702533,23289.5407932152,33214252.4122841,8483.52965543337,6858.16991228229
"P00332",1350955.05198542,159417.415522745,35717.9896030544,437899.447221887,18798.6602744827,18609.8744512013,27889.5674940441,102195.06594667,30567.2657882898,64911.6259592465
"P00333",724483.596785214,29748.0049191168,116354.490282737,1907135.95206809,25131.0092121617,136974.008122858,24280.2412663177,941464.785991397,15371.9511912672,14656.5238132931
"P00334",2168921.77132532,78263.9235920485,21691.0441989998,1084533.23800201,20903.5858860905,106605.231840253,27051.7818366175,354488.810397283,50351.911043791,91281.5034262722
"P00335",4485347.49618913,666666.15990875,4801.93530559872,87784.5181674251,12064.7918718507,6890.14064383814,26885.809234785,10101.4459758045,90183.2458906641,165671.174769176
"P00336",633557.482591938,37178.1746876959,42559.7426870891,3280445.35737997,21739.6358009065,214111.448750674,27083.1500137337,1430971.48297967,44239.6948133566,60344.4451044267
"P00337",1707383.04840462,139608.092621953,36297.2215941669,440251.960777041,19928.0158211759,38070.4525437687,27530.4946296571,327817.813386852,38198.3030237309,51491.78416419
"P00338",1401920.2816998,49255.7335558074,31906.4758835721,3287518.57295936,20641.5927078225,107887.488987229,27377.3315218482,608171.458319035,50419.0573622551,73512.8413617428
"P00339",914347.681132243,18049.876301753,108569.763518625,3826835.86259458,24696.8201894993,279697.651704898,24683.9354111862,4425885.73179683,15575.3730375086,14953.4656350727
"P00340",3402279.03611354,538490.176506349,10332.7797750401,64226.2595526032,15123.9375776177,7307.9454374348,27536.9071386607,5518.52236259817,38073.7248614469,95288.033988599
"P00341",2020033.71414408,213134.044848729,27631.5639398158,251316.75036139,18456.800796527,18735.9463417877,27705.8679117908,34583.552992357,38385.5691665023,80180.8999584116
"P00342",4492070.32055798,611606.63451544,5490.16591717464,124575.782737655,12092.6320743209,10071.8929003297,27349.7261781099,4926.05585601637,94424.7522939063,173282.102439709
"P00343",755435.806213952,16265.485607206,120162.55630608,3345633.86413141,25044.0900166228,335336.82440069,25012.1262326252,4148935.18738685,24688.5025146759,26317.3432584502
"P00344",176839.036265903,5285.22141267792,742668.310903019,6765723.08682261,38767.036699173,455978.976531033,20505.0124404278,28156585.2575768,3811.37564275645,3172.04260642088
"P00345",1443833.88395187,91194.2776369676,45157.9948686871,615308.708705961,21421.7312701917,37621.0850277917,27006.8236071812,446125.829332426,23561.1005853049,23501.5710861759
"P00346",2363100.54698329,357197.535443396,12143.3834940228,132721.17236172,17915.8203223659,15039.7425281812,27778.9095225923,17239.0627586477,49967.9923656145,89790.0305829046
"P00347",144871.284496436,2152.43957633353,2781539.94603081,119483101.956209,59452.3326026486,12269055.1455731,19308.9538847093,820853514.861214,2469.27119182319,2579.02116589281
"P00348",1309546.47993352,52678.6238832492,29340.4564121286,1437453.22329261,20192.2870910549,229384.954302411,26097.3311694566,865662.328023047,60208.9424877608,56773.8827846003
"P00349",1953103.02861298,50680.4996761013,24024.8724383897,2534710.57266018,19101.5051023124,194102.010056374,27334.0314450844,396173.161868043,56817.8171929571,107495.137295649
"P00350",2831893.49452754,53200.7984136937,15231.504210318,1233003.27539694,18379.8461871663,162428.902079185,27846.4406353694,212921.925919031,56991.8248874893,99419.3677151704
"P00351",927930.356446443,47767.9499531568,89316.3374388116,739121.525332915,22335.9498740191,67924.1839018581,26756.5739682365,340435.509757174,19049.6707564262,30431.8550427299
"P00352",4369574.58258043,917078.935059527,2825.65794198868,22239.3661201796,9048.79095346622,2724.94149414626,23989.4237159412,1271.88727479461,97714.8567285364,184662.989234733
"P00353",4521470.43996962,202688.253198601,6922.13932999743,501564.489075135,10979.9995679443,19273.7181870933,26408.6073153723,49307.4732958757,89199.5873847598,62282.9119799725
"P00354",3802828.60233676,341462.264238448,8792.87136706757,322010.847732193,13691.385259818,24625.9063223194,27927.942065872,39000.7475507267,79247.4449378539,161992.040005378
"P00355",2343218.5820459,36204.2692490246,18489.9989609394,2120938.65274835,18288.2252274973,236686.505490656,27468.8953168153,341796.409642296,73813.0272911946,106010.80668603
"P00356",251462.987293183,13578.2343730639,499654.804791078,13188607.6354329,34522.0596498393,805575.828973692,21007.2008774051,9041295.42977401,9557.56558154073,28800.0257197577
"P00357",4485852.86495875,878510.164991241,5398.04662866597,26663.0771870716,10811.1284241755,3328.3184350774,25684.9710867289,3308.37746169281,84123.5511206035,150757.590296555
"P00358",2987129.79391329,474514.859354264,13628.6973785818,117319.907340215,19410.4313302878,4989.47047016799,27828.7207003195,6167.03228266957,49044.3717020708,75212.3797782149
"P00359",283016.893443229,8783.74952278288,313045.598012698,8166931.29292008,28239.585787145,843299.717401388,22951.2379919573,6892518.30523024,7933.42667013139,8261.27885542125
"P00360",1115745.8522571,147890.779762094,77315.8615925188,405192.362240917,22905.1251390168,29306.6179605461,26764.260237967,225203.784946392,20785.3323225785,18730.3999845574
"P00361",3554919.72279648,582355.869784328,7981.90491107922,58800.8887786393,16493.5102153189,3370.38322211065,27679.5588148538,4922.41610120434,62385.7037666203,102169.4776829
"P00362",3053154.87484181,437329.558697476,10600.5716847977,212473.519186675,17001.317814807,26803.1874741144,27925.3569655706,22863.5126316815,47297.2599617736,99274.6608597035
"P00363",4585450.09479578,443842.788616585,4542.52185020297,322392.557457535,13258.8945593688,24270.9239317575,26891.2563972642,21060.9387322829,91376.4681759075,177698.379499197
"P00364",1129398.03050636,23382.3111239743,46122.0005037622,5833329.46624431,20676.9813182081,309313.592677529,26716.2559693562,1724836.56047591,44226.2070082192,45408.0569203265
"P00365",970072.519602178,52203.5684270414,90584.8851937842,643619.803777998,24244.5464254069,86331.9821590675,25916.3768108265,1227419.10025806,17261.8295630142,20679.5461352632
"P00366",1511168.80445094,150782.698736191,30100.6794215848,294480.806012067,20441.0893578554,48583.1923172549,27250.162311391,94351.3919819459,26567.5080387308,47853.5735757801
"P00367",3815898.89923525,926960.397963796,2098.17958863446,29799.5718755748,9543.98264300948,1826.65689039427,22077.302578063,1153.10451878224,99599.6984791468,174190.921382186
"P00368",350190.256141244,28944.8697164234,437106.530275286,1403993.34427376,31628.1076378368,88778.9821312877,22858.3918097354,1650877.57900175,4787.38736537509,6183.98607421866
"P00369",1501874.33081457,165268.051157223,106310.059284836,307513.368330693,22522.309961598,15133.0890695606,26630.9307094717,50099.6087044278,17906.1392184132,20057.9202942759
"P00370",1822636.71869944,124637.679665531,27468.1381472407,396929.326688289,18898.9648253868,23383.1042344775,27321.0648634238,51547.2485443223,41640.5781748813,63764.9689604182
"P00371",1186998.10802502,105269.451175319,48063.2902402371,368069.372011103,22664.325807307,29156.1973565265,27521.427872986,90929.4426212608,20575.5534462492,26340.1144968429
"P00372",3262656.26232642,518871.555924448,10872.4459719247,86203.0089292494,13253.9476494242,10518.911523869,27379.0588887883,12172.8022948186,72452.4483336464,166274.730669644
"P00373",4534748.1103165,816159.672593278,2561.49485446022,36202.0462935403,8909.78979381581,5590.31090011152,24451.0731191267,2279.20561620004,97179.6257949977,184514.956598329
"P00374",612416.941793247,51575.3812306639,93220.8058539834,668302.785673594,27114.62011443,50455.6468603349,25390.2807366354,629317.335019302,16403.5974678563,9421.23466722208
"P00375",3260637.53803679,369629.138160224,11002.801331899,163221.891958429,17175.0410681638,19221.6567375531,27879.967829202,14654.6606426411,55583.1761560369,99605.3335976552
"P00376",545972.198377462,54704.0614151268,167657.967238663,472032.36087498,27034.7297811224,38234.1134604267,24519.0824777154,679350.640160426,5942.20351961215,11055.8002478733
"P00377",1508803.38495498,251838.64659974,37330.8011285534,209965.690284351,20013.5789576107,22280.4794904332,27593.5380335567,47869.8529496658,36793.8540514165,48835.9040258264
"P00378",4039644.59257069,417644.000095195,9077.55377423255,124569.994240072,15010.1805546495,14695.9407171984,27230.2021625873,15932.451877398,78461.1076480744,173629.931282966
"P00379",2783487.1194881,670290.61215828,25076.8112900044,41199.1226252831,18335.7791485055,3914.95770746544,27807.739301463,6956.38893909514,28873.4169226944,38065.3326305258
"P00380",4497912.01422649,692325.747080351,2673.14033544953,141272.756671104,8907.49767137273,16702.1265004613,23803.6756630301,3091.21459783246,96649.659111401,181551.221093468
"P00381",4665898.04559373,921890.985556884,5308.30988057932,14416.1505933781,13045.4462761229,903.073963179757,23851.2673644677,1039.63772975845,73986.5736441047,141121.007760773
"P00382",2034771.1720316,294436.09964688,27983.1461080234,207431.146194885,18756.1792798908,14919.7035323058,27905.4254617482,23912.4702206133,39775.1359007414,47144.2752943929
"P00383",419642.891176701,30726.1283808676,196374.181778065,1733659.01888806,28241.0258226991,97308.4873752833,23808.8176519287,1535456.22440088,8870.86712406987,11655.5083560638
"P00384",704267.63907127,57206.1720901139,120184.185884363,376122.358868126,23670.3331769337,35107.1815392771,26358.7939795976,248021.263008476,11600.1848233988,19957.2060329047
"P00385",1638076.6372301,330540.375210971,90078.1039837932,186342.276444576,22629.4492622807,14958.9904652633,27230.1560373671,20117.1888550731,16523.8837977003,36599.2255598241
"P00386",4528445.53165459,876311.657951346,6216.11852900279,19112.1169113155,13705.4769719662,1967.06911518954,26474.8860296623,1448.88448941816,68805.2328508217,123778.004530212
"P00387",589808.499148924,41332.972506218,117167.091818582,722245.001253516,26425.591901601,98029.9841056932,23691.1333217477,1057992.50092353,11655.7418792125,11816.7480421905
"P00388",2981751.59846439,312299.110593241,22916.833618693,186891.820623222,16196.2745319202,13169.5851961002,27910.9203865395,17445.0591029272,65976.2756373507,92833.0470211221
"P00389",3806513.71934518,420916.207958102,10945.763621084,97632.7871533264,15930.0007194878,8513.51695024311,27919.4956474572,6126.15369870823,61055.5959755362,115740.889264914
"P00390",3563520.01722925,708202.507480803,15714.6946973208,59053.7572198401,16486.6292410574,3031.27428446588,26963.4722052661,9789.82364756914,49362.6578437267,91715.4635587411
"P00391",2016672.8445268,86110.6780942834,34384.4229851324,489181.658657848,20077.6990591901,34633.2191901452,27675.8436049135,159336.556094571,46814.0590280271,71133.6151002894
"P00392",552580.354837913,6262.03877171375,223628.158656086,11932196.8852766,29582.1878154499,1234177.92384069,23379.1425969574,12533475.3418662,13957.1152827541,18854.4813411312
"P00393",816659.116156771,24850.6653320111,78460.8341805084,2010355.26403194,25342.0615458256,98402.4237030645,25270.6642476146,785189.453561533,18407.9296515035,18878.3228404961
"P00394",1734415.15690312,71493.4757657965,30743.6923455299,3420170.45473231,20503.9360685761,180833.570723124,26614.7401417224,774677.923462365,69995.8623396134,92101.6747144692
"P00395",1228175.90332064,157040.606375975,50203.9530527137,249170.398764213,21276.6471841152,22312.0680673534,26525.2851710249,57256.6919984016,20958.1449639871,32374.0895593844
"P00396",859044.163499568,46528.2143954547,62017.9253871836,1863580.72574672,23904.6309618591,233117.772605873,25980.8130994681,754643.177727184,22954.7408175168,23630.2213135582
"P00397",1603672.74478048,176141.270431741,40635.6117847927,397880.278561875,20302.5064530198,35661.8094087465,27428.2730432324,192691.879205289,31460.5175067989,29612.5222416138
"P00398",919416.981598777,60801.6792412692,138885.852745498,360813.803967727,23932.6957271604,37019.0060420982,26382.3738490465,410880.233397955,11746.5475623341,21086.1888898264
"P00399",934266.358854595,43506.6165019158,96853.1880901154,1048095.32425915,23130.8504033967,109734.107952231,25272.5525079439,1117725.88951378,20606.8951357821,26482.2391504086
"P00400",4361106.68030674,906753.523067285,6141.38629444162,16734.1542428198,13255.7133576599,1113.50558439117,25915.3297260822,949.126240309793,65747.9096876156,129915.607718644
"P00401",1730748.08635684,189554.027941234,30074.8650377527,180140.985573027,19763.4764787893,10734.8846209952,27859.3605071928,12960.4471261839,29910.4562190929,42031.8434167852
"P00402",4077777.79559217,498159.855455157,12955.9910199802,197508.989991231,18070.8956455797,16647.2217987298,27489.7935816511,18206.554338278,61956.3185773899,96107.0493341549
"P00403",292417.588028014,15100.245776385,199542.832336656,3336964.47572471,27367.459838322,165505.10770901,24973.5455306382,4035686.64182427,14448.0763451925,12109.2822217567
"P00404",1762928.67793968,53857.7773719634,32665.9119099682,2922484.57205322,20978.0010392347,118339.084542698,27526.8314678403,358257.073785619,42290.4512080286,83134.2065903373
"P00405",147940.720519914,2245.32310475398,5032730.99998661,135488064.971561,65326.0992628648,23657182.2463819,19316.4044190144,1147316090.25572,1631.8427477927,2206.65426937113
"P00406",2450486.00904684,180311.505956681,21179.1613101865,432298.371814633,18619.9634031964,40447.9642319869,27750.7502561018,77485.6139923211,51400.1765050396,85827.8318223352
"P00407",178380.962561163,932649.471119005,239.97817623367,29017.7261775215,1082.65374876008,3447.87425086955,5549.28641867757,1262.96690528044,13550.2319496879,147687.80258426
"P00408",1816351.19759129,181358.73869988,73090.6627867355,393104.348783744,21027.7029794917,10701.6826692936,26882.6103803017,292726.559168777,17065.0781541976,32334.647177644
"P00409",1466784.46068991,119381.918722719,36486.1310876056,345082.825000054,19301.1410891143,14771.6646043643,27355.110671733,73595.2147372605,30968.0285700508,30231.0064099254
"P00410",4040380.97227407,508085.375401568,15925.8315937328,372611.495312428,15206.7696537175,16008.8120355889,27748.9556597864,11706.4843294549,56130.1104851004,119280.311015297
"P00411",1868821.0304285,260884.767788618,47640.5739043556,165276.906152483,17484.4063843383,12371.3979721896,27601.4521351873,31235.9138006625,26974.9037327974,36098.8285565655
"P00412",1843072.75179126,132317.227160088,40752.4379524214,331981.698808942,20597.4685225588,37410.8220912262,27381.6386798223,60289.2363914031,31633.7577887548,45293.7032510679
"P00413",575070.56481288,75812.9157204739,173923.895440086,452784.645764579,25547.3086057407,26561.0172018896,24804.9693853807,124003.262370417,6109.66439600979,6806.64123498213
"P00414",979109.695819477,86634.5667948454,42469.0155358407,870118.074565571,21709.0352218559,50881.1802631762,26571.7218713134,273841.433545166,24354.7417720831,33105.090708632
"P00415",1860788.23358896,298896.394950073,34767.8145233277,257782.491648883,19782.3488441929,12199.3801883809,27540.9839773142,37353.0540599828,21310.2066095389,34575.9970338296
"P00416",323465.395168815,12447.4291138696,321019.604391912,5236272.59560955,30119.1669498782,197548.384731965,22684.1981009711,3705047.51615195,11428.7256800287,10265.3007560829
"P00417",1223877.74362567,53818.9344683512,73875.6027191918,1257488.17848782,23713.3060320436,94883.0084350747,26785.1133713092,323234.401812808,22306.234109962,34680.1517528012
"P00418",336523.366737813,6862.35237928607,228054.473960708,13145070.9843401,28346.3716422935,652329.167962373,23339.1209612721,17130648.534046,9520.53245147221,9770.4195722716
"P00419",684234.547817703,41321.1598596735,58743.8908408046,3317434.51442118,21965.6180114402,254892.88093075,25455.5760196102,1966883.95592312,20407.6960455536,20696.1073631557
"P00420",1350293.04327618,386469.943288962,41924.607915337,159629.415397126,20090.378672636,9469.77949058758,27634.1500567494,67748.9560646988,18718.6038893756,39721.8986090994
"P00421",1309704.08921724,254623.406078568,50722.1603568212,293833.536538318,22797.6435065823,34067.251488556,26584.5263896764,87929.6491743577,18120.6752204669,23740.3037940637
"P00422",3446730.9868872,144897.960350843,20110.2464763357,297351.336442301,15953.3042775815,28040.2940492698,27928.1745477551,159568.299136972,68662.5100076352,93994.7307073202
"P00423",4258094.01343371,277295.810117379,5523.55198537595,573709.650248134,12423.180436919,73582.0884799515,27519.1808426155,83401.0775500315,97658.9508863118,175209.667474296
"P00424",1354951.62235262,84829.0788626822,39798.8367578135,1431701.26463163,21951.2583294568,145622.665953777,26826.1512489003,218558.93853896,30129.3178814161,72067.9022474508
"P00425",4684957.86797753,393138.136191038,3352.5077012141,114621.407114191,12656.4228338129,17410.8511280952,26806.8976854712,13550.2204611755,96590.8820265667,181671.026443264
"P00426",383997.250093503,48468.897519318,193475.684357813,805047.57661616,27535.967586903,43776.9087973606,24145.7877695602,557427.787869189,13268.5993808638,7252.6755932566
"P00427",732186.04026653,19264.3191896623,78213.1402559524,3707123.66575707,24976.3582157732,229842.530283468,26128.7393866332,1822190.91933953,27258.582736869,34579.2257586016
"P00428",2690269.69541541,135334.784435651,28493.2091301602,620969.634625113,18852.924696485,45047.9926892958,27784.6533831032,111491.53146069,53355.1350145868,73361.4287337718
"P00429",3060079.58480243,158641.608419171,18658.1657238646,471901.560292607,16218.0831137972,38940.8613785732,27894.9509416905,74566.212889591,55962.6563777668,116295.892677563
"P00430",754130.222295145,43988.419814582,114919.930552341,2175407.44411655,23771.4078489806,123270.550766791,23762.9637937587,1075488.10080924,22554.9042766689,16857.9767776919
"P00431",1829995.52219709,203341.641707851,13914.575058484,520473.757737352,18141.3445907224,21377.9556959163,27843.0923015904,73841.9231638684,54432.8695992765,65453.7589970888
"P00432",165819.303197703,2154.97955215348,4772981.88256595,179145221.242672,71645.7710071885,23589993.1290442,19281.4286752136,1150963962.96769,1682.7705277754,2185.60880779983
"P00433",721606.214377103,46508.600453032,116200.10090041,1922996.89339823,24809.0681595093,46710.6165520769,24930.0546937802,812281.798604368,13439.6470006602,12584.3405935386
"P00434",575783.255464039,57947.5870788639,168377.326637411,751876.155709943,27412.4639332791,62826.9180560553,24736.4772969111,626099.454390668,13611.3023602517,10316.0721644873
"P00435",3588874.83466607,414154.257423032,8226.54673312075,73645.1069233456,15554.123361234,9317.56140743728,27475.529267434,4827.54591233247,69637.6447331836,127607.467195232
"P00436",4627844.33755326,932673.294467076,3358.82175855602,25000.6767521134,12801.9633122942,1760.82922441105,25318.3584732699,1187.37538777066,94837.7168446781,164909.409039487
"P00437",4600230.511751,411240.329641446,6091.4859031422,217563.840816886,11297.8338127556,56913.8769537639,27930.4257738331,27503.0469620987,90894.9408478281,169806.350621776
"P00438",4147152.50047598,551304.799922185,6165.56151219352,78843.6710899929,12720.1101257687,5504.56143582832,27642.5904308355,10143.8986992427,75595.3994060834,177715.544273232
"P00439",145071.082678866,2195.93352764979,2481186.77881705,338200012.05346,69083.9382134577,26271924.6538907,19284.2114933689,2489137868.55038,2394.73062726732,2583.58773314511
"P00440",826283.541067295,109599.658553088,93217.8890182934,682184.008199717,23157.1905370533,32470.3866119497,25229.5851653643,304286.558425842,15046.2984226937,18136.4422679304
"P00441",3290980.57955465,704297.248191552,8643.95378478649,26154.6284874742,17557.8305292436,2503.1351572388,27815.3600867704,1897.1338658377,41566.2123128278,57944.6214559408
"P00442",731522.3795742,69638.9820005768,80833.9138796319,923283.419200749,24581.9396017721,44674.474558745,25399.8292435233,557994.456362921,18276.3051845665,23007.5594263024
"P00443",2899801.41632655,561016.482970741,26583.1984932403,56358.592021481,20514.7312072113,3676.04658420222,27779.5944405416,11236.6084834011,18585.6293756464,29817.2260533111
"P00444",3126626.27190832,258482.877829952,8288.71867947192,383398.76474653,15807.6146909237,24354.2208430015,27832.7825108913,29127.3518761298,78413.9802378233,111549.528092251
"P00445",1006397.03187034,238820.677440656,48076.7511368259,334692.010672459,20253.1656430778,37702.5399081911,27529.2581608247,120122.995094908,26321.7823550327,48753.5213613889
"P00446",2173818.95717051,315554.080893378,27385.960217228,239998.954403084,18371.4226125783,19707.6190268175,27530.6193755428,19188.1367179785,43160.4201469335,36899.7148255056
"P00447",1874853.14129588,67960.3856934891,20882.6257541724,1689376.44524736,16164.850553705,97002.9502643932,27703.1604902286,399740.88558046,57720.4373456047,103178.003360323
"P00448",981088.945959521,78584.5566575379,129828.972526015,357688.542659557,23873.7259728505,22065.8087472646,26813.1646994934,111681.562188609,14399.5582384365,14357.9407714304
"P00449",2601458.3457213,57572.0687871588,17788.4657177089,2027874.87084673,17992.7214437299,145293.401685439,27468.4405530616,337272.209502697,67480.6407884447,123399.206798138
"P00450",3612905.36197519,557930.571985573,12401.1665458949,85723.3073777523,16824.0248888741,8676.12251311489,27683.792893629,7314.86444420063,59104.4000479112,134460.889950136
"P00451",326825.628557345,27097.5213536284,379979.115641936,680076.682923996,29548.5004579905,84720.1811352758,23298.7387802393,2399882.84446391,5223.31273924341,4510.39676215346
"P00452",2955683.81122515,138535.873460977,12423.5857471746,424363.770683568,17278.6127017537,46419.2602541206,27846.5459154689,38474.4463308295,59157.2568032253,101476.22112022
"P00453",3735632.59941021,32876.0324118067,8630.30911427923,3970129.09308433,15016.1035971004,186123.053460299,27263.1556452568,5264025.81734204,66209.1012028052,26444.3595235553
"P00454",3544717.94911139,712807.369813004,6140.74824940869,55053.6559396014,14517.2968530469,4257.64776903612,27451.1749403686,4373.94198395461,51710.3485675587,111395.732324372
"P00455",659798.2231205,13514.5375223742,154024.959049978,3950338.2728534,26272.4022638548,212237.147449024,25152.8820723518,2484506.4444694,16646.816527316,12703.2958310004
"P00456",600774.139655496,32410.6673129215,165930.071628684,1996281.54578749,25755.2171521124,103111.353181323,24728.9465910993,1580332.10507787,10103.4852250957,10095.3468645901
"P00457",283132.510374643,219833.050865442,517762.56664008,144788.891507222,33812.8335809947,18051.2090597154,22676.7607630228,22307.884224721,5577.42600458123,71164.1213093147
"P00458",572893.134800888,16891.6960681972,301732.450732658,1741163.14299556,30979.5905400319,87553.1273122172,23951.7490997476,766758.261016794,9249.13609632063,8223.18885167294
"P00459",2276601.05001179,121313.166998624,23685.5707435018,681394.624311938,19146.4097648158,57893.2364465377,27878.0994410792,108909.306266942,55753.0705148363,94984.9838972991
"P00460",579201.784619701,31836.2446953497,103791.703275815,1408287.43849557,25678.2527336313,91977.2166610898,25129.1926686393,668759.005905651,14269.6485949641,13245.2730689525
"P00461",2630941.26334095,598435.672548152,19499.9508560279,33726.871794235,18865.0542642386,3534.30723950946,27931.7647775559,2351.92318450133,26099.2690479729,56106.8035366302
"P00462",1550562.25527878,95281.1568262241,16463.1324785947,875348.03834535,17081.5713530021,101407.695796757,27928.1211035731,355125.453728877,64136.2474311914,111559.170915516
"P00463",4586423.69847721,760915.159827557,7191.41833152501,54592.6771041926,13287.6137174255,2867.28830700086,27330.6287714138,2996.26530584898,74177.5699255211,136165.310915012
"P00464",4461187.06809729,717435.554690369,5905.07435295038,82651.9998824284,12916.9367488819,6583.32309872785,27680.1957155339,2923.72282198905,87629.1869740303,154967.744298824
"P00465",765009.820724597,84671.876460482,79072.7938514029,832112.660322034,23276.9095631419,46322.8111017941,26796.7600448312,194480.936085719,18499.8098301822,28318.3499975723
"P00466",1699042.423668,308804.277549748,29544.2825117193,82678.395631033,20865.0712733404,6863.69747350361,27835.3053945677,6758.62354128016,18511.0578070659,40576.9183908856
"P00467",2636069.97092162,521132.089432364,14676.3063675121,213428.130479032,15705.869140418,22812.6388322799,27685.5284991262,23533.9102410586,44375.2411722548,103406.937533078
"P00468",2614430.40892417,382690.61135084,33884.8608253237,151764.018782266,20100.4831409063,12421.3162164037,27928.6357775799,19494.0559677392,40419.2519039695,52545.2864772413
"P00469",2247977.74242891,104280.289504493,11010.9274722351,1358260.34281602,17484.7583637984,60890.1627788043,27812.5095156482,112373.966538099,71325.0834141225,125133.416608873
"P00470",3478916.57715491,496451.371259494,8233.10675498032,75012.5754968251,14852.7523510906,4097.0794710327,27645.4085790505,5250.89552688569,52251.6267933882,106175.394754367
"P00471",1585891.2224089,488601.089710257,23116.9426548398,49458.7521043216,19598.6791287372,6459.96825175922,27586.5365946985,11529.221488047,26785.7701996791,54907.6749013636
"P00472",4459041.05403706,606737.981505562,3906.23006814712,365688.678889213,12041.6127947784,26874.3508013287,26018.2979006954,15609.1678749975,98742.2320534798,185707.106877807
"P00473",2052349.22555881,58255.2707555494,19143.507773807,1682957.0855201,17214.9868708285,63861.7555689998,27662.1526891055,153559.211495238,51066.6523727089,71298.7941745943
"P00474",483320.476882241,25667.5505780802,82303.2559460105,6666348.71136322,25116.0186075636,216110.327176981,25051.905400582,1581987.08354339,16452.1475422523,18773.5191119195
"P00475",2583720.7370107,145908.192549588,19036.1593258345,369042.083093795,15736.5649749378,23065.9344676467,27932.2914844764,10891.8707794685,44136.1232892633,108399.634591992
"P00476",2515513.03441849,403598.211600317,29129.3319661442,114926.919407852,17257.4188926936,12540.2270201571,27929.2804913003,25496.3914048285,36053.8706878088,76077.3303003929
"P00477",2760137.53626424,891092.056901966,1213.28946268082,23686.252356493,5530.31578696958,2711.14447132636,16782.3982351531,1700.13830242594,94501.0823823965,179408.686232469
"P00478",2676625.89135229,53349.455162443,22112.1895206563,1439044.99978572,17609.4953698794,122186.056100217,27434.2015846523,335132.462882259,56762.7782734815,111897.404718397
"P00479",822247.43919107,137193.172166964,98584.2075270384,355985.944758538,24376.1218196816,24665.0613616041,26214.2431053739,156758.629760222,11955.4169482148,10787.5193629313
"P00480",3296249.37211574,580774.386527485,12602.7105498604,68784.1311817196,16261.4668627221,5506.20497397145,27932.3396052483,19054.5958582743,45775.7885066628,66720.0830794237
"P00481",555464.689150405,65068.2616796008,181041.245271072,600749.382882328,25769.6406411036,39173.5603667688,25014.0534852262,373385.247664891,6985.27490734469,9709.17846924449
"P00482",967627.876456607,501503.556567995,77700.4273289462,87099.7946590751,23058.392753304,8191.80146405154,25808.1553127494,8439.47765455803,25177.2872719679,180717.837249828
"P00483",3441854.00624663,275446.196923884,14852.0034587033,489466.081427541,17898.3892414515,32633.2873285218,27858.3538829446,53990.8351260452,59869.6521660801,96837.4053065328
"P00484",2858150.55041895,323280.541224602,9882.24429005067,325193.6424014,18099.9059438183,18835.4658799117,27925.0326936939,38285.2234152284,58761.4330860801,70812.0367581903
"P00485",952211.302431607,221805.161477674,47613.2856884997,304739.491653359,23691.9527247595,19321.6710846576,26826.6416429209,63341.1919673146,23139.9939275568,44685.188965953
"P00486",1901383.01311956,75513.5251657788,29512.2083258375,678795.875539402,19073.9380920658,38353.6224332927,27824.8422050404,72628.3146506346,57781.29897942,112178.625815626
"P00487",4208848.70328768,920964.26457804,5911.5861259021,19897.8287652557,11861.782888235,1381.76278223104,26898.5969686741,1256.97076332986,61493.6928513769,138540.823798716
"P00488",1679553.89746227,233827.19933801,31651.5777344172,122746.825008994,20683.1426547199,6691.33563397485,27813.814082017,37848.2402745281,25138.482095143,37775.1187142857
"P00489",972689.391328658,51863.1476848834,70102.9275617129,1877072.49148736,22943.2273681573,220031.704146397,25126.8369383119,671170.361300749,34474.9503330201,35983.9669702307
"P00490",1234194.70435418,94468.8791457551,49810.7281666888,286114.010666348,21577.2579371758,25810.3185272399,27076.0781060974,89652.2322382945,21576.6297289664,36104.3831470307
"P00491",927157.22329979,42846.5150754305,64745.9092423198,2139938.78617093,25862.9676258851,88976.3240456726,26281.6163948546,968911.209309844,18212.3002053571,23766.4732687084
"P00492",1985114.56243096,67283.629971546,34889.07276946,1146184.45128409,21361.7146896406,66436.2124371686,27439.8079354157,201108.601795019,58638.7161548442,66049.6064365195
"P00493",330507.190105207,215037.884669566,577648.479107683,245020.10498339,30595.3010272153,20499.034023802,21712.9900280158,19252.7928397216,7738.63816886806,62466.2221412193
"P00494",1679471.83493125,86750.9796437636,29131.4339488915,2050055.96089328,21249.815973058,72005.4352952562,26992.7357234373,167078.74754391,45698.0159408118,45104.7977425766
"P00495",4690138.312815,928906.208890098,4430.65144712342,13650.2209062353,12385.9519062824,1279.91661927008,25541.2710234227,1069.07031232394,77796.2256236529,163907.350675253
"P00496",1770419.70841011,80979.0899721371,25884.0170824772,940217.536355104,19232.3832228216,71510.5117917778,27254.6507709918,224262.078871819,33859.5393545251,57726.9706658635
"P00497",1876177.88985811,176162.930842698,27252.7953666477,320246.093801255,18522.6951713044,19425.0243195784,27820.8849384227,41689.4931922358,26869.1715636793,45718.1477986518
"P00498",3045442.90162527,718648.896188502,11351.9121514854,74456.2389031246,16561.6109666753,3928.67447331501,27706.9157814896,7466.11089976315,45407.885108306,92430.8844002204
"P00499",2944072.819446,703791.581982579,16929.3469803272,120174.709778341,17662.0041877586,4869.82558738789,27808.8651879963,9172.78783358561,43203.9450852655,77169.5896044046
"P00500",397616.485038183,34033.758929101,322622.414750444,872471.254797126,31323.4764315635,72425.844582324,25102.1510199236,1314770.95537443,6182.07278771203,6574.70956054013
"P00501",2091861.35925747,86794.1898790835,27047.3906376017,2822134.01729927,18778.4920836422,271652.667195042,26443.4678393437,513494.163807099,48295.1309512952,65619.8351927868
"P00502",3836015.82059167,868888.424431052,1746.31057679439,9644.47214887569,7768.80681284504,1425.06867260958,20893.5796811023,441.397933005322,97128.2200330544,185581.408872979
"P00503",1259368.53275726,58027.5055725213,55909.6083763731,614944.170808566,21269.9756949883,60427.502778123,26018.5516387471,40859.716408324,36697.1675091577,34995.4392373865
"P00504",653746.430399715,61676.2087047546,135983.029759006,962910.324439066,22967.1690101676,51505.2949806746,25799.2883993762,574028.008059887,14451.3332477912,21359.4387487938
"P00505",3385112.36155613,611230.03317646,15137.5471393614,51473.7333930394,18389.312181358,5082.87941093414,27410.5868395582,8791.40536097524,50162.3262261239,67730.8940751211
"P00506",878642.114458804,53199.7120315616,145340.562488416,524691.410313174,24619.9430163813,39332.8051806128,25947.7114217092,384730.889497577,16639.477125968,18420.2560787599
"P00507",4393445.77009775,879582.279818926,1804.04877499565,16672.2082993723,7675.10276552419,2438.62663750982,21066.6054903059,824.556454264869,99634.0784758119,176365.578607858
"P00508",548087.657567238,30958.2196455526,94952.3458736586,2500267.93321257,28032.4566825035,124071.319108291,24809.4905985917,3472992.06389664,16915.4300846831,9507.25350877475
"P00509",2465538.2948966,47386.5899914958,25996.4894129916,1965272.51369298,19221.9486146943,155063.226205667,27872.5332122509,151894.489366516,54012.3851878343,101767.446307806
"P00510",2075884.65560286,141344.377373522,33184.6839093691,323385.439798356,18965.1633353207,34532.6590725922,27567.0384829199,49089.6334619569,46006.4655027428,71951.1262359598
"P00511",341950.0219675,21406.2275297922,154813.631311909,3301730.09462285,25059.7356601238,160410.614869736,24431.3642143345,3286071.79891414,10314.4637065285,11132.694052801
"P00512",281650.502352011,10844.4079912829,303287.461387503,3416969.34445463,31485.848928801,201116.975853252,23954.9504656236,5945237.01821466,7012.31856663554,6206.34357197124
"P00513",1873963.50279897,162300.69436454,32729.8292708038,844374.471600978,18510.3470794307,34631.6589303448,27664.0388285622,168170.015882804,45076.421501698,82370.1706503846
"P00514",3935107.86565037,629382.589439227,9135.08541877725,51971.8328726946,15987.8563470839,3590.77965952963,27445.2609503684,3242.83009754557,42634.4018433208,115654.276335747
"P00515",1820688.79508685,125973.879389602,32582.4934363099,884865.337879024,18957.4286166127,86176.1971432209,27403.7013698058,383169.846293359,44609.9082012999,77671.8629374501
"P00516",1539081.71638064,375555.611990222,40726.3102046543,257563.520833408,20239.1705896856,8212.01210517043,27204.6519247322,24625.8285269944,26889.0257001516,30909.7819493596
"P00517",3948074.3083927,540798.22042811,9056.2698494811,131526.085193319,16560.663279081,10737.0746318854,27042.0288364672,12625.6924795351,67271.4225746208,140097.545591264
"P00518",4613202.07306582,884815.865309767,2571.48996297714,89221.2973940686,9667.4256589157,8724.24271514034,24833.4671388797,4595.26246364294,99396.8497236514,177701.063163355
"P00519",2918947.44997417,207523.395723334,19008.4264406321,152111.496219242,17939.3370294697,24234.8401447405,27931.570226851,28046.0290316317,47922.3526494862,57479.6755061678
"P00520",1135814.25798183,189535.699828082,64087.0069029335,269848.841111121,22685.5797000946,14031.4698794778,27125.8795562334,67651.9222221655,14549.2732564092,17106.9264582439
"P00521",340780.143214077,16080.183116036,273029.624610948,2393972.07932751,27947.0764389519,187719.043105001,23387.5661161685,5773878.21717288,8329.45096223098,7851.62932989755
"P00522",2868924.83684099,161838.225612572,20950.3992755789,524707.913830639,18345.1008714086,52644.8869050667,27883.6124480105,44975.0345106028,51916.8371708346,119182.521373983
"P00523",4326757.18920954,755971.570939401,8549.72630725303,34551.2371589077,15952.3856081482,2907.86430702093,26749.8104145252,2513.61800716694,51791.8508330458,88877.6890534597
"P00524",526231.177894661,70128.6996613366,92094.7983350362,739987.106798277,25938.2914955727,45217.247068939,25277.6170906875,446342.793064326,9562.68125342962,15612.3790383282
"P00525",4561676.15555064,333321.619166333,4608.49782280501,98769.8763102269,12473.1471671179,13151.8396675058,25698.765036255,6631.29858105676,71713.5618999612,83637.1808787785
"P00526",1678471.82149274,457064.755460583,27193.9684775233,53894.9935614559,20403.6351768828,2701.21819675699,27567.3875301814,7593.43960382022,20798.2946255734,34942.6732981326
"P00527",150342.185490876,2501.28495282873,1912227.96635461,147911135.371141,45254.9781438172,10676180.9917691,19363.3541313623,825997629.544438,3099.2191526212,2843.05314473605
"P00528",210848.200784374,12474.6330553369,572577.026710493,2552279.48806107,34534.6212228243,176434.18742424,21250.8275480815,3040357.774627,3622.74723312464,4703.56249215963
"P00529",4698128.97493659,587270.60139197,4648.13348286319,109275.544054863,10187.6696937226,9934.41340243735,24754.9687995995,4313.96467378505,95971.812042188,185942.74565482
"P00530",1547596.57085349,28866.1193100486,50577.9531642161,2504328.159469,19396.5435263876,265133.948000134,27007.1157148936,1317694.25776177,42697.0825718738,76288.1800246738
"P00531",4695757.23454794,919606.449610983,3755.97818205764,13061.9252404761,11446.4581159978,912.219803970387,25141.4585461641,789.823886314293,65663.3729831315,140695.04284898
"P00532",400185.376731781,14475.6408578927,177132.586788882,5569636.26007846,26754.2793000065,340478.18791214,23956.4358790268,2707650.37809777,14594.3889480114,10396.5674710786
"P00533",1397611.23490566,236045.904636588,29799.7667933531,124969.772799188,20291.1877689778,8957.84873590504,27810.8294454627,31980.108891092,26407.9800154756,40174.6074461414
"P00534",1748356.17292218,384888.917782708,27610.6786768492,94990.6580084952,20049.540939196,8420.76275208471,27861.8169959471,15731.3853734199,30238.2453580095,47791.2312779327
"P00535",2298375.59413191,122451.623743576,18079.1790693012,912483.266268646,17794.9350161236,109482.306061851,27521.209054829,150778.91422947,47512.9892598622,78927.2985995005
"P00536",967699.478119699,76947.3570228266,61470.3528451954,825453.596770432,23344.727052718,63068.7285684053,26871.7462375941,151848.457913105,24638.424081452,29770.8943708501
"P00537",815233.125869142,110996.243552986,106767.984742161,554467.70533,24491.9075854475,28069.4707868579,26138.9157141641,185929.902467813,14193.1077664021,19691.7957777489
"P00538",4673294.79665395,778492.905640527,4865.94304008892,62931.6550541776,12544.08366364,6180.90056773316,25441.7623659306,2939.80725174058,84471.6415310254,176472.842033882
"P00539",3862584.54645632,562734.173046726,11380.6043218652,72446.6194751491,16317.7305471194,4661.53344574552,27755.9754874102,5062.58270063951,61769.4433586695,101471.114750501
"P00540",587232.602908657,22272.88636694,81195.7774121005,2859730.08611832,24011.7808064843,202601.550986154,25614.836946171,1048568.21927453,18299.2123393323,28177.7819186812
"P00541",1602573.92593782,126901.898838334,25572.9471576916,343726.549072279,18672.0639676408,38560.2498624093,26707.7791221949,64418.0998745802,27241.2614314924,56499.9471357825
"P00542",725647.447289193,51952.7317037134,88292.8841497411,512951.69629308,24537.3497104636,22345.6788637474,25555.2718279023,221382.034952169,12728.2821191694,15782.8122289975
"P00543",1310916.4123799,35878.6737663871,75742.2265505934,2271152.51609948,22796.526668028,144131.653637055,26256.8444508936,1626929.70551962,39265.7962733484,46626.4792340782
"P00544",495058.34381826,37293.1512983962,86646.0971096098,3372638.90843581,25524.1058160993,314624.053333252,24656.9988870653,3373229.52183722,20917.9597735259,20659.2594431928
"P00545",3178019.54383655,175499.221890225,7085.49179481633,1716905.66907341,15556.9232103138,123782.839184767,27686.3716708365,81991.2060958868,94337.6624189807,176585.359781478
"P00546",608706.18340153,14651.0675501611,137723.530258278,3754038.12681307,24128.7659606478,336002.121741154,25837.6512921218,3511093.26281781,20630.7327517843,16713.8495942025
"P00547",2107419.88710764,175498.461309056,20123.9906359711,245645.894023728,18654.3301343359,17517.6260224103,27926.9995773559,59663.1502276197,58948.7347886642,122922.970871685
"P00548",3295789.08388839,548417.282797281,13107.6772677615,54943.77370086,17220.9553646995,2604.45437434564,27638.7350834952,3046.81012299421,51077.3211823922,128322.546153985
"P00549",2832007.81296284,181498.372881023,13499.4621958729,1342093.71473701,16343.4832444978,79223.5839434411,27780.2586702252,103556.004833122,72749.0417040447,120734.497855726
"P00550",556563.573883462,22899.6593332423,142022.49518875,2434077.68756726,26107.2486428517,138973.798505614,24337.9573530128,1839716.64203033,11659.6602050778,13287.9300378641
"P00551",4607189.60919788,665571.053135503,6829.75366271789,175757.602016032,13633.7380794846,11823.053663094,26723.0000001336,4434.41715564102,83438.4078945424,180142.823863726
"P00552",1322531.93666025,112912.121221153,46057.4524418305,677224.921306554,19781.9567443547,27843.3869678262,27375.8110359181,99811.7775929025,21666.5031389781,27911.8208800622
"P00553",1796488.56546106,129425.457137506,32444.0506248466,775249.207025802,21741.5082693449,35247.8249632911,26724.1027410228,181923.772036627,31202.7896729056,55159.3617917874
"P00554",1641322.23215956,71625.1827088674,32219.2802396317,1630892.3235131,19130.4526038405,81162.2061180484,27384.5308337947,1282093.15272767,53026.0169596115,61792.9016181417
"P00555",3383209.76235292,112088.751910708,20672.140060752,1222754.24162001,16935.2724194208,164915.607174226,27682.7875369422,230679.336412518,75684.6046658765,145464.156035689
"P00556",4655628.21323393,920704.175969213,3541.22375635419,17196.1790018722,9908.21900970946,1548.17320596169,24231.8460163503,686.895875617567,94045.0989649731,185724.253556927
"P00557",3740713.28257916,886935.942638359,1923.48395020485,11923.9607176494,8663.18099999115,1451.68669153257,22809.26385624,914.126721211233,95005.5244413514,184936.178071905
"P00558",4230392.64767828,369609.17240302,5826.98193766622,856365.866605726,12538.1602785897,56459.3764685265,27263.3536654956,53838.2918778903,96154.24870152,185683.732819636
"P00559",515424.508610539,56666.041003992,87020.4334677565,1032844.4023672,25602.0568513957,59085.9409345103,25277.1218763187,1082304.79541288,12883.2562508382,14023.8034223876
"P00560",4665678.96015191,95262.5332321709,4500.5113403947,231836.66722437,12889.7193104993,17951.5089086167,26090.4090222496,254655.789718002,56868.7826272223,14587.4460427033
"P00561",763617.258777759,52763.8242719451,33384.2965569145,505327.088535565,21474.3719794891,63476.6068635868,26678.1202199875,250876.088279795,28265.2483668755,25868.519878547
"P00562",2458586.1026099,226667.691899229,33241.6850657207,112674.580341091,17554.6663680624,18307.8684053571,27802.1255682092,41349.0115222016,41382.3433562092,46681.3308806226
"P00563",1897570.84873328,61147.358724958,24156.8050146613,2026656.27716259,20502.4256111803,102746.930966815,27028.1978918564,734901.384958883,32944.7676818856,62142.171989526
"P00564",3522478.40985328,626603.046148121,14909.0395386663,35813.3493406899,16507.8559436942,4378.72770240692,27807.3058768906,5696.88531214522,52162.3704441555,103632.317287082
"P00565",2915360.21579117,649631.932519267,24419.6608582541,74582.4696579164,19396.692863343,3339.1026617155,27909.5861346831,7516.21764234905,34368.3038437216,46037.8229356532
"P00566",578484.816602997,30368.3164284464,131424.950868967,1308355.03709283,24112.5687807511,75742.9221706283,25710.782225931,592823.594201939,14014.0441022242,9487.17234655419
"P00567",4591089.09243556,384252.279879707,3253.9943735766,372328.331339988,12966.4189356906,29438.8444982934,26754.340368468,21025.2607837138,99667.8893500893,182417.800621981
"P00568",493562.473990193,93267.4315917339,113444.103791834,471232.640415689,25874.8464968979,33690.3717263684,25014.0130952121,213814.646674053,10220.8376535952,8302.40501797399
"P00569",722563.41086909,38917.762068517,95086.5827317165,2894735.65898833,26078.7906078396,85933.3485584703,24347.0049568337,2261276.25590553,18316.3486199934,17846.8065091307
"P00570",391362.627358555,22801.7784638994,172567.377957114,2190919.31483809,27360.911358339,93028.4160831155,24696.8607383763,1625208.8680841,10951.759543827,9471.7428970876
"P00571",1664916.47027869,315848.931194734,30226.5995244497,174723.21129674,20499.7823513568,19516.5117532051,27599.4076399916,35400.1964405887,37560.8515547798,56603.2416389633
"P00572",4226801.48502088,248770.375509872,6113.02170573231,298450.281383429,12322.2969213056,15485.8987006373,26855.2237447826,62757.6674272809,77174.643992999,41304.9561994754
"P00573",1612429.2114609,191630.908345835,30479.0444819549,177644.770686485,18930.0745241905,18349.6614622671,27826.5072717553,32767.3848183617,28872.0232341998,45076.2816240996
"P00574",3768661.43362041,688229.662933523,6945.05095375474,53177.7025715019,16580.9411592112,3870.92286108724,27259.8522611137,7884.7890921326,55044.1839652184,96262.8674347468
"P00575",3586452.44751716,868202.271167913,2098.873816976,19364.9404236435,6248.22570203524,1242.68183283242,21122.1526867813,536.181345285748,99655.4790667995,166000.816671769
"P00576",767164.201030719,104893.189789072,74459.1462650412,557235.550749913,25867.6586889303,35593.313751982,26047.4029254666,661036.400129612,13815.8709780078,15464.0065976673
"P00577",4158015.1897203,684435.017120044,9921.17192199762,52052.3025046563,16968.8141504173,3755.52704435562,27364.3351755805,7182.62424390137,59854.7912390565,117167.520509305
"P00578",4696698.44321523,692438.209254204,5199.02629791876,350385.576493675,13418.1033256358,10826.5501402399,26257.2029524699,7404.0155441357,94109.5445816236,181327.469490567
"P00579",2443834.94112046,617771.970448665,25330.4528017053,94548.6486917522,17812.9265380586,7182.29078040319,27632.5378158549,6069.07746822296,35326.5780947044,69303.2632786332
"P00580",3688613.32153628,374548.493681628,8159.91771999315,326356.662795451,14636.7157249081,24913.8430049087,27852.1254764027,30304.7006146538,84313.8260601375,123050.30467305
"P00581",2454641.9431949,360249.345405007,24843.4714992462,60507.1193292858,17673.458176669,5280.23892432768,27634.0376395413,17477.2324860894,27102.0027809572,50415.5621435145
"P00582",1135682.21538864,110727.187834627,32031.5311493411,446236.263955113,20012.7534705136,23819.4619190531,27277.5692233769,88720.8135311617,30069.7781212827,55041.3343716214
"P00583",1545037.37449753,213497.727390903,29267.1538318842,166373.797397547,23437.2318525506,14451.1290658366,27414.887817496,27848.8135605092,18303.630324849,26026.2759213564
"P00584",872657.996720358,37061.0703985018,120756.014716666,637902.899741883,23687.5340047978,51376.8404743175,25154.728307902,636067.38103164,22091.0822637678,32798.3147503732
"P00585",672557.211046906,148425.644554597,49799.0614535168,212713.409788997,23078.9133456773,20638.8346964772,26727.2182223229,185592.854538859,14504.0812500365,19871.617709178
"P00586",384847.149707747,19835.2099227024,478358.836397637,3295167.39538566,34865.0688666214,89652.5774409748,21190.101817634,2625364.10946234,5847.56140512884,4874.69339924748
"P00587",581975.735741137,11455.4921783651,119533.176294141,3859645.67498751,27679.3474882013,361333.013869375,24062.9264047767,6692745.03923666,14443.2366057542,15699.7542352447
"P00588",3998459.01990628,638598.778000993,7289.52428392078,170821.891208768,14875.5269252961,11668.6985344241,27930.930912171,15646.2474251341,71478.5067742203,146673.123954108
"P00589",2385095.06994888,215248.456643948,30292.8491116084,364986.252196232,19726.7616927861,21078.3204959789,27621.5537709202,152346.142627538,29011.8863464181,55981.7959782626
"P00590",3265974.3508058,543194.028930467,8656.74530201738,201162.996998622,15357.7324337526,8812.79196303302,26998.8723667361,9811.16161592038,65812.0438182422,118227.808805436
"P00591",3465139.37574563,302974.595822402,10901.6330917615,514018.406901442,15983.7496818311,31053.6895440722,27754.1620393529,38467.510790905,74385.7438466004,139646.657709472
"P00592",651393.508395318,155417.85542569,73099.7510060016,194527.469802835,23129.5834154526,18614.5558592517,26745.7925656231,238607.06424443,9066.85127571801,11605.0691946849
"P00593",317243.489322305,10553.6143764855,351479.247372277,2022411.94776215,32392.5146954424,205248.001171954,22563.2880579594,1901624.35418194,5936.18229397335,5638.17201942245
"P00594",1425481.282665,19873.7297793269,48817.7319021531,7614108.94861943,20269.7177073682,759026.109012817,26054.5387540377,2555083.70346927,62440.3083309889,66480.9980048984
"P00595",762929.861587553,62615.5082934968,103609.281808743,815286.369284018,24507.4761694129,81083.273985929,25341.4318026023,852383.35621867,15302.9242887094,23169.9634270164
"P00596",367018.662738729,4148.52505842485,214060.658455436,44814659.4990896,30343.3473754556,3623813.50658142,22288.8773733557,102503692.268403,16196.6582443169,13786.8052857332
"P00597",1884866.71619031,326302.780308067,23161.9149359825,41521.21176636,19336.530265475,4797.77919764599,27918.3987564497,6699.62725101742,24043.2439923097,50683.3725889858
"P00598",3537096.60297691,380477.668770856,9171.11277639938,404064.767481854,14184.0717936352,39555.8661387124,27917.0689850155,29816.6523042793,77538.356344882,159305.539298949
"P00599",2474691.49099926,170443.707964979,40432.8073285055,332225.379275933,19936.9405149688,29360.2699862663,26923.8209183123,56969.283703594,37256.5606142565,64309.9502569286
"P00600",2446711.57308027,397942.540723952,24681.1012266944,198236.401009857,18892.4706339425,12254.6896478544,27864.2989405986,25049.9968120616,39520.9889398397,43848.1333486267
"P00601",2375477.731295,167693.178291792,17870.9397834955,258867.432385508,18918.756190247,20646.0173373511,27927.3795749139,52713.6057762915,37283.6679528964,54552.636491561
"P00602",905578.542200132,665688.088191067,140191.338838003,35459.5955155593,26241.5826281833,3670.09063289719,24719.3667862862,3111.6073148534,5995.36110554095,47839.2022889366
"P00603",184033.928451863,7059.26765531327,968709.370542664,6887847.26476097,37143.4653198429,271904.197877737,20807.9664125965,9909616.61171828,2208.84248783295,2846.57461137892
"P00604",2422601.12505203,140407.377019491,21253.6088277947,339342.821339045,20488.0301010856,31674.0289927074,27878.1728560725,190157.441192709,56408.4990382548,81338.2704938799
"P00605",711225.513682793,109855.655327463,66625.3322837718,264790.066465139,23553.7107541628,22570.9414464271,26363.8719401109,95653.3996320867,13649.4482124882,12908.0380646661
"P00606",1342969.22707,167887.423057259,41009.6143119034,383126.913436177,20467.3824551727,23109.565286861,27274.6041521391,45879.4026951365,29943.3209088358,47767.3216325887
"P00607",717809.72332996,9413.31677739629,215675.491445178,8023261.52969091,24525.6866018894,593816.820225234,24033.4681320441,2570069.27093331,19026.6659392234,14355.9093871533
"P00608",3551922.52462505,446399.623316131,10025.3636591907,84557.4767162899,15831.1096260815,14077.7167314527,27858.3162356473,8027.80819299055,54514.9065594182,93596.068084419
"P00609",3052104.52921275,201571.358792523,39034.7380068741,187659.734884859,19257.9376922899,18352.6979538297,27892.7724880145,52838.4507475954,48150.7406127073,51823.0006834278
"P00610",1335106.45930801,155951.60359072,25351.8995227848,506081.611758044,19683.763005896,75778.9459533685,27546.2375370447,162379.099951078,40757.4388736996,46107.7973198809
"P00611",2712228.60592976,78774.3847640312,19447.2974349355,1778780.13685282,17055.1633217839,99774.7021135134,27721.4811692603,326790.881620822,80817.299305899,122681.753425111
"P00612",4075378.33162143,918436.10716247,1622.84902784632,53461.3354634259,8101.44976795688,7384.36354674546,20577.1980227265,1382.44299939014,95278.7303240118,126405.787284919
"P00613",4046744.17323681,302854.560616447,6021.77506672257,317378.206878394,14259.96326131,15241.8344698717,27857.9064291737,28623.301303207,93374.3738913947,153980.055146103
"P00614",2132632.37807275,61966.2457825866,26655.983856861,968771.260327674,20448.6725780524,70420.0335574707,27272.990827672,216381.816323439,36509.7215428476,63938.3467973166
"P00615",700184.918103285,17177.6243997169,111201.137809086,5793734.55517173,22841.4177470094,290094.013982071,24870.6198645015,7472171.96845132,25846.6757988291,24605.5106626356
"P00616",3441953.34023885,360835.323893069,13338.4185735481,158843.874400427,15116.1059970622,12936.3485706672,27650.8515434101,46089.2099956266,64599.5970625072,111206.986803609
"P00617",1983144.70666407,79858.5267561993,26311.2002403561,1020313.24263258,18261.6380366325,71889.8214439744,26968.7950191478,192780.568709984,44204.7997192041,61481.6186928462
"P00618",1335398.14933858,69179.2180389783,40540.8189766259,578338.675343738,20631.574296346,39323.0922791594,27078.3292673022,201418.813521566,30544.4792777483,35233.7884805098
"P00619",2755856.24910493,139322.941383765,18479.1561515616,373642.928833212,16977.6547885848,28640.9481924011,27912.4123874847,30336.8547592334,46898.3991416792,65575.5358085067
"P00620",336215.082223522,3426.3472983083,344187.734757008,26058678.1914848,30587.4235658674,2054182.47790475,22725.4586400067,48022635.92956,8518.51812624415,7689.51786752723
"P00621",4352421.58908373,924391.413351969,2489.54607407326,29691.5310778069,8434.85688904744,2615.55626776593,23197.680357998,1122.83141221622,99609.7992164894,180134.593426675
"P00622",221147.99961944,12077.992190587,610683.525019993,4887291.73257761,34605.0663035902,118218.767263312,22288.1222228601,2176462.54379209,4105.40191511755,3654.68816568314
"P00623",4120825.36256839,547527.891780629,6672.76354184566,80413.034786,13704.0745065188,5325.80265876115,27270.4469854903,7632.81410360996,67964.5355086384,129095.81672124
"P00624",597292.637813299,71049.6091683054,105920.033648797,809863.034350756,25514.3642231575,30210.0754119449,24214.7669937037,351004.45428709,13841.8621395687,14215.1813666138
"P00625",964400.052718653,383511.636405032,70297.5494908672,67246.5199007272,21353.5425646601,5351.25915842339,27047.2245885681,14425.7203577087,10682.8569017419,20232.8173142836
"P00626",602649.82432467,20798.6228007556,120765.059173612,3966731.85040534,22036.7961714797,202377.435345501,25578.1527223469,4175053.11716337,24968.2890294266,27635.5946122896
"P00627",4302833.52920167,519115.844293204,6857.73495612827,132752.514947064,13371.8557390948,9624.84122220099,27544.5424871392,7411.80710491439,85850.8508640076,126418.622216976
"P00628",1562908.25262548,116506.586545985,65544.1570038896,1283319.15780882,21286.8962412901,66290.034671982,27051.1079859557,339149.201064107,20085.1062633163,26098.7383315599
"P00629",3551163.08004563,196653.657250698,17911.8808465437,485437.84302382,16049.7278017618,25771.2928034617,27802.1479244944,40032.2416970528,50021.6611472918,102510.991550324
"P00630",445116.304752343,11783.1574343368,135133.368651283,3458421.57395477,25223.0021097163,175139.47494179,23329.5922734951,3347367.49582466,13887.0678831282,16504.1810426345
"P00631",2093603.34494649,58854.6357527311,13812.9972691203,4887720.58000715,17612.980366897,255993.302116457,27665.1723006431,862263.23147601,72883.8281057677,96201.4927168864
"P00632",4600375.81565772,309204.45673931,5673.49439129981,757919.860504406,13402.8825123683,38316.2352851068,27033.2143762374,36490.56865969,98044.5143873777,160139.319109209
"P00633",1076348.61168862,28863.3893819761,91962.1767032501,1842637.52980639,22005.5631934123,70682.5086645177,26219.0088738805,813896.832940111,25661.0092633722,38522.0942974398
"P00634",4616198.78109242,783288.772164629,5072.20113453918,41751.8909976932,13321.4505691117,3005.38189987898,24722.9890807927,2075.80652331552,90914.2010176484,158400.424775858
"P00635",2463844.0096561,160206.586671342,11389.4014572447,694408.733704177,17245.7974960849,77119.1542235236,27925.7914896124,138533.236814155,59102.3669111936,101867.247981457
"P00636",725991.73412466,27747.6916502589,71420.0552565144,2725507.26589846,22163.2412959801,187321.205080144,25942.3482295836,746254.681641393,29407.6851309024,43851.7256536577
"P00637",1492137.23746168,152432.933760265,41691.5040652961,456785.760804082,20439.1507717216,28659.1331349786,27124.9958163327,52571.0164508541,42756.7833263223,60077.9712850211
"P00638",1988185.64849891,156016.354374893,30663.0225639045,550118.936511918,17492.7334622023,34048.5934439979,27420.977173092,100133.882019921,33730.8892778814,71916.4586302018
"P00639",4664957.92080971,868810.135472381,3469.58692727578,43662.7076446138,9779.42407233641,6125.63993258772,25575.0169968088,2238.15406849814,98771.74545909,182933.535664963
"P00640",957628.660572081,56508.3569531381,33773.7195104919,2002976.3103627,23552.142384873,146749.265451302,25927.8391746523,811513.053163394,21148.4903232396,30556.7298969094
"P00641",1871546.32733646,263384.298211437,17998.669809657,231659.368733585,21351.0838995574,15904.5458519741,27815.6104465307,38559.7090395318,32586.4853737375,50973.291502672
"P00642",2889717.87772825,219757.4307397,11468.9287057592,314452.465803888,17529.2196140517,38537.7028749177,27879.4639912836,72224.356185212,69394.0592584931,94053.5473659812
"P00643",1189446.67098092,61807.8234990088,47599.2139988337,1589268.06215508,18555.4450552229,213246.807234813,26662.5425510451,207781.671517643,50603.0314828633,72728.1633430442
"P00644",2987361.67704752,158965.66490272,16522.1801355938,699743.857338371,15958.7961258279,50218.1216884648,27793.6947800085,92026.3724785332,74095.7596725567,155864.455363298
"P00645",4698116.46264795,772444.36865602,2704.84800168597,144542.721639955,9454.71982203968,15010.2646633198,25394.2671452136,3199.73519423679,99668.686837742,186050.308720176
"P00646",2163191.32384545,328200.506059355,13330.1187622097,66887.6297225211,17725.5964589087,7164.75567023516,27911.9742199397,8287.3707807963,35448.014801506,59419.7074031141
"P00647",846641.552825077,22134.9928423498,82765.1785760273,9329028.83751642,23999.1027402689,385697.644470113,25722.1977968364,12355166.6990047,31064.4317120009,41753.388814788
"P00648",2802834.59637677,215699.250697065,14694.569609658,386160.747269237,16797.1506859802,23581.3207857492,27890.3042655557,53676.5455122895,52987.4837761565,112452.50036933
"P00649",4614214.74561442,910969.016475657,5943.82338965854,58570.0691628461,12322.5065012513,3389.64040202187,26667.4176887073,2912.37986792157,85526.2155763876,179202.578263844
"P00650",675392.189284761,20533.4565286317,165873.975511751,7371503.51078827,25110.0170208631,224672.131311479,24230.3768233951,4161914.78188019,12290.7587113232,14269.6215259635
"P00651",3132262.91160203,496667.341569798,12643.0248962314,96027.3080395931,16077.9398184063,8032.63834554774,27852.6972522383,19373.8160183003,39920.0977598458,60464.3903998899
"P00652",2417243.02790245,113505.196772437,40150.5524599529,440295.468348172,22211.1187456341,36691.6091515747,27504.9463005354,420842.863465636,30927.0823198098,52027.2706368152
"P00653",4688182.26128771,930639.39088146,5952.36261816201,19574.7771680506,12974.0482127518,882.930643239461,25785.1013476654,795.877024560183,57775.8567384119,123493.745820435
"P00654",642684.475293873,25116.0164969856,112221.769130226,2297588.55408523,26285.0374861841,135961.504826753,24710.7078314146,506854.360513793,15243.4530684464,23670.5155479642
"P00655",4182012.74297546,550291.329612297,12130.7969797885,90163.7046034257,13908.7004078326,11094.7941283891,27671.9365747506,13020.4139429703,77011.1677911669,152997.45982396
"P00656",1545613.12770074,30813.9090998019,62886.1629947051,4175624.08183072,21239.1720026825,231362.611086943,26654.1545563688,1116755.45196378,39636.4642994823,30470.6319097886
"P00657",2448663.9141395,406277.531486438,16457.9975029044,278694.405000031,17449.7898818984,23767.9437338564,27761.6725048141,34872.1637037375,58286.8319740019,103375.005210121
"P00658",410707.590463885,18960.2728540363,188363.70830744,4003851.15782806,29074.1065680722,254384.097443808,23826.9120030773,5219661.1682759,9096.41134381917,9722.8293455451
"P00659",645899.384811191,16911.1908752845,100454.549028206,12272917.9998358,25266.0816824104,806803.783495724,24818.1754845407,5232286.08987212,18652.1067513917,17573.8515039342
"P00660",988877.053355285,26798.3038838754,81822.7015092372,3698496.40764865,21761.6408776093,193140.77377171,26123.8937786915,1445334.32991686,31141.1245071512,29999.484166958
"P00661",1805118.19926639,206156.427981026,17888.3639837196,236090.2611083,20516.8423361824,25745.6930844503,27775.4723110939,44129.3608640599,55839.6600324379,103220.097674171
"P00662",2191196.12385298,539307.001926251,32347.2056178353,107331.779131385,18135.0420049001,5491.59271011482,27903.1866763924,18424.5572137461,27930.800377376,40190.0434077703
"P00663",1624266.97673553,183712.846998849,27570.4467596804,471938.37336537,19698.8663093435,27229.0443146598,27590.0000411522,131779.081421611,37174.9978701121,62262.2568602915
"P00664",641365.567294873,133068.752687591,124442.728041458,205133.328082237,26126.482106176,14323.5859899,26465.9433680677,124823.249834199,10294.2105835731,13080.9141019076
"P00665",1726475.4318566,299562.119035228,25261.4519569499,247212.360088423,20375.2109225706,14435.0172567821,27438.7021258737,33783.0264553991,32406.394487607,53289.8082579064
"P00666",1041018.96111921,36134.8857406262,91154.5850279382,3113672.14898577,24899.8034359781,286854.153188422,25244.4412060666,2766546.89015411,19693.1241043811,16164.4967277016
"P00667",168958.854870229,4102.15950947184,1468965.24803214,11647804.1609861,43449.2816280711,604658.870240494,20425.0781387635,35308647.3226673,2285.0951434178,2583.39082350471
"P00668",4136135.71169061,793521.242795811,5085.71800985289,80574.6318767409,12231.8566481375,5581.57142251276,26939.4661803779,2438.58276312606,91210.0964426182,172499.961810308
"P00669",3702642.67944571,158380.510319229,10749.7948365246,396873.675436477,13463.1791328155,56081.2035312445,27478.1251090873,78238.8006956818,80728.2857848193,162503.617495851
"P00670",3578370.44340628,20171.8840873678,10923.9191048184,5107152.43483854,14448.4654485299,335370.965128965,27631.1686434641,1822488.85778766,77221.3315535416,19848.4705427408
"P00671",4139361.59697336,497029.182312861,6280.36806407955,145890.438056866,13719.112547274,9546.46278882845,26992.1299669963,6944.91197057383,84327.2881455261,171466.283655924
"P00672",1119558.91825435,148667.671570442,57248.6902940772,302715.103044119,24038.1645178723,25825.4717330831,25926.1196177848,126228.332378484,18935.1900235824,25869.8422036045
"P00673",1139629.73630532,35055.2574164686,29465.1352919441,1594802.76789093,20883.9560618188,118418.799798154,27308.3499701225,231135.870049606,32257.2629534574,42092.8433361766
"P00674",737820.59010959,160063.275234919,88116.4601068702,228368.260252199,23440.7701572111,17225.9829653836,26226.6264808735,172271.114010044,16207.4767531716,16918.0683118456
"P00675",1080612.43102783,174142.493494064,25338.1752703155,190358.463269395,21533.1237025877,10011.7270666286,27675.8444405825,39081.8516518947,18518.7513277333,39777.2844601649
"P00676",1859760.89949766,54132.3634376262,32719.4981559122,1343795.01612327,22468.8397893623,76679.6480408739,27256.7584488294,326340.705246195,41813.175979868,48524.1316252052
"P00677",4596924.2628612,834089.362456846,4614.40587018365,48401.7707943521,11042.3948127349,5661.09301618039,26936.475306554,2734.50195439891,73493.716557107,154103.502871745
"P00678",1993567.51045589,113593.463853538,29839.6189691464,597232.492390867,22293.3724420815,38861.3914555869,27421.0839195739,125221.241945042,40867.4471008905,50496.4890321045
"P00679",649421.611406489,9312.12367001474,74674.3162648173,16760791.6523535,23653.1235922016,1392153.63884835,24112.2319847451,17525597.0515141,25589.103798474,46762.3301386855
"P00680",3774882.18992588,473041.402734072,9221.07906017648,189543.530873056,14296.6270504222,21567.7746733399,27486.3598455872,12612.9120423242,85455.8866786101,117943.326248929
"P00681",458538.511245923,11535.7953899733,214423.000069899,6585300.49195437,28883.2658928398,618496.847026568,23061.0850599615,12607767.3965953,12174.2463753682,8581.06126875029
"P00682",852386.634083907,125913.435346818,76777.8003270234,436394.21966417,23157.0360248558,27568.8266350607,25670.3718310476,249323.596878433,12753.2951029543,13329.9079001988
"P00683",2800963.57499345,292687.113267981,16406.5861924716,184140.151773596,17878.1584239589,9496.35207229493,27867.488710169,10408.8477796971,45086.601797674,93964.1783972951
"P00684",1696764.93974344,65656.6395619833,46689.7267036446,1523402.5411232,20724.9495422593,40469.992563728,26635.3529399059,411888.104656643,40627.6846120897,43933.7204728983
"P00685",1598436.09786264,556975.928801262,52221.0934738576,88697.0670423329,21209.4750922853,12511.381150317,26596.4284601213,7818.55094409441,37329.282813676,163210.162289055
"P00686",2248496.4601061,592344.669779911,13786.5792017854,155427.732988084,15770.399510625,14422.4204080497,27932.1839901245,18010.3074348441,50497.3870600536,69620.9068313651
"P00687",4583648.77214036,710590.519022947,7883.5998441518,60013.5299340677,12318.981669952,4926.66735621112,26555.274285518,4144.49110804532,80636.6049678947,158522.514718621
"P00688",1209581.29950036,116104.420235464,101660.730092469,1194020.87683413,23188.9086728095,54499.0303751382,26445.2647529991,652096.842775052,15781.2853712153,21744.1094902497
"P00689",1331547.3195067,244416.977605664,98134.9727136323,151948.174126628,23431.4701315667,8121.91701375292,26911.6117783249,53316.5973671404,8591.12388035586,12994.3603189407
"P00690",3775712.39771322,932494.380906278,1406.22830119427,20465.9800418008,6917.07358272091,2315.96837834992,19771.772500694,1011.51060516085,92296.2144215971,137710.462568545
"P00691",180645.748980247,3311.04839910806,953415.044162802,19274801.8427367,39244.5984444444,1075835.78413687,19914.6029472642,54620448.3598067,4489.04425333352,3877.31078080854
"P00692",4059972.73839463,444519.405168969,9361.93472935,177594.381857104,13520.6776819868,10472.6875288359,26784.5255382893,7272.09138452328,84485.727026266,159426.875331383
"P00693",176120.244273101,2131.22981945805,10437340.1670183,116454670.910301,113730.659524057,12968832.7045416,19806.5340494334,1268057977.10723,1001.36316301682,2289.63379939722
"P00694",283525.857157701,41878.6033525145,338544.097050153,852094.066328295,29945.2075104862,30177.4264719418,22725.3041506414,717087.45998946,4330.02953544583,5053.70512036645
"P00695",3064516.27324728,553588.068020544,14083.0174835179,190100.069117613,18449.5137977335,11619.7903994613,27878.2196663697,8777.73138595003,58687.6399847098,96773.2013909351
"P00696",3408794.46927478,169905.400353449,17776.1056594031,401374.096710895,16815.2245983081,22564.5306960337,27864.9747615273,65761.7721430582,61188.3641108446,116905.961886658
"P00697",1064860.07905522,91289.4899117741,38618.3054371657,979045.942549749,22068.9931772674,101461.650608721,26619.1261419251,342101.247366004,26194.6059412838,38889.2221091307
"P00698",733478.391086325,16686.0182389853,88955.5583379153,3981437.42804671,26070.3327093588,172438.202547003,24669.5825624202,2173230.65402624,16735.8833465547,20199.5672401735
"P00699",3657077.59971456,140591.102293907,8125.6259330625,809421.841596361,14464.7231722649,97145.8477327475,27928.6498544336,132243.205179965,77521.8011934424,154021.568388155
"P00700",3522605.29334192,244653.786531478,14022.5075339985,656345.75019346,15843.4811746378,27410.5443086879,27931.3091839158,54930.8348231203,65986.1120379326,127548.476312235
"P00701",1773374.39430452,155873.13508594,39715.0389882588,316092.752386052,19952.415518577,28275.031888056,26759.2363302879,55429.6740266862,29391.0973988794,43897.2617790504
"P00702",4271763.84096164,308652.367211043,6070.82091062104,503722.429506263,13307.4431457667,39763.2942229213,27180.8203928483,86480.3687273961,85238.7510387676,166902.713232885
"P00703",1184634.60449384,40572.0276287959,46854.537534464,2262695.7693421,20721.4522988635,106215.229138016,27066.4647499441,657355.700602754,44686.2516602618,63374.6570865744
"P00704",689743.820717438,20299.8922480284,86530.5625067277,1892188.50463482,24608.1003609533,171704.924077392,25641.1141936001,2487048.66150586,17437.4111871004,30419.6096260165
"P00705",4528739.63228398,911370.250742154,2821.60468892626,73543.9753856491,9305.99722354455,4504.59874469222,24222.0674613642,2037.01859343989,99660.8563260173,179323.512259539
"P00706",1033328.85278483,887209.491928883,608.011455343163,15486.6298592046,2726.37926083237,1593.54546974695,11384.2692445886,426.67418274605,63802.5352203906,174525.812439739
"P00707",4588382.54051872,858738.623262602,5598.74635710354,62735.7702305955,13924.8659017258,4566.94104955437,26811.4294100584,5966.61270995816,91461.9703789881,166692.453876482
"P00708",3761959.20372443,237260.376922759,12927.4014913163,770526.279310202,14557.6039144751,25287.03914095,27930.5784699551,42435.7026548334,74273.9042405328,131966.046798851
"P00709",3410406.78952974,219945.864199276,7465.447784943,376728.447914395,15104.1968020485,55452.9041225291,27518.8347173977,87917.737421399,66256.0310486262,146350.482202446
"P00710",634350.907067597,237441.61799869,103568.385255598,79304.3252827343,24598.7382639196,4705.56343977006,26415.9698626177,36060.0417142705,5956.48951282949,8512.65655801663
"P00711",1017980.26490479,78137.9715132812,102477.172229932,336006.121431501,24579.8216031556,33291.6981263508,25402.7198399364,152096.572670687,12581.8401929696,15073.0024272543
"P00712",1000498.44712447,40064.3566404247,67248.3924264853,2951161.34690576,23110.9060166103,219191.726208448,24930.3075945991,1082084.54938169,20211.8602807758,31685.5537921082
"P00713",659313.035158202,13472.7546779635,98739.835565363,10927455.0298459,23269.3490693529,945815.342544437,25104.9382492623,6169976.02786952,34554.5978549248,37535.773548077
"P00714",782518.912562197,40060.3136448966,123297.923888513,3024793.38008347,25738.6291710873,209807.851966484,24560.9671509157,1955838.04380955,14340.9534803923,18667.3025299465
"P00715",3842057.84724132,354019.391875883,8562.17216189241,171344.216983159,14996.0228019888,18633.2698102235,27565.1393265112,39108.2718072338,73265.5259248101,156722.790794159
"P00716",2021114.65043116,394190.777221727,27830.7939340701,110926.852002916,19075.8789162252,6475.09880084827,27928.8376786851,10843.7442325894,27870.0702433917,57513.7203032177
"P00717",2145988.90513921,55231.9139296232,17796.5695657507,2316636.55839756,19044.8904980295,219792.315575548,27128.4060374738,930340.999819333,65776.8788074834,92913.7015996958
"P00718",522470.830979513,18481.0677439394,174242.108873683,2777028.09257154,27117.0974189895,201598.447829704,24042.2532586435,2441703.08058582,11037.7201626358,10331.5028285833
"P00719",1383247.68942555,233946.895832126,32051.3666489974,263739.166125354,20598.0887685417,9518.25323142826,27483.5284158525,19862.1735554367,25978.7886603211,35038.8079855218
"P00720",3651161.96386108,553086.246532911,10655.8879391533,173619.76889368,14682.10271271,12591.9754581202,27835.0841070718,11862.7692004417,76380.5322053649,147190.389269844
"P00721",2134181.43249547,135727.001978048,22787.4775526812,212471.376789703,21132.4923796235,21294.8846314503,26929.0435452003,38466.2243761611,40216.0996282637,61945.9400910215
"P00722",4477636.7525488,692444.698361508,5399.66497122151,75034.8406293473,13295.1676721128,5701.41554518336,26131.7550869598,4151.54298772454,96394.7956234247,160079.050000053
"P00723",1949815.57718654,426322.581162054,39780.0472769204,44214.4527537934,18652.3262702676,4145.89940465407,27846.1594082544,6538.42134782415,26034.6780668105,36644.3321715295
"P00724",2378532.12175955,237404.326431532,15369.2261557829,525230.793955782,17841.8338142628,53855.9618256433,27918.2285175298,72067.1274270212,77027.7825389701,128656.13261192
"P00725",2934356.24719978,70296.2091207071,12622.5257952151,1308594.68353309,17341.0583094929,103558.996221729,27616.2820660343,120427.022971027,64797.8171627207,143056.643997992
"P00726",3523218.05130482,327929.383537256,11265.0897220866,127563.774968848,13521.9064415763,18722.5687440301,27633.9802338663,18483.9886743318,69568.1728118667,126502.620582016
"P00727",3881177.33365934,277836.842492336,5588.58543663365,496406.667810253,14836.8349607865,61903.850849441,27883.8386198844,103648.56773633,77724.3827900219,158411.881537542
"P00728",3177469.47278514,128556.526862431,16618.3183200891,233038.423508684,19522.1643167631,20549.2920523627,27833.3805168591,76362.3730661822,49537.5228452744,67067.225865047
"P00729",1239670.44804727,106256.586460241,33203.1649770282,897826.660981354,19974.4151117285,73143.5066722787,27729.5427909279,96493.1153295922,36140.8394673763,57071.8229469798
"P00730",4177225.50964401,235965.124144918,5162.93566488967,206793.286638765,14049.3552220789,16776.5753048277,26250.5774792525,29295.8445106348,75386.6633520936,74335.0938544275
"P00731",3026536.55976696,125444.169663938,16507.6938514608,564368.705903261,16330.7545430537,23831.0970839184,27900.0134603474,46020.2812836134,63374.9338735932,92215.1669830681
"P00732",1419789.72485076,35674.4345882366,45010.0270965425,2498228.66810127,21921.358734441,196847.533077948,26543.282306557,464884.706489861,32721.0268315363,42303.593006289
"P00733",4356839.40769089,510782.294006254,5130.89453226398,222157.049572248,12789.1832887694,9913.72661875856,27106.5258149799,13145.6919803411,97273.10481648,186028.927169416
"P00734",524004.971572465,22409.818629261,81088.6837811285,2800989.94476653,25524.5850128589,191884.202645712,24700.5100360527,1122767.55560686,17152.8117902448,15697.2382264897
"P00735",4368792.08224169,358393.751758888,2052.85558392481,232070.65467083,8794.46145140502,9246.64044869082,23052.2304788266,26402.8684170398,99665.2799265479,113144.759645758
"P00736",385980.172741016,54614.9963779858,156284.447751472,1178780.22800933,24242.5879892181,72595.232469676,24845.4724563702,1035420.36294674,8584.64324006871,10888.7861024603
"P00737",441183.853065883,67863.0266211837,155938.229284967,618024.943833784,24353.0936777082,21504.0397666487,25819.978049327,275418.259935751,7134.6541003564,11325.7912113284
"P00738",690475.225548679,38687.6433976585,111637.367462239,976864.893977469,24118.8916007699,69089.7696096518,25497.055329722,353200.565599878,16686.7481325688,23194.8072996942
"P00739",700908.437880266,35490.0817750531,88764.6828626116,2994305.87718483,24401.1761329284,232129.888769386,24899.5817752225,2754553.67910542,16385.8321581527,17426.1829233388
"P00740",3734327.69262653,775610.579127371,7123.5957548691,65350.1935481509,16232.3065016881,4806.75174931397,27770.5758393601,5978.05368545775,53761.9527855594,89789.1449122646
"P00741",3202330.16605654,610283.402807038,22646.7862634491,215953.763747786,15968.7477688266,12234.222255436,27779.0121297104,19963.5842479043,49046.3840207714,87612.4600259368
"P00742",390354.835057168,6429.38291119165,236413.511243842,17913279.2296312,28421.7601506474,1739594.49753024,22387.5117022352,50128579.6385711,16035.1146900635,12132.9680691118
"P00743",3657981.34035313,611264.00857206,12405.1813182997,266783.498073392,16721.1102238743,11410.3782049956,27916.4411601625,11025.9229940929,63525.7694924099,108704.109248025
"P00744",4064523.99055138,931825.724276674,6117.16002058763,22288.0385559909,15091.5597941281,1507.18727050565,27098.0908584077,1242.77177703779,42780.853247271,73285.3392129593
"P00745",963831.694962695,203809.309912622,51248.4900631573,375560.588814954,19542.1588414977,25602.459782434,27308.9931191713,89366.6652997014,27008.1050804537,30619.3817195556
"P00746",1289501.40442601,126229.329723238,40114.4372168234,734919.219552043,21936.6531137012,24593.1682148901,27109.3443935484,77763.2647083929,29771.5202607195,44713.4957310535
"P00747",239981.109291278,17990.1338132647,543450.686485302,2263361.49095606,32731.7346740523,95132.0971802742,22479.2221198362,1717465.71967284,4191.99054820331,4321.66955895061
"P00748",1581101.76806438,237016.021986751,22329.7309270597,382162.466277362,19577.6192034461,38544.8672463646,27090.2653021325,56637.9711136776,33946.8530946858,48800.9018109682
"P00749",182185.999138366,2269.68529332087,13717962.9715541,365275215.581217,118450.172820126,65753830.4041508,20783.1098979633,4936611626.1136,965.103757044491,2324.09454969262
"P00750",2649723.98147528,439463.942122302,24860.4961611793,203951.940490388,17814.0869154088,10954.4233613827,27931.195617672,22709.8289647819,44439.2181008164,74498.5667341514
"P00751",790835.873364182,114817.158630535,61009.800838531,683604.340075845,23529.7066959271,55064.7260807742,27183.8290070473,443955.918328114,14287.2202278606,15529.6575748059
"P00752",214011.181693636,14098.5402546736,1222598.36206646,1385616.30685425,38017.5394996562,70413.6672451703,21047.3544138368,3601122.6539486,2426.13016779653,2846.36649889026
"P00753",4162700.42937928,925754.517793227,5978.26865258737,31893.1438792146,13727.1573423197,1903.65326765037,25555.0772792123,1179.49186097955,68126.5604338498,110871.325783698
"P00754",3437944.66428237,485837.096032849,22786.4540790873,110177.064731604,18421.9185067022,2999.74234560541,27920.0164933043,4956.22036064799,27890.8589296598,74697.8377190783
"P00755",866828.59493547,97879.2999183124,42776.9490578632,454545.539474022,22373.5813011377,38493.8465428684,26830.4910993084,80245.9127309505,21764.6222259974,32045.8849052383
"P00756",2067237.11594349,79741.3547636411,28038.4585364576,501480.076401891,19558.1103554231,55460.0929969552,27856.8129105474,86508.4559298711,43885.0196012648,61147.6671313097
"P00757",891905.234914386,72445.3014671928,99254.2479095778,496802.9286603,22093.9102258149,22465.9433751967,26123.7888924222,124029.85163369,14761.1444168844,27957.8968554502
"P00758",3660023.67816584,470160.624545655,10474.268008674,144901.704858146,16070.3720317503,13343.7055706877,27835.6019835586,16805.5384582209,52707.1231773481,95039.6398250063
"P00759",4113125.55424835,787412.007146784,7347.90789264451,40430.0780808433,11743.1197617243,2647.13342340382,27529.8377277535,1962.56085200886,60806.6191570075,110065.539118671
"P00760",152854.881225921,8281.96689481086,3748171.65574517,9942141.02584102,59768.2065689075,893831.109828009,19262.8760808789,15211853.966067,1881.94341732928,13776.4996099771
"P00761",1430910.36858046,82335.1285578699,34371.0031806163,1381537.51919761,20665.8502297165,76991.4289229329,26585.9078984921,135593.510150409,38703.677027881,45500.0911129204
"P00762",1145264.25964548,75433.166625819,43265.2964621751,788821.432530504,21765.264707363,51379.8730028342,26041.3160869826,321057.889438294,13759.3145618381,25228.488981203
"P00763",4391755.94387918,801410.507385929,2730.64597818211,237111.988627744,8242.47804374482,13279.1190206086,23994.5771393274,6854.46297998387,95638.7960841537,157425.86356405
"P00764",961225.955723211,63441.4417406344,75169.8048192346,1173311.63022443,22517.5566291568,93611.2334295058,26422.8128005144,493821.815675322,30799.1860649683,40249.6974197795
"P00765",1186221.74249204,42751.023177885,22449.804353736,2626163.8722738,18743.8745605363,184555.342912786,26707.4467885458,810396.317408446,59367.5415151402,64987.5733015638
"P00766",2937348.94264599,170674.172415336,17627.8286792703,880476.497105428,16256.5029105104,121417.558758171,27895.1683932955,226906.21413247,74675.4746128009,128990.965614465
"P00767",4675165.70404591,896870.29977459,3198.65354854366,30802.2497309631,12562.4939881434,3260.15744329043,24525.1023988547,1198.9009030801,83440.3495437025,173542.2921049
"P00768",2011857.06468444,82984.6991329507,39851.0392667639,665345.662294545,20647.4760553853,37909.7467954242,26669.334225641,286200.319117542,42796.7042539696,37438.2280409515
"P00769",2350582.27338554,137725.533382263,14585.574571527,1880774.38022392,17899.2187112191,82207.2077904713,27593.1639924242,121089.251409027,56879.4937345037,89022.2784263452
"P00770",3982998.04346575,389856.12396406,11161.8362614635,285019.799099723,15185.1915662212,20854.2881163111,27563.0572592435,38993.1878894247,81016.2105694583,110589.367949647
"P00771",4034902.3036219,893835.683441508,7540.30871874929,31405.1732557172,13859.87916954,1591.07286992916,27760.7530199657,1989.71969927641,62970.2429085686,130236.362673805
"P00772",2403335.17633724,14219.7915690954,21972.9535859171,7029296.67373734,18920.2077376274,382712.916007342,27901.0105729649,8030455.62574794,49966.2504684977,9809.65117002331
"P00773",1858978.53202299,98783.4771158488,32515.3912567559,1866302.10145858,20250.1866809375,112985.898439126,27560.4037476433,710543.352907981,46009.6161231894,52174.6996502933
"P00774",604679.855697728,73596.5591122936,121656.32045151,293621.004581739,25872.1543350302,30898.7834252585,26112.2525431556,164019.506645745,12747.1520671749,12256.394441457
"P00775",1445866.09850248,102077.642003435,51268.5498813981,624150.414767231,20792.2212822879,41915.0463752518,26837.7844726791,408647.882830398,26440.7900963829,26295.7582566713
"P00776",846798.70438164,81952.3551956427,91987.0904360124,573142.636941782,25066.4883892995,38716.8782845605,25861.2405686683,279038.187398538,10130.0954570458,12559.177786423
"P00777",450019.732158909,100181.106680072,160681.596942541,350394.045090497,27915.5095188113,17986.5015596169,25389.740375261,264335.670270074,6853.01003873329,6063.70981113986
"P00778",343833.556411959,17319.9430349767,188516.374028307,1668448.17167434,29760.2304092916,128680.04342957,24061.5968072987,738224.026975958,8398.417603038,10431.7757512813
"P00779",585027.370562732,27081.0850362205,420451.639869666,1778308.73654165,28795.6217267205,92555.3561511532,24290.784269576,2365040.14176787,8174.12373632508,4925.74380390421
"P00780",1361514.07499477,499232.822307097,31952.5753724204,90090.4028127345,20800.9570592575,6755.70201259616,27811.6794715113,20657.1387125742,18534.190880735,40154.8171761025
"P00781",3279762.08000972,279959.085923209,5706.61261703849,509617.52310366,15673.6264316534,30858.4554134713,27791.426756553,15295.573606125,82941.5398043327,150262.891074038
"P00782",407079.604634943,23399.4167387519,273135.565806824,2438123.17887556,30737.2879085645,150452.956764755,23067.9914131038,3423117.29697937,6190.62635303943,6455.68138269169
"P00783",3749324.84457424,722260.368133233,10355.4475235361,43457.1552922793,15682.9999522463,2100.21754340817,27731.7765607302,3395.77836913825,56765.7411012599,120827.089353076
"P00784",368320.323898345,54241.7139741043,212696.550167911,416687.345676833,29560.3597969608,24053.4885967349,23983.8979129952,336165.494923611,4431.18854075572,6706.79270023611
"P00785",1933180.81185449,313070.820919541,19892.1682251517,188077.778251599,18146.9171886582,12860.113953827,27700.4789285163,23234.4982288887,45968.2616988497,83609.8489878188
"P00786",2152894.33218831,187526.213797856,18790.1204194169,408372.029629718,19663.6552360913,62837.3059683101,27776.9685534182,76744.9827374553,35908.0596940406,62406.6612708215
"P00787",2452300.51462944,372514.665214632,17433.2780821325,155032.385782414,16830.6565753513,11471.2531917625,27927.7457850896,15342.8552935954,48392.4290199228,74892.0445075494
"P00788",2203878.45280986,346330.430858254,26571.7653350462,83644.7439375082,19745.9342386782,5137.95291285534,27782.1842231645,9783.14051050435,26092.000309042,29913.0618991458
"P00789",449102.001853755,28050.2276960895,276303.653499094,930630.854993623,28569.3579454339,81364.2881768094,24174.9010519356,3511744.97083746,8956.52671258102,7827.29730141011
"P00790",4314172.47242574,314273.080824871,6912.3170376978,361320.771501576,11487.481578048,30669.3410020447,27363.4459504315,27557.9188753759,94352.7348243425,185549.673206591
"P00791",1362550.3271155,42033.6022313633,33134.5384031562,3450487.99111455,21387.2266978095,290349.266431028,27062.2795472233,4309347.320761,57973.1628110129,83718.0991085961
"P00792",556065.87912735,24647.152850361,137625.524481272,1146504.79243716,26140.5940655137,67580.193921691,24006.0539537601,1512924.02395965,11056.3092869987,12109.5795059899
"P00793",1099767.34950129,105866.058182875,29085.5158017555,2382154.74511992,21713.701943388,136649.758701142,26980.9359723536,315612.002007195,30932.4507021824,63610.2011154083
"P00794",3371111.37538586,380991.972713534,11106.9231030208,146452.660946263,14452.6593691125,12243.6801161128,27827.9935804366,29309.2928503508,59868.1206934489,84909.1947437129
"P00795",2587785.19942737,83285.2514594809,21492.4750170282,1711343.45885853,16242.0091477807,115772.167109271,27868.4127996042,477913.517960068,65717.6308051467,115863.694065986
"P00796",819288.755514729,70493.1702081996,139758.174752398,809722.410355647,22466.6480928724,47165.856316373,25680.5603369821,530725.667728688,12774.6930609347,8645.72601511302
"P00797",739937.32718384,12973.6024911992,152410.061611384,3445179.84905079,24845.5974404654,261732.419065721,24537.4361172033,2228980.97982663,13729.391232053,11842.0708579168
"P00798",576869.605679517,15378.0539823337,140870.670268655,2933564.65457181,26597.0707813591,324831.885338636,23892.1219409009,1678342.09456566,11490.4731829625,9397.74460431925
"P00799",1802285.64993969,406862.465684216,22210.3082681387,159869.573098984,17265.1189881349,7342.90868280544,27792.4693415017,16175.3613503946,26373.8389053442,46536.0263107472
"P00800",2099063.24921453,276513.958776661,14546.7101833032,327926.485644551,19158.4128170465,15244.8278578312,27839.4786942463,33999.1013756795,44356.9989892241,48680.9919911922
"P00801",4692856.12270908,113173.50792854,3408.5204523701,497100.330433105,10724.0316866508,50003.2732920186,25960.8624242351,218989.072223428,86439.367363872,35628.6230278932
"P00802",4302122.74161548,639345.296326627,6313.3552255546,124142.621738221,13030.336830954,9360.37188207052,26364.8490090913,4784.72321888849,81842.6757488188,145208.529197651
"P00803",1715844.65603579,61338.3123263349,26555.6634573901,2843175.73232651,20097.8670252789,149945.126511701,27345.5655820207,735165.7029058,44319.4805870663,91517.3358185155
"P00804",4616058.62760284,932204.768589772,7881.96168718643,28294.2091049313,14521.9220370116,1745.87248401149,26218.4536030206,1324.73856727929,56913.784217872,133732.589853282
"P00805",2163154.75085353,445669.230706797,24051.7881039397,53058.7169321763,18826.1339532013,4888.11814169815,27642.8218034307,6789.28812695914,29898.5771143018,38435.7067717193
"P00806",966920.879388387,121725.15569009,43070.6981184962,718835.211899791,21887.2040413002,40391.9701561657,26109.5913784578,383763.732838475,24486.0713584243,39295.3571667341
"P00807",2556313.57014851,183968.817611771,26685.1558545665,131148.615731843,18419.0885569453,23033.1871543917,27676.2840086304,78406.8206225199,37831.7811354871,43725.2042258755
"P00808",1958154.08470076,132773.429656455,28017.3206005744,655725.734657274,17643.8100437716,53061.4976181355,27818.2018535382,223365.517379929,49643.2668836299,91316.3483229061
"P00809",644242.37622184,12073.6030535855,205389.764857454,2878427.95076947,26117.8614537956,169916.639298565,24310.0066104536,2345653.48065734,10195.4287220971,10850.5044521592
"P00810",814400.011342967,51200.3262918263,154499.597972953,1879745.20335775,25327.1756132839,141202.25367098,25377.3058848165,3328735.39036302,20428.8372446545,19869.3909915981
"P00811",899435.972417293,181391.433423239,42234.1955110612,115582.491743483,23095.4623001186,10757.2493561768,26408.3627115286,64190.8790364821,10263.3247811003,14556.4644650036
"P00812",3692603.64322202,442125.579308308,5184.28034430195,226131.045798108,13439.7809305642,11498.4736928604,27444.0338828478,7766.15302493853,77147.6658982793,144724.31834243
"P00813",1839845.96409479,274648.841510364,30233.0110864001,642812.803556138,21283.1496134086,28427.5452622967,27440.9667036725,273666.625565986,34198.8299735625,53687.7879063812
"P00814",287495.997866049,206718.985443074,476901.426611515,967759.93379961,30608.3821371177,48938.4518285782,23082.1131731536,78235.8657666919,9807.37256470596,80381.2642947199
"P00815",369778.532103819,5507.30099026527,245304.5662857,21747162.4774333,26660.0023013959,2231330.88361905,23511.9736178526,29732254.1283913,14948.998977346,10312.6503581462
"P00816",486326.972745603,32629.9530682527,244842.654451252,927198.518448955,25465.4398277957,90124.816121412,25305.3721890986,1943253.95660569,11372.2896267015,14678.1022104706
"P00817",1422091.2127096,124382.290209548,45704.4366236638,301917.859396133,19835.5231557004,27993.945055549,26976.847935194,62867.8678871517,37112.6595860694,32054.8254433091
"P00818",3751418.17412508,880997.77568691,7162.12816762501,24293.4807326021,14659.2600907368,1533.63301013843,27366.6786161443,2449.04720624103,64056.3307545573,114956.522510871
"P00819",2403520.99773734,387462.718307792,23815.3077175105,146117.445051498,18869.6415215261,7278.97333927586,27247.1073590383,10702.877398384,32587.2809196077,75786.1595570586
"P00820",1406894.90099593,65498.3316816703,36731.3035961478,2548568.06149446,20106.7741694935,121967.457021221,27228.3291777154,281379.040338376,41259.6676997972,50163.1354296694
"P00821",267450.998590425,53419.2463541292,476540.463694268,1387628.89338059,37420.0586638295,79387.7833684185,21801.3672715224,494446.361470871,4374.03586610402,21340.2429202436
"P00822",234739.449288857,7876.47975479832,548916.799728387,5814662.6393764,36192.6188550265,220292.56109746,22398.0000472249,10594897.558891,4351.20613237159,4386.18045523564
"P00823",4505693.62355993,451964.370669105,4774.9187652429,281335.55913837,12566.2330648253,23440.1922811475,26545.4826044527,10105.684208559,95805.697194871,185179.743168628
"P00824",3152422.42162706,178660.357707248,16213.6086453853,582538.036659621,17791.8933619402,48186.2109516084,27811.0102027571,55009.7949266697,56616.9451651196,77042.5755131884
"P00825",195636.344220915,5259.9760999251,722685.767547504,8348113.19482525,38812.1289020638,993472.74031722,21718.2375678629,72463646.5703145,3779.78561777255,4149.48156104353
"P00826",2165033.51090423,168544.079571093,20723.3008533509,1065968.82852785,19721.469081695,48522.5307659253,27681.1015967965,118319.525670703,51882.7875344653,74841.0427254615
"P00827",295228.818928397,3699.29394332758,418697.931624012,27699194.2909101,28829.1409290682,1669954.99913195,21094.9487313033,61099844.8756713,14493.6396473493,6251.47533612489
"P00828",3729098.01605367,605541.657073704,11220.6754885985,48205.6646295155,15465.9701172183,2982.45226972302,27785.7457572419,4831.28783758626,33443.0912658093,87786.7191551309
"P00829",4131614.52129279,921656.471637144,1666.70258382277,59379.6462021177,6950.93689648797,9380.15582049938,20607.7964269423,1989.07371942268,89779.4254503698,135996.335041926
"P00830",1515335.61781456,59966.6426018082,37839.2250972425,1562028.54319097,20676.5018214184,127773.647093424,26959.3086758131,323631.912122609,41245.9537366076,82596.7322618928
"P00831",1199431.24961442,82237.7006821627,90339.5962683316,352653.819397003,22615.2856047117,14737.583780241,26532.8944534214,85638.9718580074,14420.831044658,31347.5746718368
"P00832",196000.347828763,6245.25339045017,691469.535351617,8122390.34384829,39863.7570639445,516392.43197659,21329.4153530744,15028810.1770886,4136.60234238815,5419.24563229284
"P00833",3260958.21131277,822577.91501284,11978.5144537414,22185.2817309158,16802.4051132349,1708.7994263888,27480.874148856,2938.10166361891,42786.6063057508,92485.1508645843
"P00834",522908.661165118,26575.8028441502,105470.164814248,3914896.95367755,25646.3455800956,203339.447385395,24237.4649739738,2764367.13857726,16637.125933707,13207.6439233027
"P00835",3257314.18705424,706574.584713652,1238.74009368603,73058.5293125527,7197.35371142755,7620.21340211575,17501.7583110523,2253.36354173726,95623.0516031847,174279.926644152
"P00836",3361662.81216403,651376.962324714,7719.14091225876,74649.4857609978,15528.93639626,5671.27515770905,27748.3989924265,5412.48921241179,61202.0982389485,107985.018413161
"P00837",1674622.78132707,152825.786573511,25069.2048669211,289828.058080857,19768.1168617947,17860.7366824354,27274.1821275622,47170.8301238605,21907.3291861241,34585.0409588639
"P00838",2407331.35192857,116172.315845071,16451.3215897178,394588.715841554,17969.8104808944,61357.998168032,27787.8874453413,84005.3912243841,61222.9757519858,114465.463917628
"P00839",166149.571948873,2166.04293219373,5414029.70448145,450713019.084162,95590.5663056288,92178126.0472035,19768.5232552638,4259604880.22635,1427.3031244092,2160.72644744917
"P00840",375970.550772675,19042.1307155251,201462.389881503,2764637.78979952,26227.7267175725,339361.752897318,23311.8142942911,2936926.39214132,14432.9808872186,12660.3423624817
"P00841",263289.577547622,15335.7466275658,393415.905918128,4244967.14296011,30365.8478678984,134770.16518066,22985.0879995194,7008933.66025302,4769.73626641813,4933.11353788753
"P00842",2606281.31834847,204074.686845543,26215.3382854411,372275.708693987,17582.3409774341,46499.7833041608,27932.4405061411,46556.4076451264,59498.5882965177,122826.200521014
"P00843",257811.08453288,11841.9519624214,180359.335998024,10697260.0696616,29031.6991178001,422778.900549512,22887.6016030247,4678157.50038223,9742.84193956883,11618.6306967063
"P00844",874138.844724191,69199.1940279313,110854.946176035,952502.213615173,24418.2330498289,46864.0110617774,26033.565159459,236823.670189134,15248.6772610551,25366.0258625081
"P00845",393691.229454699,9309.3170978116,232086.313270108,10960072.206866,26023.8898871798,590298.794218092,23454.3542766185,24521699.3292168,13205.6213595863,14827.1156363412
"P00846",1742062.16134361,72123.4422862406,25300.8855309929,662593.686342129,19154.8084720309,82819.1129466937,27436.7636919689,229200.348581166,56023.7463892424,78523.9089533183
"P00847",1280846.24896364,208640.154713811,52626.9369708451,104478.462328152,23029.8133462661,6197.49824429591,26208.746533777,18469.6317327487,13717.5419495488,14801.8055577703
"P00848",3085247.00340259,607699.269804015,6094.83191071356,68323.3832611679,15929.7245318459,5018.54383027396,27838.8249584059,5545.78601943124,62436.9032252781,100295.672864498
"P00849",3153442.63737117,315329.134276773,12878.84128326,723975.697465542,17032.3073373549,50324.5486283101,27914.6504156365,40463.4962369332,75944.6977407387,138011.36770087
"P00850",2446983.11594892,147785.07528724,27707.0646037226,663221.58883318,17967.3051732047,32503.2312442469,27923.1288023663,73864.6247924372,52369.482612018,96734.6887482764
"P00851",1169758.65600789,37836.5082722243,68058.1368566659,2299961.18659299,22414.7216785642,205642.875983729,25217.8734792207,1453983.98221799,26261.6511115091,29469.4132177613
"P00852",908611.756888059,42803.1066474942,131717.933250911,730488.441228319,25446.3743482324,57032.5578642299,25277.1926913481,373162.315367082,11968.5357660797,13435.0212356725
"P00853",2548025.02273236,376866.597584151,43772.1134684663,76651.1558635795,20888.4055708482,5822.6572171119,27708.6679525643,10608.6854689236,23770.4997753954,40827.7871471911
"P00854",2262941.72210869,268033.978493587,15308.6855347031,449052.725206244,17931.5859128736,25221.8635773461,27735.3747038396,47760.7151040206,60133.4649945058,76869.2833630346
"P00855",3967663.11943505,439510.556192662,12812.5627144605,122340.581483827,16756.2284051235,11495.9575935124,27918.9327347672,7064.07103174326,70480.8150557058,80697.6359568071
"P00856",3596467.04176114,706555.587681109,11605.2419651796,57369.6173531463,16331.4934468917,5199.36503243214,27714.0139209992,4940.39877215552,52009.9037948785,56830.921272872
"P00857",548568.399831177,55009.2312131109,85343.0095209731,324051.921608822,24489.375081917,26890.1535678665,25437.7374847775,380590.018231536,10332.7650109694,13281.3769881302
"P00858",587091.468252724,12925.2903423206,135222.406826144,5108017.99215626,26287.481984715,509442.639616113,24776.4894647403,18111055.9215191,17713.7776859223,29623.8755133224
"P00859",1293873.56676462,37001.7173618496,59163.0182050927,1163375.95745922,21017.4480360746,199005.550048943,26134.9690414346,346259.911857438,28896.7542144213,36610.3553183345
"P00860",2031194.49340065,56308.0398195219,51313.6472167355,1036839.66970956,18853.9995871132,57325.617105891,26571.3857339611,124755.255438249,32145.1553026443,65048.6016383606
"P00861",479370.678647987,48639.7696877158,321941.918809032,738051.107257207,29080.7695279612,51599.9154556186,24042.2463686817,922095.900349249,5493.69263263931,5179.01852553582
"P00862",1858685.08783102,141581.597728947,24756.3860960754,464506.968014659,20315.1331806812,27790.0440790092,27355.4849286528,48283.043609255,26125.3106054421,57933.623534178
"P00863",288864.892525036,138948.025778579,169632.354329534,1228501.08427294,26519.4777595847,82874.4584721537,23173.5865659735,54504.7432939345,12998.4519792384,64026.5172601444
"P00864",2503801.23400823,169891.738350073,20653.6313063678,179952.599036239,17726.7647783728,21580.4860388922,27730.4263769355,60309.4873412007,53496.1124484035,50671.7701070282
"P00865",968462.018867747,137374.157437216,107418.508701369,400130.888658455,23535.1015957618,27702.2570433356,26467.1166233774,133560.074918979,14565.3110758199,13181.4567059128
"P00866",2046892.37843862,58439.1008055075,41829.5214699994,1479583.1865342,21341.1708599111,94836.7849918509,27490.4512262172,632855.198245972,34593.3360570741,29309.0919963037
"P00867",2843317.94409053,104841.375526262,12097.3943944539,917455.527962489,18680.6438169909,71816.6823523995,27920.9720297785,130086.513404718,68538.2698163814,146791.130662548
"P00868",758593.355864283,49850.6023565285,96930.9722082404,1476329.07104444,26681.3477576484,145579.276074634,24993.2737013111,1195443.83366282,17343.9124624459,16386.3243166739
"P00869",342300.899854384,5072.31735508834,178514.327534338,7811532.94311929,32876.4556696991,927413.130290939,21739.3761613378,35410305.376868,6358.1037898863,9510.66030633321
"P00870",412803.245314554,31359.3191098961,161931.371948508,775027.467720602,32190.5189277808,50842.6733711754,24186.5627510325,1019185.11766436,4890.04992223146,7077.76792470194
"P00871",4570510.59257061,460094.91978507,8518.5066766957,168335.990377913,13845.5690059489,15500.7654931374,26771.9637211347,25753.0102213851,90577.0109377898,180172.000000535
"P00872",182515.843260832,4235.7055991146,743532.414115649,31727099.6558559,40066.3983098893,1287462.04438903,21533.8504198906,51200317.4492077,5213.23630622743,4267.95682629049
"P00873",4037521.57119696,875349.423507998,2030.5999204918,23325.2513770181,8929.77347360268,1368.69194156897,21096.0307738895,632.376729099983,98970.1210936905,183936.346274386
"P00874",1245349.14270461,363706.253078694,48332.1617607264,170793.707492854,21968.6890335847,12767.3402543653,27593.2907968846,44420.2189541061,31576.4554784039,64303.1886102457
"P00875",4678602.31557524,870384.335467004,5314.01659691434,41492.94226133,13319.8825060264,4232.29249476439,25641.9049209883,1996.51035366738,83340.221656316,163497.84503939
"P00876",4045173.53277447,170059.756222898,9595.04198089007,765068.110216582,14808.8340570019,37467.0173437242,27930.1459659792,128250.004950234,88193.1328256676,177707.612014482
"P00877",1804702.87107399,33392.1334105511,46206.3973360064,2337772.73819864,20925.9999104096,185566.330674766,26962.1921842181,1875620.26478607,40868.9894201031,55158.1728937613
"P00878",1534903.04473227,326665.197771274,99913.1404685285,60449.7217648709,23697.3749595189,3761.25767698083,27390.4965667464,28422.6843277814,11584.9642350685,19172.1732445137
"P00879",3533461.63000096,422145.022839597,6904.07145456309,332312.379202574,14216.9221834278,29767.9406034407,27867.8929748535,20148.5915524552,74570.3122445973,133858.859543
"P00880",1439934.33011785,372846.841914495,42587.5597286625,71347.389649312,23451.5008595284,6896.33796885044,26850.1747838232,21545.8656221799,12487.9920680329,23573.4386241092
"P00881",3560196.6461121,504014.799447176,12265.8097960527,102441.218551696,16102.501801347,9944.28007535221,27845.3251169311,14840.3890514387,55130.6787303828,122513.526060807
"P00882",4687883.33606401,928975.746339266,2932.98762131447,28603.4732390299,10098.0609405608,2343.7342133246,24994.0544870975,1429.66497114504,97998.7506778112,185568.331672334
"P00883",1508708.93020443,34454.8724075088,70735.541207729,1664825.96490862,20058.3257501604,102626.406032061,26857.9464177648,371913.184025027,31924.419795525,42349.8141462447
"P00884",2360547.01581192,289895.526899062,25620.7131290305,149079.116811426,17831.2744784505,8984.34476617779,27932.0193229419,14668.5211708434,40089.5177994278,67338.0675790558
"P00885",395890.250073163,30030.2553961498,191193.929175061,1129689.53305089,29434.1167864694,63156.2267696972,23160.5670313326,524994.620333973,5474.86427179664,9315.29734198352
"P00886",1959222.09980934,101853.142746001,26679.939995362,1621915.5054181,21545.2781427419,69663.6108003937,26937.7791123224,131633.433538091,40829.548777949,88954.400999153
"P00887",3655524.38580195,216743.830843341,11211.8710010033,343216.636937485,16204.3982428595,33632.0817220968,27737.1062598346,51494.3195239138,62368.4245614911,83238.1100357564
"P00888",1824885.80012438,165616.028163874,47921.4977224013,483145.088020348,20772.5145384856,25938.4284466058,26767.8555111102,221382.664741007,19434.8912856206,42221.5193235822
"P00889",960310.576586593,48010.50221795,72308.551969126,1951131.18624976,21174.9884046326,101098.522253232,26180.6378636911,797620.374377317,28522.997649045,32566.0240698439
"P00890",4234072.70508086,915534.290467431,2061.2348640625,27640.5085522368,6648.11356066087,2233.21245507553,20946.8374088005,822.623018289765,98008.2115106577,174518.226778521
"P00891",4202513.14494548,932254.938470374,2484.83869004541,73410.6159511047,9712.24019830498,3029.7596751556,21748.9280814856,1704.33342489487,98979.5211258127,186013.014717891
"P00892",1181903.28213242,33722.1257214505,67374.2274753938,1774120.97817835,21208.891468146,133903.644730583,26874.8479545662,835832.589849841,41816.1884625469,45540.713001708
"P00893",774365.017657411,25888.511417683,81515.57748507,3145447.55542682,23430.225597078,174631.502015559,24860.9416317414,5876009.47378122,21423.9241763746,29347.8703651493
"P00894",1411712.83207878,108958.670133483,43037.6325221239,1185496.57013455,21328.2963750925,111328.792519382,26643.9790036444,259220.255849917,30441.7652844507,48681.0503166913
"P00895",1348461.62447655,670287.897043108,50699.2217968465,62488.9880633834,20712.7152220152,2992.0269120473,27702.7032867672,10225.9066715676,20293.5906761565,17177.7439915213
"P00896",1178064.34687679,29017.196575898,26694.2248228744,1821610.20368848,21238.3620536614,358365.018722122,26723.6627292961,2204094.58427616,40793.4473070949,61955.4020521522
"P00897",1408913.13773978,54355.7665699499,48707.5968813865,2253899.29287506,22703.7545223606,118544.049924327,26414.165796736,1418022.10146469,25629.9700497782,25894.1325858287
"P00898",4101403.08695665,500075.481807404,6098.85643569606,114656.166489734,12434.0882186631,6525.46646235661,26098.6514671818,5971.4937566602,89881.129362367,180464.951752543
"P00899",771455.118532767,55409.472826055,67939.0952336665,976732.284829292,23510.34418443,58216.3770767141,26024.8518892898,175051.015122289,19185.7595888938,34066.22791873
"P00900",776152.440769705,122102.271417259,51652.1206714774,204830.899148347,22837.2410612781,14851.6361056741,27325.527845212,65146.7386117294,13278.2870349765,16448.1853342913
"P00901",1516677.34522365,16859.5328552396,63929.8920947439,5137061.83898439,22905.3091934199,449395.840390507,25916.9867500762,3797212.3625767,42787.2503848735,65868.9148468815
"P00902",556854.226573147,54687.8659287983,78186.2311643391,1080687.80254325,25742.6801474964,78030.4575610572,25755.3393218657,682872.054370276,17326.4116921101,23641.0212375754
"P00903",2678878.36795907,264262.046938101,13144.4841637652,217388.194975293,16453.3284046616,19146.9957833203,27830.9976116712,13038.4419863283,55615.8079687099,100596.048482799
"P00904",4339979.19158656,209005.584341492,4733.04071479667,531655.657922592,11387.1062236307,47889.3834959612,27352.767197684,37236.7904030659,99640.3819371565,185986.146149767
"P00905",4688041.01772869,760330.29686216,4858.49921293268,56401.67523457,13822.9972408226,4429.30737163428,25687.832784146,2253.40049180688,79561.5334738047,184190.306320978
"P00906",445446.08193005,12166.4755963308,288454.590940797,6176336.70337866,29095.3903190062,394722.503513327,23381.8827664761,6130263.79962749,10174.4423030458,11910.3606144019
"P00907",352230.764086148,48412.3177893659,332736.81883655,1224618.76245081,28010.896913173,75144.8953714992,22124.0546083169,459713.465822124,7187.54579348984,12425.3166347954
"P00908",4405005.10948279,928271.649017118,1943.81663919274,25973.3215161,8363.09657020579,3098.89753622526,23536.5305181396,971.109425384133,99655.2124648348,172819.724772698
"P00909",1017677.68737894,17727.1095192095,48485.6773083893,8778019.01734353,24029.6119253998,674816.213223125,26326.0313903051,3930793.04214115,29801.9253770057,42511.3882894161
"P00910",431550.833552086,43080.0050343761,239718.382811497,814832.042207409,28475.6882562511,36089.7076580776,23344.9474419292,906901.979590913,5782.01808682448,8446.88091033457
"P00911",145141.883787324,2147.63054410818,2936304.69531851,257773518.026536,68713.6333248717,20288394.8722259,19296.4694404084,1361568552.14196,3001.28786970451,2882.62179566687
"P00912",592963.299005633,18931.9810075576,98225.9667280044,8417071.7627364,26381.548348372,431617.744689019,24770.1593917031,3093665.04812063,20700.4100979737,21739.1619630868
"P00913",653202.265555959,65152.2715198831,103386.472914997,791329.60297962,24347.2574417714,37714.4700986541,25562.5428032267,303563.217006642,11832.0389708116,19066.6684211286
"P00914",1736176.87495314,101196.48015548,42792.5268262169,816294.308521942,21312.04278552,27655.6666868866,27360.0637294984,206959.679585071,39935.3024428192,55487.3036585298
"P00915",4667910.44803629,777864.662526759,3754.12860586708,84680.2059471068,11789.593608283,7276.00240823532,26060.4807642592,5296.00011104226,99107.9232239807,186004.336324692
"P00916",4695977.06539311,738292.258530405,3538.34248351925,41888.1292638602,10505.4924060677,6063.86961602807,24913.3058652119,3281.76079895801,92026.2149117185,177043.165110328
"P00917",1949495.96265597,199869.138293916,24320.1651145129,285747.844230531,17798.0953409352,24019.0311170411,27721.3850857202,27097.5968615964,43170.5907828985,94381.193654086
"P00918",401176.614708932,19102.1053814943,170251.268701442,4065840.89573228,27350.0295753947,236665.800216479,23547.9953063124,2533682.75584583,10848.554862658,13134.4088726368
"P00919",314758.634999404,5435.74487151783,224440.363546358,31187879.8965947,29947.2591697527,1715421.8534582,22122.1878054676,55684117.4175619,13926.3681622126,10737.5688805866
"P00920",2490156.08664869,334837.867062333,14858.1789296744,366918.922877646,17940.0617774031,18910.7109228623,27926.0452520859,60175.758792987,52385.7971796721,99831.8373660554
"P00921",2003895.7232422,304837.750508768,36762.1193198038,282048.893263144,18698.0841223437,23387.6211631956,27776.0662913564,46930.6108590411,37938.0182378178,47868.9015506296
"P00922",3912453.57586013,504776.716352538,6488.84522743995,114733.192485661,14693.4737261051,15194.5168214403,27228.514242562,9642.98059525059,74327.4199592929,162717.490843387
"P00923",4073628.01069316,899685.259707058,6022.87304300398,33803.9406175186,10772.4200961144,1985.54509038671,25462.8170352765,1767.11336553088,73604.5674336331,127033.261523179
"P00924",224425.268373627,12322.9632267238,903095.956850649,2774464.09524924,33189.7124656719,126646.855562774,21600.0620624688,5839951.15065499,2931.27616098692,2956.12797412669
"P00925",3873554.65020641,568605.083846203,7657.36994006923,110099.177143207,13848.9734762644,12722.1417046605,27421.1897662721,17691.6585741302,77747.6341714801,138198.352125625
"P00926",301868.960380628,12045.4210393229,167156.13148759,3816661.9039534,27357.0890997472,163970.40125179,23926.8621883223,4399783.86023372,8609.22599551507,6460.90886718979
"P00927",498523.622638657,29645.541633715,125801.226490538,3205527.1281766,25183.939620539,268477.09979116,24508.133215019,2462109.22965789,12776.1216355259,22866.6152542938
"P00928",367505.709128344,42508.2205631659,337083.884666218,721931.256563781,27388.7299700339,51628.0111690419,24867.7309075384,699605.098580536,6016.90497182557,6798.12646951306
"P00929",4687730.55676104,890122.081621475,3364.18756791266,19476.8422636039,9419.23565677548,1643.83308367437,22874.973881107,566.185345609641,91334.5371981307,184170.234164504
"P00930",4328629.83872441,395436.131983389,9390.95780886804,130311.163461967,14246.9472982829,9661.49191578762,27571.825098354,12493.8669219292,72494.0960708807,125451.193528482
"P00931",1777815.98961444,216734.790981476,42425.2167609811,248555.288591711,19594.4027383715,17357.3069709629,27906.9652858066,38203.8800320232,49105.9166557845,61999.2506706162
"P00932",4553999.79603252,434920.303965604,5209.37462581725,115816.562194928,12803.0936942271,12462.0964982617,26907.6443297046,8165.16091381663,85778.3231611213,165268.533603782
"P00933",3293561.38788549,185400.020266793,14924.2422856024,218578.891819775,15634.8166925857,18189.3594657323,27880.3190066604,25918.3271916077,58251.524015218,103906.306739078
"P00934",3865108.65230307,901570.898080263,6319.66672903742,23180.8382725503,15235.0070905122,2956.78271357845,25885.5468926562,2145.31117338514,59199.8872298494,86465.9548380745
"P00935",309171.758428542,6500.87531265983,263374.933360151,5194712.16016867,32430.8489194229,354775.927623171,22959.8608364706,24087893.6784302,7190.45312900954,7833.01384270157
"P00936",1238766.40649878,202323.877732139,77391.7535139747,191389.071146262,22233.0438104217,16470.0829301829,26328.2776096088,47213.4347849214,11798.0303660992,15594.9721282626
"P00937",3478658.04047773,138588.406260784,9550.91796062661,1343287.22988557,14537.1914803437,154314.036844797,27930.4202480696,189223.982384993,87200.3663812222,160595.430667543
"P00938",1189709.22575365,50000.9064125696,58091.982521272,1019030.66712097,22562.6988824558,120240.512666456,26727.3251659404,945647.40475447,32927.871093517,36664.0317465318
"P00939",4664868.27028898,136533.787119005,2119.23145168314,478892.023049421,8393.27793683861,24630.7024736612,23079.7162603752,39981.9645013409,99653.2275386775,109077.640509235
"P00940",1158969.1181254,49885.3858294634,39137.7420388516,896158.598341422,22629.3292152803,83272.2846122926,26694.3998281979,287586.960200035,27153.6855147587,40808.679615162
"P00941",3229257.79059203,308642.157333635,12098.9290018489,180987.376512822,15593.7822871591,31807.6137291768,27593.9405290489,45127.3847065088,56960.4401248229,108507.852575282
"P00942",2607107.34001696,79692.2468138243,30348.3879919787,1591228.07166942,20092.3127444155,62826.352006814,27593.5202452031,212717.717259399,56703.016553814,74088.7850557064
"P00943",1017994.95461383,134369.112906114,104554.330566237,352713.577184133,22936.5240692732,27920.3975616334,25808.3992728224,129593.006250884,14034.2059787471,11822.0364497368
"P00944",1458207.9570798,14955.9804573292,65622.5141469815,6908371.38835297,23632.919470324,607624.867988048,25118.8933158634,5373742.70290811,34999.5459806409,60583.6842043117
"P00945",771239.791554607,51982.3417892416,123297.668883363,1740372.20839255,25893.113979196,132125.83263306,24896.8810038593,711986.459369155,15540.5514799158,10017.6758421717
"P00946",3092715.94916666,490078.332405947,13857.0380325386,133884.431009819,17465.9014810563,7144.27905265267,27792.7147411048,9948.94634671693,39033.674739623,70628.6279727184
"P00947",1443914.02121602,81400.55392257,73542.7079522173,670311.259259462,23132.9508769333,33133.3456788336,26312.6361656661,363619.27624527,23734.0791272471,16101.3072026916
"P00948",459541.637304407,8890.15445977546,245882.805647434,2306481.99184211,28583.4935648272,228090.997386448,23941.0739060301,1467579.10542385,8839.31825307564,6897.82305405748
"P00949",235067.577384911,6117.1597415119,362859.481052936,11858074.7843329,32019.1849158442,702229.803673993,22117.0459950039,24884517.9990244,7789.59360907404,8807.52394145145
"P00950",4317706.38071984,911019.793400406,2389.00141381659,36248.5182995962,10812.8833080048,3793.39646431597,24697.9822718144,1972.1243452935,97727.3158378316,181959.2142705
"P00951",2692662.26975418,315549.002383222,18137.7434633929,377687.102131493,16923.1212278427,15129.0931452543,27835.2202013074,42454.3430151711,44372.3309096508,60938.3401716935
"P00952",489669.488082514,6374.61508963317,89536.5221972056,27584909.7867229,24783.8754178083,1674765.47020682,24692.6694776597,16276091.5909313,26643.3006733399,20813.3865717458
"P00953",3490092.46928697,81136.8149734095,13512.421555372,3883053.53401974,16104.614720217,225903.681816301,27911.1960380627,571825.873163041,89085.5988636855,168500.529032502
"P00954",146012.266013623,2132.29811310799,3906868.6148754,121343107.30475,68266.6392841791,18054262.3863259,19315.7155807025,1064753275.9103,1404.36333986168,2215.54268491841
"P00955",4001279.1641495,651652.920987599,7221.76734454735,53863.3256322331,14547.9650486264,5361.23728598015,26613.1518278946,11825.1750060373,78530.7470676925,145771.263641547
"P00956",2579589.4683424,375288.544513808,11807.8023708665,89798.2665502539,15224.5016084718,7305.63476194313,27839.0471318425,8320.82395210543,53992.1779561795,99466.3717194207
"P00957",1375017.76775544,55992.8150337928,39555.386303581,798705.361386966,21647.1728025711,59952.8319695935,25692.0339816308,128942.877628115,37330.3897481843,45493.5922512785
"P00958",3065374.572819,191395.699091583,19513.3346883502,1732041.90931281,17343.2623634785,137008.435921926,27932.1418766067,159434.756399388,80184.3435526826,138394.132335668
"P00959",1653373.33037706,376248.686282258,40535.0430498443,180107.02078593,19775.6974819547,11576.9542733237,27300.1827355497,21922.2758840911,21612.7531607171,33283.9286495953
"P00960",2391399.88073628,375929.375564795,24967.6958441772,327763.38139006,18812.7414662749,17993.8357725132,27893.9360800983,23111.8179906364,36561.9707591397,49827.8049449412
"P00961",1839270.40211446,140255.78654959,63388.513984104,749213.825685797,20769.5381895698,35590.2627247851,27044.0423666339,63132.5131620897,31855.653868381,44731.1450494472
"P00962",213275.843786279,15189.4311154058,569355.355706293,4905618.73782721,35441.7489119397,248043.24916048,21327.1617281256,15621160.6944674,3395.89338124885,5230.82261023958
"P00963",4603479.35255437,467587.286464842,7129.42476724619,72898.6495630862,13929.7704682141,7016.85460913889,27637.505696743,5865.09486681873,69537.9484246645,130670.491309613
"P00964",1057950.88815047,74474.1976869391,78051.49979547,1018848.31940364,21583.2630644799,99213.0321417025,26604.903960254,249963.873595304,20219.9298933912,25141.4471386217
"P00965",3612122.68281274,358139.972321714,9815.92223954732,402127.175727853,14735.7765075931,24296.5000731555,27777.2227410085,40697.0395935701,74875.7573727043,154976.203827092
"P00966",469737.605271537,54321.3958443581,111102.542686698,1941515.90040804,25430.2426596018,81581.5378991495,25382.2581165502,1257376.28063914,13383.2432565751,18109.0444687467
"P00967",3187191.16942447,312454.478004117,16304.2797813296,262805.640357545,15554.465194236,15553.0471530537,27762.3744583311,21642.4204260977,69627.2635577462,130167.788346808
"P00968",315596.171607265,6705.13932773521,378427.689897586,8965437.18311468,29391.2414283102,449993.016326243,22784.6192049054,4000629.3561868,8053.20356164242,5891.16337421505
"P00969",379276.641722254,14379.4919628532,133868.795679254,8985591.53888905,28406.8368524307,434193.18447409,24162.0078976478,4572711.34732355,18556.1006775396,13894.7802109894
"P00970",765725.617676387,58622.0850202624,172841.774698268,1377167.79649142,27580.6593045164,46790.233288722,25430.6415438001,368084.950742664,11397.4092845402,8709.12578536577
"P00971",1528023.17982289,414244.834180211,22263.9939982634,114863.511931584,18704.5778663076,7145.28952911729,27914.6628891253,30551.9034213861,27704.4555923876,57315.8682098483
"P00972",3964123.81132503,360346.024121662,9844.0682849235,289125.913740071,13686.9720499954,20981.5220353333,27932.0779243135,9773.24672689976,79902.9689078647,144237.615426418
"P00973",1526416.15648867,266235.632997281,56925.2749285014,74109.4420770077,21715.182312146,10565.0048191661,27717.080639035,16514.1701707721,13500.2035443778,33190.969020332
"P00974",309419.015425694,5297.17181675421,421834.291776078,14588084.6238744,29224.6472224807,1056350.83262511,21628.3091563932,41804674.1009744,10111.6604070827,6046.22363438519
"P00975",4665174.35194307,885820.433265881,3591.10499178749,36895.3047406381,11719.3223802511,3279.2544855308,25179.0058922145,1356.150720055,90384.335911482,183891.981741901
"P00976",456267.479128098,15596.7236922565,108653.557519998,4190249.32191366,25538.1872920792,242323.870476411,25308.4927012172,2451424.69744779,21874.1691499653,20456.0235354594
"P00977",1355849.04301463,42890.615889701,68003.3400379744,2384889.0795606,23598.8136485773,302394.045633507,25605.6132306021,628301.221638321,23753.1326377957,29497.8375114845
"P00978",4462848.46750316,579146.894870774,7444.15405286537,113329.279511903,12543.6299503649,5884.43400837436,26510.4274540706,2396.71485066827,73185.3421362398,153704.12280214
"P00979",407464.33523235,37382.1633037184,175093.194598215,3981070.00430738,24917.3719510776,158858.861624149,24408.6045312889,4125177.74617806,11214.9934201555,17659.2817150785
"P00980",972939.900487938,126658.095456972,72688.0251838771,188944.180845048,23018.6108512728,14785.115102158,26144.6904207635,57170.741194558,11769.9117010513,15463.4090791464
"P00981",3221444.1270619,744384.876799603,11645.3336463779,119913.238776893,17570.872541066,11497.0794866,27670.3640906562,28998.6949759923,51951.6860428116,81642.8472712259
"P00982",3222817.41448972,436598.63731988,15201.0009879845,106371.178294291,17314.0413458241,5160.88647547096,27715.0699626809,4639.98980583245,42445.4904096046,79412.7817810867
"P00983",1680253.9180902,103540.84609475,41667.0774099134,889002.617567899,21586.7146658493,54764.2816532814,27322.1737111244,199784.980220144,25432.7929181917,43129.6049185201
"P00984",765394.681452163,21499.5682742431,95653.663983546,1706186.5418011,24587.4533839074,91079.3960908033,25050.2302340493,3117977.61493904,26686.5875639917,30370.9902325412
"P00985",943349.927770216,208278.535750483,91255.1802809265,94340.8887767204,23328.6135371926,5379.18792871888,26534.8240527072,45411.3093174042,9265.84420821816,9232.16833015077
"P00986",2426463.5497244,215186.467983541,16344.3147656374,352625.478978888,17309.3998027214,20719.0161539078,27911.7271555387,47747.337323196,48396.7386815775,63334.5296353534
"P00987",4304692.11842104,583983.48682533,6137.37529316156,60200.956461425,13173.6201853367,5279.04532178079,27667.7044921118,3096.86720375391,73418.2983707822,153071.789284945
"P00988",305016.09212374,10212.5673626965,470708.019841004,3687488.40493646,30187.9245097982,214060.300436314,22691.9179278637,2863548.03273875,5522.42303291342,4525.90484970768
"P00989",302595.856296702,10527.6926804086,515928.437409675,6386218.08744053,32842.3280381769,399242.441891374,22363.520102279,5908381.2802269,6045.13723848934,4785.48044459423
"P00990",997205.791336458,24047.3645840077,109890.889402357,2836446.96575249,25147.6971728872,213444.504541062,25509.863669424,3740358.25566315,23523.8746780861,17530.4685577899
"P00991",2127400.66249291,277857.722364439,16771.3172891767,148160.331318345,18775.5738176886,25170.8883539082,27596.1960947121,61858.6720112809,38933.8212109163,52406.4340664234
"P00992",326930.289510864,106833.656102156,373393.755271308,865224.793506864,26804.1166254598,57323.3898761551,23328.4731521924,46724.0162536072,8457.60898946631,70588.2602818892
"P00993",302694.067733026,6014.85849409989,209627.21240363,22033869.3142224,26099.2261805362,1504334.34905628,23707.1755377103,11591189.4678586,14712.6180790171,14059.3009354798
"P00994",500143.926118454,5896.51474649477,166280.228357788,12211093.6419586,25381.713172557,626866.530155262,23199.5479833447,13493453.5025036,18646.9902998946,16421.2883639275
"P00995",228360.119535808,12280.7849282576,584972.307897832,4918487.48968106,37468.8206517157,133370.706384744,22382.7304663045,3237583.41062288,3879.24971847195,3747.3069466135
"P00996",426417.249249831,26523.4735494382,118836.874884717,1218731.92134366,26901.8949223761,129607.807956609,24146.9690246856,705271.432247233,12696.0194883538,8782.21237913158
"P00997",2235551.07728,79472.0133226104,24748.4690956288,831719.160959083,18713.7332413288,91761.1813628411,27748.0690504927,187852.397231485,41960.5407983951,86637.6449010958
"P00998",1411753.23245057,59491.2574858216,40783.8791794091,890661.480510374,20388.3459956425,72710.3071924587,26874.5660850551,955010.52465017,33883.9407290523,39535.7003000177
"P00999",1873475.67532318,215034.75951469,33229.8469185659,163045.084655998,18897.1610141851,19298.3286632523,27271.3313269786,49469.2124317578,32421.0736987809,66023.149519703
"P01000",830381.898432306,15788.9251102994,70140.9737493711,6142231.94474373,23442.0421106254,574611.218494536,26063.3256849094,4393115.79552765,38207.5179869383,39902.0888031944
"P01001",3320769.15327262,423982.945499512,11242.9589118832,122459.963529141,15746.0865281675,8541.0323354991,27929.7223688402,13244.7193306254,62958.5097438328,97798.3124347186
"P01002",386526.621327669,72868.631209538,201928.394544653,219776.39013359,30148.7756112032,21571.753009509,24593.6487401927,133650.01387951,4050.03502281061,4970.2861784213
"P01003",4587755.00190331,863762.060434746,4189.18503978499,52829.2866824123,10631.7307793985,4294.93841683908,26200.9289175782,2243.5027242766,96495.224945195,183640.706471395
"P01004",1449899.58055987,67694.859276668,34851.329131648,566211.159684238,20274.8818917014,60393.9941518502,27176.0594813198,170437.895798401,39780.2591648608,53786.6948109657
"P01005",4554872.54837525,467014.319611952,6041.36584372837,345611.836642292,11428.7129046447,20468.9325384405,26480.8901038902,42342.9828824435,90397.5314576331,181475.333173602
"P01006",871016.868994797,68395.6162448536,145213.605637465,1069951.00555404,23641.4820712036,63934.786447561,25321.0273400273,488270.037218857,15423.5959018034,14197.1700212847
"P01007",2412862.94063422,238029.329948563,17743.6639020283,152978.030434456,17997.3155548451,15275.9228067252,27928.3532267757,29613.5430911832,42972.3078957975,50968.227973123
"P01008",286679.889963034,8255.83706656736,501043.891450446,4936783.44166323,33386.0518651475,505364.449927845,21566.2380118474,5259100.78384239,7293.33837279218,6418.86272204221
"P01009",920645.015570018,63737.9382317094,118115.273031301,282874.104709093,26884.062866905,25088.2106079981,26548.5269396008,299830.095747382,11664.6095908294,14723.624826117
"P01010",1266289.08693739,82446.3676139447,25912.2070036302,885410.63338422,21716.7541530713,64606.0195332091,27539.5720134395,192393.563371776,34360.2220881339,55937.4756661217
"P01011",4384599.90835669,928439.881724749,2446.13605941645,24977.1846289326,9113.04987273844,2607.00585667573,23777.8400207889,793.422054473444,99429.6085901031,185255.460773671
"P01012",889015.83515285,13485.0662283251,50096.3658552287,8682126.33844512,21951.9888296565,637852.941495749,25505.1406758095,4968500.64459158,39470.9114942375,44404.4596500997
"P01013",1509954.41600976,169414.138404295,36622.1522307347,209223.769003581,20741.0643523995,22870.933010654,27487.0898429638,50374.9194541682,26907.257948306,48245.6474035798
"P01014",3427389.02928682,204073.79116981,13736.0243518407,267210.80732654,17953.8960146825,16240.226151064,27885.5977475511,19432.5004506931,47356.3539448859,103188.136679587
"P01015",3795887.83750014,810126.513115347,15021.7042260187,22559.2816652639,16922.1494309019,2073.79991082574,27769.0527438237,1644.68329928124,28879.6769066061,54030.0900678597
"P01016",4279144.5068599,583339.959024549,9472.04087535672,117001.739159537,15349.4717264319,11241.7704832768,27560.8845826095,5042.90997371527,71243.9949554921,161907.635174307
"P01017",648082.85182981,39558.3770751834,142486.717073522,1143047.97273591,26187.1378889808,56553.7945243249,24519.592423841,769069.779414019,15366.8983736742,12696.4502803478
"P01018",4665838.27357042,930243.612372766,4303.09855435274,33617.8358954442,10427.0888727393,2233.0658160438,22902.2529426403,1198.30852165267,91556.8325880057,180396.997927155
"P01019",4581772.10355009,900400.176997884,6373.90791019836,33236.6836974426,11650.7584802279,3563.95209126024,27155.2626452934,1354.81608858218,78663.5143282573,167909.877535846
"P01020",739508.743205068,76794.5435306007,96073.5153241675,250266.692902073,24501.4804312759,31126.9259897996,26476.4268972169,109451.766189877,8949.41666549909,19664.3606779107
"P01021",3507223.56866645,417935.992910597,5985.50811930201,96203.8322317977,12217.7457608072,10601.8681231417,27928.4291969289,8409.19188475546,79398.7327279064,139549.017037931
"P01022",2654304.20383358,145273.434221743,19827.5143098239,833774.514981589,16825.6552897975,40444.0721079057,27646.7975364432,187436.239196442,52577.179598458,125220.018378595
"P01023",765039.243837447,46322.9103043376,89632.9209196493,2521788.76002143,25804.3326147562,300566.45728516,24901.2417577384,1392980.00357701,22715.5811058582,21033.9308121464
"P01024",1340126.38589416,232106.348949784,35564.8509931751,195950.607920195,20137.4496099786,14575.9971154556,27350.880631647,34054.6189444958,21977.2253793447,40447.2598841455
"P01025",488696.292819256,45563.6614143765,99593.527286887,1118524.39661169,25915.3106222921,35755.296957856,25311.9441282013,622225.619491188,8823.33340103711,9569.73572061626
"P01026",784529.98587924,52455.873096637,133101.363485881,470610.537316953,24520.6159773121,34024.3651536386,26559.1651806012,142105.510762806,10663.7529113988,10554.3409432408
"P01027",1447200.08330854,81393.8876055388,55916.4639729296,569655.908802486,23605.9766792105,70778.4703561075,26880.4721638105,823211.58569201,23830.6765632056,31776.4462632052
"P01028",369940.378606911,22241.6969363813,106542.354406289,2085305.47325759,27114.8187363916,95291.2048116868,24402.917153835,810922.960459426,15014.8469823013,13034.6430971088
"P01029",4693024.55444579,94656.8731539075,3499.41614027946,629174.666499204,10660.2825627304,35162.9785878606,25574.8563809724,69429.4416536342,93624.1581977382,40449.6787260192
"P01030",1869273.77618607,127996.383883432,49137.9818454575,337165.889378495,19946.2298028198,21770.6084056647,27304.8457219355,68120.3646396158,35794.7916400321,36091.3337861429
"P01031",690087.979326561,79247.0472690827,182347.188364341,450496.860641307,24525.9417245497,33857.0482426236,24433.6667248479,267793.395747032,12242.7633940293,14126.6812470093
"P01032",384539.32653794,32496.2460112905,165165.390233379,413207.162780873,27341.818134919,44820.2546692073,24305.6831969855,450873.360787313,5638.10208284582,5873.18674636988
"P01033",152044.102447587,2636.52703157172,939349.475975258,55656004.3533068,42671.2010238544,4454006.7150103,19447.6918039683,160163643.77993,2977.77876608883,3234.60810333018
"P01034",2821343.28351208,532898.614910963,20370.6162357851,89111.1350164001,17132.2591335091,9489.41928934011,27931.0237386059,11310.8859297235,35368.156802284,71231.753081422
"P01035",458414.842077502,10386.3974738756,279560.756335732,4475081.15293827,29871.7810017177,331497.926093669,23633.4010406567,10816230.3362567,8712.53671028091,11194.6712248857
"P01036",556980.064148995,307180.369692745,205362.002407825,271837.312107678,29818.9691743492,20319.0115392718,23796.6779006764,23729.2032341593,10621.0210235671,57857.6759302374
"P01037",4261848.86650582,125171.298737368,10329.1360001549,609535.042659774,15790.7935986112,29803.3829518761,26776.4443462523,106145.757648955,66872.2728338362,22855.4393899472
"P01038",1902256.15393469,101430.885950269,29433.0031959904,585829.650447294,18978.2923530678,38298.9043025927,27561.0358566729,268668.584738756,40983.0922223523,65571.7649877797
"P01039",425793.312173583,9335.52480664926,251662.001971751,2692872.75415051,29415.3271254612,305526.39724987,24207.9201125882,3096458.95582968,8210.44551767921,7472.5047901128
"P01040",216302.479034759,7469.89462214069,739087.142163533,5856684.80110009,34805.7813884389,223860.399019047,21000.0284154757,13809083.2607488,3580.04963449637,3739.20708619295
"P01041",4697172.94000972,129393.059240743,3270.91805003409,309475.415817426,9426.84008362875,27232.4296119049,22901.0679496816,96823.3770268221,83880.2445524619,25793.4658018267
"P01042",4648718.86982761,823295.358545427,3006.08773968173,72842.1271821901,11781.614439347,5844.68831971927,25054.7099369713,4263.89369337497,98347.6229181151,185943.59093691
"P01043",3086660.8181466,204834.247097126,19242.8841040059,199497.372333215,16205.8020435801,23368.2197001135,27881.3038754757,38199.1131123229,55905.409378676,79133.9339169795
"P01044",2975164.68360123,238211.319128484,9033.61859058549,756984.886101927,15458.4257400425,41559.3009081032,27889.5075739475,79207.7087038838,84375.8511336539,140177.793297513
"P01045",3556720.28724774,235001.702908052,15397.6712741574,318299.588161622,16966.6695276186,46361.977645083,27889.0940055605,54671.0525347044,55721.1943316012,99967.1874665247
"P01046",1170153.03854906,38224.9475223003,50398.7423840409,4205148.11175395,22953.7372457621,241412.300984826,26194.2002934146,1528143.99523084,33246.7569376503,42546.2754094881
"P01047",3442798.53970672,325685.427376565,10110.4888791736,187047.829189618,16250.7227591092,19875.4177600374,27653.1186149209,118108.894061067,56032.5700037013,33522.4850872141
"P01048",380996.581204728,5443.23056811815,163292.384081242,24958330.3875986,26386.9027575384,1692861.77038454,22738.3465081857,15023994.3223432,23230.8673772694,15381.3846607136
"P01049",3973793.68565889,932311.01620911,1422.68046653603,35220.9138144713,6324.97730310571,3212.37335208489,21294.0270714395,1465.58626823464,94765.4009695819,146388.513904896
"P01050",3512745.01007483,448848.000794782,18083.8421155874,93887.6395469331,16389.6421638993,7000.02657477402,27932.4343245072,6700.63605542938,46619.6205721086,80779.3432585555
"P01051",4698166.44306026,919231.921534415,4097.73001049583,13885.2350002418,13246.7736692671,789.666363354687,23263.8177955858,922.871384770606,71329.5646646377,157319.491425717
"P01052",3505624.70193956,274576.504381206,14458.5978130106,179698.441086994,15779.8499873567,13997.5336019166,27916.3673783178,15626.0387681236,72970.8200638881,118057.697192937
"P01053",158427.881276343,3547.06455728644,1494481.25215008,23932013.3930514,42157.140288522,1296344.61024699,19894.9694268468,115174310.505701,2464.89893026595,2543.85609232679
"P01054",850890.563486372,22903.0687860386,47890.8326610535,3864793.53511843,21936.9212941344,328390.508177702,26108.8301182525,2687038.83377806,25514.5090823909,36604.5094892506
"P01055",3559173.09878348,220080.120677521,11620.8591689827,462783.135892448,15474.7071870202,26534.4558270989,27877.6808419725,45137.9429172398,80327.5451351743,152835.863038718
"P01056",4589748.67372398,824664.40944949,7222.72332581056,59694.8901706289,13844.0753143788,4610.83360488848,27451.1648088497,5035.40909248358,59564.7494093866,139990.244977772
"P01057",175770.064951053,3479.03554791175,1647464.47503477,25394478.6003838,42764.8097375724,1401655.42221292,20233.9555494286,61354546.152671,3098.53974636812,3040.37991745593
"P01058",146486.77375001,2428.97673502802,4966004.39590299,44484377.1661278,61789.5561750177,3061016.41592813,19320.9138180555,331609962.108797,1444.41595354655,2333.28872803707
"P01059",1864422.96208758,30043.9676950288,86093.1687431753,2020073.42497959,21884.7924709194,278982.430067857,26242.2005735717,1527676.58159624,37065.9405364706,48107.3100689349
"P01060",2274353.72329151,82035.4237290577,25722.9105645407,1159533.99991264,20882.2198916581,50385.4248568599,27433.3978961276,111258.538349762,35266.4310349269,53532.9357253997
"P01061",1225998.19193996,85983.8384552577,44046.5498742879,654459.197810943,22498.0435573501,20230.24574182,26802.2850553877,60188.7675413336,21041.1983772372,15086.6589517358
"P01062",4658000.06818291,708088.381091541,3511.16106667778,154481.884509662,10502.6340558083,13721.2912737982,25702.0828061615,6455.82340436946,98401.6811598742,185935.931453785
"P01063",3980709.59204747,722046.055125672,5587.39986631716,71826.1736577787,13523.8048855253,5487.39507018103,26335.3329402143,3160.14009921918,81483.8812048227,148305.49957135
"P01064",2652597.70765182,461067.358407463,12593.4054708628,119290.76824959,16379.1748097146,6578.6949653,27817.7007510823,14700.0716158218,57040.9094061676,115518.360489878
"P01065",164324.765196196,3482.0713827924,809867.799837025,34956690.7761206,35083.3574214269,1888078.24764715,21094.8516339158,150738500.939983,3120.6564993257,3391.57248434181
"P01066",3371310.69253092,834415.222631842,7035.59029149774,57317.6228750413,14165.5911737518,3699.86986112707,27397.8930060887,1856.00603084111,70098.6384437233,112367.912154455
"P01067",4574206.63093765,229614.393969565,3386.07112396049,968245.06614455,9645.87628564347,33213.1146360953,24305.3924118789,103743.244821943,99614.0172346216,121981.656893283
"P01068",1138629.73524752,110576.513368292,60140.2739573954,1037780.16416438,20448.2968278961,75106.5954421377,26294.5982844272,129695.674564216,29317.0934881926,33089.1993637951
"P01069",451804.886382182,16410.0896263892,311859.879411725,3379288.25959719,28559.7375979407,151875.14978125,23016.5428163833,3417168.21151294,8999.39980245736,12040.9667606521
"P01070",286001.320947038,5093.8707824792,212522.226628964,24811338.3239055,29502.4842233772,1345855.46671407,22083.9018391199,21306623.4356516,12908.7678442243,12367.2666467251
"P01071",3525565.21251862,488010.109306304,21000.0866331584,294080.003217905,16954.3494566918,17574.8282115628,27819.6131392275,27372.2350462433,59388.9439185427,93460.3690431612
"P01072",2927197.28526774,291657.893425531,16972.2874976693,328501.254213703,16683.7751589789,20292.2659017447,27906.3754115012,24856.7219121626,48041.078170928,111016.966112791
"P01073",818873.522628928,258328.088612408,70472.3972507484,240066.844152253,20957.7811886331,14240.2379302591,25911.1023395383,15669.6173563168,35648.5742100924,164451.366812052
"P01074",4653735.37078332,446819.603916407,3935.0509812544,128582.009228911,9987.75578825693,19856.8693420098,26887.2449513673,7480.47636927971,99332.9312715524,184579.913188684
"P01075",2597235.12939426,119011.109173937,20677.3387433721,1299881.61202879,18235.1366098237,137820.198333685,27478.7985676384,453500.050442047,46966.1539835879,73080.8963239743
"P01076",246310.837602001,7486.15446927003,364150.611086225,11883772.2658906,29636.6919203791,538561.499352753,22424.614871613,17208405.0811827,9174.25778175837,6744.28396266035
"P01077",350248.211426492,18455.3611894952,122875.899288362,6215148.82642863,24582.0317818822,200875.964220363,24023.7309734486,3187364.98707443,13594.4113941831,14264.9689024145
"P01078",2895767.55568774,287669.954570692,25534.5036740663,118443.342741921,19740.7727097802,15080.5171961279,27553.7506426373,23430.8490268714,46220.8779861638,54944.6092447284
"P01079",3308357.37541578,439794.350304767,13963.9919326738,132670.712547788,15568.8274743525,12931.8391776892,27928.9064490454,8381.60871103082,45991.5572034695,111536.100959107
"P01080",144913.794917127,22313.9429567046,2112460.1696143,2067329.5845493,64756.2904764929,94431.1259385618,19316.7374384576,2130814.6561815,1593.78594920785,7214.19488235555
"P01081",189669.50036782,8193.89488862934,770163.262448365,6458804.3574798,39264.0865405159,340092.204674373,21854.1058913686,7552015.95042507,3590.42147020163,4738.54998319503
"P01082",871275.401073705,31738.4041626162,66456.6540263499,2445384.35184197,23813.6151599966,174502.597579359,25713.1425086755,665555.599960861,13141.4252823776,43835.5117840105
"P01083",324419.015637123,26931.0638921707,232035.974596196,1423744.40144391,28873.9524081143,68155.7312700226,23687.2768701643,1431887.51395095,8233.64189197517,7048.86175197577
"P01084",2670505.12047944,783549.240539607,27288.4147081192,36571.0639639174,18094.2440454356,3153.80530135665,27596.5775189167,3014.19243153747,34426.3842975078,60782.2904154336
"P01085",1745753.52857447,421736.601522198,43516.8997070606,98405.5785747749,19535.4357754042,7807.03763911942,27559.1208227382,13474.9744020698,20650.0272469919,37269.5690057774
"P01086",1217662.9984483,52797.61848314,42455.9891974598,1953630.37285301,22078.7001159588,80958.4664278094,26322.2515535353,744124.380793477,35824.1070016539,32672.2305282258
"P01087",4628292.90857056,819070.081937858,6832.10081326832,28830.1439323588,13869.6036840572,2908.71175925103,27209.6747046785,2630.39662751084,63547.0814923998,165590.254687587
"P01088",2644494.8178153,277921.679154953,32955.1204231964,263515.242970511,20119.5662119177,14143.004521626,27784.8351527693,64072.7009783108,20285.1900465907,31485.7203634891
"P01089",1101308.64116668,103605.891769477,31522.8096901988,286803.192314723,19703.7832522786,23860.2147099699,25850.8191386885,70273.031340013,33843.314981883,49937.8238867759
"P01090",1248379.52281227,78780.5277859204,35327.9428151135,2087957.25508225,22280.5603119112,74617.4070464585,27083.286018502,405555.182320459,29949.7206766592,35750.2946499842
"P01091",1975760.03382416,422571.203410384,16607.9029061763,98176.7189092915,18420.844943483,7733.11694778607,27928.550087814,10506.0450140343,40183.1593238204,82849.3737536324
"P01092",1830681.73057598,145018.098566102,21669.8189779476,207984.931939833,18113.3779430491,13650.6582946474,27805.4844351497,94690.6000777415,40246.0139390307,47734.7882843625
"P01093",2668414.647059,359351.451883001,12093.3010509559,196269.7639554,17846.9667397411,21506.2514534251,27909.3579209283,9271.22165482744,67065.2192857152,118471.87650602
"P01094",4239802.95225583,477967.651587664,7507.18533642081,129975.402578332,13002.9958277757,11481.2799926588,26594.9350513778,16228.2126028306,95734.3385209417,173442.243411074
"P01095",145398.32228397,2632.67375633704,1968385.76354088,49498953.8699527,50015.8326951307,4643581.08088482,19385.488703724,385944931.488838,2902.29944063543,2763.26331854186
"P01096",417383.736006315,15843.1891326099,147597.378993112,4489686.4613029,26552.08171574,279177.840182826,24339.2552067597,2357144.08926205,15132.5759602316,13354.4380251456
"P01097",395313.699053689,41412.1884654198,420635.344426921,756215.79112726,30475.1795935679,34733.0850207413,24809.260835621,408173.361043821,8239.73570892557,6124.11519843007
"P01098",968072.820028278,524898.637330543,61085.5312679214,112202.59703725,22676.9441469975,7359.00390867528,25929.8072740186,6889.23553842714,27720.2745758943,163577.990409375
"P01099",1198148.05155567,318784.622636633,40497.9185176315,162916.24638699,23018.6549722504,11973.6594922917,27340.8409857399,22838.0088560522,17630.4533580322,20574.263648412
"P01100",152164.933164402,9099.56236867844,1875982.13641005,2679026.76620103,53492.0783178536,98573.2387296895,20662.6718663897,9817793.418362,1488.58435176585,2272.27808256771
"P01101",3979927.04290971,866696.80049422,6057.86747636848,44781.7220784291,12983.2664365229,2039.84472874582,26050.4424700965,1463.58793420961,59653.216634819,150290.457414186
"P01102",4697802.24758733,624825.430632244,3417.41297066675,172061.327234122,11268.6454738514,11264.3526968297,26116.1543295936,7708.7979525625,98347.4892092325,163531.456417439
"P01103",4299670.8258328,49700.3132957991,6265.59756267838,2869360.40097236,11470.5594298132,289065.401622664,27455.1218180162,659289.902757058,99522.3861103563,104571.752901817
"P01104",3958707.28162544,370067.584505388,7907.29287905749,150077.924053801,13532.7106735557,16376.0157395344,27438.2583903813,20151.4388262992,70586.0828929999,117599.474862282
"P01105",1697795.44255248,248375.383189323,44791.8918108428,243306.592660969,21271.8395992352,12503.1656725498,27229.8720279283,88328.6063163417,17293.4403935425,23662.2304745091
"P01106",4515367.47450087,772897.521869299,7875.01738939775,138355.2368725,13628.2454608037,14181.2774899973,27538.7105118142,5319.72069715393,59431.1972041584,137908.185383537
"P01107",573660.203452718,13573.006282636,257654.145442999,10704682.3527987,27536.810866757,730080.924668939,23112.985176031,12082537.8858436,14926.5339140818,11380.9982007806
"P01108",302610.833810783,10120.2289487855,330106.545110703,4114907.30088319,27992.5170480245,261839.792431047,23115.7157654893,11130748.0097311,7738.3745465805,8552.0571595609
"P01109",4651791.61484935,502788.844664586,3885.49644258993,283230.039396696,11235.4163175776,19567.3106898655,25884.5502551721,10199.6645823855,97765.7660155885,182201.720471626
"P01110",4399096.63516157,380063.277603507,5454.94793288072,219137.796414701,11891.6349194237,30159.2971590146,27594.4060695953,17464.7814671437,91272.2718330115,172642.88995878
"P01111",2639837.37491253,102451.758693494,17216.4604557305,951028.153958119,17716.6773568958,49631.0531039232,27375.6226914775,66241.28881499,61870.9148750769,111992.479045338
"P01112",221361.848679256,25077.7105198841,559620.573341738,842242.008598791,35213.6574481292,39292.64874585,21901.8731094019,1844402.60117407,2552.33871731714,3461.28306373806
"P01113",540641.641840344,58945.0613923096,103824.141424604,1788812.28798991,22469.7253280435,54953.0060577607,25874.6596194772,345566.195624752,18671.6241188571,25245.2889186324
"P01114",178419.257663406,4833.25900117126,1052311.42709572,7216271.13879629,33737.8113198626,402655.418878067,22138.9217512293,9782022.56656405,3304.79766214291,3281.03194665495
"P01115",2900891.46139358,773003.076199041,13762.8987280291,35370.307309558,17235.0503214671,2540.50594872663,27905.0712129582,2529.96078359663,35342.4041470309,90226.208854162
"P01116",4554678.43506081,929842.963840826,2479.05509313708,32278.90214294,9532.10562621373,3113.23354346951,22270.6767302568,1748.18401996094,99654.3521523256,185092.312963046
"P01117",587145.291655421,10086.4456922254,89361.7912938586,8376385.17114394,24819.9859360898,369237.64502693,25370.0419397816,5483083.73099987,21574.6955806761,22138.3315303307
"P01118",2348705.61088262,285178.272767241,12754.1778255631,350219.592733403,17403.9954442222,25641.1927351549,27918.8715375022,47974.9072102791,50852.0314944168,103534.397623346
"P01119",4160132.0931651,924765.407605091,2399.6344342336,13715.5800468048,8029.38603826942,1340.27894612093,22168.8744638592,725.741272686463,98185.4439300331,185184.728555946
"P01120",857512.462530458,98875.2056378577,60922.8445674929,357627.960483217,24187.8374848172,20705.2441755573,26208.291805225,107974.936392587,15487.4334988682,20470.3792162359
"P01121",1018107.45312255,58433.6125456347,92144.8155079284,974788.440641484,26747.8312252725,70969.4027000942,25944.0795471133,1099963.30544447,19043.7600050288,16611.0395402951
"P01122",3529638.09091402,623412.304906228,11173.8717666596,118339.834828805,13771.634313594,10728.860453242,27798.5203012126,14675.6361714399,69294.8937119352,112115.679504966
"P01123",703165.023964217,20033.4709674895,95770.0533460339,4295239.84926307,26034.1780538551,452479.500256811,24936.1379791494,5327940.42555882,15167.2576534712,17233.1010904414
"P01124",3382802.04534613,339337.935271855,15845.7180349751,196746.366537091,17911.9794243733,16386.6531170924,27863.6716985599,20445.8685267173,62065.2574364907,110094.575823997
"P01125",4676335.66450833,588884.197040886,3862.978364053,66235.15235471,11698.0385987013,10214.8225470999,25938.0893456696,4764.86070148901,95921.1025331098,183591.387366725
"P01126",419033.498924362,22200.876663585,272130.960952783,2504391.92884362,29794.6715025826,97674.455385268,23676.4192015411,4068716.79480215,6206.7853333408,5384.57317609242
"P01127",1953013.49099902,529958.274084395,36853.393429431,37954.6386290055,20890.4538825099,1654.96323256601,27920.2972863633,5946.53397195258,18450.1093180503,23459.2203924325
"P01128",2190621.21213025,417549.092944906,16797.8975652549,130601.125854622,19270.2991820873,8416.15441215078,27894.9756785548,26686.6962083032,34778.3958490126,42522.0439027776
"P01129",4600176.43697742,822501.41779896,8160.51558991074,56768.9355212298,11961.8533694017,3991.78457682494,26976.3627889031,3732.77808477467,76885.4584231019,134715.246138903
"P01130",1339804.56468764,120911.883316746,60019.920377284,393366.721566371,22042.531326672,22479.8951990688,27317.0409606389,162607.973409449,20355.9521691302,14833.371763437
"P01131",2721078.42404225,92817.7204084268,22550.7219528877,1857641.41740182,19961.0354892442,104115.424367425,27562.8701477413,377925.524971209,57998.6879217806,116644.054323163
"P01132",3356431.63799769,761722.431388808,14259.3306276753,18266.2050176147,17145.9442524459,3026.49169189645,27737.5307907849,2465.7789917355,37930.313102029,62006.4364703645
"P01133",1431993.02474737,59071.5849293189,41895.4093067542,1705221.97454522,21070.3752641723,106656.227368873,26759.8316278477,372393.973006169,27826.6484844355,24547.2830675295
"P01134",663669.502904216,61449.2198417299,102295.27403125,629099.604213874,26586.2645381848,32692.5226801736,26599.851435136,141428.964913573,10704.841318416,12365.6926865996
"P01135",1600076.35650969,85567.337876978,33967.3872647131,235367.702706577,19050.2050932572,17377.0634228695,27555.7382655074,40742.042156197,22976.202773316,63643.3384862079
"P01136",247415.224841796,5123.02179049289,367700.830076812,12853350.6452084,32542.183745957,995845.952026834,22611.2125200425,13086353.908167,11203.855264081,8679.35903233911
"P01137",1113842.71573705,74410.878705653,44006.8337051657,941445.794396453,21300.6124922229,46518.0977941273,26472.168967231,256098.368011989,29916.7600909003,42805.2172432007
"P01138",1976081.07186274,206532.342317363,29507.1223803869,159238.138360273,20547.3324781004,22431.3166733854,27402.8904744208,19162.1371472386,33457.6303045558,36016.5826973052
"P01139",200332.386249284,6915.4810436712,772694.768683461,15125682.1143267,34699.9179175673,604496.040338687,21111.7361849263,23782236.4987356,3866.15037586413,3194.07994734747
"P01140",546181.893648145,16320.4583344957,92667.9428428771,4639689.97546599,23771.1748629052,802318.399354745,24332.1357441337,3899966.49680015,26665.3567468911,34014.8897445948
"P01141",4683599.87252768,822050.622770541,5438.23323281286,53486.547679934,12117.7916283444,3469.5341682494,27508.9506848257,5437.75549370132,72673.8517449216,164009.599284025
"P01142",2447864.95959796,206599.80690849,10805.526215934,668462.2263904,16870.95961176,32494.031159038,27802.466368731,44505.9048488173,76333.9150893572,121243.63703562
"P01143",3910974.46337234,554037.436774586,11426.7473525204,204261.634754197,17234.5174518408,15478.156334997,27672.8923242741,12948.3560772259,66457.9876525189,114071.86640413
"P01144",255493.609834999,6663.03944674443,639901.31633029,9172472.83301623,27672.6234958786,533237.817063156,21146.5034815567,16026081.5510194,8530.38686731409,5756.52076070807
"P01145",3414614.84774039,203823.704691933,17544.1421851576,322192.901294187,15061.3397217153,22983.1035398404,27925.4951974995,34172.9599185183,74396.7403986963,79631.6977952753
"P01146",4424950.793996,626868.37841456,6216.82825084527,222794.696796357,12988.3462218943,12682.6277803439,26590.7372326109,22792.5509433733,89229.9481368151,153119.435574895
"P01147",2181819.89488197,541092.22738728,12965.3227719175,61643.4191650443,18492.2815085503,6391.56593379659,27925.4379803489,17772.1268317472,30236.6388667022,87806.1476683973
"P01148",1784708.41450653,352048.830815254,23368.0633603727,78388.0837503045,20174.6492433059,10399.8897354053,27665.1016106721,11787.4733042163,29181.6726544313,30514.3378748401
"P01149",2619489.33496409,477452.582486075,21525.1640644437,105557.454198557,16930.0827371609,10927.0780479009,27870.520240482,13328.3159713444,38336.6780838386,53880.6886272409
"P01150",1593562.90762254,265675.130484092,20947.7974184795,216022.34823332,20859.760430416,14541.0091901217,27107.2190151702,15328.6361053715,27395.0091995678,44932.9606343103
"P01151",1211457.73091798,52144.6272073421,59457.219189542,1194418.9599953,20974.2256485186,63549.6126144664,26855.8238457181,380127.923945293,33423.3791199071,38074.1986784315
"P01152",634852.015841355,33698.513886147,193064.718380839,2694091.17454005,26071.7094221464,127629.998402003,24774.7237252847,1984675.56100097,10207.9345876026,9603.62324503151
"P01153",1327421.19130421,176814.129302047,60597.0231680525,402002.278876761,23464.9959263566,18153.6992342893,27069.678579571,54515.4162297147,20607.7884307403,35191.4844752481
"P01154",4523104.10265879,581756.402040919,5510.6448228476,172756.822207377,11842.7003033126,13189.4586926944,26171.9851771471,10837.9775015155,86227.8686938969,174263.372848954
"P01155",887580.226691455,92015.0477808709,128043.184567474,720940.227499226,24401.3136154776,59318.4045967313,26265.3210560883,670672.960599266,22265.6477612632,27136.1836178678
"P01156",1865463.90395253,469686.384605983,19336.9689154888,87083.7259987672,19173.8954598236,8418.94498417587,27875.4412309461,5712.05355016846,30660.2839184062,53011.937232761
"P01157",408747.965480672,26728.6519459563,131451.139209472,1716636.68980066,27501.1797936254,104200.2378496,24060.1245462856,1046351.02412083,10987.4198386298,8384.67368398425
"P01158",1694812.59175183,262812.945363386,22375.2034759744,90312.3562990624,21522.5974535579,5958.46389549028,27820.9771481477,35410.7583329804,17183.6971424366,32639.2214938812
"P01159",1738435.13415076,45465.8381809295,33605.1687775534,1291809.42779255,20465.1050957119,209322.038150325,27770.1993140515,1834951.89439891,56296.2317200946,71222.3912745878
"P01160",673653.467700743,66669.8484587976,63368.4190015167,801002.766441565,26697.9724414859,53601.8847915046,25877.5347531616,159312.023860667,15728.0264395394,17315.0493909301
"P01161",1312505.01120228,177365.571060845,46045.732498183,177221.451374329,21695.0521197291,15074.8499167299,27592.2397836046,38271.3797917559,19239.1480535795,23353.5340869023
"P01162",1639054.3953411,189157.367451524,30305.260711459,196008.372186199,20963.5383367062,19950.491373247,27672.8409346468,56390.4843008854,40044.999158768,46648.0439134548
"P01163",405396.790324701,10491.169317329,293936.008403441,4583483.34461827,28303.9782135673,236501.1089517,22988.5575427885,6189283.70957841,9176.31964920018,7733.41470282877
"P01164",2552963.60658933,92968.8519038862,27532.7789699441,1151327.60225845,18315.2655605982,23724.8261324656,27654.312402663,94427.2245589436,48021.5791512538,61434.8616887969
"P01165",3460459.28792072,340648.135358222,16450.8573596848,107010.170857976,18472.8268613771,16247.779075547,27922.4282368007,21406.3572070626,52356.0958529163,118844.101796746
"P01166",3802568.55468526,928426.6904136,3356.466348364,18847.4324910531,7735.96902112106,1587.54224564621,22576.0704997894,633.402849783731,92326.4931715565,183931.380380389
"P01167",811871.251312589,32957.7550306258,127253.150196395,2480477.39539469,26121.9602958,148080.458057314,25032.8455883263,1202383.30397039,12643.6735221112,13448.1118338396
"P01168",3532263.43902448,209310.403532669,11056.617358409,482873.696990023,16358.3668535041,32190.6841813111,27904.8019984063,16995.0613307171,90404.6314876312,146278.84406956
"P01169",211283.563470258,16989.4161311203,360809.280242361,2190456.65605661,30669.0178939408,127409.550833049,21875.5556896666,7414912.96430876,5140.97096162446,4543.63075061929
"P01170",670916.891325263,25215.8029604466,98876.2925525303,2926638.78273674,25695.4097511108,261601.316482651,25489.8014755706,2764527.86936149,20213.9916623664,21758.9357325255
"P01171",4223977.56582879,704025.754364365,7043.87447610299,43729.9309834967,13914.2571644476,3356.53162133063,27502.4657211817,2259.87723921622,63168.0166000466,149176.162857912
"P01172",3544350.3922538,770899.496005781,2036.40210860276,77374.4205386156,7411.585486325,9190.2407641113,21207.1134206015,2770.39094709101,96647.6829706684,186039.165554423
"P01173",1727942.97122407,47105.6867862504,46497.1448794629,1253732.50207961,21113.0479681926,104514.294162132,25787.3480482158,196781.562111783,28263.8486530576,39386.7989761941
"P01174",4663550.30846774,46301.2672219024,5225.75595758846,1764912.30964426,10071.5770149365,78355.5890192534,25036.5177265026,130630.74931613,89253.5561589787,14248.6695864393
"P01175",558722.807644683,8330.34712928155,133828.985937784,10992046.62699,26587.5121602044,947724.756931393,24610.2873919091,6234647.3479814,25331.6510105164,29279.0249725701
"P01176",3387562.97438216,280823.254015797,9469.51540306548,180537.244848029,15795.3888223499,16623.3499149416,27682.4711448586,20109.9334660217,77067.6979448768,132070.707555568
"P01177",383264.460985417,35753.0513830809,252707.766510696,1085970.4934762,29012.790330359,64439.2344182874,23774.4605814057,1125310.43293565,5829.06305633793,6549.7349899617
"P01178",454036.200322328,51844.625030875,110376.500399698,1279198.04464253,28501.8720415263,78266.4322268093,24574.0432988905,525688.696441311,6600.76747655827,8653.99448343596
"P01179",333297.130029281,9586.55340807674,327082.18123993,2326631.38606951,34389.9188167614,180290.821728409,23004.2438794525,3432444.6728851,8188.41770565773,5770.27433272743
"P01180",1915423.51014755,326716.186134949,40575.6229366982,104626.659780382,19043.2601671149,8248.50100189937,27467.8312702954,8872.99718077544,15988.7124431453,30927.0110356799
"P01181",2354301.57833972,369370.404220752,18036.7174643471,200322.937363756,19170.9762388828,14007.7708162703,27842.6576788084,26316.7596723092,46999.5866168193,119571.467327218
"P01182",880425.067258018,60246.4139883217,65994.0644412363,517994.247591992,24448.1873788745,54826.4254703944,25856.9069663615,233273.246274127,20335.950350853,20327.9532540786
"P01183",161352.714043964,2349.99626987984,10026711.7742968,1013919635.98214,82971.1608689604,139719639.668692,20359.2427734836,5903824541.11384,1359.65628217789,2164.90457339343
"P01184",955928.169904273,10982.4005077707,71318.3078725989,6370760.50563224,20444.0531352717,1161580.87114339,25216.8275828368,6843235.23156794,43990.9082506128,40957.9616383448
"P01185",1380492.48392755,100971.343308282,51432.2621987254,269524.302506575,21339.4340792315,30045.5221285805,27439.2486327543,44266.325248997,23294.1123053045,46359.0637228854
"P01186",2412836.02347452,173084.357052469,18622.7147020968,234975.503779025,18338.6755725603,42197.6560972835,27911.7813125692,26686.8884906065,39529.1664156409,84134.4300837606
"P01187",1715344.72354991,397014.337217211,24367.0830938805,104060.426697227,20088.8635493792,10451.714622589,27859.8320406399,15379.416566268,31312.346924671,41395.3592317858
"P01188",1016371.81200636,25732.7771436068,67096.342717016,3575774.42453569,23733.72991959,309792.131526786,24623.2046993958,1611755.93192825,25550.3779815635,23275.0383224792
"P01189",596942.432208784,25306.1600568897,130450.09281603,2605266.72813881,25173.3488843522,231618.469290369,24465.8349850485,1863355.36953121,15011.3323684623,10239.2658962497
"P01190",2094122.46868842,388749.782218968,30657.8105233243,169494.658877414,20147.6383108138,11725.4678810457,27539.6052840304,44561.2287861007,28048.7117194109,44613.26771861
"P01191",2556057.93103594,51160.5968341809,14277.056561734,2618161.96986246,19820.5465547575,194107.979165115,27384.4907882437,1237073.36168417,61870.0745333842,122654.170111113
"P01192",1793470.24536198,133529.242329511,15338.6102097041,465718.954169748,20629.7538883641,47023.8358820382,27259.9916229837,148267.278045582,38713.74539668,65170.1706908503
"P01193",4652280.61242306,230319.245762391,4296.53523796015,176925.428772999,11590.6235087348,14890.6444255427,25023.4598365569,40110.8486240637,85245.0317081086,31972.8833189498
"P01194",1377427.92038635,90992.5190678253,38160.4044827004,553521.129291367,20581.1363510193,36086.4855992743,26786.351892565,205941.759010189,27257.55395315,38363.2255452633
"P01195",4042158.31657446,842693.874799317,5824.60009860205,41068.5787231555,12698.7323978005,2966.88409987625,26022.1543200752,1631.09128811147,81130.6943835075,120787.483326268
"P01196",1570544.98776189,92207.3468834876,66062.2190697784,267942.187390477,21006.7081538555,16732.0237572608,27633.3375685064,42603.3556889325,24623.0091149658,27715.9033203754
"P01197",3314455.21937344,731649.324003706,5942.74650823459,113529.071360272,15347.9274695407,10598.6545340833,27579.1842797029,4337.44763859694,68427.3047772927,136570.896182762
"P01198",4611828.03181826,879956.835706778,4146.16439859961,27279.6788482675,12865.8396900523,5509.64717820186,26054.9403273361,1825.44195260736,85246.2983246404,166307.419761254
"P01199",1236582.21587276,46456.9848884831,47354.8926895296,1812175.28557491,20754.0472674724,120583.152992497,26693.1113739965,477153.224069571,26884.817502038,49399.8113086279
"P01200",626906.442208936,86156.5423060356,182947.864636916,270935.50918856,26670.0179574201,33320.4180127551,24526.3960588427,97549.1578337864,6145.08027333228,8461.98328731478
"P01201",492671.465043361,15589.1468518969,158909.405444407,3069136.98580901,29193.1136226467,155284.794559265,24825.0398366256,2178246.55106546,13177.6552493858,11813.7320547566
"P01202",1285458.11963474,152152.012443363,35129.7673143345,387069.549356436,21537.3675211428,14032.4965654042,27210.1834865388,53397.9427879938,20676.6684390358,20001.6111531363
"P01203",3917658.98295401,345750.910153179,7883.8720518987,182245.598683305,12896.0966902133,16398.3899445719,27821.6585569062,24606.9817634837,84436.8971930485,135847.358044214
"P01204",2138901.32361889,228547.872732136,22728.4324675083,289093.854943719,19603.8696649498,23500.6981784177,27810.3945246899,63746.2993858797,42152.2505793212,50918.8547706637
"P01205",740352.827942644,157302.72000427,88438.1662930112,261971.45768869,23531.9605243402,22043.787571139,25760.4891085497,299062.931194233,13717.4312316229,14147.9531455112
"P01206",1922123.59239671,120830.384608658,43648.4052128883,520346.693353221,21650.3289056654,46041.7644168599,27110.8391415558,489322.245371191,28282.9957119707,57571.3159776133
"P01207",4683748.46022395,930619.888567289,3463.96387252738,19237.1080474195,11752.6363180498,1391.78139021086,25055.3699674333,536.579137068537,83285.0485913427,155592.149585288
"P01208",423369.246067645,23163.7695176479,232152.807621633,1698257.37173821,27976.8465862212,58698.6308820054,24423.6015797969,439832.280918989,7178.42702882469,8996.13600829943
"P01209",144876.207240644,7495.02566651051,3029911.86697783,7551180.50104558,58231.7088126951,301841.167092147,19267.3836298053,3609179.67582148,2023.1086650934,11088.9841973466
"P01210",1480857.74440911,74428.2327588389,32437.0018622952,1272753.86781626,19375.8531865348,86652.9797996154,27566.1509833706,140457.039757901,38441.780497254,67133.0803233848
"P01211",1660647.90189477,201167.823218761,38455.9971490286,186968.433845169,19632.4937274957,12292.0476346303,27483.239619006,51028.9152308873,28226.4990360015,43021.9837341546
"P01212",1051740.25468701,50300.4047047711,60589.6300132731,2817930.90269438,23411.0637220953,148707.363916494,26159.4557759019,400831.40230908,25765.857640124,34188.6306037962
"P01213",2788154.28540444,46137.8369080718,20648.8040474277,1457690.00475542,16971.1254949439,138065.647697354,27745.1646084228,697921.391599269,57200.8209883055,71331.3363299435
"P01214",4680158.37452241,903244.846620311,5056.73429735135,19846.0206143243,10781.1959207815,1389.88393536982,24476.1434035676,964.530705143994,81094.0444972075,163829.507448229
"P01215",1286788.33562792,55376.5055267521,58186.2133620566,1298231.20598708,22655.1481276378,100131.315211892,26223.3715127477,201957.603548423,24421.1650177525,39048.6195447803
"P01216",1992556.89345628,106589.752822905,34584.7621743553,546207.617003531,22578.4669088828,65133.2962519804,27564.3410687578,94697.0183987796,36834.4999860253,41718.8551493941
"P01217",350636.761187447,7487.75936765711,322188.930216364,14394781.1221302,30213.572185402,1438206.47255515,23528.2469245147,25255588.0487871,11987.6263893951,11186.0221727537
"P01218",755698.964079131,7924.22872315139,98159.2419452805,10707668.2812864,23587.7773802868,1243261.46004999,23846.8797037377,13797485.52328,27335.4819186584,28522.6545365932
"P01219",1073220.86373446,135494.85062571,51636.1167208451,251896.180728727,24824.5042517294,28896.2391310907,26324.8584075855,60499.7369423264,16689.7253706153,45621.7657187432
"P01220",3913489.14250326,355835.398427856,10559.9876199115,123640.557229,14866.6646988794,20689.7513628254,27907.7713199887,36122.1515687522,84713.2567584544,147769.787341196
"P01221",625649.237920136,37404.4258780314,189279.126030266,1158471.3089992,26837.5893223707,48232.207991357,25181.1146496505,535548.607004759,11539.4526205959,16123.7990374541
"P01222",3233659.76101285,478091.273653514,13068.7471772245,75153.6452098054,17209.0934297497,6609.19764490082,27915.1706216647,10221.7548118635,30138.9045762254,75388.182124061
"P01223",2157121.93069294,236543.120184519,28557.1012502799,534088.18893683,20632.0518996591,15849.1089575253,27779.7012160072,29294.8144238551,43216.4807846925,46064.0747360143
"P01224",3484735.8473997,232731.969962404,13336.3291100293,526339.449135691,16115.1815836398,35559.0503987228,27874.5515957846,63503.1327835822,65581.475643956,102361.319490539
"P01225",218271.617765156,249467.407453668,733672.869682588,234349.524467516,37448.6935003736,23549.8880783115,21603.4164941688,57496.6866488756,3760.97662128844,30705.4756909107
"P01226",908990.859541157,287661.646635536,107079.141412551,176805.494498447,21836.5444033949,10854.1542929099,26647.1361162538,75142.4944288825,18108.5829826223,15300.3623414406
"P01227",4674622.9524547,931371.553961433,5030.12998289818,41722.5310207158,12558.623768996,3165.11630812708,24785.0689469406,2244.32976265129,88739.3221112935,175356.393690406
"P01228",802439.264996393,60918.9737616558,85900.4632182894,1490991.6152817,20897.3349376659,109030.081923858,24850.3282413213,470668.089817233,22255.4761474223,30673.4931004162
"P01229",2763925.54327386,802074.422858129,27462.3729067155,30840.6554589505,18753.4173627011,2941.13956068107,27910.2531837567,7470.27810281243,24942.3426225339,33845.2677379296
"P01230",4107957.11313545,598117.032488668,9035.99847563037,189350.009839237,14307.2444234694,16113.5593772177,27636.6253260145,12305.884247743,69986.7040382306,164749.275279191
"P01231",408391.09053563,187565.792824173,259219.06865216,295519.502917538,26232.9765401711,21451.3320423682,24041.3513470306,87539.6551999808,8384.64960284967,41315.9473894068
"P01232",3066933.1604258,582022.496531237,12103.5712444611,60267.4803400148,17885.0744282113,4177.74997474155,27892.8483065263,5150.65562192627,41870.7813375123,56404.5160266204
"P01233",4391951.28073781,905179.829808028,3703.5821352022,13998.2155171856,10966.1651902794,868.770522951856,23477.5143261786,772.619144137534,93071.6932027069,185251.153042633
"P01234",4658669.59986072,847380.982386772,4241.17095564594,83063.8747686634,12915.6884647767,4617.68912957561,26570.3285764494,2600.01701340145,87601.1034822171,157093.916090122
"P01235",4622872.08276069,764920.303874683,5067.12294863559,45395.5993403906,12351.9210227457,4968.40456279754,26527.0710510784,3418.51310763432,96702.1174596005,161078.115472354
"P01236",3965908.98345442,731079.724427835,8685.84964304125,29886.7648677969,14477.4747669815,3664.73160216246,26455.7091573267,2659.27163630021,74959.7401503879,149124.822431686
"P01237",523729.375562331,21012.4158156404,150669.355343425,1521866.07649657,25990.8079874059,159741.889753549,24536.4494437696,1693541.02340633,11981.6325901095,8376.63889548801
"P01238",2207751.11479621,152236.283823627,37116.315391127,217652.464706086,19968.7009740145,16090.4194020306,27591.3723996289,59037.2982789759,30498.84263914,60020.7115273613
"P01239",640099.875166459,22975.9097138777,177862.500489307,3374103.68764407,24563.2113713118,163742.471310585,25282.1006909482,1004045.93677582,13248.3787542924,19396.7749991871
"P01240",1357093.27181846,56735.8349775809,105338.879956638,515204.731865784,24214.53159431,44818.0762513922,26057.1070866523,353345.776189911,22094.6020645697,23070.5052421329
"P01241",1523740.86226519,348650.46253379,49532.0599751973,115070.519391179,21317.895687568,9266.7312376837,27511.0878614252,25966.0275468899,17181.0421931242,27435.4806199068
"P01242",4671743.9761388,860086.476444468,4713.98326325157,51844.49684,12823.8158280331,3282.87239940009,26041.2873800334,1482.8505114509,92030.044027732,154567.427277033
"P01243",1343450.19966387,198204.186130299,104256.728505274,359029.635012925,21913.4922295738,19753.1875832855,27018.823694115,258584.5399676,13997.3274776759,19057.9398846083
"P01244",561176.709967645,21350.3417706893,110379.431626009,3365441.75373367,26236.1677931157,150226.861017508,24083.3763640315,2058215.59585251,10929.0024804224,12622.2966906751
"P01245",1655004.51947928,53377.0397427398,45037.0663828875,943959.390822249,19119.7828918591,79581.0242286197,27929.7777834704,282249.216219863,42908.5778818179,82109.4179673215
"P01246",1463018.18562191,28478.9800856116,53748.0449648631,1890241.02955913,22863.7948734166,168817.674717091,26167.3495616796,1727612.77398894,30653.9287985082,43434.2703028697
"P01247",145110.747059202,2159.07507256826,3872218.22638802,76257491.7275345,69373.7876035288,6543555.10736591,19272.8794973034,495524228.652668,1482.13462970383,2198.51311805047
"P01248",1137762.84850955,110169.868827661,48938.4645719197,697260.558805328,20954.7748516167,33327.5377001958,27265.6135552062,239010.442645512,27451.4794038726,26525.9741803073
"P01249",3854458.74130422,164386.680744108,12305.0587808175,374373.634882485,15506.6606950951,24867.866021877,27896.3522006054,33240.9822604237,67606.7874157066,126983.967709743
"P01250",1680251.93279323,101320.548608884,19294.230659219,855998.102487164,17093.4920549172,78045.1161287754,27735.7848122535,236799.597052159,66855.9026484157,103624.938403634
"P01251",2147508.5284005,76381.2315380769,34521.8146361365,2623546.5033664,18315.9795718231,387295.874719295,27332.2623023454,335690.216602845,57294.5055303221,95321.4119203157
"P01252",4653814.99867629,723661.58805931,2878.20110833562,83191.1044450814,8798.6611704042,7073.47048952523,25342.6255665792,2227.5538766907,99626.0040143015,182195.14775566
"P01253",1145935.95558108,337648.685392616,31868.8085368827,144210.833797234,23337.7368561704,5929.28435945214,26938.6333822377,24533.0346355212,17273.588195476,26027.341412598
"P01254",1671967.66652656,222216.733007255,37302.5760547543,102820.344012075,21908.8277320437,9572.18714131488,27728.6275674674,20867.569425409,27770.3956977505,30694.2072798979
"P01255",4696191.15753752,644399.576906782,5657.41763543646,91058.0398211487,11646.1218012466,9043.33261849963,26455.9629186267,11115.1501159913,92424.4387988999,173725.411782392
"P01256",2586639.63872168,299655.117794029,25056.8464565624,512682.495910645,19500.1840085657,30331.4016007333,27213.544643484,176339.131668958,45543.524677672,50401.0520485547
"P01257",2002497.04483828,281042.318867264,39303.0622309156,168730.349272302,20819.3882664317,10306.4295564319,27416.1989313008,35121.4612796294,15103.5266994429,26770.068980766
"P01258",1462881.98967509,75684.6292090797,33670.999802851,1359626.26510926,20221.6186427593,123802.076499501,26583.4298579197,532097.694170731,41452.9002551006,45158.5695814318
"P01259",325987.225599837,4465.60701608848,152068.624889162,33830833.7105145,26409.0224678124,3295424.5118795,23172.6350639411,37497727.1721572,23689.2803722385,25941.0913370423
"P01260",1450139.89301648,113759.337448862,22570.7963754799,938551.878145965,19882.5134512214,46517.8259050943,26953.1119062001,165858.340655012,35365.3678993765,40672.8997280568
"P01261",4643328.12671027,860474.044150462,3665.10812966489,11160.4034857238,11779.0307960686,834.712036271636,24113.7421179288,563.683542052207,64128.4805230885,172687.434850851
"P01262",744861.074692917,102569.243913232,60339.8199967053,862869.754208611,23254.8436534886,87542.545565426,26604.3064090926,200721.683906023,25966.2337582253,25222.3272587712
"P01263",824098.776168674,39867.8455346677,63941.0033253396,1589816.37298702,23689.9525371919,75200.2924324007,25914.1572318444,462397.059105971,23992.9917754667,20526.6440192398
"P01264",4494428.04969463,368105.970778046,5296.38889233101,328173.554147039,13621.7956949501,34471.7002717591,27656.6169997327,33341.6402552585,91929.7625761671,170474.771305847
"P01265",3811943.7327307,859335.908753154,1843.62647288374,24050.9020328185,7356.19386142127,1935.67887307879,17861.2401744651,557.837996955061,99400.821892835,175650.688940118
"P01266",573526.333206651,11013.6955011239,133010.02492209,3157943.22238763,30707.8411896528,257989.753492001,23298.1637096285,4057743.71136505,14104.473155013,10877.3545670444
"P01267",145087.803276334,2311.11371011407,4015856.17105757,72247670.6738255,60530.4020066374,5273617.82553146,19264.6567519365,414352827.396091,1603.36103398545,2207.92143487634
"P01268",1057036.05372374,115601.854859132,75152.7370583387,372074.823999345,20854.2624985986,35463.8940918898,26894.1707813536,126446.983422652,22721.4388513181,23584.9327197027
"P01269",1572148.91402598,248859.254356213,40091.8415959268,233865.64643094,20129.5203560285,24083.260502977,27470.9152299838,58917.430608288,21331.4769242026,31172.9248598363
"P01270",2077573.11764016,447178.663119975,43454.5812611384,173454.033427779,19096.7583781098,10461.8838966662,27649.700314552,21877.8130531421,15560.7517653784,34845.7771057101
"P01271",341598.031084492,15754.9902604371,254640.841478206,4959437.04926646,30321.2827589153,208701.297396251,23532.2746461515,1963095.83266808,8132.35898789345,6502.89116677332
"P01272",1660682.58595905,173529.431896778,29451.4628419505,659329.016341023,18834.8867250402,48379.124239343,27600.5401054989,88735.0499390911,47142.1079733893,44855.6624684997
"P01273",393333.988039492,18818.7196411999,205963.196704816,1617759.60165617,30752.9952794141,91695.1623341866,24595.4688188214,1190160.03685935,9670.70067950438,5231.04221669804
"P01274",3149124.30001877,520910.212709821,19494.3994631087,112658.809799101,15939.1837077107,8301.57209858127,27931.9130616845,9450.40774725863,47550.6696570942,80847.183786042
"P01275",427593.591992698,5985.78588351116,223709.038336064,4234475.74687811,27425.0160975734,336310.490523222,23404.3283585882,8756765.26679341,6967.89577501771,9185.14290584297
"P01276",869141.456880454,114209.543181328,74529.8822595598,375118.928993045,20943.4600552039,16362.2665457803,26348.4733000455,150478.981316817,14005.2059599799,21478.792891806
"P01277",2432630.61112831,314535.127281645,23140.4167452887,274452.700821743,18364.6532558426,25817.0966026701,27804.8644091824,103150.506104245,33134.556396184,80736.1412985363
"P01278",2323869.28067113,4060.79325758639,33902.1350183434,17512300.2738044,19815.0208731414,1703942.67224032,27741.8124100101,122972253.419346,44275.0294050271,3022.1340243303
"P01279",550233.006629468,15621.0986554485,153693.529701537,3468507.03515031,24653.6924858056,110607.321239521,25574.4206403691,1177960.26876119,13921.9378227582,20848.0260871779
"P01280",4141797.08051547,928640.397015118,1899.09339605352,96728.1965517401,9478.28885736892,6581.83493266429,22450.6248712249,3881.21621143575,97310.8163688017,179714.470375143
"P01281",4638059.20058513,932701.173823237,6352.11458511243,22039.1923875571,12740.4088516794,1438.57692351731,24859.6003245305,972.427335414166,61284.3899792307,148228.057940469
"P01282",425013.796543722,39680.0694503742,133950.776662686,2103096.09066911,22751.0289422075,125968.842212623,24717.0360362918,864357.936781889,15038.183872655,16359.5663372577
"P01283",2420065.55425192,122099.620676024,14218.3479016643,353053.204458359,18549.084462661,28016.8937322056,27541.5520807294,76011.8014068469,46851.6734131992,69192.2988937014
"P01284",502528.098172163,87486.9166433197,191878.75157908,318493.152406004,31521.5893591137,29225.8548496228,23764.9527593976,852118.849363466,5525.00407724363,9556.85384203358
"P01285",790671.141703661,20904.1533768271,123018.460458328,2344668.10236817,24587.53598669,57132.3569170822,26135.7058706277,1991740.2330041,13409.4182974729,16900.1292697471
"P01286",342023.725570749,8866.41452693766,193368.320692181,1989963.64653247,26673.6326266793,235017.55832665,23933.7908840883,5769331.84316215,8974.96007277959,9321.72924155205
"P01287",1720445.67083618,94117.9192173683,19962.0580179974,837829.884178566,20886.8041176934,67695.1470342641,27081.0673414005,171664.712115727,38757.161311644,42829.6630381281
"P01288",4584276.10900084,876428.053836823,7108.305006536,8553.47607276573,11562.7115914454,687.110121230401,25487.4451002689,645.717069867809,54694.1675748533,135587.443941367
"P01289",278242.176515171,10985.9436086188,369687.400009074,7084225.9822187,30833.8689135177,525767.245245776,22229.015191467,10723641.9018486,6586.2825827923,5369.82545543139
"P01290",641033.822617108,23088.7611399479,131029.711728939,2911831.1975871,31332.0537118429,149098.570751485,25130.7995919364,5990568.63025983,12085.0764377748,12501.4507448514
"P01291",1702651.58386081,325874.838219668,58530.4320433729,101461.97634436,20335.4513411263,4658.35034976106,27707.227005542,24776.038218001,15359.0712952106,20498.3225464659
"P01292",3778080.31584112,376585.508336255,9127.24690471179,172388.308996519,16354.3958466213,16153.5680031465,27331.4660767502,12427.5096275794,72139.8313097116,111838.745620697
"P01293",273114.122022954,7687.04494015864,399362.329280808,3508511.03453231,28958.0577067665,251762.819888567,22170.1078752149,9353753.87426757,8422.25972457793,9031.50667351051
"P01294",183687.608069996,4001.40578486479,1001264.99202462,22541961.817395,38975.089995965,1739021.92402366,20139.7469087511,105545034.588607,3527.6147403207,3196.31292684667
"P01295",4373406.75815149,919491.139629162,3073.76793043202,67171.1951050075,8610.57144796553,4335.67089046328,24174.9870067413,1289.4672522511,99663.8907825798,181562.696271509
"P01296",221858.114426023,52032.0921185339,349876.492517379,660406.494511019,32093.8682528666,22401.3170825787,21935.9207168149,489415.284869582,4907.39044225727,44273.3207988421
"P01297",4218681.06890223,667846.25290873,5491.40537154648,116176.192710003,11688.1462841672,9239.32307674399,26734.7522106561,4514.29416579149,83860.7046184143,164890.553918436
"P01298",4578443.88448915,932306.506544933,1977.46553490705,25535.6968974112,8664.00372939737,2546.03325672639,24877.7804638381,1287.13658716327,99626.0359202102,171156.541266468
"P01299",3878084.06119318,595428.855924587,10451.161142845,154264.412903232,16160.7907328541,15115.8610858665,27904.3627983315,14098.3015014678,51488.682837423,110698.034287614
"P01300",274467.703858294,16640.5873334977,623112.751129879,2764775.34065907,31760.7156436023,124844.6627495,22316.6944391601,4851999.50029207,3514.68315887761,3237.85131887791
"P01301",2200887.95972489,243626.151354278,20610.7401013856,337210.604303819,19335.8213920187,31450.2890875166,27702.442060158,131158.491411465,38104.7191733362,52052.7774767006
"P01302",1820126.26808504,201864.965873089,32605.2676651464,465078.981589751,21822.6125726971,33231.2030271618,27519.5008216347,80122.9190153053,40300.6390456767,62633.9899240442
"P01303",718562.803904503,41827.6102413588,159251.490507981,1524696.91238874,23692.6728913423,167228.930460603,25053.4055888062,953604.378624849,17920.1829202548,10258.5024766441
"P01304",4697709.3960501,737798.377849668,7499.14102969642,108894.983598507,11340.8330316125,9705.41860439776,26168.9192127776,4360.38333865504,90143.5949702623,175381.930048
"P01305",2666751.67913321,780195.967615148,23650.7906835569,28969.8659744789,19884.768236427,2076.74606988654,27929.5819782919,5102.56842085246,20149.5326425586,57785.4353368077
"P01306",157659.173582757,55700.5399048538,1991680.29001792,715324.36081957,47217.4990585834,79451.4771851464,19839.0229507785,719635.677047712,2272.60376310159,10201.2548110118
"P01307",486819.679240444,532158.878849363,110857.450653056,163371.927465598,24541.8366111052,11724.1127810959,25773.9026128813,34285.5217529486,15068.7738091204,101091.072522184
"P01308",1256094.0283929,73134.2950758296,59620.1916408699,521278.989231409,23440.2198121462,34331.3881426413,26109.7489607453,155961.829870961,16552.4027924187,21468.5197877664
"P01309",1156814.93976517,24178.682150031,42633.0661791282,6712000.7871644,21030.4129590418,829139.240451107,26024.6575794579,3839879.59824453,53665.0158563943,51423.5257716343
"P01310",2559703.1166518,124998.257295762,12408.2970188076,977691.818558304,15710.3669406983,108321.519289086,27861.8970754744,165136.937634161,75621.6992738543,105129.451327501
"P01311",4610462.12234249,735716.746609329,2909.91895056656,10193.7384419903,9091.86169230239,465.325731219047,21760.3107165654,510.241643903828,73059.8447163014,179953.458129282
"P01312",1462960.57172362,139511.761863721,33036.1471770081,546646.666384449,20235.129729048,46717.7401034307,27459.1938178468,118337.532717283,27811.7714105125,36144.1545514448
"P01313",4660546.14056566,931314.438197301,3598.41852822601,23554.0863317757,10753.9564236222,2016.27440901009,24114.5613020757,978.151964873285,93843.5749010336,176159.177209301
"P01314",4443043.85776002,930362.381335725,2352.0328479761,27088.9138098674,8022.75372136036,3295.00140286585,21787.9625493782,1318.11946881464,99643.9437758591,169337.533646205
"P01315",2482987.05771131,102667.163765911,23543.6200963684,1423457.47688065,20723.3082428965,87787.6617647403,27292.6477347974,163286.523508902,47804.661443605,81897.3405393646
"P01316",3508470.71559469,294555.379148447,11262.1557974998,179674.570208562,18383.2046158689,12273.0068542616,27845.9054599612,14771.6409823417,69952.6661092125,123085.781404009
"P01317",1600838.28692648,216793.961256766,41459.9965204889,308777.499013358,20377.429899068,14938.1957632838,27308.4838194624,81568.7514919168,21805.9323480318,39429.9224123301
"P01318",4389404.08507878,285661.435791028,5790.2264653281,478384.247432351,13655.7336570977,39180.4737212772,27888.5078068085,29408.0603148824,87663.104143671,169797.578340914
"P01319",288242.08436461,5767.10980318822,366282.749940084,9499393.1829134,31501.5522169831,679685.113514606,21895.9587592122,16078568.4812469,10033.414645264,6343.77787960358
"P01320",1502610.56605833,117195.53421348,41405.8279939421,382764.976040224,18930.6740282103,45225.8559718612,27037.2545039805,59756.6172950271,29326.6277575977,30001.854686022
"P01321",3871864.00131454,458543.564582791,5569.7563263885,286632.86557019,15485.4315702315,34632.1596416027,27752.6452232485,23433.1679860958,79859.4793648943,154183.13285558
"P01322",2172839.85951849,87332.1387582809,17249.9346131417,638053.075589513,19438.4434237548,45919.3581197669,27571.8665412069,188080.099305528,48179.285295503,77339.9585756484
"P01323",3433995.48061091,331441.885753259,7945.11651905917,354960.712828084,15439.698467816,38105.1509587227,27908.9813785559,42811.7519276171,79779.0273438467,145748.559086227
"P01324",4693676.127824,192912.325006137,3536.17615182421,219749.461122689,11781.4115882121,17332.8590795993,25180.006645187,36973.7166035978,86306.6258527688,51841.2245248195
"P01325",398679.287787172,17880.5454917707,341915.043128805,1846814.22484166,29893.0281051849,151596.007203594,24012.4872920659,2785305.22622132,6183.73928905301,5148.17707462955
"P01326",4244258.62946885,274160.591895096,11580.6740495304,327700.429884038,13879.2189645982,22415.9916543838,27576.4136620622,16717.143248203,70852.2394343765,143509.5019282
"P01327",310161.016488454,51153.5787221794,792243.287077888,1696173.77174751,36372.1626011422,69428.0560763886,21241.7682760067,496311.404803641,9184.5245836489,92067.2009259563
"P01328",3105520.88253874,395463.192411275,9998.59726173775,125712.508717898,16072.6484774066,10509.4285098315,27843.2601384363,22364.6051264817,48121.8696674595,92409.7467214486
"P01329",321301.692727824,10826.6569951862,218986.046850149,17105924.3434117,30991.5495719023,831976.502962943,23146.9716263422,9645879.65979075,8979.30853216049,7752.64915696466
"P01330",167414.00788694,2986.43323839067,1061109.09677097,23280886.0885165,41413.3267090416,2022703.14335064,20563.7168624162,88751070.874875,4128.60996577527,4053.19565381122
"P01331",3377150.26751848,305951.429143269,12248.9018688432,474641.067410989,15262.2665244676,36909.9448603125,27929.2421785956,34644.2748422948,78703.5147471789,144953.152783929
"P01332",4283474.01024259,652345.375713961,7139.72404403257,153800.792322667,14091.1956045142,10222.5314827541,27651.9623318244,5266.1798341685,77030.2362678147,166259.817334742
"P01333",4606613.57588403,861673.276759098,2950.72554624077,48000.8275185575,8927.84365378856,5010.91425310735,23452.73583909,2522.65248460925,98966.9934985334,186049.667198776
"P01334",1408900.36680988,157373.261140535,16440.4011700188,575717.596071006,17656.5007487811,27846.5160255975,27906.4670480781,80277.7754886871,44545.2327924655,92727.8715756693
"P01335",854230.586292126,80037.5315452853,72903.5901189786,379865.546805449,22623.9647492404,50874.2824879593,26751.5398178286,193912.162450476,15094.9865811667,27024.1190603399
"P01336",383013.249908275,48798.7754116441,236604.634874858,605541.08279735,28335.8818267601,22005.4417791004,25054.32391211,435255.777059199,7414.59537869041,4989.23452424195
"P01337",3176082.06878603,153857.075504307,9686.48561362688,308872.426629463,15759.3542110117,35616.5795457838,27928.1853642607,39008.3229451585,64098.1508640385,125661.133897225
"P01338",1585501.41732686,111230.0093276,28199.1087714183,878439.996273123,20327.4623026694,36078.5275897207,27298.3081688068,116279.849473111,40003.0308965448,44985.0910942569
"P01339",747608.714633909,68023.3007479072,102878.837171812,1380823.24296044,23457.8134691212,36664.80581476,25107.6439408363,649904.833197593,10882.8793020042,11418.4227671177
"P01340",2828763.12046604,902735.706139284,14030.8197972149,23902.9753983692,16833.3544508325,1654.77816374688,27923.0415576582,2079.56724823853,23128.5662489445,50874.2226753359
"P01341",821780.216816102,50764.6362488406,144933.972027212,858853.137189217,24829.1359960005,46001.4175051592,25198.9466636703,750449.736594658,12682.4717070218,15885.1114398716
"P01342",574797.896096413,6028.32199474675,222020.966322033,24714985.1170271,26767.5528277438,2657727.21931948,23521.8098630515,15407988.6209575,17128.5244969266,16140.4357875913
"P01343",4583109.96309605,892314.180270601,2478.94249101756,71820.0806211356,8491.6872346159,8581.13783928793,24335.3178070213,1856.7850451956,98103.4179097464,184981.145606393
"P01344",1599644.32618685,309625.064673491,27309.8181740933,143947.352724029,19058.7482473437,12641.1521386489,27313.8147869765,24484.2058147492,23620.2918958532,29299.1877323397
"P01345",4670983.22812424,932665.075863128,5403.36521066804,38206.5328361536,11521.0255704604,3343.71090609759,26175.7975660926,2208.59722283118,89504.6344010756,170088.945894668
"P01346",374800.739890689,38566.5562702658,193492.700726734,865545.27566564,28700.328657245,48958.7867519414,24486.0422906234,2418787.08554668,7008.43067541422,7383.53579616083
"P01347",2374974.99980403,523811.402634234,16433.565216803,92240.2507830963,18152.8144024945,7370.56765704952,27831.9792208174,3118.7173815499,33689.4578514494,76282.7557944137
"P01348",4189233.60014568,494073.200624391,4872.62600790399,102867.01626147,11828.4349997256,7798.23441689692,26382.2726595453,5183.91462845047,86225.375409722,167716.493634025
"P01349",2624601.79367354,56346.2685612854,17959.1735950366,2491394.03281573,17704.3317461063,82851.373531661,27765.2272261397,1394223.64422504,42362.207633749,11152.0570725062
"P01350",3617989.26554809,535509.620284221,7257.27033441898,135027.542580547,15552.9804346422,14407.2375671981,27708.6485973252,7275.0986519196,70040.523073454,123460.470159428
"P01351",431756.617249246,59255.8806081944,212371.502442385,429982.204860791,28753.5237569639,32349.7352353849,24811.8477074064,145892.909603617,6808.66634092438,7215.90423407282
"P01352",593636.142097251,16603.5746097442,163997.977496111,2225037.98566969,26047.8792796838,324991.954235359,23763.0314093023,3467292.12780569,15816.1798043996,13551.9475026464
"P01353",2442823.6720472,127135.817661413,25356.8040618753,302088.019882963,19255.9238597334,34021.8896904652,26912.1397851741,201097.9134057,42384.3948399345,80499.520320444
"P01354",2082176.88296667,110175.924771684,29757.9728362552,900535.449113464,19611.0922150509,73733.0835076824,26154.1694461343,179916.566307055,47920.1814357998,69359.7634443016
"P01355",240519.2801526,9779.48796520731,484148.194945017,6101547.36630335,32232.0792705206,260667.410656065,21871.5049748879,9695746.85576035,7213.14437975394,5739.20992664073
"P01356",396119.920030074,91411.4169549397,191168.61651434,1206920.10490933,27660.4385692251,70605.2889113063,24464.5394794565,404993.909158312,13354.5753373026,55735.4723521964
"P01357",400982.035044273,48641.5195672874,301484.153797872,578283.212251502,28052.9573180123,30681.0392423264,24302.6798918183,389717.394304431,4872.22362911722,6289.50333415853
"P01358",744842.01303582,175780.766074821,161856.288821249,75605.4019746292,26936.1389699185,5000.98602257905,25678.6296543558,72863.5591904759,4963.44660530581,6469.61922289832
"P01359",1264863.44455968,104973.056368265,32809.5462720226,454816.910424985,21749.1938980317,18444.5741643898,27079.3127845702,151463.284467847,36180.0882332917,44751.7663960069
"P01360",1120718.40110185,83358.4695461973,101915.472724368,299431.748945301,24812.1120818972,15144.5803602028,26317.8147813346,129558.991025143,13156.9836524114,9695.69817350089
"P01361",4487382.33621855,895009.997997388,2475.22764884163,19130.135123152,10644.1590016126,1402.99427605672,22790.7573648533,891.935847282312,79183.5676232737,186050.9107856
"P01362",420146.080782702,9681.93328084774,274503.219164625,9844441.82385605,28421.7980834997,346164.422879385,23087.2654614124,2406746.86065731,13432.8115997945,12532.1939610143
"P01363",4631509.98868817,500063.612167558,5704.13347422588,134451.6082106,12720.5325935854,21070.3927615836,26992.4013893362,8395.99294423341,88663.8463958415,183638.077775456
"P01364",1144030.64109017,102298.438902391,73087.6298018388,1106901.41046358,22242.3115715156,30978.9043894919,26838.1472369785,283953.040266728,25822.5177631331,50160.0847089209
"P01365",3523561.10771502,406426.625418911,10004.5620018383,226771.362572661,16053.4591221874,7303.01155805737,27743.0936685124,8740.65115805271,72133.9568584728,120588.753012618
"P01366",2154894.20933207,80253.68034198,25051.7743072034,1537184.81154995,21073.7451621026,181205.047716259,27095.666441235,130141.739503973,48595.364905221,63252.563924495
"P01367",2133482.08494223,117153.532940454,22222.8100784555,698158.052881128,17092.9322288728,53791.3646954639,27783.3923610701,319629.208123607,53617.5232546259,76092.4028017438
"P01368",2617934.22566994,479651.35886958,9616.89593689833,115603.191633429,17552.9302056541,6105.97336802087,27819.9812586732,9185.5817258202,66027.7878605685,93483.324093064
"P01369",537816.423934937,43499.2480307497,131445.909384238,1580968.58325577,26999.9589970049,63208.7543809881,24784.4250454684,746544.981475859,11869.6483640218,14292.5730783498
"P01370",241192.485438533,10791.4389061612,379207.355106884,3097347.98032899,32391.1246522817,173570.882580154,22931.7504260018,4860150.00707341,4903.49378663274,4662.16264660348
"P01371",4352211.3289502,918045.533938574,2377.73363284368,23939.208382071,8133.30684006024,2407.57429310968,22194.3714660516,757.18138729876,99665.8746620805,182329.365206345
"P01372",3545289.04794096,245983.091921755,9179.57342597922,673269.857087701,14065.6262404656,75174.770688689,27912.3821813812,101304.632165892,94855.1008252299,160673.322347537
"P01373",300643.454651971,36574.2549725589,276217.667321254,610613.302487937,27868.5144411338,47564.1349979859,23569.1967239266,1001712.56992364,6244.96564197198,6170.59375703878
"P01374",2617643.75283912,116573.645624558,14135.25742313,909334.646721412,16794.1431261678,60243.5883014032,27765.4303374909,149616.093055638,58218.7071494907,79752.2636973714
"P01375",605501.909220784,26215.691474206,189762.844652664,3876035.3636473,25037.1949643305,152702.063597984,24162.6892941262,2789777.86616988,11797.3602340088,10136.6577836358
"P01376",3915202.89613476,298810.704430982,19554.9459272815,67759.2249581691,17137.2275379036,6515.61830601761,27821.705664457,7837.14226837624,37513.3432359025,61955.4438119602
"P01377",2643826.28121588,442119.74515921,16055.7473358928,95183.4476128107,18327.7410863133,5513.07666190993,27783.3175430818,6873.38069653821,43332.4174283315,67814.9976406098
"P01378",2530326.13713266,198949.22249203,20040.5692311723,206514.536233469,16904.7849846964,23740.7322638762,27925.9900484598,56608.5279127118,53928.3708456792,94028.2858400063
"P01379",846113.054513659,215588.265571124,50860.9089302853,351085.826021647,23477.7978185957,17219.5747636199,27376.2192939465,76780.4456553466,18203.0128938694,28568.4348965499
"P01380",2305812.43750306,216523.9680244,18121.9447214263,155205.212267036,16636.931498573,24538.5560975757,27925.9831184284,49575.0764919028,52517.0153232204,74674.7186152424
"P01381",3925264.10936925,770489.286025311,7890.77631891709,9783.14475711729,14858.3239801685,728.100344176896,26783.19799998,420.018845055175,50678.5031947651,185393.322171145
"P01382",1166414.33548426,195220.8459931,40943.9865640006,579292.720306423,20022.0878818838,49277.8547021602,27801.7718509246,122030.763156735,39410.1289331156,45175.9321617853
"P01383",1043434.85667483,57264.1664968546,73884.6284900165,1261292.27746195,22270.2272126034,62581.0995874331,26533.7071108111,346298.018434251,19908.6101805933,26097.8867214964
"P01384",3289351.84373081,932419.747921161,15230.9252008149,16139.9091706953,13457.8137368527,1314.04755351433,27220.9487867184,1256.91553079281,32795.8271257111,73349.1979008528
"P01385",1104850.0017402,17509.7567834474,91622.7495231268,8103956.11255086,24627.7993918905,429255.869758807,25120.3034046437,8934338.68442573,21707.7813307137,21813.8270363341
"P01386",1059126.81338137,111734.10394318,89204.7221244752,287440.514165291,23593.1750406041,28427.3210203183,26140.7029872402,74897.639187463,9603.35376492639,13538.7216876004
"P01387",436176.819452543,18658.7674976642,236241.391728212,2642640.77802072,28581.1726492864,238510.173740256,24195.3673368876,7543851.11426284,9250.98327573956,6757.98349365278
"P01388",4694283.62094484,737705.553433392,3627.42480258623,57187.4423613525,9973.48361736008,3999.0762992889,24630.2530466098,2696.31297374637,96009.5485763145,185834.710671386
"P01389",1031587.90155815,26268.5967022776,95021.2439140481,560478.098047982,23882.2282394472,83347.7878074884,26198.1294721035,328408.939489967,21330.7466941332,16609.3111521553
"P01390",2501958.83294219,731353.667030295,17548.3517664186,29836.1570144667,19205.4025380851,2849.72286856572,27923.9887115477,4670.00871356419,31804.7052209804,38640.1297262169
"P01391",282487.853656553,14832.4847172184,250303.715177686,2867384.81362973,29275.1726488872,83864.461871115,23763.217331628,1323630.30039693,5949.05093685903,6791.16815662791
"P01392",148730.194229638,16084.7042695761,4827426.41468016,2389113.80562907,74495.5358037219,161655.955158827,19275.0838649889,4041671.77983438,1387.57329568273,5322.07856611376
"P01393",2107124.41021334,96789.7507614669,26643.8237084586,3364817.41281378,19559.6466137323,143461.347997395,27874.166793906,435831.602579051,60177.7285833603,89112.3726688408
"P01394",764851.695364076,42901.936311015,121065.617919708,613912.016711335,24911.9547953586,71903.4823119527,25085.263224314,606671.317206221,13341.733923677,12663.2777048014
"P01395",3700327.79044575,379377.02028938,9597.15931759259,311188.013820619,14546.491048196,21046.6500322995,27862.0794686225,27327.5652170564,78586.17666657,146386.626032863
"P01396",3269561.12145262,341210.167031275,9473.35226253678,129521.61253701,16910.0190983271,8860.36297187254,27833.4741738621,17637.9699977978,60367.154518685,102836.631873836
"P01397",3849881.58233388,47800.8311024226,10566.8622921493,1744511.85187853,13854.2975599606,75372.93170907,27463.5818308255,236241.903977272,64914.5849562849,26466.7825020911
"P01398",3298527.45732551,359148.436196266,23183.848980086,94872.8891289939,18628.7320680677,12180.414014231,27879.2412681533,21509.005488041,36984.1158022101,58769.5530502203
"P01399",3972551.03580751,737867.130197952,8325.58910994448,38129.9759846977,16097.0510005864,4734.73809005673,27648.228956857,6763.64530521243,63200.197422475,83592.808082478
"P01400",543559.846150331,40945.074446066,157100.316853464,719565.462718599,25381.7732140693,83702.4518900041,26376.4360644013,456811.801934048,11103.5266504699,7210.28933699796
"P01401",390265.599554748,21188.9145570097,362491.172266117,913876.876164268,32572.4289562963,37663.2364925699,24021.2400836973,1333118.82823299,5310.11163601251,4859.50481009531
"P01402",790895.686325157,27634.7290526208,102756.770364631,2544797.86422974,24713.2125594978,141286.839033219,26380.8077385588,875156.501990705,19507.2588966416,17304.2926251749
"P01403",2637414.12450189,426249.465745412,13108.8620577554,124613.324471876,16435.1194179952,4849.39261663556,27925.8360629895,12835.2058708006,45251.4845654408,89324.4296545367
"P01404",1532841.53766799,59449.3777185189,50267.1033506966,2269811.22632732,21706.2801068141,125983.780919593,26646.6831255948,456196.606318457,24277.8030110882,45593.3926308191
"P01405",1544401.63936095,418261.453059935,29436.4769760769,147730.262761906,20589.4746895195,9673.1253933744,27659.5670925974,71548.2787278064,23768.9645561199,37946.295180603
"P01406",1136699.71028731,68863.339667022,50083.2338754318,1436323.21598098,24799.0745223787,104320.773663984,25689.7770633719,584598.676622814,25975.5126158274,24544.6129343628
"P01407",4596161.61609149,851799.201841816,4434.02143022407,59578.6213729317,11601.532606698,5626.20532003325,24804.4294395794,2968.77030362371,96371.5604991847,179074.384149139
"P01408",3064936.0443014,197900.45248427,11119.5000998889,245902.343885694,14640.0860086246,35914.5860112086,27871.3902924489,44291.9560592248,71535.5300458484,136176.359683252
"P01409",1150490.80514189,25614.057999833,45034.932824444,2841827.52738054,21821.2877227234,249696.648921735,26528.6600228345,463883.718932087,26829.1478755471,45238.3278770412
"P01410",647678.177115797,33652.7027986571,101060.029581346,3211687.2110278,24507.3310362601,192271.577581651,25867.0740573828,1438583.27389507,28505.5254945887,32108.0209632803
"P01411",4498063.20236136,767070.327918392,6447.90842281268,140276.263939883,10595.09580346,8765.14431528971,26039.4572107021,7867.38529838555,90192.0413804898,181124.797294591
"P01412",525060.22767742,22972.1041983622,167745.924104504,2143396.95732629,26734.9943334408,104699.982823901,24419.1769250673,1967890.34730272,9845.7084270684,11813.9999310941
"P01413",1428592.13030227,435550.783517976,53190.9168210739,93602.2654673351,23913.2868217587,4585.52135378662,27364.5102498917,20721.2874958579,12590.371122114,11078.6059190955
"P01414",1936906.86060173,580047.241629975,21447.6395798062,90156.9601486067,20565.9151737666,6240.96342147181,27926.7400887631,16129.5270759712,26517.1422702203,48853.9390095268
"P01415",494511.163495833,13932.3207472781,298936.906950712,3277899.14068476,32857.6469145096,103219.379613041,23697.5958147308,3905797.87662159,7098.99689610439,6103.76202050951
"P01416",4441758.67930692,509926.867150903,4918.90238657452,121490.586706994,12119.9973232613,20018.1349195373,26835.789043372,14297.4183090378,94781.2648947838,168121.325701944
"P01417",354325.200661383,15620.2335234311,319896.226786804,1202803.75531637,27540.9193444498,55391.3931268895,23258.0508723869,1361080.37425948,6160.6396659021,6973.38027714474
"P01418",495875.266869142,34326.0953566856,108954.576336429,1768434.82415621,23068.0547162839,104421.167717665,25229.9273340627,605596.3015272,17455.998273785,20305.943986202
"P01419",1825432.54233292,359198.82622218,29680.7277235453,176088.027498665,19909.2777975002,16419.6716948189,27747.7872119349,15418.4085410632,33255.8364299082,62003.9214954043
"P01420",2455938.44554398,108706.657480889,31659.9545848802,688447.562344687,19536.2459618544,69968.7860454898,27161.4974407527,264063.573289508,47062.41975788,74064.4774111074
"P01421",2465531.90170075,222190.675908658,15329.0186799193,501729.565885718,18479.9108245301,43770.1130101535,27721.941931829,53278.9702129561,49197.8162933736,93886.3342362959
"P01422",2670651.0955051,80670.2740274925,24456.776504881,1265091.30226079,18690.6717044316,89646.2588369528,27611.9280341589,126389.028403261,57451.3023689897,73613.4169756202
"P01423",598127.756988807,57135.4514435441,119775.249626523,1268096.91541422,28194.9201822114,76458.3720457114,25285.9286237854,222032.073326979,12580.5200197544,11067.2910738655
"P01424",149942.985709418,2779.75259522315,4143984.05015144,21890303.2460147,74950.7345045805,1911793.68918411,19327.3724893264,106417868.043904,1356.88186541731,3325.58477329746
"P01425",2625780.53643139,144243.041292995,31653.3825338231,341411.810525327,21293.2317601307,29773.1313376036,26874.4000929287,65286.1420647479,36919.6237824199,49642.8903196125
"P01426",772846.18501174,67193.5545815852,64320.4281683154,940128.122579484,27421.2023800696,41892.6508079176,25657.3424968218,386349.758194751,11440.1865377288,15157.4235408887
"P01427",2496854.60257877,79696.4177549858,34679.58665915,2635540.68796,19028.0549815697,238831.944495378,27768.8667806092,517899.915538735,61279.0985211641,99167.969517036
"P01428",4203424.58729179,391342.273627691,9034.94072777151,386631.117023228,12714.3636598574,28093.4278603917,27569.0001552815,20657.3977876457,96981.8658801067,170450.786146485
"P01429",3920291.31991965,614736.323126938,9376.1061762511,67321.2932289252,13280.167223511,6072.30507851137,26623.2433096331,3697.38517486205,63061.3609589203,139540.594627329
"P01430",799480.712722078,11894.9108139344,101735.530992348,7454054.15988849,23012.842372724,486186.515251594,24366.875520384,7523040.38776516,20646.2532436834,23185.4361645358
"P01431",4695339.93105337,661651.664939154,4756.6693439375,122190.218742543,12602.9222567693,14421.9418105683,26390.2455984648,3989.98494685284,96400.2288263849,185491.99036783
"P01432",1419984.5756693,364759.530277512,43456.6628972512,59085.0461976735,21669.9402410874,3092.56494023047,26116.5733151201,22241.4164919131,13639.1184193819,15417.5413243326
"P01433",227098.332311605,11042.5915525584,243570.216214195,3337193.32035998,31767.544276032,245424.876001709,22530.8510595079,6690738.54789853,8931.1992581769,7031.38753621
"P01434",2421079.79805299,85983.0200451745,18008.7072068706,1406582.30171629,20112.5864302394,149397.0837562,27254.1713023469,217230.419222688,54644.6653312628,92301.8704877151
"P01435",3610335.6352655,411035.320945166,5002.67615146436,149094.581262783,13635.3674056492,9168.91422004949,27737.1575620126,13294.8481792174,87214.9371943351,172783.859917685
"P01436",321522.995003367,332154.287563526,432427.681675415,190065.300454167,30089.3028299736,17110.3709760334,22906.1310170441,11666.2617242745,7115.00836771233,59839.3581159786
"P01437",2252665.51852636,322792.902597924,18703.3516662073,119801.194816494,17513.5471269283,8686.87126110311,27886.3634035389,16037.3506778267,36907.869325595,98121.5148301955
"P01438",3868131.6022243,591449.437619519,6863.9325616451,151797.735609077,16109.6163118953,12864.5802673726,27114.5667208476,12598.221916343,78519.8831562016,147864.787822457
"P01439",4446194.47269718,111671.578051452,4542.25952739992,863963.378517779,11643.7839886646,86622.7899322618,27156.6097035872,22828.8941140089,99017.0181324058,185938.05673608
"P01440",564741.275668309,25580.4154776887,96440.074366985,3855387.38567799,24494.3328568229,264019.087087913,25296.8642292355,1290058.03746017,23068.9869983021,24876.8064190625
"P01441",4549354.49510647,453754.696527646,6676.17491458552,235249.224524297,13510.7609753408,31705.4275149662,26960.5531077245,43829.1421860684,91452.3608484183,169705.164901601
"P01442",1550063.82719917,120854.613636007,47147.7209522168,527267.323536164,20901.5064291272,28161.5672397631,27246.6091352079,88750.1193100869,28414.1276448798,47412.086772328
"P01443",1921573.55960777,174370.996932145,22931.8601045469,176723.573025661,19751.2408533809,10359.8287812338,27855.6538768328,58758.3717650036,39777.0111581269,46126.1191628242
"P01444",3657450.03068087,97334.4069931266,10674.7555637149,1279022.0643881,16435.1160865976,64576.7236588557,27917.6093361891,320890.336305894,78875.4964551551,116592.751050574
"P01445",2652929.72720877,263955.985222683,10512.7309962827,303460.213517818,15375.7683449092,28827.9435578699,27869.5253668218,43521.4174872378,70920.2530690468,149588.911604141
"P01446",2075488.11746908,58007.0682687395,18138.3905286861,2345176.03559253,17508.1621584163,248528.018870695,27821.121361699,442131.193776706,74065.8680635713,95125.5332271672
"P01447",1141304.28780715,297175.397328599,75988.723003976,157814.199156958,22996.9638620125,11066.8101995053,27081.8525639252,37597.0293633581,10288.4129577047,13367.21389786
"P01448",2797785.19825628,193433.021495227,16275.619767403,480647.252829055,16741.9267217986,48536.2442599149,27829.8272970343,196361.939027869,62631.9501447711,115020.848058006
"P01449",686452.319786929,13185.6568362594,123883.156779326,6158286.23829804,24177.5182212638,633585.543745549,25119.5778729607,4503692.44713089,32456.612052458,24657.5244604289
"P01450",397798.910866979,17366.9318974825,138682.286227368,6596703.98049998,25946.8670382077,189086.750849508,23856.2440932892,882553.017433404,17162.4539936144,13902.3013555217
"P01451",1121850.37888958,56874.6089978715,35586.6772250948,1163123.76993417,20752.9558638964,132465.735218436,26929.0235247322,1302782.79784765,30327.4327644614,54513.9305763821
"P01452",3015843.9166387,260607.629006439,18288.6740567669,301458.526606831,17562.6284053153,17883.6491438481,27918.4201449231,64975.3713590245,49275.1280915977,86856.8785503643
"P01453",155514.066298845,3320.41982381462,1442302.29689461,21098087.0472135,50714.1984195147,1592401.1751534,19896.3110937023,212924794.790042,2534.79690032446,2622.95495989896
"P01454",4082239.77034066,696634.780281737,8700.22169552421,97395.6309378176,13522.9173249181,11473.8590823066,27247.6725811514,6347.8929219499,71763.9882612567,160423.681439545
"P01455",4691128.76851885,506295.457664436,4254.72678340401,204492.927733029,10703.6044858644,17611.5200179818,26532.4250342928,8630.46030421635,95278.5535238508,183364.512758525
"P01456",2855627.94342281,426197.433821144,12056.5864703965,123629.884918758,17877.715082834,11518.4730089008,27735.6970796727,16121.3936068657,48875.266112155,57320.1461433995
"P01457",2033277.18388589,317025.621973413,30099.400897595,156843.973984967,19163.265434561,11912.1266908789,27733.5590688521,28298.7351525576,37417.3852470289,80889.2335209798
"P01458",204626.525340713,6060.74001210047,629418.614568227,10403246.0611321,38931.1874120159,700521.804199775,21453.8491778956,13615094.2778076,4595.23201486626,3672.90718060355
"P01459",3360159.65153106,292230.867980443,17417.0913766891,327170.05749372,17128.3703853254,42720.8771407223,27913.306836961,99403.3407281533,66180.3785475174,108285.013458449
"P01460",989731.784441584,42533.5067215024,69032.052364308,1549380.57815889,22028.0399912798,47871.8393107783,26242.5484127679,214743.571555219,23961.5905865437,38608.1259116676
"P01461",853246.578829234,66943.4813225941,90835.3827670126,309253.194532742,24860.2705132024,23209.7458158424,25966.4607774178,145191.62843961,14280.6656223779,15632.8363984854
"P01462",2209274.76295069,395500.784102645,12284.7115702586,106066.810957953,16010.1180249535,10379.4298935725,27856.3945452823,23392.6960437712,47952.4234022516,66384.0174094018
"P01463",2293400.11532702,150483.337635166,19444.8812579637,658036.83150422,16371.7575584757,40159.5558527472,27926.7381150235,70384.2711951404,50850.7258520856,119136.438694338
"P01464",1962929.91442798,297118.074128416,23077.2109714712,130182.42954565,21134.6584559699,8917.10074705169,27575.7302276587,26648.5129167119,29614.0004230977,61844.6554329886
"P01465",344045.681941525,111608.378859648,170427.67961103,299616.903204286,28929.2106039724,18091.959624408,22739.9249370454,67092.0272761913,10194.2456460538,38535.2186557546
"P01466",1993836.47066749,130211.629916623,47357.078586032,2223961.68168598,20684.4304241855,48979.1039870861,26708.59150546,257064.468512675,33327.7519649286,46925.5621569563
"P01467",4199343.81332621,930305.548627951,2297.07445546996,16864.4242986505,8644.73408177632,1833.2543922265,21050.9808947903,748.527779787958,99061.2669663296,180634.199247859
"P01468",547619.083962961,11346.3616153826,125449.594042802,11752282.9856533,25232.4050306795,815498.735351768,24220.2605187446,18456672.6593279,25007.9871945286,22740.7942952098
"P01469",983338.544348035,58588.4757958011,121164.697960237,1060031.47419466,25182.2724902954,61988.7330248714,24466.1732650013,956834.272191939,16037.0431630451,16723.9852300287
"P01470",1852013.4744803,147760.037647236,18554.2032183013,383186.147826971,18566.3746959251,22097.1748051364,27932.2198792669,63360.5453405825,41185.4483411811,55781.8558957595
"P01471",4457906.90368526,756486.347761999,5190.77415698798,46196.7934075448,12070.612710377,5260.98058991066,25449.7948840958,1939.29030182239,78585.6476295191,159492.393283159
"P01472",1096381.18838707,352684.294100282,45078.7638155845,70716.7365212671,20958.2127842811,4939.64939830802,27730.9335314736,31201.7282159869,17077.4148346394,16453.8858155701
"P01473",413308.483636861,19182.97023198,126951.27541076,2603018.71102075,27092.766216621,173153.034360609,23483.6388680102,1780481.27364871,11559.8880241534,15046.7315202502
"P01474",4516790.86928074,753781.441087659,4693.82261718285,89129.0101344097,12453.3893824894,7273.70230938734,25604.4622054427,4382.49215680161,84318.6949801143,176856.469983209
"P01475",2011048.52896348,41456.9933151145,15692.3976521522,2398078.39676,17616.5812186518,189596.046624602,27400.7393676657,405347.741113213,52247.7405772994,99018.6653518754
"P01476",422328.620853734,39409.2794318319,344442.74081233,429433.2326644,32754.463250977,26393.0353525693,23784.5664883586,760985.979793963,3504.89586114304,4680.67260905686
"P01477",2772582.19700712,231928.372574014,20102.2315080054,343426.171496551,17977.1942781614,11520.3968286362,27776.057519188,58208.4272951902,35409.2421737087,85179.619987022
"P01478",494214.944255795,37613.9365842978,165525.058641421,899784.25995993,29129.179855837,94925.4953103359,25232.3929028878,1931936.42664259,11481.4122551469,10107.5437912942
"P01479",1795136.27020548,124544.861172616,32014.5674514149,1464547.3328454,19515.8059375237,87283.1662784082,27694.790387135,322741.260518631,46779.6406692403,78265.8452102743
"P01480",4575986.35135152,627805.769203539,6997.78092562712,93317.0622287695,14969.1464129642,12110.4012071069,27519.6768556849,5449.58890047158,82094.1785136519,151556.261225564
"P01481",1635954.21464578,112380.585164315,35258.8107445129,469831.486607265,19585.4384306582,36144.6598560986,27432.7894330521,204394.263641988,37386.5985812198,56483.6421442639
"P01482",4629094.28907656,886651.424169074,3380.08937712029,59170.7355127157,8916.61389993556,5219.08977218444,25376.9216003541,1995.48891582131,99236.0596203843,185150.608711301
"P01483",3598963.349241,317670.538331855,8146.39275319211,427968.967727448,16449.2489373881,39193.9589544891,27931.6427037022,39775.4134448308,79576.1074391356,174295.655668476
"P01484",2527695.32683781,228046.541055059,28538.769557175,135883.599884541,18312.2182165056,9719.12941632581,27750.9247249884,14266.9498140749,45634.4516057403,72220.161406201
"P01485",614828.290498634,96380.6248960409,133630.123095714,181094.616016935,25822.4464720029,10206.7429123749,26012.7253645045,127098.433481004,5642.44032656177,9393.90378724048
"P01486",617266.916999861,6981.9699559308,67782.6096815191,15552011.8636452,24067.2367803412,1257204.40219424,24646.5300340394,14386005.1719451,30275.1344739984,28625.0941885849
"P01487",823525.672221454,74910.5809985297,54248.4479003409,1584144.367554,21735.4869135395,115296.668820735,25830.425920844,1451235.89274894,20890.1236635112,29596.9933234338
"P01488",2770835.29697111,271559.389710395,20960.2551989553,142012.97138842,20222.6119980592,15052.9807996749,27811.1193022544,38363.8961799111,38200.2418547137,48883.3081859229
"P01489",776497.478401878,33757.9117557329,158204.808049256,1402880.00256303,27023.9133390385,67051.41056927,24107.1258543672,932210.319305865,10519.991340798,11316.9860231363
"P01490",4167471.08819795,568503.669114222,12227.0159942706,118733.724658543,15466.4423296497,12191.1392270306,27477.8768244318,17040.9992099465,60789.2517906291,139842.724996317
"P01491",175375.457569701,9821.83488064706,811778.954977591,5044553.54121384,33468.4311049512,343785.902368201,21241.058622865,17054460.3553678,3472.64172285203,3504.1675207143
"P01492",979931.976991676,224846.413092412,89931.0358773235,108840.559856219,22516.5215828405,9640.53664866252,27504.1342522354,32865.2277466065,12078.1135609562,12958.8790311062
"P01493",1552416.61114378,64412.7002954028,56542.3597531877,1154740.83839002,23269.8986080548,161689.806915962,26758.6071615537,1274219.14578705,37288.3087053175,28994.7707483048
"P01494",3986502.18470172,446768.507210887,7494.495689912,107912.211065157,13888.2374785884,9680.39692983216,26821.9249195363,10287.3175223689,84829.9527369582,164787.627775511
"P01495",2071556.76820725,18929.8396421586,27262.6768527418,6715780.37858162,18743.8973507057,905491.172705119,27507.7544334596,3227292.75507173,74727.5442084235,130475.983092661
"P01496",2274862.78803126,72535.9256711354,14874.2033894184,2430525.59070827,17956.7900823874,127779.513412003,27414.4054592428,574349.206193473,65218.5398318872,88555.3899915956
"P01497",4460034.72025486,567778.571896491,6120.03459073994,469189.725556192,12128.5105155347,29446.4294802685,26798.0906449081,11769.8307298189,97877.2872795632,185596.942037761
"P01498",2772341.91703516,873309.542151038,15922.1334291321,19779.214377172,19313.8097706489,1469.27296685671,27273.1312086304,2563.43377406931,26401.7541659189,72736.2350297995
"P01499",2973288.70947019,302054.71542838,12368.2001363604,443209.18879854,16851.1995473059,23183.0209737827,27931.0605160834,38286.8458720292,64567.6162238859,113921.841897186
"P01500",2576763.64781556,312082.099958444,11979.1260922748,387562.671189103,16018.0970233553,28712.3945349182,27836.242758498,19485.4896622413,58600.1577645033,102353.190092734
"P01501",297073.861878755,16898.9596095379,223131.487071311,4997077.729818,29755.2501365032,460428.076716568,22677.1859700162,9312587.69844575,8905.24383719644,8079.56688944285
"P01502",1213440.01093963,283635.492850123,42347.7860366931,136549.204609523,22432.3965133363,12926.7581443182,27226.6055981791,58452.9561086093,19274.9332277938,22396.1221396323
"P01503",4169054.85527278,610010.718863452,7502.7589828433,75485.1147882524,13460.2044591904,5807.9287977111,26469.8399866309,3680.43120126408,69208.5001011858,173522.999412769
"P01504",555581.350786661,114932.336744007,91350.1186489023,682082.118437218,24502.9123351809,30771.9794302421,25563.478243086,79433.4231879299,29235.9443449476,131715.979941794
"P01505",1653090.64835089,56139.1824035448,70808.976467525,2871797.39712878,20817.7965404718,200622.495508942,26838.3809271374,568037.657522616,48294.0424274495,67692.8152542783
"P01506",250500.879382246,15734.4286788409,690466.231842481,496088.512310805,33034.3138920732,34804.6112707275,21848.6611547655,1547863.01690755,2753.16725019206,4029.30859136994
"P01507",1267719.60197238,42559.6268779988,50697.8348335273,2551821.01016822,21628.0624856428,136083.705711862,26263.4450843154,909925.705194744,29853.9279436511,54176.8257105505
"P01508",1596987.57109855,87760.6931278238,28723.0954312042,1570619.35956768,20380.1421285708,237094.904431008,27265.762609303,299008.477067897,59532.4348250817,57483.799746229
"P01509",1877513.17825313,417446.097607397,30572.0947341844,162320.557799146,20142.1062449646,15240.3428962499,27706.0059912115,18005.7282515162,22979.4529677114,32662.9858875923
"P01510",2226592.37688376,84012.0562779958,22844.9377070346,1143883.0238904,19728.1144992862,45489.8343059751,27390.6962391624,162457.15509986,48530.6581270927,93116.40204977
"P01511",4463149.58280324,679113.990208295,6862.80541331983,74645.0250788871,14573.7756673087,7165.04008129572,27780.9741835552,7124.89755274357,70775.2910633053,129273.414625868
"P01512",412362.226112047,31843.8797748145,316337.113475476,1919424.08406844,28432.6487669722,90520.5312349467,23376.5320241209,2464408.81834661,7587.9048821261,11500.8797285291
"P01513",166017.665296857,2132.76538846515,5290761.55744284,161587935.855637,77516.263155513,19051233.6577678,19654.1479457114,922864854.679426,1326.29012860709,2161.71525786049
"P01514",951113.260646687,94575.522986335,62251.333284364,217892.236803385,22054.7437881689,26010.6111706781,26685.0280814883,98385.1883821259,21930.4131046353,36009.953478929
"P01515",667798.582474753,83544.0585709227,60110.7043771789,312835.063043618,22657.5403186114,25948.698626959,26615.3524036369,96238.5160807639,14660.1133396573,17831.3838832491
"P01516",226892.375723258,4896.20253818376,565396.557004476,11247714.6668497,28482.0805791705,683346.887196676,22796.099634314,18616444.1117952,7911.28936008199,9068.0978111689
"P01517",1368588.97922762,90837.2088738311,44831.7946492447,743976.245517161,21917.9574131651,29716.7275499232,26752.4109354142,93362.6223165116,23724.4605710878,35242.3916845684
"P01518",770636.331593927,131767.365831409,38687.2031735838,232568.374020666,21589.0406686868,17472.2256459704,26647.2175471746,80178.9798956014,25602.6529157345,24520.1528827995
"P01519",145224.683009668,2242.00834086149,2928912.77201092,60153135.1322824,59337.3643189745,7552544.04898039,19275.9722244142,369334319.60312,1797.66074137277,2269.39078254017
"P01520",972086.899588426,26901.2519316592,72914.8740843813,3738219.80898132,24406.0289432263,253097.122069868,25108.1287569667,2047742.5454309,27649.3981308599,27814.7694435669
"P01521",3763113.23817052,412877.496551239,11133.0314918065,147937.797644731,16151.5949196513,18887.9498806579,27892.2855449001,9934.16257998888,57206.0910441632,112352.765409669
"P01522",387237.092055693,23223.7308437109,210514.979838148,1352847.24619205,31227.5403125093,94907.2576056948,24882.7357457337,3958994.7384696,9250.33804029475,7677.53833131997
"P01523",3320628.76501072,428107.058827942,22921.8061800961,153092.870326519,17307.9662935097,12277.4953413716,27846.8751215625,24506.8707530153,41702.4189294963,79032.2292850432
"P01524",4173984.99675843,421640.704108099,13705.4792035477,100904.111033679,18306.1935376013,8627.86991393147,27772.6381172498,10624.818132654,47963.2404661971,109380.083059745
"P01525",2888657.22148177,932523.132677872,18312.7351171534,22994.2784510956,17111.2067883233,2442.73875952969,27889.1611246659,1266.48798968565,53965.0495549968,186032.602288976
"P01526",1406532.81994537,51451.0601672196,33414.9314826003,2260571.01084237,19339.2846706072,174000.073107136,26205.7338748963,1246779.97536382,44316.7195801965,56853.0878108013
"P01527",145738.145827766,2171.22430315977,3317763.60567932,178025851.826438,62567.6815834979,28636210.6424006,19307.0171092494,1429950269.82262,2328.57056773958,2444.39978091364
"P01528",2266977.80210762,308502.29051055,15854.378404683,197320.385283062,18271.3414604338,7600.547264654,27877.1124083094,33597.7635516846,33805.4917268917,44637.6221755335
"P01529",3653688.79405523,587166.204002558,9546.77330349299,112782.944543971,16940.5088642612,9160.59423103582,27608.9971020638,8666.45989041313,62724.2538125087,121098.862613624
"P01530",1917255.19162368,181961.675604101,34181.3667454316,370189.611667274,20625.4173583975,35228.5321330727,27720.8621818954,89709.8550769268,40496.59044635,76880.5314445353
"P01531",3115496.36538245,362400.374409942,16926.8635887193,84779.5710497423,16604.2652065796,8582.10589477304,27927.243219465,16796.4243022078,41096.8887915135,80684.4805557872
"P01532",1106279.63080746,84540.7489122224,51122.6189013288,949418.516405339,20200.639912583,71527.1371781564,26555.2803776441,259639.960679109,30651.9658753307,38887.3141505438
"P01533",181141.328407879,3427.30629557875,878493.188195347,22406962.6175384,37023.7719972451,1432108.27937138,20593.2408943945,63404998.7714541,3732.95497231273,3011.9644001436
"P01534",3311156.62471662,433413.120497949,13018.8718340139,199020.237483499,17182.2639074486,10900.4142632136,27298.2330611071,11234.4447471929,59565.6219647694,97624.1267541037
"P01535",284962.503205303,20802.5453629905,523855.445276545,1617315.29297649,32952.9526453445,94873.758975855,22458.0584863777,1235289.11349988,4781.14143638652,3627.30149358659
"P01536",4421778.77303546,584907.168888304,4849.84557886426,82004.0496767258,12235.7415596376,8601.37216839763,26696.7212995765,5514.61828293135,97123.8674944136,177905.84460606
"P01537",930893.309436847,61319.0768970665,120981.614005842,685323.870417556,28184.2006705371,29745.2894096244,25420.6922545152,580598.459204392,9346.78210137183,9055.533618881
"P01538",396154.405965706,35919.5626564303,322730.838087227,1307707.59048487,28141.8523021205,219807.659631075,23902.8055835728,3085064.12977397,11603.1963715908,9650.45164804748
"P01539",4045386.99658635,769887.063191796,10211.8680384422,129409.004002467,14709.9317704781,8939.15555957129,27602.7667136175,7535.28297608804,63574.529158389,98438.2235734628
"P01540",2883470.92042698,300350.626033956,19182.4835142916,242733.550542624,17685.2193516852,19547.4468867154,27836.2279249045,23285.3901884647,30494.5197324316,62005.7730485452
"P01541",305930.06737169,12102.0691025653,203045.338899829,6903387.87464674,26622.2873323296,407788.017674018,23514.6568344823,8080239.4159306,13820.9465201071,10230.2079460372
"P01542",4619602.977968,489623.541752761,3945.58522584664,77325.9561364886,11688.5434129326,9379.66296583152,27041.084204391,8832.30872429495,80424.8231008074,162606.390296031
"P01543",3211283.92575445,495180.287427992,17563.648919844,111552.796708302,15059.5996907586,5497.87815130678,27834.1450054634,8472.58305471256,42141.2100554634,96998.0688421883
"P01544",977456.718767665,109072.750889203,58872.1559038895,612296.896878803,22301.6324978118,37817.7267561222,26943.1464031,177405.395237061,15674.8043606593,20484.9405417608
"P01545",1505289.93594122,589509.785987934,33971.1585823316,39701.0968075754,20649.4526606537,1508.63820465921,27930.7942481592,5659.58632148094,17073.4153385346,14724.7413962828
"P01546",4245599.89869031,851784.809090102,2411.58610661599,11384.1865983275,9504.35681827928,814.361416264993,22609.360779689,506.664352273661,87417.7159771177,181225.631745166
"P01547",1147793.77264687,100155.12612274,41295.4674522819,466435.676213048,23347.433058295,24695.345520777,26249.115849367,248008.270952408,23824.5024148051,27041.0448733374
"P01548",4328575.74178637,500713.922819918,8848.66239388549,76115.0017314833,13899.6140302561,10528.1660987894,27741.1416425672,5976.58060045946,57138.6238207284,114021.675579854
"P01549",1141696.42402184,156347.170851488,32210.9833790832,264903.468687319,20718.7312331608,31869.781937303,27128.458331396,49546.423038931,26224.8502462664,42364.0368987954
"P01550",1586847.26003069,737938.422583499,30618.206012057,214208.163287192,21163.4377257374,30866.2866584328,26463.0739054703,6623.9362421793,59589.5399014651,183564.098870202
"P01551",3935358.98452652,724199.656595562,10471.1536538031,77519.3771693696,16591.6727741877,4043.91754766309,27340.4531786411,3579.48648554956,53406.8510857908,115162.841674012
"P01552",4107673.27932938,917128.810464942,2032.45812253285,27028.2012287492,8145.67155859252,2062.54359009906,21988.5177933213,797.785179834048,97621.3297150647,175151.014154795
"P01553",149541.935646094,3247.57917736054,1956961.33893557,26548252.3919233,54450.8850489036,2069937.42114124,19588.0940882004,55558660.3841454,1902.85655885929,2353.25975062765
"P01554",277932.602413189,6447.32123780219,266130.420064866,16174869.0726619,27393.000132717,2156900.39178897,23520.9613851878,28858500.9193077,15426.6156306743,15133.1907999805
"P01555",2882550.9465786,386990.803406259,11119.0274035974,58677.9768579387,16324.3118066874,7288.31756396036,27928.5635304288,20428.0734068791,42105.4640644212,94496.3433372599
"P01556",1075559.79717629,36694.1686465884,123602.199528473,1543537.44591458,22824.5402599365,45479.7642735676,26193.1358127104,503795.329425786,14633.755461925,16420.048217933
"P01557",1375744.4649481,85497.7423070037,39374.7065170112,1965225.88547502,22005.1628403282,105236.453770108,27663.7275867672,524133.724001092,33286.5890374799,50092.1251254133
"P01558",4670323.81402131,900890.182718711,4590.08582525223,25659.0005982704,13518.5978855064,2125.81433802206,25943.3585865457,1635.15279244587,79300.0333258109,159848.320928806
"P01559",1796635.03154247,200325.729636085,58890.3333295064,513629.761525263,21963.7044866451,25797.4872473753,27013.0399655949,115333.713458252,20016.2676692497,28573.826868041
"P01560",4645219.90140521,724235.244668161,5074.79692173376,80809.6456993781,11061.2101799333,10792.8295512806,26347.5331259349,3757.78984522337,99486.3279186341,185658.805324901
"P01561",4654544.9086132,58492.1184036869,3420.90385742751,836735.000248009,12029.8960923471,78259.5260741283,26263.9815957465,176066.227187713,79320.2505543158,35843.2236255975
"P01562",4273819.75841238,882114.771505079,1776.49097126704,34800.4968934627,7255.56870173599,6171.83963419226,23360.0272985914,987.059069610747,98158.9090488066,166567.72892991
"P01563",597728.444185159,34846.854669985,97654.6027120522,1300954.22372688,23139.7612583421,53011.6137194374,26139.8035764086,245262.685302501,15009.455000844,19624.9004569452
"P01564",145290.773962326,20412.7746893984,4738531.91279037,1984805.01107742,56487.9952501468,98613.8218067224,19278.4029802714,1893276.42919383,1476.83843281518,6099.00644062272
"P01565",2376636.66960256,589120.948511741,24326.0702294803,93136.6657804929,19329.9356697848,5563.58593145789,27927.8985052778,17831.7486121492,43442.4883147466,32015.5571907727
"P01566",2141174.40569755,124920.061041239,17754.8199765706,827195.179720131,18440.1348664851,82398.4140076713,27763.7878873726,168400.205263195,54664.8789372035,90664.5035857354
"P01567",994609.529618193,73031.2953164964,35577.5163927933,1190626.8987464,19818.3505864574,134938.350802911,26102.3023487426,423294.112072627,43641.0283415484,37575.8137794487
"P01568",3814142.37958366,872555.762570192,10534.1632044038,54988.8549333709,17309.5440128471,3086.17959963028,27923.5130036862,1786.24003082453,59118.6422543472,185896.255267926
"P01569",2461269.48212284,133819.841031308,9822.18453890142,1656489.77091355,16815.9136494227,135318.600294902,27891.3784464446,305971.548565323,62766.0162885517,118154.762496425
"P01570",1324648.99802579,153047.174905945,43550.3856390102,226154.281118843,21799.3005968465,18476.4565741156,27549.7231306106,89999.5187962001,25416.5020060267,25540.9682259352
"P01571",4135450.85531601,464823.818841819,8657.44154236881,69078.8032370454,13223.8367367245,6970.30661858356,26978.2738200778,3674.35848909321,70864.0267605254,146560.28633783
"P01572",4192925.73028203,813449.036327406,2856.77311230715,6636.89834833965,9569.11853121854,752.086581601186,19212.1691248523,372.500504354157,89211.6386658307,184888.930067815
"P01573",1758488.44371433,383410.369077701,31742.2485638521,90321.507747746,20625.8944340871,5575.15054045576,27306.8402131258,42697.2465577225,33966.5409604228,57759.5238338845
"P01574",228435.109654606,6146.21160170606,493805.815153205,15613704.795452,33956.0941957577,1113183.96397694,21573.2591911365,44912260.7455358,8384.8987053335,6150.18732005957
"P01575",489651.571180501,108245.227411564,252864.969879339,635401.842356337,26773.0859114544,29869.3211309766,24437.4026041178,415660.21417099,6957.70615807235,8034.27138364499
"P01576",1287838.51894714,114886.059893699,40454.387076467,694981.164956456,20191.9213426592,56281.3140493134,27155.0108133846,151299.634523267,25652.6590592179,43339.6590162218
"P01577",2286789.59192814,236607.703814621,26830.1252698121,478362.389070143,17712.6611933182,25821.3961421999,27838.3125132611,23284.7140782,70506.3230842476,101185.768509927
"P01578",712297.259746083,18701.9824137084,80328.4249667484,3935223.65334632,24659.3014948454,255850.698080309,25240.9154536071,2041407.21239612,16518.9267697433,20247.7873243315
"P01579",1492640.40190014,123648.396281797,52147.7764092489,708985.299555778,21286.0677921194,40711.3103820442,27186.6780642343,211125.737440688,22295.5839397642,34151.6071519096
"P01580",475777.42992129,31857.2604788812,96561.9080213516,1800475.75720697,26486.4580729686,105578.166117993,25938.6925509146,1141221.17803127,12494.3256433376,19827.1181870671
"P01581",2349927.93299506,615020.326442601,13565.5972783552,78832.0265339608,16567.9140855541,6023.78154645799,27801.302418185,13242.3380209031,53003.1230297785,114767.99022265
"P01582",852024.813083403,37047.1830278495,67397.9878286345,3004880.5685809,20656.6025199413,261936.316124943,25981.7623918418,1527039.79053839,31527.7754191417,44583.1849116943
"P01583",2670533.4785577,330999.137067075,14330.7528032524,109359.164802225,18596.7881097492,8059.33352286206,27932.2992047408,11199.2484310463,33335.4850038827,57090.2615350282
"P01584",914906.138603016,26273.6371968183,93683.0434544095,2728486.82812022,22340.4322716916,176146.962884653,25998.2132382159,1279935.88236605,23099.8175159274,37030.0466185996
"P01585",968201.195988202,12938.9127973368,41041.7802296945,5446904.958929,20809.7500154311,497875.165372106,26435.4652324611,3179983.52100994,48407.0890493408,54752.0682783263
"P01586",173481.238932042,2165.06767849336,7029014.91450622,129025324.750533,83206.7536272459,10644014.5369793,19410.9562680933,1182210690.0265,1062.97153765052,2167.48774532651
"P01587",187813.926351121,2131.44611558903,10357621.952103,182729329.372117,101016.682653617,14763980.3791511,20596.7493102326,2053204811.3448,955.633573921473,2383.60590900951
"P01588",3570458.80213326,578168.107215914,17454.8827835674,71727.1383338422,17483.6492907394,2682.97392565219,27867.2844441101,4563.4740416011,40423.7043479214,73480.459838723
"P01589",1998615.20666032,128107.205188292,19518.4777614998,3711309.48736179,17677.8987299752,172566.768886709,27385.7228355221,410165.073206652,76749.4161878808,129192.304244125
"P01590",1591139.47893463,80300.0416206233,41069.2169174005,1551459.29505889,20799.9386789275,132573.906807566,26531.0461859986,350024.156239016,39131.6874596391,72926.8985998471
"P01591",1222961.14595934,109206.264604604,57141.0741611615,685271.496003847,19218.8823329795,57958.3403669419,27538.3858042005,152881.070781281,35835.3413669338,35126.0925513673
"P01592",1223493.34800171,242500.773404868,67222.9964974728,189077.121304991,22938.2654249079,13690.401238603,27235.8046886366,39282.727339457,13776.3241086246,26032.4141689683
"P01593",583978.822723055,36299.5399482871,124582.111446927,2344407.3747926,24065.5598721607,114668.400483672,25746.821635461,1482254.92778393,13642.3099295166,11878.8708138669
"P01594",4657515.72160052,363293.806554032,2635.90979215342,281876.171404473,7697.40008805292,29088.5882622284,25167.693335332,27214.3961758809,98451.6442559819,120790.570236135
"P01595",3089198.41566512,416206.468890589,22119.9382353941,155106.975705734,16975.9096591368,31552.626329733,27926.7306541125,26597.7843856605,74619.048893151,118586.625681224
"P01596",3999178.36024614,688408.446730423,9256.03660933528,55269.27533215,15000.959754778,4345.38251564804,27481.9382593624,4916.05217338134,60131.8466193763,83617.3296126371
"P01597",4046296.2583198,882852.632421987,10642.5699469211,86374.1531860524,13535.1376783283,2941.65485690214,25857.293698689,1222.5948373651,73686.6589640149,124474.560655609
"P01598",2791970.10077191,651166.365433901,15413.2416063094,59496.2195127689,14925.4734799246,5663.79179070826,27700.6515985803,8802.88370755028,36317.1084151459,65661.8378536097
"P01599",3295019.36789323,169973.769404588,14785.9324977406,478147.991168804,17486.1352035786,61404.5990380828,27907.8903152979,57470.4542065209,62474.7103913767,100002.163732131
"P01600",3008665.54876776,182867.02942381,14834.8854841421,957361.377905594,19072.8744328287,56290.9614839947,27925.7455390122,136719.499798205,66819.5514277488,113884.935301868
"P01601",465758.17354467,46626.4345495059,111377.585254128,1988780.13339641,26624.8494500434,43764.4787617725,24634.5203669375,550055.356436009,13703.2746575335,12023.1473910295
"P01602",986004.057559529,894824.221030006,639.139937212544,41202.4772150806,3036.93198408281,4021.83318144935,10628.9150799582,2403.13289129875,42950.6884247758,179778.993490217
"P01603",4579316.36549218,103977.780189604,2279.3161662718,1456394.33330856,8370.22816599367,256943.602705821,25109.5343558706,770133.945129374,96422.9559718508,126494.052914773
"P01604",1907382.72477754,209596.506745495,43184.2120564075,126589.18758923,20946.4648237513,8423.50245481712,26774.539197556,52815.1692020627,27174.7422214736,31460.1124952897
"P01605",181362.640457952,10740.3551927058,731120.654203885,5467027.28376143,33272.7628867891,218667.194606662,21989.3821594804,16366173.2422805,3247.37019612064,3929.66304627658
"P01606",992465.501751542,43044.7773045668,45378.3928175851,1673655.59895594,21033.1323336302,118811.773329951,27302.7402056696,367494.901668548,39900.2259119377,50216.5563039189
"P01607",642737.16965541,61973.9108134892,156317.542343728,479503.684828169,25301.5219626053,26564.8355922808,25286.2190562094,729604.151764808,9809.57148843032,8065.82924181242
"P01608",4113687.35135464,795780.799672659,7694.68307272967,45110.2291341788,15024.031741083,5296.81904238746,27172.3247773653,4027.68343927174,57389.7581477171,132893.644654743
"P01609",2165675.46812406,287481.041098736,33109.0806116202,149715.566915787,19675.405557461,11773.3863172664,27325.1443457265,27978.9199033632,31378.4207749317,35874.1563267306
"P01610",370554.586089334,8728.94697649976,277116.036904138,7530687.73317306,32533.4056893066,393314.447985103,23581.4999302308,15280411.0793373,14207.8928708502,11011.7578695054
"P01611",465280.019188894,9087.05654646615,147507.554680397,8698754.14184515,26794.8944538741,363102.162406203,24019.0400678522,12753572.7144072,13104.6369077753,13417.2449205893
"P01612",192187.797762955,5823.71378522546,773904.705472961,19150738.0818768,39377.5923025205,663797.3975947,20438.3368795438,40064564.070488,4791.24461143312,3911.42491865259
"P01613",1063117.20385226,39127.7953216819,78095.0273100658,1819486.61235274,21634.3157036713,82025.9102923852,25240.2108966637,789252.763663002,16268.349486676,24551.8594429432
"P01614",417159.668584833,20351.8178191619,334028.882888093,1515156.25663432,31735.0169775282,68407.5802319733,23633.2523267607,1809664.9760614,5902.70838241748,6355.11175322087
"P01615",2354917.32002362,186443.762099688,18409.5770189519,447013.620606581,18876.7592208996,19553.7934177411,27914.0111389427,71453.752429204,53918.3742261155,84171.0112228626
"P01616",1043171.64723018,283675.501463547,75648.713154137,49451.020369547,22671.2247968895,6771.36177675125,27022.6421924773,13746.8466737243,8628.30813113425,13742.1173277788
"P01617",4682247.31886159,880304.211731651,3628.09765722852,71798.4016218803,10702.1258152163,4721.47923201232,25205.2145282734,1434.7968601113,91032.7300226813,184226.088625247
"P01618",2568552.14129683,214551.682439432,23466.337243166,444630.587891266,18907.9681908483,21724.0773074807,27864.9226154713,105424.492983999,40336.6766945059,43006.3231663356
"P01619",1106576.72922815,26823.9062843125,97247.619149348,4669786.40350173,21469.1093866397,424234.398371647,25324.1967066669,2014471.06872505,29569.4643620677,25407.5004091809
"P01620",2726563.03282382,235803.002875062,27216.3593548046,264515.405425888,18205.5273105996,21533.3281760031,27913.9383179596,42107.2070236851,53107.4325987976,66898.6481169221
"P01621",774784.332282074,15099.236014614,78341.6965727322,5154311.5672716,23506.0921313312,305639.796398863,26114.4052261317,1668476.53859629,31959.7936684343,29128.9297078896
"P01622",344214.050522375,9971.29723993711,250610.732639064,8866756.21568933,31091.4158425966,428986.715193158,22670.9714820633,17855790.0554333,8163.95451681824,9848.89524608941
"P01623",146236.607065053,2131.46913426892,2810630.63915701,273229472.718295,56119.2251009266,28666448.527686,19346.5863238443,1107494984.98138,2642.61175447529,2385.69682424618
"P01624",610389.443625337,11076.8439164703,138645.862529065,2279733.84121586,24475.8191873517,219114.094301267,25291.0285781761,2014587.39562298,11960.7283982651,18310.738898946
"P01625",4135200.92000129,347889.066404535,7988.08924929205,212482.562350106,15036.2689807122,25503.2933991897,27709.2899490361,11436.8198953593,80751.7070153371,155068.309803551
"P01626",670580.535953489,149322.588790763,111612.344108714,456592.312729234,25373.230008028,25862.7786185923,26472.0123701623,249509.575384476,13830.043311149,16747.1010717057
"P01627",408348.51537855,50271.6311591078,318960.068905732,314374.924102579,28292.5900387191,29057.6206733581,24681.8689169083,609398.224446924,5107.16624064278,5261.5027262131
"P01628",2369371.41217431,164603.279354295,25333.7475598392,164921.705250415,19978.3922141432,13091.8073689389,27897.6055009621,145150.974554964,25576.4645840782,9788.91789553447
"P01629",1399074.00181752,44383.9198751123,28704.8002606122,885651.18123554,21903.8593629339,54734.3914121094,26603.9189004504,317235.811328098,23357.9421025448,27674.9365303215
"P01630",2453201.8273059,165483.085176904,18620.7181857111,664580.003652758,19392.2340911023,78500.1249689809,27648.2315245525,100977.609333354,55970.6676102564,59282.9836221245
"P01631",903126.34749755,76908.1701956945,59449.3119230296,1333973.13436806,23663.391178409,106746.188696728,26257.4672437114,351552.849826612,17684.4310430936,24819.9642378146
"P01632",3959363.17573291,473764.847985626,9200.26590625861,171530.565100109,15393.7270460795,20513.0978096567,27211.164314006,17493.8302507373,75735.1482070416,123552.326630349
"P01633",1108490.38805821,255016.269948823,105263.998315749,132811.846767215,23865.8929464949,16766.4068427837,25994.9290308347,188515.068117575,14974.0179202878,12282.3327519561
"P01634",2205011.82009614,151100.226570742,18021.7713909902,914179.417210009,19153.4082173241,45426.737354217,27218.8496098836,138716.635958699,44832.237936892,102208.549840361
"P01635",4019579.1573006,67275.7604882466,5226.40523551844,610402.453973901,13659.9761697926,34156.3058820842,27125.7286181741,118826.077117982,76508.3961322105,69075.9716835153
"P01636",4540702.91412411,905139.918373355,3026.77132901042,19040.2414221384,9625.56899482734,1120.77119307422,23383.7671185415,705.535434166478,92569.0752840626,184910.055154008
"P01637",2235972.64161104,159828.412261683,19968.4164420679,521395.634370156,17845.8030856333,38793.8045506142,27854.516628683,53019.3347540128,52686.5660012896,103480.391008941
"P01638",4004742.76818973,767627.618354748,10282.9161010903,36414.2256457346,16061.1834676563,3119.81992410729,27845.2995992639,2941.65887696229,54535.2155143635,99939.3461956995
"P01639",4352650.09966889,603276.162389038,7071.78772412846,116967.417792908,14367.3696898866,11089.3298063526,27671.2001170458,9730.2467919603,77054.0109344646,145121.013718988
"P01640",353457.067484301,5481.5200287992,297532.519786292,15617942.497814,29274.9089482072,951927.313344019,21805.502815612,31213008.6317605,9427.18354428851,5903.53006047217
"P01641",1135674.36599857,51308.1816708951,51122.1228306564,955694.359001248,21197.5345995738,66304.4302401384,26183.1554913095,949465.963199686,17317.6560785488,31216.4226978582
"P01642",202986.126910466,7040.64889584745,462639.29006386,6322760.32964291,33862.7307983377,478859.959628221,21794.8201777734,21120114.4665103,4096.99083843385,5386.83786314165
"P01643",1979418.38814802,129727.682927436,16763.0235242321,820123.863649554,19890.3240811688,110285.657948942,27799.7416537051,118981.281168982,54239.7665712127,70771.2949598469
"P01644",366919.073351412,41358.2632156572,102101.533544755,1364556.77806619,27592.5300329005,56849.1507832428,23991.408872142,1596077.31361558,9663.22076028915,9105.39798177507
"P01645",803956.930006089,99363.40400847,95376.6413149225,253477.946353408,24671.2333924802,18616.1159557429,25653.8739152032,234995.29638422,9666.09204582015,9359.47457633052
"P01646",2451704.0965532,168228.276528236,18567.3232243513,981425.926229127,19252.9201975132,71952.3211369802,27565.3022696669,130450.313446247,62009.7464096777,112506.312791189
"P01647",683011.801103947,9206.69579512585,92781.6165833782,11727286.3810305,25391.7737991921,490164.30154671,23340.9254844395,7035395.51669099,18915.2620627564,17528.4545314494
"P01648",3135480.03623261,557130.372338796,12074.7396151753,120335.821777378,16703.9204079358,6126.1220284296,27716.6457966909,23974.4890397333,54062.537606238,88661.4322212665
"P01649",661243.255005874,20043.4864879836,89781.2093475984,2802279.66039875,22307.3268990365,167407.26711573,24732.3875900877,1398218.85758501,21931.7735461122,21506.8027075105
"P01650",730024.118502532,15711.6580859353,96872.7402824632,3631167.81268435,24736.3053880708,233238.119446002,25161.139052281,2246534.35225158,17794.6504319741,14489.4329179673
"P01651",461399.943638754,192219.653015699,177440.54310047,185522.005302621,25082.6345273649,12347.2918474266,25994.5706810001,117945.068421255,5899.29339221404,10072.3708022393
"P01652",1391182.25537988,297708.457504917,42371.6547505621,157827.535994025,22081.3017020301,8434.50727197226,27785.8852200904,14467.4958431588,18938.7370658799,35029.9363888726
"P01653",3132939.00530712,566274.832669146,11542.8084720734,64589.4559259285,15967.1796410334,6802.80568709931,27929.9697764257,7987.51568697934,42949.1547731541,76851.7039165759
"P01654",169269.780484686,10771.5471480601,1091549.84045462,5088133.12504637,39475.0554444137,443232.576562973,19854.695823005,7100596.69039808,3876.76726605846,15670.2178422122
"P01655",1232690.95065996,54245.3637386609,57948.4526080497,1689805.49381204,20945.1956818049,94256.3682880403,26639.4326637233,301709.167763377,29874.4499957804,39947.9668580364
"P01656",2174229.20961675,563144.509819199,23950.6516093116,53139.2289623379,20268.8423638455,3295.71052316647,27903.8655840871,3845.87788800047,17224.3773280415,39121.3643419454
"P01657",2584404.97959132,250462.775699735,31164.6977050073,317135.029008066,18339.0789642892,23730.1336910866,27902.7818003816,127149.054530922,57357.8666392638,60400.8933123663
"P01658",3830109.7093894,439516.98257756,4239.91435549037,138125.329942036,12585.1336433196,17099.2573045666,26889.2773197716,7398.75263668908,91167.5363330865,172186.376157933
"P01659",4253277.81581129,547014.105640106,8910.68442265318,189028.708369162,13202.532823666,16060.4287298609,26198.8437270623,13109.6598446113,79270.0154254168,170399.054006453
"P01660",610803.625935177,13514.0834035569,153753.315769905,5468240.46389082,24155.2708553576,418881.133760975,24332.89519517,2553056.29472292,20206.2526770698,23803.2647401058
"P01661",4411614.91236585,245005.036833348,7219.51725271542,380144.792320595,12372.1848713299,45417.0842392234,27542.677846406,30914.0309099403,96020.1883915008,176605.770921782
"P01662",2069052.61689376,298360.289183664,37445.2504386004,151284.182833992,21085.5056482468,12883.3678384038,27237.6030813251,39245.2885390175,27577.9300531028,35806.1095622339
"P01663",4694617.13890042,853879.285178542,2892.46923506757,83988.326672459,10793.2715307015,10812.1407866258,24598.1951022879,4895.18752578023,97592.4394802274,185987.784185802
"P01664",2132310.39557623,577359.816345277,31172.5168257084,70016.1839400561,19916.8754353716,5221.8411439978,27364.2798597173,4017.12672110721,22465.5466637122,42971.1296617159
"P01665",2835911.72999132,245883.48321932,9644.45739872757,637091.550733585,15186.2285476867,44607.8446669645,27904.8069525372,58388.9213818334,77299.8015335223,140011.067884609
"P01666",4039680.8053552,480970.689344789,9320.84052466197,139359.478996088,14823.3667021039,9886.07797065199,27806.7644767646,11296.1498532399,56291.8133535908,134075.386858475
"P01667",1687812.50916737,91879.3884517798,26275.0477979021,439847.650297331,20544.8165434236,39894.212126017,26925.6362281711,87440.2351560305,34189.8550191841,55196.903864038
"P01668",4284353.0041385,533417.947304157,2223.94494592981,116849.295394064,7740.82848100683,8663.72549262612,21844.6444444411,9530.2180844531,99610.4588554403,57960.5203665408
"P01669",807899.689093478,100092.413260825,112740.663188651,584388.707026404,24342.9717128506,25204.2155939044,26061.6265604639,326565.264756117,13514.0033973095,19984.007301949
"P01670",639081.95752594,16809.0651063975,142880.145212923,5632348.03476715,24501.3983687762,190468.951026264,25004.3317103129,4704206.76463464,19355.7290417062,20610.2850384971
"P01671",3475255.09695047,361085.025068421,14853.9154645745,168468.601912138,15480.8579414829,13521.295957352,27860.822447772,21351.1247933504,68682.7655833218,139383.262629997
"P01672",1412317.19593748,128644.317303862,66830.4764176168,227217.148718239,21515.4428708399,19341.3211953557,27545.2779716157,46609.1780503105,17140.5677778262,33654.0651347447
"P01673",2909591.15046987,165359.225360342,12051.7553961463,1078798.74097339,16455.217167535,65600.7758277186,27932.3116070298,192842.641132424,70097.7141424009,94192.9830297628
"P01674",2286638.84210251,343557.840558894,16857.0788643205,203202.40239465,17462.2682168023,14299.3860212446,27931.6139115868,10817.7951895589,55522.2050787395,90932.6435335683
"P01675",2313203.00017413,213813.714641685,14335.8831878762,188406.734941266,17324.4318899188,11068.5629452966,27706.8378394691,44248.7355650746,32302.9961022328,61567.7053179675
"P01676",1290308.46303645,72337.0944591393,37096.5289904085,778356.884358189,20215.5266012087,87553.0286287182,26716.1292698178,651804.462464644,29712.9130938062,41358.5104075488
"P01677",4594165.71833861,636839.584030623,5669.40721697782,88596.3046482454,12713.5116986715,4967.19589428846,26792.074793422,4244.88641795025,80932.8058965164,151382.55037904
"P01678",768404.232761544,25062.5748948324,155442.76270486,3395209.40011276,25470.3556635204,112071.347943099,24768.5493705634,1777956.08718146,12789.914881095,11367.741247703
"P01679",592235.221660257,51195.846517802,97627.5108760248,1239873.16211898,22987.8987861864,92422.2905410364,25512.4282749085,511152.41349124,20973.6606082907,25337.5543105971
"P01680",2735521.71650498,277454.212659995,23842.9443609746,184593.695847753,17650.2591228669,13770.1670517775,27931.2830882475,35581.5055529934,36913.6271549405,48398.5927600692
"P01681",3717345.46713493,226226.137252373,13939.1164455668,193782.226380588,19640.2446919461,41149.4827179061,27751.6220393805,45659.5362889812,56583.3522489269,116368.473127639
"P01682",4656941.42579588,776781.183793257,3524.99583922663,47836.0904989196,9901.31864295895,3972.17955551871,25083.7450892008,1142.47491742022,99304.712945203,184841.332871572
"P01683",4315063.54969656,758438.616326488,6783.67297915953,46567.5956364693,13355.1173374816,3519.91745685836,27040.7916410663,1739.23479484365,53938.5819480403,121272.793249799
"P01684",727915.742611559,16027.2562006581,89463.1535616616,4286987.88982098,23018.963056907,461927.157952973,25505.6732077176,2691333.25608784,27763.3495029682,22771.2417834914
"P01685",1329281.65446929,254836.95481615,23196.3154488381,98728.7835550189,19035.578841362,13431.8193567705,27558.7702720371,21956.2576007621,31221.9080749687,35446.2954621771
"P01686",1091646.91211559,102232.713653504,82926.6028673431,1138733.94918143,21484.6197833649,99044.4636951753,26778.7162797085,242947.739355327,26225.1527472675,28476.0817146703
"P01687",393754.705753985,22628.3288295294,172521.352801975,984407.25740543,26883.125255776,51881.5594197149,24734.4377606493,930269.358780143,8646.29836447052,9792.66689187619
"P01688",149287.490052556,2144.41528516192,2407382.66294143,247470223.291974,54426.1169904646,29154733.6591972,19292.6884221549,1356353261.49576,3413.83466226354,2916.74220449634
"P01689",2636046.9402629,270752.910618617,15421.8683145571,146395.401775427,17293.0678928174,13735.1043863847,27879.768133085,26380.1484203048,43942.3905623407,70522.7815226329
"P01690",271466.395759853,12789.6059767759,370006.755376883,3705060.5620372,29666.8115157811,190805.88219864,22706.9904750466,1335431.48067439,6158.74651762283,7788.48386012774
"P01691",4372501.04367787,278247.636403207,4367.34157165741,538539.350016284,12207.3887699947,36138.1288604749,26349.6100563846,15660.9311281633,99188.8748595903,166492.49855801
"P01692",3389174.42830209,695374.554108675,2167.59663847071,16142.6170689654,9275.89049139208,892.239625370183,20691.3158669864,652.550980385353,99567.9583762012,176449.247430647
"P01693",2453963.83057779,304319.777253797,30154.2745860797,173937.814207645,19528.4764474303,28302.0164153171,27787.5707528567,32420.3806100958,46219.0753738824,76344.9518266636
"P01694",947895.518458814,23458.0675265322,38112.1697906192,2917501.08192449,23009.9283027498,190377.987695252,25499.0281110085,1183647.01672297,37265.8941490907,60749.2011524951
"P01695",789650.994712016,93726.1870459504,84705.6007626246,572318.047293113,22601.3658537113,50217.207158209,26256.4348865606,372962.31189941,16258.6862597201,20543.4364494323
"P01696",262122.494784492,7304.41055424051,384441.427094095,7963778.03842732,31375.7032658803,448141.8312998,23039.6803244171,19963760.9340645,5418.41518214694,6696.91239335235
"P01697",220491.029231005,3159.8300671518,603625.057916454,61503572.8951094,32696.1501895355,8767701.68835906,20883.1124955055,79523713.9610841,11058.8758361774,11562.7103344993
"P01698",4628871.65901685,670317.601603806,2874.20879157733,54984.9848573321,10982.3819742235,6218.1308139381,26129.0599666867,5879.89231356541,96127.5612727316,184554.829231249
"P01699",340353.781226524,12473.0098970555,387218.821741018,5531995.59146343,32274.27364527,297754.654781605,22199.75557023,9107941.54640966,5390.97936248317,6487.73204129837
"P01700",3183324.27735121,582897.211520134,17805.8177197703,82114.8234390728,17268.3017951454,10238.1304673719,27848.3521581324,17764.3942330422,45440.6373399045,78974.7770660968
"P01701",1531256.28463547,204150.248075018,15701.5290430681,426070.853755645,19818.6349187301,23815.5726013345,27509.9217793037,68458.3128921351,38274.90419306,48097.053671766
"P01702",1912255.11272083,68472.9945957976,15402.7975345715,1983034.16176881,19619.5134664194,91503.9977756405,27419.4660890571,188042.644391183,59873.9481094767,106752.29363225
"P01703",1240552.61752667,21768.4236681053,69872.1228207317,2398564.4990601,22170.0079953274,261935.966151166,25650.0514113835,1521369.04335432,27560.5091141957,40144.6808783897
"P01704",1376695.02815295,219226.829741279,28586.8729554903,557435.218867933,21890.87614979,27516.5674977966,26943.86007718,114126.553066771,18821.81200374,28206.0686928429
"P01705",670767.057034711,42292.5684582333,153111.175418599,777321.069992474,26632.9285995977,107772.623016111,24962.4971753153,2081548.80220334,12843.1171705956,9752.6700892136
"P01706",3273520.37451211,243399.376715836,11457.544990269,438937.366899925,17098.7099409409,19635.3467278763,27792.3978106411,45222.4114270663,60287.8720388428,121113.569993902
"P01707",707698.949448197,55984.7485096381,115879.895429881,960185.598178186,23586.3940701794,86069.9685664052,24112.3170483187,2276469.38327869,14830.6642096334,19322.8003844523
"P01708",3702339.13011607,711870.138880337,11668.9403458763,44764.9674057579,15080.1416282236,2894.82074496458,27881.2606854285,3828.23239916166,50791.2868988255,68031.2445713448
"P01709",4514725.4649641,931228.881066969,3112.45441394393,26934.2172732964,8165.19436988353,2070.67880290025,22836.2926879384,788.140500021236,99559.4630683112,185894.08467563
"P01710",358796.198195695,9032.41008118653,493093.669971871,8767825.36500299,33779.5371910255,386975.162560775,22517.5606720263,13971397.0900073,6720.6919576666,5668.12661156279
"P01711",408270.809600704,8771.39697674373,114939.926128561,9102339.3031107,26655.223391544,414548.545472495,24874.6962514209,9421050.70068327,15785.3881908033,17054.0341399561
"P01712",165934.792579514,55909.3343419382,1305706.32593526,2624575.09820276,46813.6848054797,118142.426307855,19887.9569957349,1324739.90199158,3557.27957942523,20528.8208602675
"P01713",4567277.79146136,779338.260870718,5105.14638830572,34598.8522189842,12227.7249072588,4355.13412297336,26694.9562921176,2925.75144680252,83553.7890584015,184956.65654381
"P01714",873520.670119214,164756.950075406,79189.3847422901,222133.492599897,23810.4341382851,12368.3655144816,27253.650716025,41552.5679197961,9822.65708382463,12296.4388261283
"P01715",1253709.47830729,146025.804329258,43355.108688161,234769.084577398,21406.1421875872,17245.305226317,27055.6380908423,122777.546887582,26593.3100723397,35268.1262013164
"P01716",186715.377422732,2234.10521656491,9861174.42686953,237955797.565063,110024.472349761,37375903.2898298,20009.5391187697,2440269889.33851,954.652643532417,2241.83213410479
"P01717",1547129.02968095,159866.103964832,27661.8225053678,375511.549037181,19651.4575009876,29333.4682207317,27221.6837339381,90174.4393970474,42615.8245139105,62451.1798928591
"P01718",4062129.10097475,304199.189365553,9156.75906196038,122001.076500695,15654.7191498797,24149.9882295292,27530.4667423303,24051.5884981174,73178.7101164052,129890.251014429
"P01719",155280.847254798,4251.12413464244,1708345.05366624,14102650.5558347,45338.8438350063,613597.70318091,19793.9772764934,28815543.7542368,1936.23425702118,2407.50655345811
"P01720",1096087.05394672,66124.4941651531,52273.2875504596,692655.830508721,22445.2995219836,57998.7134496196,27393.999837342,362935.766718597,23502.7794362602,17620.6724682836
"P01721",1409204.49686305,348600.134123633,29529.113479985,148461.382707147,20742.7216233169,12869.331717305,27113.7624425487,25085.3550920274,31890.730455748,27434.9905039507
"P01722",2579691.64507501,134374.320130528,20227.0892505759,768979.695242479,16430.7005794277,38797.3186774444,27861.7436082131,63188.0174371225,58228.2787490815,79010.925604062
"P01723",4692965.27956346,784334.318745443,4183.40926645398,75355.3704677765,12570.9325092655,5319.80229327911,24527.6015331153,1963.89904497308,88796.9486923189,173196.44885278
"P01724",4610930.99490106,833312.90673291,6145.31343571217,33026.6136625395,11482.1006708407,4371.3593814351,27178.8779365178,2814.49995561651,79054.4497641279,155185.963535534
"P01725",994827.163516507,47813.3652937992,69677.1350499682,1729785.88364383,23113.8885719044,106249.469751607,25104.7068321809,1303063.53563279,18159.7833800279,22578.1431292813
"P01726",4174659.05135988,592931.767746718,4480.93083059865,203083.821346429,12990.3108605736,13465.9822678198,26393.6469458808,13912.4682369877,88295.1606972602,149962.024308963
"P01727",4002446.71486783,507290.947668914,8937.96755475605,122219.925848484,15442.7202157713,15412.1496652813,26887.6562845376,19825.6346846874,76428.1019222796,116998.806504028
"P01728",3162853.28460583,733578.645597345,14046.5360881727,80507.962824528,17227.5089705836,5951.38917113995,27913.6178858835,4939.33774585342,46142.5010598328,85547.7042509092
"P01729",2906769.09892076,295456.790817701,14650.7539596527,266140.494766253,18002.6521556892,28156.0217450494,27926.6978423725,31619.7926036991,49853.520411041,77930.7248873498
"P01730",1075617.6292831,35116.3873549146,83974.945145748,2059830.25098088,22256.1115668148,221364.616297984,25885.5311090617,927542.7234269,26699.4617640817,32205.3834388087
"P01731",2989819.86581175,237657.945855226,10144.2789816338,512621.785534417,16898.4768616502,31054.9733918511,27928.0372681166,62038.1477270788,80055.0041547191,103957.535586554
"P01732",940048.42669451,300701.358982408,89300.1968238043,58530.5443445566,22856.988962495,5422.62134356489,26332.8439192751,38058.5976972615,8295.5011484303,8838.77723154127
"P01733",1182186.58525105,71516.521579721,70163.4462828875,435173.915049522,23936.3445596913,22649.826667668,26049.7198099912,151792.885156672,13370.5240009178,17781.0299162458
"P01734",1302420.2588818,98976.6446051256,75198.4773284336,768116.136868497,25364.2063628721,45284.3799552737,25731.0815208013,270466.18192355,16110.0372721742,21419.3642871199
"P01735",588761.729827459,61591.0829228666,144140.991571831,960398.656808809,27694.3312400195,65337.8709377941,24321.3294745802,433361.721966636,11767.0107944153,12312.3111822208
"P01736",4154338.95330606,544254.819248412,5214.95563920723,87771.2865760647,12161.5149342556,5649.08001967305,26559.8169820774,2781.95752763659,81888.7198298127,171426.87304137
"P01737",2000926.40771459,382530.212901488,33181.1269620144,52821.8137435918,19972.2920797783,5946.15558653998,27658.637028954,12558.4499833125,20137.0632542239,36518.3668739326
"P01738",2604266.90572619,305056.666643658,31628.0288422192,144493.793827306,20541.2279625997,11847.001156737,27674.2931406916,47582.9956523987,31778.7313322055,36002.0999107905
"P01739",696996.927105455,446120.107534497,113145.573651742,279395.140093847,25858.597522392,22631.0421292935,25352.0394191357,35887.178923388,20629.4418241581,150483.575233383
"P01740",1372143.17994434,126986.047406469,43996.4900383987,463668.485348356,22261.2972593894,43529.8922222947,25904.4121728679,400951.657960018,28691.8492165966,19747.5220290786
"P01741",4655225.69524719,678329.910575325,5060.19478252899,119567.954858495,11020.7968375349,10115.4916252313,26829.8968249874,6117.64751777112,93873.0193405074,186049.293965733
"P01742",1497827.42702408,37387.5866464754,37682.7657368715,1449500.98703042,19753.4522411043,139345.380113071,26848.3521886533,365729.352410233,46797.0828685877,73533.492421519
"P01743",1608007.45003817,21921.2781176099,63282.177720431,2045009.07753052,21466.5494404937,104483.509508339,27414.132117731,3684995.57397,17765.7438851963,3637.30633431769
"P01744",788408.762787665,36173.2826946571,100940.544220501,1217458.68733116,25480.5571831321,55868.8554010355,24891.0827003474,631908.623582955,16925.1522651039,26494.2442341327
"P01745",2685133.46312496,699903.547728229,20142.4300572365,61564.5571187733,17487.205306093,3637.77216713445,27848.2126910601,8114.42436861841,42558.5220243962,54457.573898612
"P01746",528877.159563972,112081.928465797,90777.8108074996,336172.412375625,27441.7286822531,40734.6486232192,25961.6957654856,208031.206543449,13079.6403227335,13080.4377944066
"P01747",1417171.53375965,18408.5293827329,68406.0130296374,3809582.3933969,22412.7282244559,254750.4602116,25992.7266925291,1987261.58199336,39129.0314472678,38751.5859720838
"P01748",1776348.77522913,543882.412473721,19139.7176325261,51853.581415286,18963.2918819493,6429.59314532898,27912.1300414328,10656.3451054917,31157.5950513782,46243.0531042879
"P01749",3855562.28713905,403080.7140327,7406.50515879487,107789.40213192,16670.0960324881,9128.13320972921,27386.6532327695,13907.0202173797,42451.2508525283,28811.5928858657
"P01750",4458256.76485966,932413.602635492,5646.55398212427,15613.2178874427,10906.8091737983,1544.62687111095,26295.0346124602,600.999231409937,62756.3206478853,150640.234852995
"P01751",340688.114148172,5037.15690809332,356308.827452492,26255492.7115437,30614.0214104211,3348255.06529269,22264.08671984,46779932.9894581,14134.4379030623,10147.7013929993
"P01752",421917.987862796,37701.2050723912,181819.908542588,1161277.37757277,27371.2719009126,26592.7853586464,23407.537069979,838793.439494641,5310.27203027103,5298.29465132075
"P01753",3195373.20842974,318108.446199275,18543.0748280881,301261.130300802,16907.3929577697,53733.6973149217,27806.0553144889,26769.8773597137,54748.8897701989,109828.408313323
"P01754",1430336.58378243,46452.5375673115,24227.2224542973,1889100.37674507,22292.8222146061,210305.169296218,26560.8901434037,381385.833076961,51423.6543124563,59092.8117481114
"P01755",2436559.22576101,305245.663856291,14112.0286793321,240364.430271936,16511.4067847185,18040.2204185441,27817.214987881,37023.2990658907,57983.4877173082,100229.173443532
"P01756",4048213.25187265,753434.396147292,8609.63292862349,48137.7212819058,16549.3330440304,3856.4025195045,27927.3939412361,4211.2946425089,60422.4498449798,89653.2864206368
"P01757",4569979.04835416,878626.405923376,3893.99167756751,27233.7180655549,10772.8803383617,2752.26751824949,25042.4594350645,1646.01198405828,78024.3785501489,178603.813818388
"P01758",4035476.27895603,603721.906532438,8938.08156613366,141733.567138281,15124.132373391,10629.2914099343,27474.8561613494,13733.5007992576,70296.3385918291,137387.063417886
"P01759",666214.232923292,83446.7441191498,97498.6991056139,373889.179370191,23070.1485443549,19053.5117492258,25500.5966833496,143531.67794268,12387.6246274127,8119.33800043424
"P01760",2775539.16414999,333121.477390324,15379.602948133,316126.983088013,16462.9627594664,14461.0061935507,27887.6486330341,38687.6426336164,44994.5967920796,96658.2984346613
"P01761",489748.489453169,8937.22959799738,159804.664590383,9525048.29153705,25169.5481678969,741274.06286847,23840.2370280129,8228217.7531467,13976.5423193239,12311.1148297584
"P01762",2453638.64830288,105768.917605793,17770.3039799885,1452654.91375646,19280.1186524687,115871.433263423,27589.5070741036,142986.301165909,64057.1114946003,123062.3244991
"P01763",2123332.80983213,101012.959645499,42398.3058127375,996072.716653318,19856.664043479,50418.6461141735,27252.3485025886,251916.565242593,35566.1953838883,66541.1732309714
"P01764",3904469.76802908,671861.50646665,9279.38721462059,69939.5477086265,15204.6210237051,5759.69487689522,27682.153132189,5352.22908507307,55220.1108195472,119939.013539512
"P01765",308296.022985636,8436.36397854293,323285.243351354,9208573.27610161,32463.7069773198,854897.253675038,21997.6091206201,28827424.7137201,4439.66120850166,6785.36640080897
"P01766",677135.042338973,82465.1620163977,58653.6901160138,667279.76090493,24028.5024263813,53002.6893070471,26465.1884197513,182081.849322937,20411.8061730825,21667.4932308554
"P01767",709463.928791811,35919.752418587,55105.1906829236,2473662.91966727,23125.8683761256,238997.401177971,26032.7989021439,1384774.41423204,28146.686908915,27944.7386682941
"P01768",1079553.62722089,26007.8039362874,39521.8212616397,3923706.79834421,21399.8808932661,432219.788258761,25974.3605656583,2464861.95127946,45957.7378517648,34829.098390618
"P01769",3229601.4424741,237356.994933346,13343.9042895442,153819.889979923,17779.2940563497,10180.2036083348,27925.5631811648,15186.8968815231,45103.2530693709,84381.3738621846
"P01770",1889588.57182245,173342.788136506,30437.904385475,498142.89270516,21783.5643913579,32781.5123573224,27411.7087216669,101933.476273743,43806.015535461,73550.4633157017
"P01771",1907004.9248969,320631.783672496,29562.7564953482,156113.74344894,21438.0514504976,12786.816139499,27240.9326937346,49545.22151676,27388.2240827554,38522.8748223781
"P01772",3382906.2621707,399746.523818952,20505.3327661455,123742.650387595,16466.9477142381,5361.51738290937,27742.2961532773,10773.3083190323,52657.8023447242,70874.9162017629
"P01773",1263271.51237409,104379.894158207,62162.958630816,414799.814581853,21704.7233696796,39999.8620073643,26439.1983926792,192362.522284574,27391.1583708277,32906.5950050126
"P01774",3167210.40701465,113912.636880205,14790.2242108585,613307.671540574,17071.8927852179,36893.9734654787,27922.8927507268,44925.9907875819,56931.8087308093,116320.765206256
"P01775",1535832.96432393,66532.3610276408,65488.4024317691,1472457.72513858,20062.1046851233,79549.3681710904,27033.984544278,344521.917264417,35382.1708851231,38784.3280151312
"P01776",576226.87525867,27527.0747343942,116770.875108483,4356054.74661027,24041.2154975856,299333.948004866,24976.0456385881,4342166.37901372,29000.4125317445,47653.6349301714
"P01777",4199294.77331773,392516.395527889,5534.69518396223,263684.74748957,14457.5972549332,15733.5873201851,27460.9022100139,7948.02818637944,86576.2881179482,174001.424693819
"P01778",336853.377766868,6041.2400727024,364660.613086733,12347642.9674165,33583.2582148653,1119607.98347948,22188.5080199127,26978052.5225521,8955.27274132737,9746.0219204856
"P01779",3960147.88887437,737274.972844561,10095.7484087101,49478.7661937213,16348.4015334853,3411.12281014668,27926.2705917399,4606.31347967669,39835.6823225348,105708.34470199
"P01780",1567203.14001737,394742.823380654,30398.079391946,204792.700515626,21393.9492220633,21310.6501960219,27647.4085567575,39034.2950395433,36033.0574716434,42868.6667038569
"P01781",2589042.35545755,466460.182919783,20840.6579677859,103938.290545735,16129.3415391558,7099.40295287818,27781.2392954735,8845.23290562144,40806.9686514477,93199.0321086523
"P01782",3398684.04161766,302113.491370033,12177.3487325146,263238.976143338,17423.1213670853,27071.6496442669,27927.5913742024,20883.8185498119,76647.8365943307,137093.465154004
"P01783",4629085.57698871,766216.566120223,4688.79023509438,41538.0401042365,12522.7342913734,2881.78692890843,26439.8524236166,1893.64195028147,77881.209459166,134942.220659191
"P01784",631446.768514266,13273.0324340736,78534.6710195931,3108536.60767598,24379.3647965515,313753.520981123,24588.8214480294,2641354.08689918,18223.3168327769,23191.1442399494
"P01785",4378524.24407428,752169.639460277,6037.43494860641,32453.8096778477,12737.4284656234,2236.09486478801,25551.9337993574,1419.57075963618,65781.4765593939,117740.601768796
"P01786",3972122.75916396,47390.9419996086,5753.32344464899,1222400.31076064,14018.6283069192,41106.9316166162,25819.0308935365,519882.190502773,70676.1668723884,9722.99328097102
"P01787",3573447.7098095,549861.745501999,6567.33586535664,55969.8119413057,15691.684902556,5815.60565019675,26688.1390018413,5005.99640052747,47861.8713751563,127019.478935231
"P01788",4221691.22874733,645686.02107451,5395.97025732812,180851.411490788,13603.9768977337,4802.98746866189,25953.1682726169,4074.45784856733,69189.9856318037,157009.45847242
"P01789",1279633.72570672,210211.656524904,31485.288414533,213936.288622572,20871.5753647034,33134.7962822938,27789.8302390829,32544.5997033489,29190.6569411329,34046.0524729656
"P01790",4629873.72467712,571344.56163779,3332.34241672333,304441.392087786,11044.0106234435,25280.8053949341,25191.1144234635,7145.47872246092,98496.6382195399,185306.846506212
"P01791",359150.811556876,194042.80236555,246391.011965862,163102.738553948,26739.5394401025,7160.51323914592,25056.506238888,83898.4373264705,4244.77068896463,4543.40260995887
"P01792",438704.232767675,41754.505917052,220718.355663638,1167972.43206285,25300.4381196234,79681.66391549,25132.2982320042,779969.734197986,9334.84411378333,17563.8963188377
"P01793",331408.261725589,284594.891776859,365247.680325357,182329.270788976,32240.8109655052,10968.2920259313,22082.5371861643,17455.073623375,5337.39574590436,98485.4793878854
"P01794",959653.566320471,48012.1270657238,58209.9788541265,2733478.47939403,24553.0751232645,121422.869147465,26258.0922046342,771757.544265851,24293.3176890551,19456.3206330085
"P01795",1676112.29528376,127040.678344241,29850.2787542749,256372.725937999,20289.4600835869,28880.1965264918,27284.8462313866,113242.529157785,26542.7609026257,32046.4355028212
"P01796",3172390.79747514,492391.733222991,10622.1927725723,174619.021309385,16902.7268814764,9192.61765870421,27930.2751205389,7922.10655112667,34703.4405836341,57319.2546465375
"P01797",674843.616579684,11488.5262669296,258521.976741217,6587762.18563344,26164.8632919125,491695.769555527,23887.3396026155,10701857.8168638,16414.0414780606,14073.5570707303
"P01798",1601691.96681841,233897.659535891,51054.8384678022,301583.715142642,20293.6053564778,17782.2496583626,27138.5104537252,34662.4340933643,28415.5204864706,41051.0760519356
"P01799",3253392.11355764,547277.864619857,13253.2979782949,63099.8696352051,16483.6366021722,5834.84176806675,27185.9402835232,4822.77362577781,69424.3741105253,128309.366492172
"P01800",3515014.33797551,243050.077551889,12814.3874900147,557703.725040807,15767.3983939264,46513.0105644449,27901.957933244,34230.0203689765,73650.4489017812,139307.414058369
"P01801",398026.093975786,15575.4347364432,333566.403569425,1821527.197593,30709.6978728776,169221.1196228,22614.7866125873,5453546.58488412,6144.71766552903,6747.99780888764
"P01802",2253903.46635374,229548.474652724,30272.6381951785,122003.007418878,18483.2654079843,11214.6725011735,27777.6697592112,41701.2525488663,26855.6208091608,50329.9305985353
"P01803",373445.524757259,26733.0355853199,326355.159940597,2382921.8150554,28671.1061325323,169683.453223134,23243.3219346597,1248769.86842343,7010.91185059298,7674.48099481856
"P01804",483934.172694634,28894.350153266,324217.763642329,1358842.00697879,29604.9568001245,54173.6789273143,24178.9695738195,1495118.54815978,6396.86087961656,5844.34452262216
"P01805",1557560.80462533,15610.5179482395,40044.8155401144,3039845.35575592,20242.2673604186,273243.377462515,26142.0464864343,741804.94604741,43108.8373466295,53333.5120261351
"P01806",2704299.18356518,173621.038707702,15243.6910272788,388585.466438076,18156.899963664,39472.2013957647,27758.7010195712,55636.7646825162,34618.047674291,83242.8049018724
"P01807",1424485.24426493,58678.3331267649,47033.6813284793,1111010.20514384,21393.945976422,89484.5806791061,26408.6421590239,380084.870412666,38418.9410543903,36496.539541188
"P01808",3887907.41405247,245019.323524513,5602.80663980039,477145.140904673,14045.9935036151,42912.0338114819,27312.9697471507,29401.9210130254,85854.5450399915,143637.491056074
"P01809",3909519.07853519,359164.771045703,8106.63121460563,373873.062714696,12844.2915275746,34417.6809731755,27923.5291972657,24009.4148527795,92334.9388468663,160092.507345411
"P01810",1039405.61173178,73572.434579833,86059.7612112558,920675.344057403,21263.0572391977,76421.8250666284,26504.5826649948,239258.583401089,23079.5418983575,36664.725655755
"P01811",1184085.41816247,188391.159034855,67374.5385640457,204349.831676892,22645.5873966124,13685.8240411415,26608.4445071998,61028.6656192665,12214.0977139536,25860.3125202415
"P01812",3328127.38420887,839518.16986608,16648.6734921251,30775.4222347305,16346.3439972947,2502.63687875542,27313.7359012689,4456.66018150781,49300.2170217113,88925.7791827564
"P01813",233715.963370691,4326.98916504093,399559.73609528,19637005.1368942,32590.1206711724,1248175.66092818,21795.8723463924,37238211.4625554,7251.48525276768,6231.62441193487
"P01814",1670368.20781348,40902.9412515003,60475.0934145021,3195072.58250181,20558.3867495076,179028.96362551,27337.1965284807,711953.254977407,28636.6120027188,19734.4540264745
"P01815",1467975.42474343,98536.4129677419,33280.9797190801,378469.064353225,22469.8070182016,54798.2944734863,25984.6438496244,229889.440862228,24098.7233817516,27318.2982808374
"P01816",1243654.86681562,150932.761782468,52804.643922688,498312.714606331,20573.6221312895,46515.4012287316,27308.7684484877,293248.321385131,27004.0434005174,47072.8892680235
"P01817",1271544.57064129,51242.4812109906,60873.3104885062,2273099.93882497,22963.3458850057,210293.264106537,25864.9271385175,557235.342593627,22205.3422507312,33512.8267408551
"P01818",1123716.94662293,9401.05037213578,103418.898791881,13644656.3943573,22518.5943078266,932688.510868793,24379.2159668427,7461861.51617698,31671.5273813789,36495.9668178428
"P01819",589023.738072721,9576.70229385805,167981.613323047,9357430.76965569,26981.2175595005,536340.835620968,24582.7448737551,10921981.6309603,16684.9648167265,24695.1253588457
"P01820",1139599.13198929,62142.1368240695,86607.8059985799,3281049.93043294,23360.5868736216,179180.232245507,26189.9577889332,407882.71965608,31217.5997003703,27698.0464242328
"P01821",3732175.76101494,456448.572393008,12755.7922415053,182551.667374847,14875.7350362927,12334.5259705068,27794.9942052203,28824.8886368548,62059.6066650972,98248.0924868446
"P01822",2260968.3835536,230743.347249476,32910.37335346,356800.959206788,20961.8690702691,26556.7326079982,27848.5214181747,101547.20442792,31042.0845767984,56344.1942832213
"P01823",3873281.12240727,210515.78145552,10811.914985128,624723.970232858,16069.8129604231,71825.6655459803,27924.133618545,105537.490430498,82396.6184792808,149650.781723594
"P01824",2522823.73127936,398694.094494294,27647.0884978994,52616.2699611064,19525.0443966206,3156.09528873551,27908.3278438601,7841.99272857186,28522.5812097777,39920.1297370942
"P01825",2638154.85299138,268756.127935188,17593.1777027966,227455.726980177,16896.8424955054,22455.6952069767,27773.537610079,70653.7301712976,40860.9324075623,62690.4601386215
"P01826",1532272.79443399,123995.491825197,35439.5308610295,578705.746638232,20914.5371077257,38801.1528191935,27055.5472291907,73335.2026881932,34417.9535853184,62594.9113511366
"P01827",3976712.02293601,522031.250534241,7968.37006641252,52091.0450646729,13831.1521944232,5760.92776630446,27509.8195328387,5871.22048216743,64087.6732878539,120072.970808414
"P01828",432020.279816787,19806.1442958378,229118.625750821,2405373.82728124,24483.4777206358,103936.249619411,24103.777457652,771533.749184475,12426.9904431229,11133.7959019358
"P01829",159885.986138639,2200.5026505686,5154613.44696822,500106394.190087,76338.1118379593,65612453.175207,19757.7025112636,3641573464.16674,1349.89030984311,2170.46357524057
"P01830",577565.108367783,16250.4521702957,200377.702071862,3874002.23147849,27205.7215273319,506207.135476645,24406.7145114054,3830198.66997949,11910.0769047366,13300.3184236353
"P01831",1304721.83220238,95578.4348264409,27293.5546011775,678912.136056116,18201.0563181999,47340.4057987515,27645.0607948452,174338.468539282,42256.3739484737,60533.4958060409
"P01832",916999.67701484,21119.1844291837,143605.703613031,7211534.29369899,22821.8325249801,262804.031856424,25527.8401393019,1686318.93109239,31274.5904398896,45250.3090822747
"P01833",4123976.77340964,617834.001420592,6215.99542015776,269031.904287247,13581.4087452488,23999.1241475894,25541.8093319422,12684.894376584,93032.2829245463,178417.076994702
"P01834",3246045.59435365,390678.436927337,21510.437300143,189512.785536139,16483.993491565,22377.236320194,27928.6875759379,34515.3304190813,42357.2043186761,73091.1792629049
"P01835",2381159.47590605,133382.177173156,17160.0696099205,356344.973622682,18079.6149063297,32976.0132228686,27685.1509477036,78972.1919689575,54878.4091991824,108245.308984824
"P01836",2869730.32857743,756634.36458261,9261.54689290311,37113.7126025721,16768.913917339,3077.07286212368,27922.3758073941,3083.33876962093,36792.9455193558,59180.8166617857
"P01837",1877912.95222671,76140.0814016377,35225.4818688935,647679.375352473,20127.0205973033,70234.1092900063,27318.1565535097,168381.685084643,35925.0792848928,41835.7348114707
"P01838",4259041.46680305,755966.043384274,7910.22169222277,48671.1992841043,13449.6929324517,2592.82562919056,26579.123711036,1336.17937589039,70882.1489660491,131949.718575248
"P01839",2486892.27454091,263001.42395143,22679.8562029238,102901.719365893,19252.7543181957,7884.69565198253,27897.1858855205,13758.791506699,36649.7505193219,58946.3812070499
"P01840",756309.803227003,100270.977593847,93330.5079580691,551441.248140871,23293.6281074603,44879.1070221174,26122.3793409321,693753.641314808,14662.24824115,22451.9093803126
"P01841",498400.274537881,23506.0046183983,195128.16669802,898568.226300192,27993.3817558477,76804.0524611373,24626.5892397085,632301.76809963,10187.7921713994,8991.93002439446
"P01842",976825.683989381,95006.8220130361,74684.6761536387,660466.183311753,22103.123015631,35188.2309311208,26627.4781124898,185664.486447063,20795.1966005205,22046.6120405551
"P01843",627104.74490715,14884.6452603811,154563.684743039,2943478.96065099,25294.9369897033,99982.7157668968,25649.2814505097,1018521.06676407,16212.2367726993,16417.2406646149
"P01844",2689979.84427371,259758.881241544,29586.8833738587,222692.273251719,18806.1307993027,11065.4517260622,27675.2319753763,41820.7874251041,44830.800891348,73864.8853458935
"P01845",2783773.1197912,216157.36435767,17973.5862118178,694572.132580949,17354.5539863353,26668.0951471444,27878.6065305519,170537.018575726,60560.6765217956,103257.429121576
"P01846",3965360.16003474,813280.963262401,2043.16318068216,75047.9285228471,7873.87291366861,13000.5218320222,23058.4579523301,2109.30598961755,88205.8132745847,155478.139819798
"P01847",1191154.92330424,120035.33991848,44601.6641101535,628639.32781776,21226.0361524162,41421.3611777053,26685.2174410387,126644.030212979,23852.964895194,33684.5084888386
"P01848",1188860.31047047,54897.7042546926,50849.6436896203,1398610.18885889,20319.5594451074,96309.3177315728,26523.7043335645,574993.590867866,30239.8994125752,59211.2879967571
"P01849",475548.73119717,40263.1200250865,138677.997580218,2065849.35950163,27441.8856270287,130490.494529248,24041.6517515021,4870850.82733699,10393.7549941223,15318.210634748
"P01850",1682418.67566341,252345.627400371,34096.8557486118,320976.190084364,18199.1744162918,19497.1114536253,27550.5230829985,55206.7527546945,36349.9162874202,69413.9154293845
"P01851",908964.72373685,146313.832835656,84684.1224447494,348674.883320549,23758.4902827513,13908.5952907532,26476.076083057,44149.5322201359,10293.1135298905,12206.1909132579
"P01852",4039771.45530989,607513.13842788,6476.63215783224,68780.7663177332,15381.6541197687,4416.35424336861,27653.0972767384,4301.99968379196,77738.5699718644,149366.363115436
"P01853",333738.351596969,12479.7882979764,407138.928791427,2603785.88638751,31852.4624722017,152437.987403838,22831.1535278319,2291373.00417478,4771.16671683105,4806.79458652545
"P01854",626727.483657927,14463.9056556832,205522.174416767,2712585.97099896,26338.202227805,133057.969494294,24695.9184219001,2164039.85052119,14956.3141875532,12070.2673949583
"P01855",1403058.82379356,357622.716187963,45471.1470383052,64578.1827218803,21010.1911491569,4399.16456739293,27902.1477415285,14596.383566651,21029.8067541974,44366.9445420737
"P01856",1601403.323806,433760.15625347,52853.5937831191,88529.3206615676,23336.5839008903,5942.67244723906,27134.7376596403,9866.51866100682,17749.0523624089,20341.0221635811
"P01857",802647.650067111,34982.8637406795,91849.2512364889,3016305.97500919,23773.328553441,127153.757496169,24932.0115534951,1821106.81356772,20779.8508117151,21043.6156451231
"P01858",1035392.69182795,272069.121333285,32779.0100538744,276535.707784121,21593.8380995187,9357.70077851443,27636.6521546772,37750.206672545,22018.3769810045,34697.6886863542
"P01859",789433.527864703,38916.5553531893,57469.0172387346,1328332.70666004,22297.4532667181,109452.670664826,26158.2369056457,506029.482496278,23784.7177113156,40710.5301025728
"P01860",4053205.52198441,802806.464784913,6073.14418882056,42606.5414729506,14480.363736462,2758.66627954616,27073.8638459913,2683.50343255177,62662.0288432131,91743.7054033692
"P01861",3294624.51905308,143496.9566505,8267.22439285841,1441278.83333558,14872.4668751745,115655.554371116,27838.8160127753,97971.4623406789,90960.2949299915,162182.540360736
"P01862",2852341.38910604,823734.837098518,18501.0515321794,20767.6579451549,17912.3317479685,1508.66651268641,27880.8562434106,1617.08462875327,22944.2625887037,36360.3149857692
"P01863",1623142.2538105,118482.80508181,53050.1383709371,510826.11156151,22704.7883001,30447.3423198914,26644.4792796843,107466.506569702,26994.3527346951,32031.7887375877
"P01864",4666001.48247716,526473.49635304,3826.46874226372,407926.812340887,10741.6379969844,36054.4871391541,26584.406488151,5965.16396725234,99666.0159923942,180707.906788851
"P01865",1952324.7766762,121325.730998592,35036.5429621778,1166656.94977632,18632.6077852373,59132.5736072073,27268.1974486012,674173.071725771,47871.2109343566,66215.9855732325
"P01866",2969188.35411591,392583.788566738,16736.8543528903,117495.67790951,17440.8306808052,6904.38760539704,27726.5713773336,16392.5917642651,54663.7693561692,90515.1825517298
"P01867",2953869.87833935,540361.79282629,17586.1532446985,77166.8245898763,18083.5492237193,3407.91104284101,27927.9034541925,8341.99543164062,40555.9949600532,74595.5325083644
"P01868",1074524.58302676,71379.0713770084,57826.4199826628,1324568.73989708,21979.2364796593,143566.039602861,26316.1950685824,815388.151791926,34665.0831851011,34367.8323085146
"P01869",4620736.06184196,836310.900066381,4757.03755304076,57393.2562729341,12276.7867489338,3843.69736943904,26212.0948542559,4899.06000415991,92995.283768786,164501.931854845
"P01870",3416297.91952878,589844.189046812,7877.16052402343,48159.5794321463,16504.3522291682,5448.27265977645,27809.6311386639,4256.45818207888,46483.0083166688,80131.3646849464
"P01871",158534.111880717,2493.1182771834,1107714.32940683,50483794.7594213,41043.2774106658,6790886.05707684,20205.1322368372,301658984.65964,3761.21515720639,3360.00822490935
"P01872",228910.677564037,9174.83514169195,784415.114547913,1431422.36462618,37364.8001889937,88950.2832078145,22024.0180973476,6793808.24592513,3283.35502058382,4172.63658177509
"P01873",1236322.94826109,174033.011206434,58268.6450104103,178294.087233653,22075.2752508209,15041.2056935537,27066.2508554745,30626.5572286504,17104.0499970748,26477.0383439638
"P01874",531941.683800427,145678.234430593,128573.191474925,268302.676122109,25685.9238218638,16037.0676440588,25260.4790472854,180546.679942211,9124.57720672899,8924.48367885783
"P01875",576034.907781407,35959.3644813385,110555.227659876,966592.852847901,24248.0195367011,46666.4931564359,25541.814684915,282265.894885505,14155.8306000168,17209.6277461432
"P01876",4663838.93398653,716656.020926138,4466.69313218207,72966.9991092766,11090.2293255259,6369.0002537096,25806.5247906602,2776.852632294,91533.5440543886,173454.003611075
"P01877",1151646.00245135,162287.954866429,29724.1598428994,535735.143138272,21409.2433561192,25137.0027321985,26908.478687145,122825.810947323,29129.5268230277,70293.377515291
"P01878",4644315.93230777,845436.008151372,6001.01198169088,33034.9500495707,13036.7312873911,1996.49151447644,26622.7524653969,1867.61690793017,77258.970701995,142452.924083585
"P01879",1580721.09013909,112351.323732717,17997.7378833614,1020163.70177743,19185.8923674558,53397.7436456198,27698.1333689172,66576.9417501842,51236.5510744307,45264.2384770702
"P01880",267395.424017386,10943.013925674,299659.778409201,2578154.18316317,28754.4700585011,114605.689739585,23176.0087827242,4121673.20700826,7282.52029662709,6079.88494053168
"P01881",4684366.53683121,734915.175461571,4457.43474248807,51892.6935633616,12446.4980098578,3620.39309813675,25880.0535525146,2001.57282755303,78990.3484235473,153656.594126584
"P01882",2487772.39848955,108039.11319407,17889.5049894941,1279002.71575421,17592.5401776807,91683.3536258712,27930.3794614824,156599.005071703,56560.1911534125,107436.525921188
"P01883",4589988.74612243,519781.694675145,3677.38252599637,160157.515145361,11093.8833294842,15463.3156537993,27055.5979483181,9359.7794319379,94896.9389028056,185426.776818549
"P01884",2200800.29456732,67845.1553551332,46891.999696654,1367946.92276573,20781.5277514545,181325.358810797,26860.3948737961,672594.423813079,44760.2008395376,76571.8735401278
"P01885",1916416.05391825,420960.311296439,18958.1501700068,104592.860242612,18588.614596424,8650.17554803496,27852.8819425936,33445.2518914306,41930.2144781139,45932.2211987519
"P01886",4617035.76782127,505538.932339357,2752.87785511446,491229.151477071,10444.2283957785,29389.5531032972,26237.1191796172,6188.96847190541,99344.4736520564,166383.929692539
"P01887",317313.063633365,18709.4641926592,287342.237883957,1342543.77809888,29167.4277086564,66352.9785366004,23828.7864791881,4179786.09550527,5574.72570579781,5366.04153395663
"P01888",2836402.39539055,134856.027734039,16486.8731440969,1322118.196598,16118.7563664267,81300.8460949555,27783.5588353426,39735.2030035857,72666.1789108806,110181.587664935
"P01889",1640302.62815412,93770.4838023432,43550.6657851998,1111787.71205154,19014.0974976866,49334.7104262552,27633.1171027973,114232.782352368,36918.7020107211,85940.179909976
"P01890",4500936.43495628,695721.094180475,7606.42377902917,41473.1667823421,14261.569704995,4188.67949420681,26287.6582274931,2140.3044234624,75967.8311959037,144324.372047403
"P01891",2728602.73990005,750413.290333441,19242.1312332901,17542.5020707299,17175.067827976,1540.6828428606,27789.7968481407,1929.13721332115,29964.4421911322,51968.2118354767
"P01892",642413.225686994,112981.781948913,220475.170029004,115582.083177914,27745.6014419065,17093.6679600075,25974.8660000165,154101.954594938,4910.36599051077,6772.09383937488
"P01893",3128213.34672038,432645.265987389,12159.8714578275,100573.621589362,15903.3155250761,7759.38739495479,27932.3106893188,11531.9156640122,42977.2913009943,79006.0566338854
"P01894",3912340.48644595,900495.598062836,7040.66919169375,15913.5719729915,13867.5043350901,1112.003680162,25827.0694808731,1204.84898892454,50719.6793856837,118246.666132596
"P01895",665714.680536135,210868.949803298,61051.5441507517,326471.937764422,24973.7896663058,41920.398672784,24811.8035278403,49923.651673402,28218.9017686832,137280.340024191
"P01896",1913135.13357447,104359.305180288,21182.3965198642,552994.739133146,20301.345227802,39250.3975994173,27819.197319036,59420.7548031882,51731.0956140591,65977.5851481103
"P01897",987950.872671555,35350.1185203741,48194.6592942405,2554196.35920134,19774.8213084836,169296.842532969,27176.6005078796,646783.792028941,47551.8809851659,46552.407062788
"P01898",4691704.00877482,853385.000450831,4923.64200063232,58017.0007552748,10938.3044773577,5418.21957161452,24907.1788629902,4122.30385749562,87508.993289333,182465.618376921
"P01899",677673.799531243,98731.7007588295,68304.4458790483,457767.84892506,23278.4781028321,23689.290058945,26499.9024362368,97251.4069579361,16497.0757816423,17607.8432467247
"P01900",781631.486773651,152832.10628067,92864.5746406573,285569.735824587,22930.0806500405,13221.3613710026,26230.1728257555,83784.8904158368,17673.2947148725,24123.0891889427
"P01901",4464428.39245025,930919.278364171,2740.941205449,41000.2279455945,7809.29248751549,3859.53392068643,22145.4179601633,1605.69414873692,99406.2464308189,163460.325373103
"P01902",2560963.54553682,270240.33921752,20214.4466052406,162686.836813799,18143.0890320064,12407.1996692527,27930.5751798144,10658.689234635,48084.9053237654,75750.3820347478
"P01903",374056.10542705,9964.99927665458,193334.022888236,6123733.2856421,28811.3089915152,432991.153864134,23133.5389070701,7548358.94316771,13784.975613941,11769.7104902064
"P01904",318060.014332256,11317.2851066505,343340.160612266,2547563.47886641,26605.5653998898,195772.539701153,23125.9057698193,10739080.5563269,6690.67167679501,7819.61293981831
"P01905",621700.122062515,7525.33791696851,241669.877623442,6407826.04013288,27011.4533301471,414931.377711302,23183.0103464783,10441142.4602983,8083.55888782529,10213.9293275861
"P01906",1227880.11017527,65761.7301593961,31884.291612226,1694008.84383051,21898.0635063898,54901.5652987254,26063.9459237808,175826.733730666,27592.1614220093,31155.5236323242
"P01907",267530.494456974,5450.14634231151,281214.740905898,25497797.2727016,28590.5996409901,3048282.03238834,21763.3827888941,53035326.0067212,15696.8026131373,14844.2916044412
"P01908",4589056.25161208,883931.81781184,3927.6416933359,41254.0342045121,11019.7720700772,3193.47402888085,27285.735325123,1874.62753524891,84591.444888524,169075.411884041
"P01909",2000156.41494589,120247.297819243,42915.7945192394,583511.492877414,18759.0374666504,54841.5944858245,26875.3995823245,221828.066283325,31694.119297446,46685.3284910007
"P01910",4375237.94735962,919914.02259806,2554.97285666937,13444.8715226686,9950.67729743433,1276.95261885246,21301.501034574,638.511054461217,75997.5590543355,176192.241908958
"P01911",4668777.37639413,837771.757020002,5597.57061909729,33533.234445339,12210.7879938343,2656.97660452911,26557.4146166513,2537.393646328,77945.1988856568,146614.003585659
"P01912",3804816.41493503,618528.898230944,9801.95453449658,114548.392128829,14218.8167118508,17401.889381104,27912.8151926379,12318.1593317233,64670.6691012438,141115.791352848
"P01913",1472932.12641362,282432.658458647,52126.4468009949,125377.841696393,21474.4643345388,15061.5074255706,26872.3445243219,49627.9976410524,19770.7241798291,38891.3146772747
"P01914",896443.308892071,255135.37541535,103295.478334886,177876.767574625,23054.793197931,19494.3189399294,26167.77926833,42187.0958697808,26568.74061944,128531.769940238
"P01915",709941.493082264,23796.7353683728,91363.2157049361,3480776.95124667,23992.7544061743,277538.985507745,25157.9225270483,2884870.50642101,21135.7719440206,39016.062659098
"P01916",2798454.80116106,316800.059205644,12479.9793716675,112836.156294415,17546.9698082611,11196.5395160927,27812.9421103133,6879.01799535919,31000.3115676323,49969.2625866585
"P01917",208148.206015669,3294.99731035518,586295.649029653,28675885.7655072,39879.1453279949,2090462.81174017,20955.7637467357,41089937.1473693,5099.77494693029,5050.37746767796
"P01918",1740371.07767267,158312.686320921,47951.9978520047,1053185.319439,18401.3878332171,41633.62159632,27029.0067971155,230528.692394,52449.8513302211,52004.1831715377
"P01919",1180403.73982936,61595.1671339532,78838.0789992916,706382.661021038,21809.1560981356,113355.771237757,26405.2164597095,277894.648570949,27826.7397302892,38927.5346085996
"P01920",4685549.54895294,819731.321818913,5215.88525486325,35371.4165769744,11619.9327669081,5856.57712894818,24367.1037680576,2558.19235120443,96064.088332883,184592.710458814
"P01921",4687622.89169847,929801.142151023,4682.76007882742,40106.8828953273,12056.8019279195,2312.1866392218,24826.9737665817,1837.79394858017,80471.8138332877,153294.435087605
"P01922",406552.835624001,360897.417698772,268683.969637369,302759.153775207,27986.4503895974,25206.9108636844,22454.2606472173,31163.9369466308,11586.0609338476,157905.157780377
"P01923",1231396.60601122,72031.1648119208,63807.8105163063,514373.851578426,22086.281691201,57106.0429067505,27149.4335193706,220991.503834071,33806.4658593454,36155.6645714227
"P01924",3002655.24952375,861761.642931454,16586.4306474207,21871.0243594886,17263.8365245371,1993.43414208586,27089.6479788485,1743.22439673718,38428.3228533713,68304.5995213272
"P01925",4291413.04139667,270485.899208239,9259.63061116043,740636.848874217,13292.2456709554,76437.5830489216,27746.0321562152,91406.8422464947,78200.7818075972,161338.556049381
"P01926",715563.145043415,32645.5757372203,110099.392711433,1334140.86956078,24193.0936107874,111886.415227769,25282.1379382972,536552.318404182,17287.41651902,17358.5952437872
"P01927",2276788.19164965,205690.0925823,17012.6524621516,499186.332769092,15881.2446784777,43633.7573997369,27926.3140677865,106973.817041526,70634.930597141,147894.27437713
"P01928",1433816.68334719,69564.1478987024,46301.1321191238,556517.223319247,22289.2004886051,47063.8428288155,27488.6800808532,174135.050138947,31563.8755067462,37778.5305369653
"P01929",3953418.12639609,920344.867640126,1661.19005389312,24220.7885791461,7994.39291498845,2355.08769659866,20589.1510954557,553.536716298446,99505.0160409543,173195.058187621
"P01930",1428314.72743958,54984.9188541339,41387.8405905702,1469828.4122134,20330.8547578332,77012.6258098898,27065.2811148854,384590.8897246,33104.2204255918,63223.5351481736
"P01931",401687.923972764,18106.6079711383,184368.219791841,4154113.90805314,25505.2788918203,219745.185238076,24095.3563218396,5419860.99746728,13690.3770269588,15664.5207075745
"P01932",662241.007511594,21042.2321404337,120906.327116879,1694597.94249162,25326.8756642407,69675.2692621569,25282.0387960122,1404715.65029476,15123.1383510414,20477.6986800053
"P01933",1285104.21258334,144641.57120019,40332.4301198282,405124.065027291,22594.0543878295,25069.5800471477,27259.7558946671,84271.6003577786,21114.4139421885,29853.1735428139
"P01934",1764361.78605789,133809.512680165,40688.3410404352,444669.835230924,20719.98525246,35228.0291732868,27356.2238680511,72043.5666740079,35846.5501045816,57417.1018482206
"P01935",930773.485310384,26594.0789205696,77728.8239750794,3199494.6249666,21972.1694889437,261810.374597268,26632.75279368,1632140.74733833,28528.1461959185,30706.7834347872
"P01936",4161996.18993222,920568.149239118,7151.10836436573,26583.6706142325,12545.3562691975,1521.06404380539,26483.6874293427,2306.68443243894,57741.6994340586,143230.807828278
"P01937",2345746.90067496,512413.818474262,25598.5516500032,62653.7105825939,18599.9726072825,4855.25870207759,27905.6084733207,5562.00871665318,34573.8698332674,56268.0474356497
"P01938",4528579.24644551,911369.15758603,3019.37922925298,38794.9075644241,10130.7193160005,5063.80135599081,25429.9774929592,970.610304675105,98306.8706425811,184022.937736976
"P01939",312587.920849941,23221.6302853983,350528.965723735,1658246.00934809,29833.8610211608,45751.3532785977,23215.4718163771,3365919.1458176,5916.01800185361,5846.04849494916
"P01940",786898.012410281,63218.4335393897,89625.8508797961,473599.993683102,24320.3083735854,23663.9821049524,26314.675189944,192257.641230218,11322.0830768209,10528.7726162247
"P01941",3707409.307431,281095.035972201,11378.3360156338,384342.645315703,16615.5132538619,39630.1151291276,27846.754968416,34618.3686851265,72903.2279804586,141829.168411366
"P01942",985471.627391434,26854.1199836506,43472.8966179072,4112296.27851184,23276.7135177878,349352.414186758,26311.4152030738,1942328.72163351,27986.3605280672,38027.6435240137
"P01943",1672919.28221313,272855.712201905,24311.663896911,301683.02926393,21089.1924498009,20216.1397309254,27652.4291537916,108267.350658026,36576.8528205335,52962.7414225703
"P01944",312299.372703687,16070.5129149457,257754.724827277,2593073.46216426,31342.6562006338,201821.51558039,22840.4351604082,2717956.68010083,6866.11488369696,9396.82351185273
"P01945",2136663.38929441,321772.472524979,36337.3845415832,152533.597680334,20810.9110791502,12898.2285926168,27666.7157249117,143140.574313487,21368.7078158492,33726.1845851134
"P01946",3057366.63171352,150415.039500275,11367.7342209105,347995.295238627,17496.0818688667,66427.9943002495,27924.2886385527,55522.0155067836,58826.7388604802,109989.51411531
"P01947",2432642.56629459,460204.658140714,20408.332458888,65105.9728493356,19513.7943846338,3919.27286476055,27932.3886997082,7926.67618768122,20181.5730676211,36477.7710645618
"P01948",4457395.39342996,682437.102513748,2745.67677064743,37768.1429030031,9960.41056288343,3864.17815023295,24575.3015070942,1981.4098935663,99477.9122099447,185293.239790627
"P01949",223598.753293717,12110.6035840129,482232.330007347,1622041.68534537,32810.3365660837,104723.508549386,22290.1763413595,2140640.87595601,4297.71070911623,5555.37355114576
"P01950",215899.104581837,2425.06897920415,19230058.9367929,569654771.722561,131989.807568271,83423136.8691871,21468.8723097643,6201507867.39392,935.775124600616,2419.85458770025
"P01951",484555.095763178,41085.0918086398,190756.314136055,1123323.1702665,28667.2840700784,54985.7904189817,24062.3062143457,1214972.181283,5376.91688916157,7130.28425162465
"P01952",346098.567747816,25041.8745494889,191627.848449764,2033068.29794385,27180.4729372302,92144.7041940106,24866.5662784446,1933175.04954008,10248.4016099232,11723.4969851139
"P01953",4029849.59097276,518025.538625463,8765.24490702035,48331.1542905327,15058.3967289853,5510.94913973774,26815.7841190421,5215.28369506723,69087.185254554,127985.972295644
"P01954",2584418.06619134,380616.950950692,13137.1080218227,212032.565800544,18488.1545743586,15712.9458035374,27931.2094279545,34996.8948300869,52507.1381234551,81826.5123652279
"P01955",2469025.46876376,185696.019922528,29301.3709500407,301515.766168797,18619.3881865295,25213.7317929455,27914.3050302785,30384.7717846031,51915.8752013998,83045.8848540937
"P01956",1308914.54058785,67287.8222459745,42799.0619919631,2007045.63653913,21726.9177188571,148147.723936449,27150.6196787689,524738.005531539,36166.4023155168,53756.558896512
"P01957",2664974.39993874,177686.675678554,18780.2964951415,484134.459059771,18278.282446386,21317.1969819718,27820.155448531,72746.8603438956,43968.4346345948,78699.3607743027
"P01958",943595.060870986,30777.2547972597,65587.7689830756,1832053.79461888,21512.4404834575,96711.3497932568,26530.1029614355,1011166.51279584,22258.5393938386,29299.1353673206
"P01959",897407.922584353,31481.1619085029,57740.0310372218,2878268.00131794,23232.6686686742,115245.064947578,25258.4273884522,968439.303880711,32641.5343844756,35251.9589549144
"P01960",1533588.0316745,114082.982156839,20032.3267575912,422427.598654153,20583.685854168,49645.0210550771,27785.7764547996,169843.800125443,32625.185916244,57542.0997825559
"P01961",4685026.70128724,580647.194419833,4358.7701392574,84501.1876619413,12873.7323901378,8213.78367274794,26358.5534174362,4938.86396259399,90513.4548491626,175901.446282694
"P01962",3312795.84207663,90914.5987057167,8161.86778359692,675501.30525104,15736.5146165722,28444.8521315167,27580.0185344805,56900.9177033206,64313.4973670652,51124.4718696521
"P01963",4429989.03675599,604847.997457575,5284.47642459006,87150.4968505814,13375.6077312376,14034.7195482383,25229.0608645917,6836.34512360795,84329.9958939578,172429.838404054
"P01964",205478.521575453,7118.99303591014,676434.587067553,12684105.5962641,33613.3394287698,668783.305168566,21060.2588674142,24106235.5124821,4174.22303811583,4376.37815461253
"P01965",2491056.33355968,168127.221513216,23784.0629862018,1151716.88433151,18925.8959354218,77434.9340061954,27897.5228570007,171115.157896621,62048.7575851387,86114.9093492833
"P01966",746481.546913723,32023.4894616851,119430.481663269,6909869.63565788,24126.8299485142,471940.224994073,24569.4359828672,2026716.6293889,23713.129877983,34771.5563835085
"P01967",3414779.54811056,776737.118931015,12844.1830336212,29739.4753149912,15720.8896736117,3670.19283583858,27409.245134851,2636.65784177545,44477.1625010718,64046.1934931163
"P01968",838702.228831304,16180.6823376531,45525.3488124019,10700063.7628718,24226.1989711657,446526.068859854,25416.7606876243,3990952.91498978,33471.4027077891,21849.8460763744
"P01969",3888595.2984793,680255.735273954,7382.95980365218,53137.8015453618,16353.1078054956,7702.87025537657,27695.2114801888,5072.02765784136,77232.9024489999,152603.986588592
"P01970",599004.435119316,13769.7750542381,234112.515293134,4018472.82659167,25595.5682149627,287074.622401302,24073.5054779521,1684686.55745185,15234.7136324743,20745.1421048852
"P01971",4431677.41857558,17313.957894895,7713.30215656373,1628312.22222669,14013.3680443333,160685.852053629,27238.4836080401,889662.740619015,84338.226066521,31390.0067420279
"P01972",4556734.13563645,579893.510141435,4685.13537313434,107580.772488968,13798.4506656141,9260.62670435194,27228.4796986749,3232.42822296768,90778.3647451998,153472.147220463
"P01973",3010581.67582214,922467.15082635,1207.1156023137,26178.8212762,6237.81490345687,2377.54340438171,20520.6645876189,948.709721968258,84355.7282331927,143244.360696047
"P01974",1154926.55865512,48553.1033060827,71837.9341985662,1935822.91119968,24823.2451322977,100519.718572622,24112.7851184525,3555627.12484645,21533.1344320336,28129.336206635
"P01975",4521994.08509724,313089.910879651,5240.2061136816,1245656.54775855,11655.445233444,107209.002306096,27712.8196253095,173366.881731855,99476.2853671461,185414.570768568
"P01976",364052.780751604,7868.16239555029,116411.669568291,9529318.53237257,26364.6186064919,1715021.48965908,23877.7284825873,21862060.9213606,21079.3089889716,16657.4259474163
"P01977",690464.868875506,24457.0458793082,72568.6771511407,2078720.2082368,26130.6169634061,145147.983369716,24071.3553970226,1313823.71890914,18541.335007609,16384.5189791935
"P01978",1490362.76328337,136247.852280375,33542.3590158803,392577.16510203,18757.4055062404,45670.2949583667,27516.7378106218,151084.433387073,34252.1439416603,47348.7841027654
"P01979",3120175.85307092,735160.967873119,19252.0118129681,34672.8493140663,16209.2190275529,2762.08435068548,27714.540144293,3928.21373244577,51777.1133736031,74105.7348537978
"P01980",424141.71520692,115745.877199831,213051.2240131,420147.3722509,30264.634660984,33373.3520156575,23826.3513948885,257374.410137252,7006.99280286193,6238.55980788283
"P01981",1381652.60151327,176140.688011701,39077.4496319424,281246.399882201,19600.2187082551,12896.6282247628,27666.4483372965,54851.5082193932,30592.5168958417,54459.2555303964
"P01982",3101973.81008625,161259.582032571,7196.09675568309,1044920.78542833,14399.8146400429,40914.9150362072,27811.1353685715,51790.8108071736,80176.7213274866,174224.39289819
"P01983",2209521.67643574,168090.090659142,29798.2709282078,411805.345146861,18624.7853948001,26547.3110280934,27286.9146268962,111532.708003956,43193.5596849544,50914.4771387718
"P01984",3566431.55583209,733670.780647028,7136.28291839801,58936.0353569429,13636.877133113,5026.1131056681,27534.2437969865,4284.82035361334,48398.1867340971,151936.4315919
"P01985",1695731.73420697,99759.4281799989,26057.4553212916,686372.266924315,20930.2989659853,31804.7832659226,27242.6667814878,86098.5405255726,35175.8239143059,53358.7197985213
"P01986",383600.956211672,11617.7917279052,417492.287196738,9156102.04780845,30400.6949538957,387150.32453769,22708.8813873572,9335829.30763747,9717.74712318206,8209.10848069829
"P01987",3169604.59519278,241569.388165406,16909.8097669351,221373.607272109,17137.2208799301,13749.924269034,27893.0016393921,17007.8025848796,56247.5066181119,112721.896844005
"P01988",3330978.72417279,863191.910091945,15888.1851224782,20605.2170483035,17702.2106187427,1520.42781682927,27815.4549836105,3062.32589716161,33658.0137632783,52932.2215187426
"P01989",2280185.24433334,155592.449666799,25813.3584978513,621479.358947747,18199.2840681638,28419.3706767195,27604.2869182908,63992.5285076895,40809.3186429828,56644.6611897553
"P01990",1481746.42477204,607150.217383052,36920.4014232267,34291.8670039033,20134.9226630885,2232.0575957541,27927.3074565625,5745.53550762772,15357.7254297857,22231.0992144427
"P01991",3041937.80957365,553535.916243443,15627.2336716677,109167.073211437,20459.2968529917,5424.2496344406,27878.3990242365,11107.1791254072,33298.8919605937,49077.1839625482
"P01992",4338051.16274255,901486.172345157,1567.27144151275,22807.6097622545,7290.35532516675,2526.41379090511,22763.8225539153,775.360308886046,98836.9414492858,177364.671745544
"P01993",4074939.56121312,460669.28808894,5678.34514365277,235168.176125748,14003.6444384845,18968.4373095848,27585.416715577,16251.2852943071,71245.1353853044,169967.426017185
"P01994",1586460.20386459,112563.890119803,29380.2083442363,449711.254383478,19763.8723887033,42712.7431684167,27910.3356421392,39812.4646925363,41116.8367218939,69780.2674606303
"P01995",2280777.62801371,141230.57557205,18874.2306616262,964390.763120249,18031.7463210465,73362.5416280923,27660.4400484711,86854.4862480068,68103.11924798,118442.513450246
"P01996",170034.378150202,4729.00032009755,1445109.42837072,9908895.47058869,44644.537996998,338527.312640846,20504.5189091607,28272947.1555879,2011.02951220051,2456.98050464768
"P01997",2771170.56972643,282867.851926697,14946.4858892672,160663.077378963,17060.7094870398,14273.8646155169,27902.7304117625,16426.3113386648,58340.8891956114,117989.313143399
"P01998",1741243.20493244,204170.181814013,25744.2010198481,389106.853010471,18528.3339030161,24613.7521095914,27383.5565077401,54266.9480186977,35238.5795157708,52851.5119296019
"P01999",4644738.87435487,739482.011118544,7815.03262071455,70325.3906940122,12242.7306618936,5397.42813743647,27208.4461398427,6403.05627615473,71556.157466444,140388.826393393
"P02000",154080.821921991,19707.092709055,881428.140956303,3619174.77510087,49967.547317976,406234.758188986,19795.8513085884,17070378.143809,3218.8111253563,12037.69455319
"P02001",3771562.17293388,508788.908334952,9177.20906377954,111965.917380051,15339.4624003612,10281.4200258781,27529.9416775725,11213.1108175138,57474.9362872187,119560.003922867
"P02002",2218358.32804646,377835.826566149,34772.3356679471,69642.9106199951,20188.6722769931,3474.50505183195,27878.2736413773,10202.7013452147,17447.1230355068,24903.9117164202
"P02003",335092.931629919,19032.4633799525,206316.37844239,3171896.33905508,28463.4992070905,218225.750537139,23748.8089949486,6089472.08682124,11805.4816585139,9802.36336837928
"P02004",1671033.70823469,208035.961254386,38592.1960891495,295214.697632239,21461.5665342403,26487.8936394034,27851.402849132,98317.3278320572,32920.1307821354,74181.0168541622
"P02005",1797520.7650296,97839.9235572624,22333.7141970111,353834.884790924,20519.9880541394,37904.6479261631,27599.7879960713,85805.333603704,40297.9213511565,59203.2453371716
"P02006",1128976.19187638,111429.774905284,44478.7428059655,564745.857824849,20503.5399498443,56713.7000342134,26955.7357852571,99013.5662677039,31834.6414367971,42671.8405515955
"P02007",1056054.85906353,29522.7685726248,56939.2988604199,1238399.67856396,24489.3127463242,115354.045679177,25630.8394660222,1083095.8421095,15882.6819917902,21056.1915782028
"P02008",4024708.96083209,640607.908217285,6547.62067381884,56035.1234977317,16052.2717206992,5691.36007179821,27689.4459775021,2635.51283665181,65742.6652889665,142272.821580328
"P02009",1389227.79016074,158162.053702042,24822.899329988,615607.313114493,20736.0484723003,12042.8731226816,27508.1460897595,31887.310759516,22405.237208319,38889.5969441273
"P02010",4075805.39335761,237969.057590944,13319.5253843327,125765.811984077,15945.7875400595,9034.59010599782,27827.6413741851,6664.95085516838,68977.3155071031,114583.879259317
"P02011",2003455.85243139,305562.504997049,18558.2313979282,226703.059281852,20261.1520360698,16704.4938997218,27541.6305408972,54050.6356805234,42814.8369773118,56248.4381949262
"P02012",3100286.84964287,377662.751918608,12936.9613970293,235305.18130426,15871.2190719489,18027.7905481182,27932.3566586902,48029.3231159908,51763.3647617924,84371.1874769408
"P02013",227536.333586813,5238.57280799527,668511.374987838,23763415.2167783,35264.0122435662,728262.116942867,21663.468987377,62284166.5693935,5035.57738565418,4877.3597634139
"P02014",1230317.11839136,33262.1159615315,31305.801920335,4947935.9294134,20791.511953018,305221.912649981,26117.4318911544,910854.016656283,49774.1501703676,72399.3015188368
"P02015",4404488.54417379,398118.532365616,6324.69970200814,441667.32361169,12847.91167836,16968.4870395447,27222.4899292354,14116.8797004913,94618.3077766836,163858.506831486
"P02016",1014769.28410861,58053.7128187758,53424.1509110794,1455593.3407187,22660.0150855018,79417.7690101886,26602.0313663962,647451.284896287,24255.9059687476,30393.8959607289
"P02017",1053443.31388754,238122.361754381,41414.7115472493,194107.668100846,22873.1672747347,10040.8473746909,26687.6241055419,55548.7673793326,19276.9761190186,16340.7427693758
"P02018",708471.762928251,51371.3428833117,126086.457473655,835061.437122601,23985.2024147718,51468.3408942907,25104.6234449993,383577.036405948,14616.0615756577,14567.6892862929
"P02019",459539.298803407,367137.639011341,79585.3425890844,380690.512218668,26887.5205269638,49179.0631076631,25205.6831470231,89332.6729895274,17572.9994112252,87872.8671606993
"P02020",4557481.6227865,773803.520403003,4924.23402486965,61316.4167529507,12103.91279071,4217.65658322077,26124.5610405147,2515.43773502897,89640.3762404951,182413.050169341
"P02021",2162155.46644178,125484.562715613,16858.686762599,526177.867012811,18118.167351139,41427.8735778989,27827.044698497,66031.2892266886,48697.7363264774,78078.6637350331
"P02022",222046.769108514,6451.6516470247,825072.393682471,5872322.80499825,34413.4359469188,386524.17551305,21274.0047522673,23495277.359173,3195.55739366368,3236.81071177656
"P02023",719176.123933022,21670.925211332,196823.782193163,1860479.27744866,24854.3960530035,148730.479741527,24794.3290197908,978614.542771923,12789.9444591705,14488.0564537539
"P02024",614729.045889206,25333.5304008857,70862.3841833454,1874999.48179428,23799.7599169331,122546.656415821,25488.4535484259,585017.479004395,21278.9896341085,27366.9913085245
"P02025",285136.786930049,39533.095973576,344846.393689307,2020639.4028972,32118.2001861818,90997.1728241853,22822.1527483308,770979.658717155,5668.48817126585,15942.019670788
"P02026",2930536.27805352,145463.588430638,19445.8330763143,545031.56304824,16589.2197881775,63010.1343131396,27932.1318284305,75826.0056637122,89563.5554948023,128107.747963018
"P02027",4192092.01282379,871732.293043364,3386.44734241462,13328.4961835224,9899.90354092631,968.143179733074,24912.2404250329,679.795133401299,94763.6040250987,182542.51856466
"P02028",4323676.32154961,905987.684998666,2146.02798793108,49948.537205969,7234.51510179466,5258.54214775495,24400.9076997803,1635.29831007524,99533.590422572,181841.072692111
"P02029",152026.306280212,31846.3516294706,1920786.49705523,1822538.11791885,50849.8295380965,114839.175221499,19784.3529709957,1174388.38210976,2203.7322655441,15896.3651002608
"P02030",1487904.92108211,28674.8846004527,18826.7652684824,9829568.01727399,17786.6471827915,365341.251724698,26677.1633160592,4301911.58404071,67407.721681662,104781.985506628
"P02031",3242098.14298376,634342.772409306,18814.3816436061,121240.754291128,17105.8494682761,6592.07273595981,27783.8587457819,8867.03099915922,49930.9550506407,91621.0429876028
"P02032",2902196.69140849,276360.834989021,10759.8870552587,288790.237669282,16140.0894737281,20206.9129005581,27598.4590286898,18362.2046315788,48943.7679434454,75634.0275234672
"P02033",2348948.51466675,12412.1729899078,40235.1119342236,7429859.00014921,21347.6779821423,277440.710643403,27552.298773549,4022419.25338758,45321.0678859118,18286.4646765635
"P02034",1478399.28338551,281828.485195343,56205.0860514561,178248.102453885,22192.1322783567,10485.7188051114,27201.367490888,39132.792727185,14050.1041224434,32426.7235325608
"P02035",153019.686175058,2131.68272697798,5897059.78222509,184698394.435622,90026.5314189669,10345809.8671248,19621.2692332568,1173259266.11908,1165.64732135689,2166.00149684188
"P02036",654016.408890594,45948.5892807724,91758.984340189,547314.183631458,24870.8772016301,50437.2853772633,25963.4136847124,549483.867131084,12992.1799912135,17218.4185754957
"P02037",2760336.15885014,280701.273965679,20849.111324877,142143.694783683,18017.5938438592,10859.9135292097,27900.7219587437,32664.3400421172,44571.417116687,81516.9634044407
"P02038",4692081.95696542,750388.345933503,6136.98415897788,47000.675237791,10288.5044099598,2914.07617519805,25953.675926048,4050.01109007129,91217.6522670541,172350.54897315
"P02039",1459879.90875364,27676.4564510545,53045.0710654239,1835811.72432971,22597.0189636176,156168.454539119,26445.2250912435,1560421.118989,20981.7096051798,22448.1019085469
"P02040",2909115.91447632,306892.710405713,25593.7060545569,169134.850122802,18981.9639469388,13234.2969180302,27924.9885682583,32724.3433067013,45364.2926402635,46148.2701532336
"P02041",796649.818499272,37322.3676576037,70992.115480386,2621298.96776774,22170.3501857331,110738.789892567,24960.9112275411,480693.507634352,21576.8964978302,15695.9097790378
"P02042",4650336.69866137,891496.007887235,4642.42274384145,41668.7942441816,10449.6644686084,2999.49026496098,23087.9314048018,1453.10224374008,89763.785764828,185813.100320295
"P02043",3641525.0982333,389540.272390079,17747.1332502305,190095.285165562,18225.206191195,11506.0199354964,27929.7684878368,15094.6723399716,49604.4590264029,75083.7547184796
"P02044",4520843.75057053,779710.464938669,5628.74237538871,47204.8537053149,12460.1669315358,3304.36971523101,27410.0156625547,2444.77600260718,91973.6472019096,179485.126729488
"P02045",1136172.65903189,59807.3221206386,43733.4326270381,990677.205979493,20783.2736533904,97515.9521269995,26890.0161171801,138292.064295846,37388.2116740272,51965.2358488851
"P02046",3530410.40889135,772285.444252457,11811.645462333,56594.6337620226,15874.3586815907,5413.24326396051,27752.1474699951,6936.06210025008,57249.9090723296,108166.608065508
"P02047",185295.78067953,2138.22578577083,14988302.3824875,199057930.83013,127490.041922571,12984469.2476808,20782.0756059939,1945661286.02891,879.24397351411,2531.97204204827
"P02048",436169.292766197,27520.5011421986,193229.787513981,986681.05724588,27295.6017535125,90129.3119494901,24025.9936937058,891075.253516441,8237.69446910155,7408.98579768069
"P02049",146474.618009949,2162.94970424077,2141297.96771225,246621592.202523,50812.7302513664,22924523.7847559,19331.1407550234,1089994012.19555,2374.82355419068,2826.17634045097
"P02050",2791407.04767024,271755.073415241,12305.5320626883,477155.825363445,17207.4049252736,42567.8480568652,27863.7098533317,38182.9694668569,75955.630844792,136878.536509991
"P02051",3069564.38821053,837385.030011436,1521.08126867273,14540.2082390547,6953.71520522883,1224.64614947034,16606.6329650261,667.743750060959,90491.6012065755,174108.283678762
"P02052",1643580.05059168,122580.433832053,38356.3137620247,681663.373537802,19398.6234568017,31305.4741414349,26833.1914039255,137034.333050812,25362.1512184163,47909.2027427823
"P02053",1631548.11877293,57809.9532824546,30236.8096423355,1020985.31824069,19026.0358367664,123339.053914555,26911.9145604829,327204.075370115,38981.3848461519,65516.6905376602
"P02054",4495569.60878497,883088.941234622,8651.33898174939,29321.0457525461,14889.7874419129,2106.77835798126,27260.0732811882,947.24511312409,64867.7529995842,136783.760905127
"P02055",324615.219235177,7337.78595071303,233191.137787112,3598263.04412885,29171.7957059693,243582.195812003,22795.2946513055,5784541.06520942,12919.6293710255,9856.54780593575
"P02056",3355006.37764574,420353.39834983,11258.5941312995,68371.4056926773,17447.8928251415,7084.88198205387,27747.6621187401,3849.57066842961,53280.1726676569,76923.0766380256
"P02057",4370675.64562744,764764.689565075,9666.84605399808,38729.3702742261,13799.767439166,3149.05479582495,27051.2984775008,2549.05431554032,47299.8646256434,126983.919627727
"P02058",1672106.4129413,219109.760900914,43806.1174493214,381214.053261988,20833.3593958066,14199.9269140452,27455.8727441118,70176.0083539592,25303.5020179269,39236.7047426695
"P02059",4210839.29287372,895162.529830505,1654.97667246515,13863.7726544384,6666.82409684763,2288.47910083399,19279.4325837688,373.205073884905,95565.4688974479,169925.200079784
"P02060",672464.850667674,37764.4418484131,112919.255913251,894469.443720804,20862.8172516109,121792.72622961,25557.6171476818,855482.844022276,17699.1340991375,16174.5057379029
"P02061",3649002.98406718,720030.524563503,9507.50319705749,67687.0823692002,13305.8513503007,3631.20326776215,27813.2832127348,5289.70362990555,58225.2266596917,125850.836598986
"P02062",858244.477875812,72146.2832581223,96930.9558638282,1002954.95347178,22205.7392857367,67883.2692603814,26738.7355097553,528563.590166971,26607.005106824,29525.6797946199
"P02063",683213.729100519,54766.2046913262,97678.2289308341,2357094.67038182,25260.070495258,114830.208373504,24546.8610859259,1349489.60034649,14353.0612322121,11221.6947084894
"P02064",1675858.32065346,274184.044681577,26376.4193241028,279689.636096597,20931.963269615,17273.1571445586,27820.7371100633,57220.6452422384,32092.5818878403,56805.2820363064
"P02065",1474942.55240697,147924.302888596,34778.9207815805,335900.149877106,19738.7377848093,28347.1838428273,27855.0881888286,55072.5904699633,37969.3253596556,34742.5973246767
"P02066",1263203.00707533,879928.239271328,550.570175065063,19428.9731544708,2544.32957511926,1348.52679153534,10244.0377604344,626.182082531203,43028.6087722982,146925.48825795
"P02067",460216.344711756,14353.1806576429,244492.477506174,3294255.36484429,31392.1420422562,212632.719386198,23232.2759179996,5148064.79069091,7743.01877829663,7901.60165693879
"P02068",385868.468627729,14140.7309188697,153242.590905931,6617428.86064698,28148.6093478541,359921.109395397,24085.0469546406,7011438.18277776,9865.6745126911,8199.97559103193
"P02069",1679334.38194017,78731.7770357976,27108.85775169,1325182.63391877,19616.2534354514,146744.919441305,27398.0389661707,198573.813159033,38678.9056865396,69480.5425944084
"P02070",1645929.36711105,40082.2943553037,44601.9356400736,6079103.06837218,20083.2043658161,314613.508691842,26756.3351488109,1747788.981961,57831.4546115315,75592.0750411892
"P02071",4126396.8501387,579989.028069839,6367.52136157031,69518.7242482878,13282.4611067273,7255.52929104397,27535.4499101348,3043.59581792641,55846.9106226495,123799.256604179
"P02072",4396597.26962952,389561.387909651,11468.8312964791,159385.955526094,13834.0134005903,18839.5377607632,27687.9574894442,7481.10499609718,61885.4889854395,135945.962823513
"P02073",741594.887625111,25473.991864992,95356.2854695126,2073965.29699713,22140.3157893497,159227.165885048,25521.2870332172,1249553.56396209,20894.5138569313,34750.8349035485
"P02074",2214879.36463798,251791.051721859,15423.5237714016,223344.413761704,19116.6859241496,18945.1135665566,27758.7815711865,32190.5737535547,48815.0880396089,64460.5416477495
"P02075",4005187.44831654,783634.837431931,7388.4553346729,63469.5052598901,13245.3404853458,3356.83461892539,27180.3529557094,2574.1705468354,74135.5829094387,128379.912494427
"P02076",3786800.85575874,310858.271265721,6856.33503624268,346298.210586417,14868.9945600705,22168.6111303469,27462.8712207698,16795.5109879808,68610.4950734036,166127.241467656
"P02077",2747159.74185624,153005.485856681,20319.1853268754,488202.092717122,18811.6178253207,36598.8042471348,27525.6525518656,232262.06800263,47533.600088199,112758.552715541
"P02078",4513681.51124984,719755.148422108,5970.09852078365,29225.8678927625,12860.0912615445,1852.93993341505,26312.5377717221,2003.84802627737,60304.678222957,155114.763426084
"P02079",704806.261725044,41521.7047583808,115326.749674203,1245994.08873422,23176.1481965383,102808.751243737,25414.7508041323,1503137.73851792,17027.1955723603,15969.0478534468
"P02080",896971.638198242,111995.090572084,95094.6200459264,429502.606109513,25294.6704743721,27902.5787233757,25608.9238676023,141957.620065734,11886.5900756887,17820.7300255647
"P02081",2080636.73570253,411627.020957131,43252.358830916,372017.118141399,20036.2781749785,37614.3428942342,27650.859833635,39604.17772559,52106.233483328,148369.174181203
"P02082",1970488.46213236,167433.066001042,32610.265938982,285944.72628842,20374.1709226918,25571.3429495951,27526.6826474407,38249.9928956766,31211.2161928673,33509.6191636168
"P02083",146895.399531623,2289.36659782485,3566285.98398616,59641119.9505757,56651.7650700044,7721194.4613386,19435.4926050977,943288944.253892,1697.51199314044,2244.402125052
"P02084",1554816.31439083,86086.9054582711,42715.5871761668,1034671.28244495,21343.4170415065,114443.980690485,26842.6209507373,379963.951739436,25823.4508829791,40989.4780304324
"P02085",3034931.1954505,171646.860043283,9080.7275147117,1320684.60705746,14272.3460580131,86825.9152141036,27872.2018930075,97125.1653405614,73768.790977198,158381.140014304
"P02086",342485.159933056,4980.12319293555,261563.619669398,8942411.14434448,26069.8137033561,1243545.82507427,23976.255994393,38653956.8063405,19048.5222549371,16087.677718263
"P02087",1114824.9442631,127819.092101611,35933.1101206521,300301.701171998,22976.2827789536,17189.4012380977,27449.9774584772,55697.9122327482,21519.1715144901,33523.2824742147
"P02088",2250676.28558961,202911.739219087,13389.2686206646,245761.86705707,19775.0002341458,30521.2198399804,27848.5628353832,42717.0049418163,46955.5562129947,74510.5776069049
"P02089",2804734.10721471,544793.879856728,14739.4819073703,38900.9903012008,18370.0443900367,3125.56770291211,27714.2754424164,3053.86910376137,43860.3991881906,81090.7976365488
"P02090",1812210.68150511,304352.856980974,22877.9974957965,143057.146170798,19565.1108792283,11451.5391144173,27293.5284601202,23633.3513987241,35426.5766121275,48065.8211977348
"P02091",2580703.04096863,54717.2011913134,35534.9112595197,1075902.00681417,21041.7143599731,99139.2675204682,27711.6464169414,613226.823115026,53979.8205744297,65200.9355959896
"P02092",4667020.80876968,847194.610657346,2879.83746509684,119655.208982492,10036.6748555583,10965.4515688685,23839.6759717506,2674.23836111521,99013.2851554546,180706.303011345
"P02093",1963150.67094307,79038.8731806244,25665.6759029526,730144.468809073,19940.0985040257,114039.421764835,27754.6164879135,90208.9979542386,43325.2298809807,53977.2394979104
"P02094",1765565.35707522,221280.693664563,29333.6855267809,239896.416033764,19558.6522348374,9707.26608824348,27428.2579865897,39725.8935643704,17231.2098013862,43078.5465206496
"P02095",241047.316784811,10425.504942653,606169.779880441,3115234.75979933,35175.8768070422,178693.542414665,22160.3741543943,3393598.8494556,3327.39667044086,3934.69580591789
"P02096",154184.558601871,2183.8810657029,6284430.46626233,209195432.213127,64382.0943810266,20533092.3876285,19419.550221262,1506224286.39355,1482.39822599984,2184.70874807612
"P02097",787630.968332158,114500.429182161,124476.013860579,481882.048159513,24533.5897906192,34745.6314156384,24677.0791760396,46302.0859446123,22620.5944654423,117400.392975665
"P02098",1084238.94861665,85339.4381815467,42484.4377904943,574043.903404633,21753.3564995707,41365.2001159073,26211.8417227288,201395.37172853,21227.3589013013,50988.6358488664
"P02099",1959946.3573965,329308.922091691,28379.7860901778,85933.4308786529,19384.5245845821,6803.27927729979,27755.2756633215,17640.1766867826,28060.0012058729,45170.4912398752
"P02100",942760.38437743,96916.6838585237,84061.1564450528,1148716.53732658,22862.652856301,52367.6978641317,25551.7529202644,344826.844077138,22250.5086668804,29478.6891471489
"P02101",486584.968546968,83175.3848129475,136382.070250047,508651.585068363,27186.4273658537,35339.5641670586,25483.3317189956,396312.241207273,12638.8326882727,9547.52842838658
"P02102",4347581.65966407,932759.079390845,4765.74851003701,29726.7490019941,9844.66803863855,1661.06875862975,26289.1114320801,1098.35455691065,88948.2165855567,166269.866718456
"P02103",757927.387693382,145851.138698335,50400.8601862822,988410.085883397,22261.0768964984,28670.7249444389,26061.1753783784,105948.122371562,27973.5869200478,31964.2917307373
"P02104",181374.360240263,3477.26847919781,936476.715869472,14431236.3439027,41437.9049457342,648964.039794917,19724.0680182021,63234599.574086,3326.69121032895,3417.89767877213
"P02105",4189087.47613789,429849.241581518,5364.61576029008,145079.523451993,14090.3697473177,8536.53105864842,27347.7646408741,14834.6395692424,78630.6892237527,129925.961008479
"P02106",2360847.15895453,132732.847608995,33070.0877987069,372156.709436911,19731.1611570544,39353.4458697917,27872.1843288981,65767.484174386,50027.5201853376,52143.768205712
"P02107",274652.536454938,22968.4768846962,316375.237883597,1522435.2678915,30018.977366529,80122.4479004042,22687.8138887737,1831972.30441226,6037.36011803364,5101.82208560467
"P02108",562822.241975057,46404.7884284525,147371.101156411,1137231.3781226,27144.1288530404,60132.6704451062,25136.934534521,522891.518040787,12761.0204294892,12307.2449547294
"P02109",973863.865266565,25436.0598126345,53919.8364809496,3697608.64113197,22323.9195257,436583.976742545,25137.3366038156,3049929.93004609,37708.3556284122,32410.0126404794
"P02110",1230902.83471543,151044.069491188,32341.2885732017,446838.130650106,22005.1764776727,28491.5981989222,27002.0097964049,95374.1802828213,25347.0586679739,26067.6887863759
"P02111",1163370.79358207,63803.5136241001,36396.623494356,789770.593893886,20425.2656936652,38433.0542912781,26899.4302883944,196635.177254477,31895.5887186306,35660.8978653322
"P02112",4591511.96125263,932775.120213224,3622.15684243552,33747.1816996159,10076.5455474816,2157.18770302324,25068.5243187844,1004.93778373191,94342.7453294489,184070.507367966
"P02113",2371606.70289667,105288.909490207,35901.4270647799,475174.707937571,20331.6341765205,28575.1014857807,26895.9927636353,71231.1543924937,46419.7286891845,95232.5013076767
"P02114",766351.679540075,32663.1176587872,61869.1871544839,1329156.88379776,23177.9758434743,50291.4273860027,26172.3489370167,498432.575326125,22277.0805974316,18736.4433272954
"P02115",1315681.63570961,82225.0968954386,31068.0428901766,1320295.17109285,20607.587478119,119787.301031787,26621.5985318523,255014.159383856,46792.7594877401,59197.5941552327
"P02116",1068517.30620415,14557.2399414688,61564.7892202065,6752208.21930974,22810.4234630398,298285.445126009,25108.3059426362,1547168.1682382,29355.6237553716,43980.2427118687
"P02117",2778675.67146051,289634.221872177,22619.6927754074,170517.458124277,17073.8079169464,19398.9932600152,27922.9996682981,12525.0625073152,39133.1108252396,82746.8483905805
"P02118",1770892.92241638,149861.692011896,22267.7595619551,362957.291678019,18325.1440803699,34290.9770935968,27332.1605431827,78969.7555259798,37259.4202339594,51887.0256069379
"P02119",2638434.0310803,118154.739378044,23616.8083748349,2743707.1416979,18751.2066940564,167651.989399358,27508.694654501,879266.182212134,63614.7398014302,86492.5806642365
"P02120",1027899.01365561,37772.8231793089,40309.3811270928,917072.04437865,22827.5765526139,86434.7119705609,26231.5793863823,227553.20135292,28311.2043535079,34704.5151631896
"P02121",1869247.37736513,160758.472800574,31125.4203476219,608192.890584402,19370.3320653029,50453.3121541589,26852.635982189,147027.547630078,37297.7370135453,51791.1408197324
"P02122",285693.437713974,6496.69284189621,527009.141817524,8034660.28521378,31666.9324568142,435827.2705277,22126.8324271385,12841043.1694574,8637.88408523507,6341.4529654198
"P02123",2181682.88896029,118521.873681099,29059.8636865094,633676.788371951,17704.8546967415,41127.2457905011,27639.2577403807,215951.143725636,48309.2654298548,62407.7081933448
"P02124",1739983.02136637,42053.8213822971,29694.4118058189,1149393.01183601,20665.2727182728,112555.646038075,26946.7803949162,447294.201101133,34855.5690922166,63501.8783029448
"P02125",4395346.40435537,805951.173672854,4922.72897920539,102393.278017004,11764.4833916606,4682.14894196858,25804.1167727682,4628.52854360339,90159.7432921015,180094.979782719
"P02126",2330013.92011987,60950.1161373323,19475.8979409083,1404225.96794819,18433.3320287061,76563.5942465572,27568.4965451589,262175.684763925,60008.0088070403,106604.50673681
"P02127",547094.292333591,4421.42286825327,108122.770445238,11901000.1955639,24160.8136094988,863118.075713529,26311.5361934025,63374734.8784549,17882.3326704651,3379.02670700921
"P02128",4547058.67336774,929893.745576729,2527.91348429929,32689.1410578814,9838.30113789852,2170.25770249712,24082.2588346497,1650.55179983874,99055.1579853999,184849.033132634
"P02129",415983.782995869,10097.6639818826,238772.975615978,10336275.8612252,29430.8802370887,584927.495559945,23408.1095598121,8850724.45084459,14107.1568657655,9483.88766251332
"P02130",4478223.87931719,775276.478616474,5884.53661223584,79938.8343786168,12138.272110281,3982.47378436943,26481.2571161391,3948.04302128834,77823.416602528,128376.372050164
"P02131",269323.914170383,4539.44221224692,452489.079916376,15347423.2114113,32142.0529000495,1261483.35847558,22196.8712768909,63318732.0186891,5712.08700446581,5725.11151013264
"P02132",445223.902487048,68235.0441223322,244743.414071285,376001.415817796,29705.094993296,21277.2497069728,24113.9992671638,195812.789730582,4240.06480340655,4971.52825727314
"P02133",295194.788763711,29183.5091609603,326597.850628007,875379.97979421,28951.322391714,85168.2471746793,23683.9784472217,773232.057025789,4763.91404935505,5808.9083796322
"P02134",2061953.77273542,360208.398836625,41326.5695700348,104838.896825767,20706.3375395763,5794.16387134486,27334.9219380792,23704.2850615435,24298.1194389864,23230.1447662254
"P02135",347967.796075909,8385.9019344818,289818.871230999,6853931.30886748,30775.1439007129,671546.662744943,23584.2613699408,10441485.0924605,9555.55554542083,7254.08502626395
"P02136",4674508.73028943,910387.18377428,5116.51177032385,33696.4788206476,12487.0311922018,2687.75170022176,26454.2689981406,1844.28599025152,84571.9040535051,173871.291545351
"P02137",3721575.88680325,898450.336845215,7835.48370882777,32267.6476168617,14657.3912120168,2656.59736272451,26735.8886597244,2524.62027331903,52056.2613614881,110488.860156766
"P02138",4554747.53120586,648492.13186441,4710.53452333367,192860.59756371,11295.3502912253,15029.2420838432,26319.7538805691,8746.00318901036,92535.4370851767,170632.207442774
"P02139",3547064.30316391,550806.598341043,8544.2488582078,134131.20747517,14459.3856034719,18847.2247956887,27430.1589202595,13838.9274532549,78669.8551299372,162579.9720414
"P02140",2904585.45813904,108189.830194759,36868.0753027839,803972.613033869,19198.8773555227,54466.5975427488,27364.5971320191,285318.10513168,50624.013272813,86195.1015471797
"P02141",3546896.10833738,194939.645350008,14834.1627645495,563402.951426893,15272.9483881565,80645.6758279226,27491.1875479851,57475.0156208173,65784.23212781,151416.535281604
"P02142",480028.82738521,895585.917521626,162019.999974568,30360.0982906253,27031.6750676428,1440.72550102724,24985.3847935544,2649.23660270911,6696.88421428172,80311.8890323658
"P02143",473355.551383354,7327.45222857448,128578.141267645,7507829.71031549,24878.1793246479,707578.153493524,23698.35158515,17309454.2067256,16591.8221569549,17588.1370784159
"P02144",549837.864418168,21754.8444429141,101893.22902812,1754887.01300106,24753.6965483876,154643.610748735,24349.6757169188,870142.919149326,11555.8785992005,13222.3098438446
"P02145",1694047.53022031,186497.04586041,29390.1807863286,596295.710757872,18143.6448976872,29948.7545426841,27587.6467623415,62626.316414976,47831.6858101437,62011.8960806094
"P02146",910547.790609008,48328.4705291228,145009.497487554,1209984.1098585,23969.4422571788,84006.5859995426,25644.0025933487,3064752.24794666,19405.4109751672,11660.9127682433
"P02147",1128093.17541148,22178.0364585514,84798.040047556,1659183.63576799,26032.7037308083,75357.4880393617,25396.4740496694,1036532.20733065,25097.3332504973,22361.5475334255
"P02148",628617.563332496,16715.3273276688,161434.544603567,13065439.4776146,24987.5685102119,1281453.71071758,24161.5904641693,7380721.52706423,29069.019492616,31573.1969297492
"P02149",200157.498401435,2521.01484363423,15860615.7161847,1156167691.12446,153770.040012903,184258411.406247,22099.631081903,9448208117.90999,1020.1681527399,2337.45289123073
"P02150",835187.461338527,61681.6562206772,91244.6474542807,1471513.83569948,25438.9155389531,89802.8601023974,26142.0028261702,698021.607644954,15853.7977376975,18361.8210926246
"P02151",388600.56046829,25976.4453967582,164059.774587449,2306115.82929125,26459.300280722,147278.592034519,22783.5416470201,3297090.5650585,13588.1917185891,10510.0928522292
"P02152",868294.307359883,13100.413961637,143226.488490365,4187506.35041489,24597.0328699919,618422.554102834,25761.3913896941,3023023.69271657,18180.1469235529,20296.4622022951
"P02153",157190.856241904,4167.66648451888,1287777.04600526,10245882.9529691,48371.3913212189,502443.378726939,19841.7832609546,53428352.75469,2038.08984774262,2582.18112516283
"P02154",1089621.52427482,34543.9960116844,53563.664785849,1819793.66195796,23549.8123258528,192274.554025936,25299.3325482406,915642.602902912,30935.4991573515,35769.5436868254
"P02155",4688427.35258522,244630.016178838,2394.94299182659,192934.253507948,9323.31391788095,22373.4581032652,22506.1042914028,32410.6674360736,93534.0582581506,46600.4188524963
"P02156",4568480.86840159,489236.801995279,4501.46937310647,242549.954843014,12899.5882416883,38324.9144742353,27131.9079986956,20819.5076919695,97529.0757504173,184883.812462923
"P02157",4168862.09281088,903109.190658504,10103.0935877021,39514.836525121,15162.731850071,2506.32484098705,27371.1639855547,2533.26812838992,58314.6628884542,111198.853524079
"P02158",331164.896607053,18328.6404477466,335549.860654795,2823320.55055331,32948.5624250225,91203.1440393471,23166.6291687081,1378774.23289728,5769.96600152021,5453.80356354086
"P02159",996395.25820893,27516.1778801924,94884.2335752117,3103976.04000576,22866.371914937,182374.32490273,25113.7160002358,2390602.03793547,16033.6932179815,29110.5628601821
"P02160",2954312.49863255,122356.471880222,13323.2455309422,203070.073986229,16246.4393314629,22434.8912548929,27764.6042973829,59037.5871482419,54384.4636889201,56873.8857369851
"P02161",416706.7267801,12943.3613330025,172464.243998149,2344787.5468551,30021.3445840502,147670.566757992,22882.9132052533,3085295.02497058,8426.78410972085,6898.10901279452
"P02162",731252.397245007,136517.987858984,139259.36754339,166286.986253012,27108.2291016423,11726.6436316291,25459.0023711506,118127.14376071,6420.29689072215,6463.76376315979
"P02163",1833221.09077947,179440.279104473,11691.5300224007,537604.37261995,17810.8793971647,54362.5609738617,27764.1118565563,175607.385923497,52133.8300731164,80259.7843170623
"P02164",344592.159091063,6222.21446343693,299516.281286867,8190312.75598881,32112.321658178,940441.108546474,22243.0963460886,26693898.2918895,8690.13925193001,9458.94113224402
"P02165",1208086.04415964,80874.7608940123,51828.1504850056,1367604.84264049,22993.4984148884,40644.588279888,27307.0127504,298383.395146077,24036.2801771681,39711.3836066192
"P02166",156369.712219096,2762.56118670529,1571334.26950214,52270297.3690641,44812.6517529809,3067303.41389524,19800.5567957117,167840176.57829,2218.9049743481,2473.42391215358
"P02167",2456136.45216233,459518.412670265,21709.845340849,98594.0091462121,17831.3396998265,5875.65940972603,27924.8143034945,10055.9322323497,47069.7700802268,59750.5051565063
"P02168",285535.251318017,10236.7669230919,372657.155558476,5500269.51881459,33134.7524672912,458264.089339925,22669.7696963363,10226263.8752753,5848.75100414231,7947.36637397423
"P02169",1559107.74025675,57888.2726912267,37239.2855126797,697060.273359693,18609.6947127862,71997.044617339,26935.429381685,271160.905207921,38230.8220355422,38395.4347725294
"P02170",1720661.13123724,312971.987605972,27196.9495862929,144200.562481032,19418.8220094852,10116.6611793597,27858.1082468135,22137.6964755332,25743.7310933946,60107.5637324454
"P02171",985905.508332586,245762.196767673,58695.6648906509,372186.866985387,22052.4898695451,18510.3909354843,26785.4500976282,54951.8842219927,22315.9161817002,29268.5721250097
"P02172",2080886.14584741,173024.455472185,24730.5368095157,659241.972817357,19276.5720059422,29112.8408990526,27672.1492763272,150002.217876638,48895.9983128225,59624.9483842619
"P02173",1655657.70165082,100764.466748714,43538.3968462956,689902.629450249,20358.5719835764,32191.9422522542,26908.0216867922,222353.724569603,33935.8097954549,41459.1396508662
"P02174",4126729.59768976,561511.968931552,8745.25854602401,105702.681934519,13680.6437856147,11059.2368533195,27175.8827746959,4134.38314563423,85938.1550793392,172170.403805793
"P02175",1324130.24092378,99546.6227485224,67883.0741621403,303019.452156509,20572.0139528311,25989.3886006958,27301.552221033,94492.3802839472,22200.105172382,20117.9326511967
"P02176",4320967.15714977,907409.530875604,2504.65910369454,72458.9006856703,9103.59825794665,4757.74411636548,23833.3672139891,1393.89706322733,98387.6578987925,181514.624919664
"P02177",458632.813048027,5423.5603310917,256716.84968612,12970356.2516684,28732.3568253753,1355066.35183545,22844.5549204003,13238297.4926922,12864.7598624836,9451.02776881037
"P02178",243936.469241318,6280.74503476072,461140.399806477,8559949.62599442,41045.6167467174,496395.137114827,21341.038459122,43441439.1109432,4606.88435229429,4704.73257236279
"P02179",154719.570248821,23083.8517027892,1056096.59726133,4468206.81154988,44976.8207847831,420006.435863516,19766.3275296408,2616212.33923562,3590.77859008294,40440.7832891307
"P02180",1222244.08283422,577444.271779687,59978.2426812524,39302.2091000066,20724.2318518329,2327.22962109357,27578.3771292251,6460.97219047199,10076.2796353484,16582.0792457778
"P02181",820841.991143832,41479.0878435648,86634.6803034247,2557446.69157059,22210.7089432137,133537.31246638,26396.0154135076,1647043.49850563,20667.627134607,16470.8951835685
"P02182",1489646.59314223,78702.0925980035,53329.0255370359,823187.630304829,21625.6528668466,60238.6120671163,26486.1606417946,323098.110252062,32200.3519732802,28256.4583859273
"P02183",1583973.30743638,207562.764066639,28916.0210232033,572797.353270612,20956.6857371441,32122.7831603055,26931.0833847512,199121.854144217,40853.2895700382,47586.7708705448
"P02184",2836822.24528056,275264.710022171,6672.20359590358,436651.576696658,16712.2943237054,33340.5173446663,27916.0924549946,34700.7433188474,70498.4648982237,139532.14509701
"P02185",265791.728047223,9187.0903787263,371286.475585742,6591686.88820926,31200.4177973048,376336.881066967,22432.5865487364,8721040.41174473,5605.95846472922,6922.20607912454
"P02186",228935.098237925,22159.6623841241,436108.539354827,1024913.4003552,31248.6141953831,51451.414302935,22906.7521797243,1273705.63288745,4065.4159436942,4976.33428729867
"P02187",413537.653246466,118699.603544062,191168.666542278,897845.403429787,28210.3190289111,122278.533916168,23590.3843992644,124222.921839258,18224.6285183481,121919.522006557
"P02188",4155846.09665268,567712.414085927,2165.57435823796,57011.0512856741,7185.52283084829,5914.58814397339,20561.5788700285,5398.7193274562,98783.8402298129,128899.908283914
"P02189",3621216.23218411,598805.338827983,12945.4245553259,91296.3805816679,16228.4966874341,3527.40015063635,27857.7641110442,7296.97970083325,61787.213253018,97139.8581365639
"P02190",780997.111685601,177866.077406237,53074.0164849478,176723.982651385,23477.3735524667,20424.4421670815,26288.7272751342,114737.408820177,15394.682779855,20533.8860746517
"P02191",582017.334636496,285154.835963633,131447.287097713,233338.16602629,23241.270151828,38970.406882703,25523.3364941243,33798.4123305283,22057.1299894839,110484.555152002
"P02192",144859.023928049,2182.89962947969,3579978.34945616,182197701.941254,57121.9103467995,14489917.7993467,19273.4128572865,783676820.860286,1962.14845696421,2351.14318553589
"P02193",146796.73386931,2525.90265402696,4328463.45129467,57950104.2889938,77160.5572154273,2879680.31167008,19267.0400098529,463500031.483868,1250.52738750247,2160.18045199562
"P02194",669751.958196355,108856.145007352,59385.1130461014,764056.437811982,24653.1529250671,28333.3361906198,26592.9866620669,130201.234163407,18353.2515992986,18242.5682948067
"P02195",538103.750855593,39808.1110454436,79016.1753801205,1003269.59191646,22822.9911500595,71580.3740311652,25149.0278783758,1328053.43141291,13243.5098650023,26136.9793461251
"P02196",3506619.07067478,186273.383868745,13645.9284305352,834250.875033576,15234.0445952858,26632.9111986591,27859.9134947742,35418.8219164328,80928.1285985161,97701.2926802842
"P02197",4531980.2606724,932576.569745802,4864.54950131662,36144.314907108,10746.6253431611,3066.12707592057,25380.2568294649,916.960852237378,94240.1046760723,172103.332177739
"P02198",1454475.04823302,87404.6705164166,48327.2081352321,1361013.28708295,22094.9581588544,75019.3771881269,26299.241832228,244810.4172172,41981.6636530713,36553.9455843578
"P02199",485115.755647172,44784.5805860461,157193.955030407,656491.136743531,26304.6596116327,57839.378711823,25608.3121790792,144278.056555437,11674.1805415903,13713.0621230797
"P02200",4073027.53379775,394095.816471345,6432.00246784203,328472.542969928,13222.9608490598,33007.8842003607,27668.5688454166,27619.1678850663,94187.6638068848,180027.440230559
"P02201",1846061.06769293,109995.936120225,28199.2765487706,1372589.88665823,19477.5131456632,108589.168284408,27801.3868997733,352124.110541421,58165.5844733575,84547.3548105344
"P02202",626894.276441133,25214.1879719441,155383.544170215,1756253.49047102,23325.5383574855,183081.171493129,25742.7383776531,1362192.4280157,19145.7093300438,15752.6574405644
"P02203",416747.421326989,16981.2945757337,196739.28312325,4055229.3268939,28541.6320689427,190594.529285647,23273.917874663,1505087.17118759,8861.27070871605,8835.78303523378
"P02204",4051336.69468084,228701.254866344,9822.19578907111,245220.505806138,15506.9813771384,14061.6016033636,27762.8106962437,59067.7821654386,43675.5568145086,7698.75202301638
"P02205",4577060.07270642,847725.707270208,3481.65964059672,50973.9442971603,7525.42270742172,3295.8978485445,24168.7988698694,1732.21568987275,98230.029986766,185061.912060109
"P02206",260330.530605298,9944.01293650886,323831.500944371,1804966.21083003,30002.8650426967,284023.619934854,23422.2553162085,5258196.72998067,6926.5107731628,6471.63231510238
"P02207",1626806.51598622,108302.20020993,42217.4106079337,394885.508115877,22334.915888225,19730.5491379741,26776.7405268949,63144.4297514307,22807.4546145153,40805.1736935747
"P02208",1242731.68605004,278313.704936234,53132.1059882375,142142.784300874,21010.098321788,10748.17752008,27529.5432274627,114205.83562083,21338.4918945662,29008.7438235475
"P02209",4418945.52375965,385409.368549138,6508.64535267533,157067.730566198,11787.6178664893,28077.7229182156,27088.44524417,20192.5340566159,93009.1599550591,183763.175780449
"P02210",3737849.30923298,484288.125128525,12678.1831388776,112955.26956604,15433.6993251125,7815.51272644229,27855.6045049704,7863.90695842083,53626.9187627283,93191.2046164512
"P02211",2527918.03329248,442736.173044502,31827.7774362578,158820.402642604,19973.8159874122,9559.8528419902,27872.507873801,13971.7390583474,23562.7356041459,44559.829609678
"P02212",985847.844356969,43090.3604829817,65032.3046342103,1393170.01095081,22243.3196123745,56757.4892426958,26339.1901861604,504156.031004753,23054.7581542598,22029.886059936
"P02213",3126276.01952045,283202.856042237,15325.7065589855,313466.856986153,17647.4407936069,14152.925913749,27834.2792516997,52666.8088160558,41857.1033549134,73009.5548080213
"P02214",372314.881286471,15616.5413501779,187334.077486266,3776233.18988779,28971.9229251047,205405.980100629,23702.2361710194,1268373.77130655,10474.9986884586,11681.4246888102
"P02215",4694568.82232972,698169.698476539,4850.98533522751,74154.5689173217,11855.7407865035,7822.79207007262,25323.2471379352,4796.24884780372,87591.4045785108,160951.095868614
"P02216",2143004.21631277,350323.88299317,38381.310896437,119231.1273267,19812.6275073721,15518.7068800329,27454.5932580409,37047.4243771948,21550.811882432,29339.5581103658
"P02217",2054696.23125781,193447.191835413,30992.4861585326,350170.923496803,18941.6168562661,40127.6953689898,27859.1742628454,109689.498251156,39559.915703554,63735.3323991573
"P02218",725920.574224706,15872.6154241363,165895.763719552,7355256.27364467,26927.1850277943,518025.308128802,24169.2301600306,6574389.81499594,21497.1626641836,21407.6256215502
"P02219",502467.334221861,15701.6291759793,236396.91125095,3892343.31964845,26074.6738795745,256294.877579557,23197.8195405803,1673962.38973665,13492.3210707809,12610.1657908621
"P02220",963631.897980879,62436.8642755514,68821.8845390134,1100849.0414268,22175.2560964643,81228.2054836423,26645.0842008965,322541.862631117,30438.4512311674,39209.989023803
"P02221",1168545.71031989,75215.5736919337,60728.479841746,536459.748346851,21338.9444403182,46012.3892047944,26959.0235745762,200783.330787795,30203.1659858263,29237.4293500073
"P02222",2736997.07663578,655029.214865125,11929.8536920201,47442.2295895673,16352.428061602,3881.52482670212,27588.3141112487,5757.27068332066,39015.3755660076,73271.6184619409
"P02223",1355964.72311385,931231.441095739,88184.3592779216,23081.9802512291,21948.3550827938,1863.1969018108,27212.1640603001,1794.25668526093,11134.1083791113,86528.5917710607
"P02224",4658060.72019995,734642.238846989,5429.07038169879,65873.8185672458,13459.6305848718,7376.43689687667,25384.7798869382,3321.13636017665,84434.0687864431,155292.022146913
"P02225",908036.662817633,30285.4895737396,62618.7826779077,827089.384992939,23565.7773300487,75283.3614725731,26074.0560456292,254274.481445917,18210.2484611719,22151.2213759912
"P02226",865236.824982866,22047.2864788866,51348.1932849459,5392027.8459362,23002.5670355981,486091.115251208,25095.1787323224,2835708.44127061,39870.7451236503,38128.4361824521
"P02227",4278250.73015886,421599.124901987,4894.67647711491,458740.241052205,13303.2688607137,33860.4853485933,27705.128056325,29783.4247816929,98288.726832302,185802.843240878
"P02228",4556506.32984082,536184.287216708,4831.86721775227,344864.157017123,11556.2623365027,28432.4887828749,26854.143500224,13136.8768708256,91084.0849188788,178318.099793164
"P02229",3960891.86466835,926308.986937183,5953.32172504672,24437.5692820098,13445.8987306217,2070.92296939783,25271.1064917701,1801.64451507857,80391.839729396,134195.71262251
"P02230",1566484.68890017,92025.8171563734,38098.7978304732,279597.000380545,19944.1399227276,21038.6804519695,26793.1703343451,92388.5915401598,22580.9844936378,26290.3311463021
"P02231",4504842.61975276,845048.595326669,7977.5785433089,29220.8601724565,12894.6098826093,3141.96723472971,26702.6965093535,1763.16061681398,69208.8099302017,164942.668822946
"P02232",2945222.12351673,64256.9867299238,26155.5582427851,579199.011320209,19254.513350978,80848.1020694957,27825.2452955128,128240.346525278,57254.8305501833,93452.9787660692
"P02233",2158000.8884565,195500.199743757,20964.6278955232,486303.350611225,19400.7180291568,26047.2931714105,27627.9030234593,46200.279225449,50447.2588284613,88508.0863411427
"P02234",4621717.13089399,749524.833186195,7653.92148122933,48709.9439389626,14054.4540057328,3360.95055413881,26355.0730463354,3677.02225756068,73238.8759054844,172742.632177621
"P02235",4689980.14537429,898287.325339331,4423.83387793763,99231.5918977347,10898.5276435683,4922.43641488088,25605.0829752795,3294.41084434604,82726.3043497411,178459.736296667
"P02236",344467.222416768,20480.4069410697,254354.694418224,3678825.22532903,29275.9370462375,430275.061315931,23459.5759673535,9541979.50978865,6795.70098153879,7429.67036434078
"P02237",1078537.24537195,10196.3657587615,131262.102554438,6761254.93743291,24281.2442185068,340396.37088291,25411.4760857146,2382096.85151382,28186.9718436991,51509.793552051
"P02238",2659109.45492118,297320.083918625,23381.1777953875,407660.120247611,19671.7220672971,18845.6515221707,27845.48787696,34486.6552275901,47045.3039927423,80027.5028571621
"P02239",2800216.86792435,320853.277640642,13875.1078537008,174093.62500141,16786.522288418,12886.3350498206,27781.7451781982,20507.5920243778,56689.7975117589,116449.459170877
"P02240",3972510.02667024,331541.560492716,12158.5361298848,171864.702405349,16747.9941716175,15527.390918307,27783.348826905,23050.4113738741,67126.2164907422,130863.180903704
"P02241",4331413.79705494,462949.490808151,7545.98191204692,141399.62324284,14824.4169968051,13000.7152702551,27568.24383378,7871.95728158054,76560.3969795857,153498.2694414
"P02242",832865.968926913,100689.171347796,63208.2947654766,383770.336746146,23685.7402987615,18339.0339942191,26952.970997841,98542.4954692445,12738.4277584354,20091.861873052
"P02243",1465229.26314708,79863.5620780866,51311.6792933058,884564.676482399,21760.8608616961,89048.385877613,26848.2210519815,351025.137700005,31475.2241298057,56000.6357355096
"P02244",2527055.15828149,822772.865613324,1110.16127502556,34718.0423420864,6256.49125204658,2361.9647439524,20069.8567780283,763.632546378574,89088.9816172678,131279.852769674
"P02245",3556572.57466875,659647.49701858,21620.30322763,64330.5220803356,16704.0026314725,7935.2593215663,27750.619198113,10116.5357255142,50660.3019673323,82942.7364842828
"P02246",4609091.3244616,886451.327960315,4589.14572319332,63641.1776251399,11079.7470211971,4092.06219520152,25746.20092832,1528.83465022698,91997.5627176107,167554.346816558
"P02247",2844802.11674982,252996.311008375,12435.1229124482,457076.403555753,18258.4155313165,33202.7853885323,27931.2780195228,48151.1818917662,60671.5002789633,93133.2804035931
"P02248",1696004.40285144,222904.8546819,45823.1831838584,230229.302608827,18953.3233550972,20602.3758259385,27524.0562701309,36400.0931157332,33295.6558385892,34481.4702019023
"P02249",1749691.14637259,206631.558308005,33809.4711018539,311778.31149323,19276.2949406549,21155.6583874903,27684.4748179556,45832.0265099009,32854.3035302261,74413.2185434634
"P02250",3560521.71359831,260413.934306418,7509.72239528317,102649.105382135,13462.835546654,10882.1410870939,26963.1440912284,13520.1912187997,67962.7452041082,155493.103620009
"P02251",153970.916371299,2156.35314510149,5715961.46940511,50141386.7107863,87812.355896256,3740770.99761288,19548.2857300681,459944472.589718,1115.43466161446,2175.55929285036
"P02252",365137.515910204,9179.25308965523,284076.222844759,9094126.61612766,28077.2260450628,368716.404521658,23080.1335476487,10310426.0469952,11069.44861317,7313.79238439493
"P02253",489552.578801237,15802.0220275509,205294.737508469,3583483.05818815,29685.9718625936,206963.514120776,23753.0692727146,3531263.61436309,9601.36597096906,8087.19619807771
"P02254",187865.278384271,4629.80372728289,1003554.82390521,12464505.6386429,36700.6835952922,999021.323837789,20636.0626632597,16485515.4777524,3961.76311900052,3925.84946386992
"P02255",1185085.32228617,58256.9742203711,46201.0705991351,1066263.74844289,22084.8266104819,58892.6409258581,26565.4842004804,571741.220797111,25517.7879762387,39621.5804541389
"P02256",2670818.39734231,899451.391841245,15425.9331342257,16539.59652712,17499.0814654396,1262.38717938161,27817.5235300815,1436.24746304859,34951.8935673856,60502.4793025936
"P02257",3329003.02534405,231440.301936264,14494.768464861,262120.295885621,17499.296899468,21339.6470782464,27932.2659278993,32527.3423035274,66183.0328648172,87774.7945979976
"P02258",2091929.78644075,89940.737444809,20540.9205131422,1108093.96159365,19745.5580833088,62456.1232825035,27601.4479867861,122426.329766039,56690.5605353393,66810.3832458792
"P02259",487248.200519178,8735.12942262572,281976.593884961,7300284.54513776,27570.6265120821,466334.597168105,24455.7009572328,7518223.89187288,12857.4936428929,11391.4224779272
"P02260",982038.113674412,23766.6923567318,55718.9599506149,3679299.33691985,21799.4869760438,168544.288050307,26316.5992759923,1063797.20503815,30269.4976773431,34809.8489347368
"P02261",1164776.04181439,6779.39428886077,59014.5290198385,10280835.0269103,22815.1544189584,940635.25103999,26211.7434045315,11523974.3356431,24249.5263206676,11340.1270012238
"P02262",1464423.58432515,126094.636402103,51713.2255031676,245156.322849313,22328.5942665577,19626.7521993465,27311.953172026,51919.5371704233,30799.0927493026,23017.6519362372
"P02263",2780350.50951335,366434.508280805,15224.0632860992,198449.358376216,18328.6568733414,11871.8992142529,27908.9765866319,17407.9593605669,47195.4749737451,79213.0074825467
"P02264",1493935.59687989,60733.2800983181,40820.0132206585,2095325.95393641,21195.8695633869,123706.00742797,26777.7297475151,1506111.73058443,41371.1138063892,49978.7319236122
"P02265",675290.311044782,9817.92449138356,157955.8382864,5507499.86669711,25700.7800281404,330447.55285944,23662.8657688338,8834525.10538296,14664.4276205728,22943.3340677736
"P02266",4070599.06096731,660635.257261016,6945.12064907487,126359.428084381,15783.3058196363,8191.40026223928,26956.428456271,16226.6617555061,62831.7137886519,137307.182768323
"P02267",1184108.74508286,114305.650502572,25498.6288335637,1382874.86562261,19689.2651128869,61681.4946393852,27172.9654588174,229497.354914274,37650.4021320296,55720.8290003544
"P02268",3206209.07679881,177136.923250793,17660.8244533962,1242906.99738316,16464.0612373754,125696.363742027,27811.3134542293,221457.471443831,73013.0601295672,133384.181683321
"P02269",504975.97154905,18782.5682113595,201440.625959557,4582118.16244421,27961.0620046015,240125.628068032,22859.4471253766,3437159.22105004,9723.04418923668,9201.14118478096
"P02270",1251031.57291135,139689.086638534,28982.1081787725,953673.872728268,19773.2870774282,41923.0998481051,27666.216194306,54910.4290583283,44659.1907351817,61650.4281106989
"P02271",226490.25074311,5967.07812530398,734619.047256021,8445304.84103148,34877.1673734861,507120.087763842,21077.2619861244,21913760.497644,4050.65980862392,4391.98911806076
"P02272",3001288.85500035,278267.066490964,10166.8221671937,404865.711205893,16962.7241407435,34285.0232083822,27929.147744016,42225.191438508,61500.0418079818,104093.732608061
"P02273",394099.444556164,6630.79715937199,151201.03268903,13286053.5764249,25398.2909989094,833357.90439845,24202.8480774042,19958563.4001192,13214.1346969421,11777.8023618263
"P02274",2196511.64714558,145532.918072876,16018.9091252317,729304.523969959,18642.825752029,62848.6166971369,27835.2008904151,173044.523263181,56468.9281585913,91786.6111082578
"P02275",3379464.57415718,162854.102382545,25863.3767196692,395453.954016908,19086.7957112481,21790.3294712049,27839.0579534582,72942.9138949793,45489.2753333349,82783.4761759157
"P02276",154026.595544919,3027.52596987445,1693176.30685434,35643913.8697437,46443.2378196311,2147528.31010306,19846.4118255751,133997041.456997,2719.34821255603,2722.85705657819
"P02277",4439040.0879531,573818.716394,4178.27568550285,177011.743622796,9415.74317885368,13389.4624177862,25841.1132806936,5516.49201337463,99189.8251823912,182815.075125318
"P02278",4022060.22174013,892897.042999476,9225.30459556183,26584.7441346701,14860.0478914899,1941.91733290091,26775.1604181115,1331.14830671339,49110.0004072428,133394.284032285
"P02279",4199420.05760199,926309.657044263,1583.59073728619,25864.3043358687,6498.01617600443,2799.73770934237,21253.0930815655,634.0035170979,95997.6221775677,154880.952942569
"P02280",2433877.92054916,301242.385186122,16543.2615443288,302996.558668932,16859.1848669781,17458.133248041,27931.2827176006,56134.0082460756,64883.2352750311,84481.1050094551
"P02281",1942042.92336813,97516.1701689316,20544.5545722968,1244614.63992595,18914.1050149691,82656.228648329,27291.5557944756,114964.693503837,45138.6176104479,90162.3222527994
"P02282",3994432.29007955,321715.260393197,11472.6452429902,304967.668738579,13172.7658242109,15276.9107179011,27621.5104325513,26730.5316927768,70984.1799768745,151864.032594309
"P02283",3947622.48729978,596824.521166464,5935.34773008909,109537.203844954,13801.9974812452,13833.8101152945,27032.8517013192,6439.31631100903,83756.653712264,178242.188682586
"P02284",4394100.7466791,908154.95380931,1800.77144778675,73592.9877927612,7199.39600370521,6411.14365528098,21506.7307068749,1388.18100114058,95447.1544412313,171998.14558404
"P02285",1705462.44709985,305759.649932329,29186.2888266148,92395.9210323149,20648.8781506512,7540.35991929541,27560.9110657639,19656.1512422484,18992.6602645853,36102.6829218036
"P02286",4643048.75779422,499840.89527248,3872.511186441,247014.299467026,12665.27510178,19910.9815304129,26827.2646710532,11193.5326345393,96871.3931277612,185351.308438228
"P02287",1908113.1453299,132877.898238532,23464.9099572109,414516.716017358,18966.5256027498,31038.6937226891,27553.493747213,93703.0313396929,37495.7194012829,53001.0333705452
"P02288",1084723.48952225,51832.5469396008,79703.1683927943,1003180.74568629,21747.1800508947,97091.4902483756,26265.5241692135,276786.015633537,18849.881788276,30855.1190198427
"P02289",629852.702456314,65886.563609413,91060.5729085811,522631.25325214,23191.9446034698,24736.4770378643,26030.4742138584,186066.06746908,17358.6800074466,20448.9990650026
"P02290",915975.796625642,42464.3982799882,64259.3794474227,2553596.85501646,23637.5156767023,295024.156559917,24737.3648131563,1316970.27079662,26977.1907069672,34508.23890026
"P02291",920959.916382282,40215.6156703248,67901.7125618856,1126074.63834667,23462.1627600672,89249.462771084,25915.1313286572,382730.502114853,15469.6543891895,28337.1007212998
"P02292",763421.0569131,66218.4871440061,87703.4245079685,836052.200931585,22904.9944037892,24110.6653920246,26156.938223851,456970.643916935,15000.1635571665,18717.4006077461
"P02293",225207.261873475,313435.088366006,351212.217684474,153858.467996574,34574.1478889679,15253.6090730045,21134.0846093288,15979.6512579858,4426.86561792691,58730.7328050419
"P02294",2484552.48668535,124921.352223703,18160.5293350019,501787.299911889,19113.3670881444,55105.9110687872,27834.4441465832,173534.55174885,54930.233830647,102494.483946687
"P02295",323961.316192184,29996.6881043157,242187.083614085,1630062.11897742,29394.7380668113,61678.3648509496,23859.3877869411,1410843.24551034,8909.75323773315,8649.26939375119
"P02296",1987034.77346672,82307.6545157182,20872.5853024125,1409648.6327007,19572.2234587155,124788.613582634,27601.4305839658,203619.560208263,59901.3591233299,89478.4126582861
"P02297",1263178.17765474,76959.5968587924,29334.759320834,945506.762246918,21742.6188006824,27716.4819960573,27442.7034459917,175199.871076055,25995.4157520298,32683.1721924055
"P02298",2186744.57647744,289695.326748517,29138.3215803165,217672.376439013,18491.1441062292,15641.1013249559,27870.1431300335,33728.0977433609,32162.2626124028,62289.5945537162
"P02299",825538.842983278,41996.5011119391,58867.245420846,1482219.31444188,22225.3123637152,125905.874459725,27005.9561042139,497163.626894945,24574.5869548008,34137.1249533632
"P02300",4250539.65318127,478307.376677547,9453.6720509655,262411.796202136,14611.8059798268,19470.1436820233,27832.3630620971,13263.289793914,82093.9893989125,140709.180005516
"P02301",4174047.57702498,472031.754154817,9234.63153867181,220883.15381083,15712.2184876741,15310.4741343819,27709.2428952652,11657.3934155154,81544.653975455,152271.002086757
"P02302",901057.370874573,188242.81238089,68342.1206328241,210606.228630063,22527.9487534492,13071.6319542137,26891.2804099766,33184.9880985585,17069.5605944602,21294.7833634227
"P02303",642565.09690213,13436.9115050089,103814.826650587,4738397.44466643,27448.7027054281,229671.044753175,23819.6440435995,2254928.88138695,16638.8605980273,21389.2558924582
"P02304",681730.440282215,54670.6953878876,153539.086506497,587415.237174544,23913.8778845473,58259.3097022287,25569.0010487719,288416.903858429,15889.2629293871,15375.1107288861
"P02305",3489961.89474737,342786.25937699,10693.0326254865,244048.392124187,15058.3242662544,15175.0646354919,27896.3918048362,13214.2348061873,76046.1680895943,107814.780382851
"P02306",353830.953134965,8581.81855229455,235309.859359991,7004602.90546719,29799.0852059113,459794.72965947,22924.6300557272,11745403.7004227,8520.90080787243,8102.5739692618
"P02307",253604.496670475,9673.11960724615,386847.522365292,3951370.11541504,31326.1345283645,145313.21026668,21964.3716749934,6033218.22023773,5848.37710532206,5254.52447819292
"P02308",4218125.89993442,932775.700622539,2358.2281376884,26884.518017158,9601.31003566235,1345.2257502977,22118.3638414947,717.759324859628,98094.5214591031,185963.204736395
"P02309",894362.880961889,89765.0823812942,70405.5913420486,245651.653889182,23395.1346637925,22913.6594771584,27510.4198862934,85393.9902922137,14406.9049548958,16293.916021395
"P02310",267861.412175951,6944.1775195204,343853.575808849,14428462.8882266,29439.1799612561,1021844.86439853,22135.6368384659,24032376.5153937,9887.75454999722,9138.08360931833
"P02311",3885509.20578048,683190.675757419,6750.90797230625,97694.8555468709,13407.0813124184,8049.07642669824,27162.3371369226,9597.40459186687,73175.3733820237,144473.773058333
"P02312",2285367.02209422,185181.079788961,29210.9899116906,424214.302105379,17875.36850527,21029.3307659596,27915.3115127627,72045.4277728834,53163.211806198,85349.2430100591
"P02313",3749149.15850867,625213.450521885,10164.8054059817,83931.3197898731,13955.9549232087,5270.7243587745,27625.6705480269,3303.4082521655,76655.9819529911,176483.630994803
"P02314",3036719.46367683,336201.422505807,13143.5841758982,244934.406536647,16261.2074575617,13096.0092989982,27921.2421724174,19214.3943903459,47608.6137779977,105508.158260365
"P02315",4610074.4284244,629435.965077484,5814.88850841241,89868.5784007996,12764.5035740386,11303.1632911278,26157.9780882629,8790.77038367794,93167.5695087138,181503.081309523
"P02316",4430897.11377949,445092.012298244,5977.43129410102,124012.810073245,13177.6347694012,13056.7668631128,27498.3808060335,10055.1504798523,77775.113635092,156400.284742259
"P02317",1563334.41560618,24593.7405767049,30571.2222078293,2954670.66340306,20771.9349561621,154211.322639207,27163.5027090528,852105.611892125,45073.0991812719,81841.5808598791
"P02318",1968733.76165505,234810.543204334,35804.357999692,309652.487818413,21058.7308758279,18502.1819554899,27637.3307227381,46589.0878406085,32533.2002722302,61366.8898802983
"P02319",2599077.09161509,851217.876603218,1932.93133621955,27539.1332739342,7550.13270376541,2309.14279179277,19835.0077215969,932.301011953993,88551.0633847985,161818.992452434
"P02320",791820.064843744,20641.9029841545,122939.864808401,3229277.3140333,26629.9299501687,167710.417665252,24708.4838297779,4970271.39660318,17455.2450901112,14031.5214113695
"P02321",1399368.07177219,38486.1125098728,37621.7672048773,1956935.28007274,19810.7204862203,118131.279346776,27035.1182736917,530292.767297738,37845.1825349699,55526.9817485811
"P02322",679253.241779166,25877.6054062958,90810.3171663258,3724023.13919871,23716.7334499369,202101.064819624,25059.5854334954,2181963.81162509,24110.8753447389,29210.6973274357
"P02323",360268.175651771,23285.4485879178,167658.4361033,2148464.00215628,27414.2836113411,112938.990779698,23985.9580094121,3023331.99324729,8129.93856639823,8809.3044296796
"P02324",2863298.89929679,81201.1989679233,16105.9854163342,1774311.1983785,18361.3956941229,112970.140560197,27747.8081152423,135749.377070809,72440.9422318511,116158.658219526
"P02325",1329350.31347298,22874.1673893917,57625.2791492044,2855460.93520492,20436.9172845203,318897.958055755,26729.7705992297,1061211.06005308,46621.5797325176,55500.0264287833
"P02326",695830.417010041,30984.9553003582,147434.89881864,3557555.16014952,24426.5355232955,180826.425227426,24246.3185068021,8317757.99281568,22453.1477646028,20572.6385062537
"P02327",1269308.93626596,88002.3593830086,39034.1504190029,734243.988985077,22332.4136335625,89552.8845192375,27422.0767597574,309324.752085766,30485.0804290609,49112.5867241778
"P02328",640746.649643381,34607.7015891313,56093.0596100583,1771291.82245363,24957.1180036492,107532.294561542,25392.0921228147,1656478.89030958,17886.8490469671,20189.3772373449
"P02329",363418.860585265,8988.88189203785,127351.006898346,6447425.27275928,27879.2003332612,373389.874889078,24041.6653264977,6636820.75110058,21128.1598846674,15461.7560920031
"P02330",3939872.79550282,203759.560221474,5664.63185418687,821365.094105419,12448.3189369045,91938.292747084,27678.3590151949,64714.5607010265,97264.6113270096,176801.733801065
"P02331",923081.6780472,18314.8105962758,80024.7394845946,1407070.90468085,25895.9739123301,121541.839766234,25888.2031479229,646227.989535747,25108.5390780272,18450.6574144732
"P02332",927362.790633201,69719.3012651641,105844.934682159,819850.705589203,22373.7932103383,45075.2627681836,25921.9804680393,204497.45897343,13922.633156531,35023.0315000292
"P02333",581151.286634185,18069.1686994714,137959.630289741,2948858.34131046,26811.2576221453,161609.662489502,24999.0119147133,3596591.98734829,10959.5411376357,17024.0792285379
"P02334",3476772.85741622,615736.277167929,11665.1814341128,107578.690588748,14626.1655399523,6288.92739592001,27708.151404719,4324.85536434323,80997.548483032,161748.712067084
"P02335",1264447.43143213,159515.896783127,58597.0430686768,436845.109035112,21010.6872017198,19623.4130960766,27634.9681037777,69809.2922406902,26660.8694150495,75190.1533029007
"P02336",4225854.55625351,750803.390721482,5537.29397652034,94125.6187357942,13913.3552394349,6163.88456458488,26789.3819821986,3833.07363334506,72905.7378608453,151722.639471411
"P02337",1502098.15035446,85770.7618784594,28967.8137796712,1295073.87783192,22019.389583433,74195.6174824327,27276.289064298,263615.365074456,35513.1443982303,38125.7022523323
"P02338",3815160.11647243,542648.2586085,7997.06244190676,116919.719514246,15222.5524558154,19277.5883705623,27720.5584363884,10858.6004260413,66625.3003543769,144134.574739043
"P02339",4342819.91682607,802943.604169137,7878.48472587294,49220.4823559977,13604.4263102281,3763.87429323032,26192.8056356157,2528.35958448498,68738.6274327742,148272.093901815
"P02340",640564.834893031,17453.5325619578,108771.29321876,3178838.20944462,25377.6210416779,335473.600170862,24055.2974502312,3669120.35083635,14882.7062083748,23016.7114544565
"P02341",145195.778318192,2483.46332901301,2510997.22499451,36501511.6529673,56643.5371628217,3124184.16877904,19262.3507456986,385942388.765352,1983.04147780876,2262.15060905401
"P02342",362950.402402771,20895.1475728972,197787.696201351,1924665.93764151,27399.075922117,144822.207111067,22273.8356818387,1482659.73952785,8526.82354324144,6214.44988492537
"P02343",2382441.67298092,229389.836383992,25570.2240750064,154736.343886976,17550.618683231,11326.6830675609,27568.1590641592,28365.4098741266,37066.7596290253,72911.0077027056
"P02344",723424.682833638,13234.9895346459,150910.965821583,7167073.35200327,23894.0545543876,374550.050746747,24394.895931453,4681461.01348708,32979.3403515214,35881.5078675326
"P02345",155545.544461025,2162.47375274457,4579552.55083438,284249328.387706,80065.8095822781,18306784.4085525,19610.26424853,2270243909.2464,1393.57300266747,2164.78118330275
"P02346",1294021.85026074,537492.121757697,63896.2963537851,48507.876573033,21979.7228421204,2945.01052661755,26975.514373782,14182.1497816509,8893.52114007758,19543.9986812541
"P02347",4192255.83199618,899474.204479543,2644.08475650527,13346.7653778421,8332.01479966373,1565.05287806106,20066.2575815879,511.62685476706,97635.0416573255,179142.200828183
"P02348",352216.015145147,18602.0077970136,295156.599690677,3463244.69966512,27736.6615969869,258669.283988191,22968.8324239985,5316796.63477714,9959.97726242853,8620.56444568776
"P02349",4355159.75378703,679352.816700726,6913.66640723847,70754.4510688004,12884.4074903267,6935.76843825578,26301.7198717378,11847.536061119,89221.8312998183,183728.572325308
"P02350",2783782.94597471,298153.730437931,11052.3288733665,350557.691535165,17679.2777741224,24668.0692437814,27899.1152061986,36872.1145579994,73242.8629010426,129474.881724349
"P02351",439755.499592106,45927.6029692401,275191.339817879,1103358.63203564,28099.9303084696,71448.8394659417,23375.4055052502,1660368.01208467,8490.33742628374,10895.1388255979
"P02352",3719877.34685742,178644.427901603,11126.6893153042,584157.561550269,15150.0020096209,42934.2764480419,27270.3237057422,57451.8586452618,88541.7383975221,159532.528085649
"P02353",4585220.0571713,760595.8836982,5624.01581234477,75207.4923634306,12961.2258817849,5189.30151723167,25219.153558599,5238.44771736969,86797.9849532255,166199.891241499
"P02354",2633015.87901205,121236.124641131,9935.80208806144,1522424.70097797,16190.7406048221,166695.265769904,27905.2543059743,73128.2824031858,94974.9942620222,160794.345269392
"P02355",2301968.49703779,163698.431735167,80930.2307457495,226524.591411244,22386.645711628,15776.7718005108,26654.3954724903,45113.9527121116,19727.9747009993,17538.1962292542
"P02356",406628.852159727,15912.7137231699,135373.011106107,9003769.91333193,27638.8779006415,440208.394579279,23318.2491066941,4788085.09806355,13224.9109271986,17874.5681486202
"P02357",4650694.28232657,874698.289017697,1577.51232766546,74500.3099545704,7861.94943320294,8021.85191235107,23739.1759742506,2117.69760721194,98164.311517773,181119.271644772
"P02358",776119.854792052,17139.3843643564,44474.4220656224,9290004.80379885,22256.567617529,799437.038836387,26220.743136052,2647284.12240027,50165.8799763431,58791.4515212402
"P02359",3800069.86640009,491277.978325458,8926.60577381387,112443.409724269,14280.6760735658,10906.0479133086,27574.8646311899,10557.1647642252,89177.9851897802,143416.009019857
"P02360",4068880.44346547,214155.182380938,14837.2094101703,217821.455168173,14913.2062543265,28685.4419583902,27926.0017716797,34925.7102551684,72292.9132229724,119300.348181306
"P02361",214490.987431146,21434.0536937015,626154.859629981,801575.16405855,35362.5085940005,72047.2871423787,21797.233928783,1762313.79516014,3096.17126145853,3161.00906969365
"P02362",4514809.03776944,889358.994823072,2860.29260524211,44005.2863517474,9461.55240363586,4148.43920856229,21586.7695571278,3269.934392047,99188.7421073393,185603.677615884
"P02363",4668695.75880346,885962.219729271,2974.87340821818,24228.097754494,10374.6946889296,2217.31518059669,21684.9442909451,1854.90249102464,98912.2753923023,183561.628584905
"P02364",4522212.31447162,894697.315736463,1907.02638736476,28142.207543076,8461.14764829576,1491.70899531815,22029.7104652017,899.053906206554,97051.6440583119,186015.371770739
"P02365",2643934.34877211,644603.554992265,28481.8600173566,41161.0765158013,19327.6786704133,3541.01558342568,27931.5584565726,3991.850056601,20916.2186600871,31221.5960180895
"P02366",1335050.28230109,13922.928826806,85869.0293684567,12039642.1832557,22107.4376070007,661645.915684418,25162.493111871,8326572.51853252,38297.71996986,56749.4775675184
"P02367",581482.66121545,52778.0082136127,113779.579694561,485201.497999698,23899.6791981103,31588.4218585399,25538.9738668561,306306.962149425,7902.27048735564,10216.3840248306
"P02368",3734726.10897799,765209.49587365,12686.1567352931,58940.296627623,14510.6988490523,3980.72221338182,27924.5644685525,3634.18276440345,57306.9086522495,95682.8582335471
"P02369",1218824.09711665,211307.839344914,42457.3822127782,569400.00232908,22736.8968595897,23713.3375704608,27796.1996170821,195346.588540624,29060.4907159456,32504.9456801015
"P02370",2935167.36999125,905998.24490879,1896.78739255112,38893.0893650234,6246.5946636517,4002.77566041009,20916.1417033617,1198.99425729594,79843.5961015871,134186.224222132
"P02371",507192.4798745,45068.5085885873,170851.678247964,1744172.12108005,26183.7665213646,127238.863170408,24611.8505490913,971421.490983311,11080.4044767613,6923.43612099359
"P02372",611967.39169442,29491.9185141231,122956.815590249,2058964.18075273,26903.372206081,126184.315006641,24649.3333011686,2618097.11811162,11857.5888430568,12965.7300459743
"P02373",2897292.84030694,288852.318642879,22689.3106950721,213630.916272177,18779.7813636923,9532.99114156194,27811.0232047561,31326.8367388717,31612.1410469453,84562.3037662306
"P02374",1478856.54703445,79120.1964406742,37462.1073403348,761119.683157293,21018.5091679573,63151.3855214511,27116.1557935895,182046.896140467,25307.7804154797,32971.9788935321
"P02375",768348.580590016,41919.8824794745,65109.6253215517,1255818.73749993,24936.3847777281,77078.3722800891,25814.1447297749,565603.680456143,21095.0450123238,32538.122454373
"P02376",264178.541139889,6364.83362943922,324672.451552578,12279712.733549,30345.6580402859,699513.565741518,22366.8354418843,37696521.5314366,7840.42727256966,5750.07761573389
"P02377",4679817.49879639,743927.217762601,4614.4395517304,50399.2393073033,12051.2751339708,5589.52461597506,25960.2704734124,3152.65857798633,92227.3865862968,146704.94622355
"P02378",425129.185550083,39215.100978246,337066.72309008,1217905.79521884,29569.5845352735,57429.2205546349,23739.3607915501,475212.968166258,5348.14781624711,7182.61630168752
"P02379",4231673.94775302,559242.397771414,5336.87843054207,97390.8556442747,14101.539215186,8086.39844686346,26215.1904594639,4865.83727111006,76515.7108154566,153049.38415025
"P02380",463942.830750383,24534.7344489986,143310.276237199,3455191.35495859,23698.8200079137,298972.480914053,23916.170882552,2203867.23523461,17195.2146832891,14729.8867263951
"P02381",146320.083933402,2288.59680763528,2843065.059008,1249786153.84025,65253.3640296453,291345991.436205,19304.4176303892,10299791174.2292,2382.34407805028,2497.77902175489
"P02382",400874.518141738,19049.1715682216,170928.37352816,2716425.86440712,27170.2335794459,231523.7118212,24211.765262641,5364981.76984978,11035.0814173172,6657.73117743072
"P02383",2041216.17726903,80009.6677851459,23068.3463752635,1081879.72467572,19465.6181034661,114772.141091657,27380.4657024933,370758.732726771,49821.3908702236,84141.1097105497
"P02384",3938158.43207126,563610.655546216,8569.08098557399,121615.234374725,14925.0009771554,9764.01048498912,27690.6167856059,6493.30647989091,71486.8864354437,134871.012467597
"P02385",410453.604144831,17829.2434122364,204340.101716736,1972796.39127896,29573.5937807756,103686.999522715,24264.7100412136,1641617.16008428,7496.90400871608,9053.83771489872
"P02386",491777.315107902,41010.3943306837,208897.927124084,1025450.50992798,31030.7687201018,83535.7574760773,24456.4021162924,1085512.75888818,8829.11763234156,6442.89101088678
"P02387",166831.930614635,2166.94420004178,7135298.75154207,251012395.361654,92374.8996793995,19501198.9299583,19881.7966077205,1113670439.64366,1102.2364163605,2174.13388980666
"P02388",2521979.17341137,61827.4795346493,20849.6579760368,3428847.37782773,16267.7524082568,196757.214145054,27908.5268955719,844988.986301791,75335.3249353213,143791.054190292
"P02389",179256.779874698,2131.12933000443,11137769.6644196,246168953.549844,108834.496504022,24101113.7538083,20431.9044878463,1878256519.50481,903.584259936334,2240.01819883892
"P02390",4672935.49705441,665077.797476138,4013.79564137311,75688.5681352661,9914.74894179029,14404.1741949741,26712.5616977876,6191.91699956874,90517.9528200464,178876.426885345
"P02391",651047.495684434,24960.14876332,86060.6132090794,1742854.83231216,24583.8470582834,252205.307010902,24860.9514982203,1787072.12558578,17556.3748915353,38674.4134952162
"P02392",2944937.56423489,254111.703362925,9071.85775215268,1445581.43424565,16928.7075242623,98938.2126825699,27929.2445473002,69343.0474671938,79333.2712326209,158694.004130539
"P02393",1925886.63742898,302767.661647676,25466.2338842755,108340.450688547,21499.9335859095,7803.77168209928,27857.0576686587,18976.809694539,31290.0239620215,45613.0452421678
"P02394",4685141.21380636,719496.038799464,4610.92947912295,88972.4616594345,10944.2648069674,8534.90089043917,26066.5966214594,2645.48576489133,93381.2597378315,182863.345691547
"P02395",694220.498358178,33104.7365245331,101908.93372867,1074023.70550914,23152.1453751229,88650.6062020324,25137.4658737575,2262347.993542,20737.529697126,14870.7423094967
"P02396",1784101.48924298,64661.535717436,14255.0178650945,580909.091445641,15935.5502690537,43710.1664230203,27884.5923862054,100051.33526163,64982.1431118035,119449.459190915
"P02397",3415271.38448642,606897.930016387,15421.5273460531,92604.2128788792,15710.6724661148,4260.8949932455,27921.9983834148,8883.59256160974,48328.2494001507,65248.7303128966
"P02398",3247363.2784598,326154.59847353,12901.9761245997,104764.411202522,17325.9733959252,15573.2335133021,27877.2922544262,15552.7198026634,57659.8291110544,137627.98274881
"P02399",4008541.23794441,355834.847126135,18005.4218100882,152197.670102876,16880.5026439855,12094.7120753761,27929.9218690309,22726.3389556064,49672.3077406947,112650.728133074
"P02400",281373.604849909,6474.36554676494,239289.444157136,20148928.7195662,30009.3763221127,1627426.58627246,22297.6245867077,56448212.3574838,15977.6712492335,12153.3416583127
"P02401",4595214.92305957,270987.930325827,3632.36787452472,362129.791073678,11754.07794283,31862.0393460784,25057.4766085146,143033.334912485,93310.6341036163,120063.838224255
"P02402",2532527.64208203,106902.364369965,22755.4426231231,456364.771176765,17712.3207551503,46045.4076065762,27800.1424221857,112684.177365391,54798.8508723783,73881.9451383366
"P02403",2708952.58026048,194364.029118045,13650.3062469785,437962.002830574,16799.270979019,43010.6035066949,27513.1727411593,87300.7638533492,42222.0529252884,72860.5170679646
"P02404",753281.963422065,45846.5726716876,68266.1347810954,1074642.64177409,24412.8233425883,98149.4778195147,25835.239228622,491541.022099449,23189.776759207,27627.1285496586
"P02405",2962831.08377961,666045.450000706,17281.8273143904,55064.2857717433,18819.0703741213,4764.16149428758,27901.9730152513,4879.94516358617,43099.1251934779,57566.1061020091
"P02406",1938744.93933276,71366.0357630589,20215.6394472373,869517.44681216,19034.6700532269,77433.728927948,27231.3222630305,102125.285117088,55241.9897019443,66010.0129198665
"P02407",591580.335627818,20090.343520787,144300.118101212,1686404.58286455,24051.5733293766,105161.780979241,23715.9045107768,811936.768114642,13194.3826214617,13751.2728663119
"P02408",1707405.0584467,115439.237921976,37340.8999832644,877993.952408986,19360.9705617793,81109.8065174137,27736.3644182231,154667.748751176,46063.23841475,70732.9833291388
"P02409",1253554.31610442,154895.042931007,61924.1269885686,219915.665224357,23384.1016248219,20910.1984162955,26932.6575502223,181361.695113617,21946.57344199,26509.7551334052
"P02410",1329231.82902648,304380.154850499,22641.7923483047,135834.972552947,19467.6231781414,10247.9553981701,27908.2233113316,30783.7744932281,31645.9647034616,47910.3911741419
"P02411",1083892.76117177,210646.041710332,29329.0925152782,195666.177085999,20209.1705272026,12624.1417349473,27273.9284785756,55930.2708268533,22523.1803586184,44884.1919605865
"P02412",289411.462508135,11710.2067992597,346967.831840707,7135969.09541004,29969.267757236,535635.229054695,22293.271966263,27223946.5235475,10569.9311978706,8489.6464071852
"P02413",2977463.06550806,266349.638125199,17557.1883111179,243297.370326129,18016.5645694948,18864.0650620273,27829.6011601608,65051.8399478442,70382.6417375785,119241.709191129
"P02414",2740333.56586948,434042.658719633,22395.796677672,51653.0583167409,16265.0445138684,5506.54932366328,27760.6779385111,9311.0450969511,35842.0206486748,34937.4707433834
"P02415",625435.962848915,30842.3847166016,183670.885065442,763895.128322945,28588.1383096871,53066.9043809768,24570.5967388053,186717.756142868,9420.57157614268,7450.69721699393
"P02416",833672.95921037,259063.345272076,78069.4614739484,88156.8068233816,25147.74798136,6555.62119045302,27373.1117809463,27887.0584402517,10078.3089513722,9872.78068373856
"P02417",958580.949305755,207684.132040143,27643.7660991278,105443.653340905,20982.5555987507,10933.4990358553,27313.775519325,28832.3216622856,19701.6344854482,20344.3743714007
"P02418",945488.91821983,22827.1326149142,86018.8771565302,3308549.09893036,23401.1215795744,161651.034572636,25814.1242196322,1462951.19467805,31191.4727982207,34948.4836180816
"P02419",639711.871462884,25969.843278485,138996.407171244,1464994.01366889,25714.1950471701,80011.4593042575,24812.9254354163,1441141.01940178,14224.9968046349,18540.762004168
"P02420",2951583.07231374,326888.041517752,14386.4684973322,118796.119764355,16334.2137101604,12769.3358979403,27836.9445425733,15014.6407630042,51049.5478315177,68806.2446844881
"P02421",1085168.11664277,76933.8938754514,73099.8763899836,1970961.7889621,22641.5927764402,53534.8296454477,26263.6954061822,181993.292182289,26831.1514135599,28072.8019290433
"P02422",405349.225796813,17523.4225811748,238822.263509114,1405065.62614838,29429.2278774779,137880.578926505,23965.9912461261,3284981.08070778,7623.18267492932,8582.89522054613
"P02423",4004643.80575748,557615.663203977,9990.14209991512,99653.0225886117,13798.2317330381,10076.6736884554,27428.0200636841,7905.8152567026,72206.4814999293,114434.276632679
"P02424",4603903.02435021,461218.16178626,8788.89936970548,128284.158240409,13909.7173265066,23044.0810808559,26880.655451251,8622.37551233105,87773.9841383544,161029.616757278
"P02425",4264411.3009024,860386.553990391,2451.36719351167,8367.86100594589,8216.1725690591,543.252835857226,20997.7797977808,380.314647452235,97237.5936522128,177470.408271434
"P02426",668849.65153829,24344.127110528,114121.299832657,1738915.74030618,25461.7967037659,219685.44865477,24802.4413470258,2241699.29010741,18305.2634016986,18537.6970340828
"P02427",982432.339601289,24962.1119910275,73646.656167224,1304782.52642786,22805.0004745474,78044.3403934087,25039.6292137318,1147829.56282193,20640.4525372653,25064.5625272791
"P02428",2317910.81730517,174472.422407062,36692.9409166583,277158.72886959,18372.7377481887,48970.6187234704,27732.7401159631,165492.321823444,26647.0651782953,45929.0762406836
"P02429",3688268.89996348,508001.140773852,13961.6249046555,125834.412936006,17224.8266369398,9795.29105157531,27914.628586053,5304.71944126079,51948.7612254069,102089.318649827
"P02430",1902634.51250766,276638.822117248,24075.4819266619,209460.431293281,19707.3833554746,17563.207641603,27520.3150312761,45074.4810653835,26592.7089704682,49161.7888777048
"P02431",2437586.95252016,319026.362881082,11686.6115471492,281519.33339195,19424.4130722027,23434.4640979845,27931.0133292025,58203.1103786795,38360.2202858877,70825.0149292988
"P02432",1252765.06793359,130095.59617141,58894.5230272635,840802.247601477,21902.7601609979,60352.5341832084,27345.6545020571,283101.068854889,28513.7254796904,32023.1126185008
"P02433",447198.310623272,32164.70858158,294568.678409896,1476715.99459134,29794.5891906462,114246.643469695,23048.190956728,1411578.99550052,6288.81712840601,7771.72246653804
"P02434",2588614.02501886,194124.029120779,32336.4170646128,348052.423102303,18253.3465195773,39678.7817811313,27932.4312674758,62952.0921963505,57797.7725788777,92237.082367702
"P02435",1080905.09894661,54573.4428878991,54953.7520215129,886946.793757176,23733.3205737629,78980.484780481,25581.8729058724,325762.914004654,23896.9130303477,32305.6134471226
"P02436",4457935.17187978,474283.457901154,6471.70524019351,66221.3785290027,13684.8666000175,6321.48858783712,27262.3722956115,11235.880271439,73757.3893561776,163676.297558487
"P02437",1521000.94864588,191166.762395902,35568.5327536662,448358.767713899,21018.8715435326,45365.3895777797,27171.7479604232,81560.4256854593,30613.8403091725,47170.3563264215
"P02438",421230.036103941,8734.6862389316,204845.398219416,9685613.57395782,27329.2465915837,660365.654390244,23544.2742146981,13851163.1577443,14089.2717996088,12688.9435091923
"P02439",596574.796357658,32171.8624464006,136825.196613838,3203589.15027132,24819.2390595193,206332.640709898,25395.0607862851,1796612.92259845,17346.0156279352,16317.9616045717
"P02440",655925.419860322,161674.557816515,97025.5734915646,163220.819498802,23442.1894955525,15947.2352253025,26414.516837299,152469.018753317,12678.9444784957,11284.7903928106
"P02441",3961843.2936343,865157.061439307,6185.27182879292,49266.735933117,13603.9825182106,6231.0036959846,25437.8197349736,3321.3332787743,71324.5551157712,164803.136303603
"P02442",873821.803204405,38613.8332215408,76648.0613387522,3147464.15739426,24932.7983535583,112941.15261303,26275.5956422379,759811.026440007,21350.6545191457,22077.5578541637
"P02443",4621722.09327755,850951.834296611,6548.77554823594,44758.8973021553,13137.0266110608,2891.60081894823,26984.9310261443,2067.55708336967,62658.9660052692,167012.312475189
"P02444",503398.73317077,47357.2286847544,172253.164104406,1528974.31650222,26186.1338305143,92238.739586106,25193.953809806,655410.112658388,14907.0037672107,16695.5874535384
"P02445",2434169.60848741,351224.130664554,22641.8271540525,192809.091347885,18669.3719989908,17870.9617155549,27852.4507184116,40851.1634674476,40878.1029496211,69978.732694001
"P02446",1023196.75688782,143252.033887269,65740.4012357249,347008.739547814,23618.4952206886,12790.2022635286,26727.1338884673,68676.4570407762,18039.9152986626,25556.3892829981
"P02447",504867.209897524,61284.5363435154,134591.297570432,2300810.62552458,27347.3357883142,154067.750814628,24633.2754277336,2341174.55667967,11191.4465818829,16476.2038822548
"P02448",288381.483753236,9615.89565706244,169052.144869577,3789305.15562657,28655.9626692116,240604.878353963,24021.5243934894,6274588.17113546,7725.11100566535,9731.93184545553
"P02449",3465819.86481549,910644.493355334,1344.64404520908,21404.6091351483,6573.27815710468,2286.55756034299,18112.5841559121,433.596287434075,98453.0583863352,162215.117134296
"P02450",2692464.15975968,581655.076749216,16875.321308607,106486.378677165,15030.2842770832,5246.67741118863,27831.5579460145,7057.03504208259,53151.5250489574,64084.4385894231
"P02451",2135565.101545,189185.028269858,20133.5513603369,468057.360739157,16203.012145635,51336.4227760277,27912.7932642523,106949.961241967,55992.8515417664,55145.8849618003
"P02452",1245284.95762634,120039.015388942,33851.0856487729,388264.919305222,21252.8302697419,40458.4027172302,26252.5445780723,189943.865135733,19748.9073013696,32503.9096152391
"P02453",361028.883615601,19681.8042868278,147423.694227638,1869066.11453182,25362.6525588013,90354.0757409995,24266.5116819823,1139458.3632719,11678.5721033179,16045.6655170456
"P02454",2205798.30197646,78128.5250136858,17882.173772985,1986720.50009902,18536.9303040859,125790.799100927,27306.5892937703,197227.624081807,49144.6718966468,109815.798250908
"P02455",4695701.44424325,479807.346079816,3127.18930903768,90628.8925471204,9504.92563223948,7816.00568947303,24147.3356286089,15845.4562713845,97687.9870469805,136613.196986066
"P02456",4197912.22566811,482190.342896215,10385.343388455,90619.9768139274,15990.7914209959,11789.0766869411,27038.1076846065,11239.3063676235,62704.0514535014,148584.426969369
"P02457",2071357.78766268,142696.060062808,19756.1400983306,1145557.89468095,18305.9944939786,59245.3311361959,27230.318760952,205710.952442736,50330.1009646889,99874.5424735853
"P02458",789829.603639253,82815.250158717,92855.3501591425,554963.493873533,25576.3734317497,30013.997103896,26421.8276965393,656043.395450821,14745.3964282584,24309.1828579572
"P02459",4084120.14554205,367398.861602972,7849.97978569176,293346.969971956,15925.7886215933,26213.1708841593,27896.0957475249,18999.4047042026,81348.6494187331,135988.548184128
"P02460",4562248.42475313,855430.755587946,2610.02527899017,129480.642821876,8199.82722909578,6504.63970370791,24689.4749934581,1726.66033887876,99502.1578319751,174208.046056382
"P02461",832000.966772114,53912.7219166479,60809.6239366731,823457.096544233,22400.1279210313,82641.4692473523,25858.5697043631,334690.791465294,25644.2488044146,24443.329296854
"P02462",4312479.3921554,589798.688685073,4299.66737085506,87137.7601590115,11393.631795818,13542.3541823322,25799.661015595,7215.52040786342,95564.3573920882,178673.947945265
"P02463",3386102.69657052,909597.439901025,1409.75595072101,83236.9219535279,5975.20802073487,4137.20567025125,21962.6607166773,1415.97326068117,85537.2103549455,142448.875334188
"P02464",3301791.65169587,252751.272037347,18470.2448394676,194416.915455582,15702.6676231974,14058.39269702,27931.8151565301,24386.2700453158,46997.2715281522,81169.6805303881
"P02465",821020.525929986,21169.9301781075,95340.4058239155,3178160.41075293,24538.5084120689,208294.230228413,24579.6443654394,2899905.13641668,24560.688768503,24229.5998987557
"P02466",1479962.10153835,131845.814254986,44502.2579149102,513904.883428805,21807.6791148608,24570.6260300914,26348.2127000514,135184.281888781,23798.7684790824,41298.8844315254
"P02467",2547529.65623354,297792.410067662,22771.8347797002,121670.967427127,17678.3472013675,11051.461995033,27931.9985686156,8714.8928871163,48443.2660718291,64777.432085942
"P02468",3165815.06159968,637617.281258859,16673.7130293354,128366.094112324,17519.1924693189,7132.43406205065,27891.5367770562,8863.42293295205,34462.4845675328,79289.6997204869
"P02469",3484878.98530733,516373.821776629,10922.5857811879,53950.1010728967,14859.0784592672,8073.51019166421,27662.9200991583,7715.42246312505,46071.4280932992,73160.3589208107
"P02470",1068298.32849361,152161.137801674,84629.652396771,439836.252793735,23217.1655552615,22709.2871307494,26339.1123566658,241626.893811577,16538.8622118706,17360.0780772265
"P02471",785208.929030763,83465.7649543936,140300.040843011,331232.711049157,25454.9876725444,25250.7750742924,24981.3441608515,156871.496631589,12326.4766635701,16282.7886072521
"P02472",2507850.01659677,472065.524376412,13786.0792365522,64801.9940304608,18639.7028100585,5020.86756887231,27924.7808177792,10790.4098602956,36781.0907467196,63539.9550281094
"P02473",324128.404154693,13611.1668597947,281643.352709439,9946900.76002106,28706.6637382509,429561.033393228,22489.1306243254,6027388.74922295,10789.2403492006,8768.51985393785
"P02474",3025044.1650369,477073.493482269,1227.55564771793,78984.3458818988,6136.9924675253,12931.930366868,18422.733492656,12053.8169533161,97936.1604032376,163804.01159432
"P02475",4228161.58776061,839144.376114407,2089.83748631261,126766.515229582,8250.17118496089,12123.2052204422,22173.2136455692,3925.92749166589,99551.4998170036,166709.668477225
"P02476",2919040.15762589,923806.67261009,10697.3418445598,16604.4520964493,16803.6571214306,1164.70598476809,27596.3011901297,2498.55021156659,24215.6138448014,48941.1162188734
"P02477",642913.388973198,17732.7145846617,179614.790160436,4448564.07656178,23043.8528893029,141776.856936361,24836.2282779381,3357613.00842833,13322.3445416627,21060.9721294838
"P02478",3707210.49865821,661794.414249593,7254.41754894426,135108.582549704,14932.818576278,4675.55578576847,27073.2404120302,7698.76051926282,75006.3354948434,121174.078061352
"P02479",827260.624682821,29594.314039585,75132.051180193,1760398.18133044,23752.9005658147,173681.446985685,24790.1207528092,931013.108440211,21072.3591614865,33663.8839218584
"P02480",4586026.92196622,846543.377540991,3404.70149691267,49423.8439481158,10713.3979648614,3552.61159487899,26322.047839059,2911.32905182974,84662.1556248244,160190.913777753
"P02481",4075600.97602928,926687.261218809,4711.643950415,33392.1800834172,12991.2677516643,1894.30691698167,25870.2451832341,1853.35781519166,81039.8924275855,132559.812964305
"P02482",1280319.91589462,19987.0562279872,44402.9086482496,4420739.69702159,22298.1137028728,365895.987833277,25956.5349949672,2755138.99233465,34055.2330888301,48291.8064508291
"P02483",193241.906431693,5587.139813936,586326.843521795,9782590.43701237,32811.9243904196,820932.005407006,21321.0258565177,22993765.3281822,9252.84471397674,6296.34296413563
"P02484",210922.120360182,7047.09664602924,521938.663218854,4731884.05874766,37092.8915793159,511228.858602035,21368.4707478701,19194692.7663503,6506.64241776174,5458.94394538755
"P02485",1966686.07921961,147455.910206134,32884.6901414845,600230.616260787,17987.0194302875,37185.8711738029,27905.9475046391,230612.842736282,48176.7272840315,93820.4058364259
"P02486",1853579.65234939,158688.984410979,29738.2408921687,894567.319687475,19743.736260555,27469.766785303,27095.8699485382,319590.166170841,27059.5785145319,85254.5216951638
"P02487",442014.146705063,22666.2146716617,231820.573079828,1839707.59859684,27664.1618971226,100999.025860146,24729.2810407529,1494822.11620994,11597.413499986,12944.9285777974
"P02488",1592277.4207217,125334.593468962,46173.1020503886,766907.824037319,19503.2517267663,22224.1061762769,27453.8751068684,82569.8359140141,35745.4080205876,41349.2410259729
"P02489",251607.586924909,10618.0144468041,297380.370046021,4064616.88131518,31416.400487387,140992.230316173,21951.5687190761,5671197.52679195,4357.95265960368,4362.36153243087
"P02490",928381.483863342,28381.4292517531,53132.3063770232,1859306.27028609,22610.3611088812,166905.47841437,26063.6099102583,976943.383554237,29202.473342191,35848.803905331
"P02491",224227.284941793,7399.39841600024,496421.203403734,15760274.2853552,36791.5620089595,390430.864451185,21531.2461865751,5345433.4250542,6194.20677669968,5956.65425388869
"P02492",420171.956118849,274583.897730564,143632.679911545,343301.862643503,27184.8325488924,23470.6144560814,25300.3474094298,96296.6263455661,10507.2730112287,40054.5429309558
"P02493",210655.074738959,9020.35922539906,348178.89190327,5299806.47640745,35218.7476318924,527611.629845513,22107.0260895778,13295416.069618,4480.80758460796,3817.40625160787
"P02494",4679734.14223906,690314.512069998,4608.97187406175,115025.291737708,12390.7306502082,9590.02582099809,26648.4550296227,4820.44535718282,95434.9408271729,184860.081371625
"P02495",2757527.86815117,359957.171007734,20933.0860641638,96983.4691250421,17106.2313622492,8087.78841415969,27932.355337148,7409.62273256536,41669.0167575311,73242.4879659435
"P02496",701768.908760623,3420.01165860573,64543.9203978891,38343994.3017234,23612.5264805447,4895938.71510087,24656.5616724343,172124492.846634,41543.2517215489,14124.8251975897
"P02497",4694897.61772856,819706.101797861,3048.37105480773,54283.532668411,10679.3332079577,6099.87834290504,24592.6341528223,1774.60201868732,96103.0574369059,185896.119306235
"P02498",1490352.04230348,147829.791770403,66982.7218350291,403185.553479342,23482.0131010649,23078.0587611641,26801.1571459944,197936.740833559,16715.9995250662,21607.1824424886
"P02499",4265336.70688666,932672.075176915,2349.50583207302,29071.8950631219,8596.85093142615,4132.82233831532,22904.2489625719,1304.66642684896,99361.2872431691,166743.695624883
"P02500",2189610.4758113,118745.256200665,19247.3313555984,543529.185385419,18642.8839223767,54537.7232845153,27384.7543470704,126073.203037453,58660.4837593243,75091.880629803
"P02501",2916744.22691461,345959.846635649,15290.8200072349,193675.617565918,17790.678551671,16788.176859817,27885.264235591,18438.7243554372,59744.0613780009,70485.9197842443
"P02502",219127.681599661,2196.13231080112,10227512.6670187,397267898.513246,107589.803975518,39242731.7174606,20309.1228990752,3895185013.19126,1025.3801737771,2221.78192524218
"P02503",530057.619301544,31582.1344784109,147077.323516957,2738972.36189212,25836.7363630762,202946.673318697,24115.0453414118,1952648.46320491,11505.568004029,7848.71089881536
"P02504",556120.762589615,29691.3991187856,105954.666015504,1218549.39275846,26053.7202263244,95364.6687682367,24966.4712771275,717558.511951141,11456.6522566784,8366.4189367319
"P02505",1278765.01066944,256217.873515664,37605.2089312288,111908.073634189,20650.5779430231,9682.0644964548,27193.076407776,28919.5867515579,22332.8453510634,39510.9819719704
"P02506",4009550.6755126,919413.747795491,1575.50164882522,14146.8919788507,5930.87685275276,1562.51965760023,19869.7066665571,690.572745225869,99556.6333126763,177637.96941526
"P02507",283627.343419062,13299.1454315504,261441.453758943,5323167.56603968,29215.0346040521,579512.643425112,22809.521338393,26874709.8461208,7023.82284262377,10301.4821928244
"P02508",1571066.95061126,91096.1386083081,57099.4477751796,529126.150012325,22523.6589771943,31901.8206629377,26402.9523720701,432148.739703702,24811.2654711696,35907.6282195775
"P02509",2772567.62404484,776926.488073092,15040.4445996851,40269.7412304633,17228.4038648246,2122.49156460414,27932.4395221778,1268.72954805791,43353.8522613489,180225.376906174
"P02510",282744.918055492,14284.4669381793,347975.430897704,2761683.59317059,36117.7896684504,105979.736439633,23038.573037303,5717594.04788901,4286.84411760679,4880.68369875252
"P02511",3213664.9873087,679110.010896871,1490.32707900534,79335.724897658,6064.30525417907,12677.6924190331,19715.8825261755,6361.17903619587,84202.2325896265,182184.820694087
"P02512",2858638.90283368,320172.652913034,15222.8100097154,196938.052299062,17427.9522677169,14070.455565858,27926.6087315519,25981.2093699974,47394.372576697,57401.0105772557
"P02513",1054146.70800154,71810.5887743746,24751.7564821437,312104.320030774,21378.0824097687,32706.118853272,27565.5771372408,82813.7280337847,24684.2824686225,61817.6112600349
"P02514",3525578.04573747,628243.270806658,11059.0496883368,89394.3830474729,14976.4877543539,12727.0857481041,27913.9684665222,8453.9011543449,62659.2400349311,88980.815146728
"P02515",562322.77332598,14743.1984307781,123791.189784464,2278673.59839551,26558.4654960756,102834.86738935,24044.9178950191,1353532.5765593,10906.9961821101,10006.2371001655
"P02516",2632519.74889049,261226.694128532,24212.0648567341,140321.729128216,19405.3405050982,8350.20002355146,27682.6046459245,23843.9941117832,33785.8942802769,66676.8825575536
"P02517",1019440.08788087,54283.138349534,99572.3960545588,987575.708316828,22720.6490186419,42266.9072315201,25800.721214929,435713.361411929,17539.7837915447,21797.5416133039
"P02518",1460054.66833646,58643.7302134039,53125.029927344,1396101.18193029,19312.7983764043,79855.2029799333,27577.3868663036,763776.47436181,26348.900551957,10718.0514319885
"P02519",944411.79416972,72768.0479259433,39433.5610687967,636800.700948987,21706.3689343966,25898.2225826461,26370.1859088903,149767.540212909,21403.6348921232,34462.5512293433
"P02520",209651.673103093,4149.85967747718,613233.331446783,34656840.966781,41203.6683288093,1279723.45273337,20916.5775472751,182511808.59186,4526.35209825712,4498.24299002521
"P02521",4643855.4739883,253376.256225643,4425.73626846406,1155773.39987733,11284.9736859795,68226.5299274543,26488.5461572132,43094.7634777076,99651.4889957513,183971.297347475
"P02522",4238977.48019382,441635.476007434,14662.3011418152,98157.6264422497,15176.279715567,7254.26317729671,27851.3418577239,5006.47188449951,48621.4270172707,91011.3446250855
"P02523",2107076.37193119,96852.360533005,35460.5538972622,269458.473753254,18330.9744778947,32974.1994740608,27608.5727733068,29863.3560436593,40410.0085303478,78929.527793432
"P02524",343865.308206983,10020.2875140426,266945.691251044,7002150.52253336,28713.1959894244,312412.622778689,23151.5319008822,7231636.52700981,8678.34185262857,10132.4070730784
"P02525",1803156.10869033,255312.175029491,31319.8930998538,285863.399748312,21104.3528992306,17749.7030270176,27635.9886812175,89894.7168148012,32268.6134484571,32481.6897711211
"P02526",2186311.37470191,193863.129476613,26138.7196480761,710229.358166485,17979.7726172061,56964.5807663814,27682.4216675873,43613.4291403454,49433.2139873604,78517.6826250228
"P02527",971420.45794395,62650.9732929193,112724.499148199,846937.465314748,24894.6388813091,131213.088876765,25342.3853616252,984211.790070958,19039.251574569,18234.4733248101
"P02528",4508298.12308589,911791.246820307,10111.854180343,23007.1778136166,15375.9677383717,1097.86788681092,25791.5020332261,897.161867945601,57496.3218065312,74601.9283344644
"P02529",3444411.20178527,397945.310086459,13040.0903676781,131683.256626429,15611.0693372312,5367.32129287692,27877.2061421051,9705.21389465915,38038.1578895346,74602.5648695075
"P02530",251896.718158164,33010.3371199698,573045.577286149,789451.399882839,31907.0812433572,53838.7690835451,22946.5576281995,900465.72490215,3854.0668974256,4378.8938302401
"P02531",2540751.65662365,195566.108760095,22584.4108549945,810113.352363947,17930.6507710135,49604.3185492268,27445.2649094041,172060.101229942,33373.9428928799,68330.958775379
"P02532",3793076.16124467,813326.598396318,12138.4157201141,43639.3165113034,17257.944959779,2602.14650581758,27902.7518824443,4782.57886040777,66997.9589398752,96750.1287324452
"P02533",4085011.30118304,251753.250246391,7330.11288589714,241267.511976841,13972.1394918251,53445.974823794,27868.2980179166,33054.6399700186,73694.0084809246,165239.363697405
"P02534",4569702.74807385,928222.694260419,2932.78854625964,35641.1704221558,8516.61479667338,3209.21229785877,23799.7497110393,1877.323547627,99574.5268249953,175005.7765405
"P02535",164118.460019185,2179.69518724971,8455438.91785769,427728936.782416,100738.622783864,93954046.564227,20022.7947029099,2390502255.70457,1460.4714277866,2171.74740067147
"P02536",1729834.42372896,58545.7283243388,41868.7929458929,1394435.153365,20898.9206199641,137720.2457094,27507.3891627884,609634.867349002,37092.234937439,48195.594944336
"P02537",2509381.18531532,78492.8340195886,17398.8484944627,865003.997312719,20859.6150330342,61480.655101983,27119.5152403981,223777.721869912,36993.5507716652,54558.6514106456
"P02538",577932.373211963,106376.893793752,74474.4237613539,315772.22483739,25525.3536761604,19133.7479653394,25633.5080478774,232400.959913101,13721.7383335629,16106.1927890199
"P02539",2493432.09518444,269436.553853471,18243.8267612553,206734.956745276,18526.0789883331,12671.2543967522,27873.9651390531,14284.0354756777,32575.2267067809,66169.5916405911
"P02540",3012882.10709273,139143.612079322,1159.62650875509,457594.846583335,5755.43321541039,40779.8085515072,19204.6847999169,37574.662193401,85876.3892519305,95232.9881876373
"P02541",693946.681448549,13956.3292396431,122786.702052111,3459327.99872772,23121.9460284576,303944.715432469,25249.9635988715,611598.019707801,25729.6913304517,20325.5802502427
"P02542",4546210.21910889,741134.995468906,2003.38020720283,171223.755894207,9450.70847981363,21934.1641609382,24133.9431976962,7087.94675126455,95618.7316000832,183878.677952025
"P02543",557421.364645334,14846.442707944,228288.256226931,4606171.82733398,27468.1992604728,246892.282443063,23769.8720657719,3357731.7141285,10383.2106590272,6920.52515359115
"P02544",345661.205813657,5773.58659060026,473547.320962683,13955123.4741985,30369.0784601059,1313303.18690207,21718.8347844381,15270297.5877052,9576.88301898917,6265.32579582716
"P02545",456142.866249015,25511.5423942113,161487.574676754,3619713.01178595,26090.1720420658,322386.007016603,24247.1542210678,2903890.70566887,15243.3055444855,20474.5927252608
"P02546",2388304.35392744,234480.380487907,15794.4394544389,371682.062543628,17472.0840806463,66724.2384097607,27931.898513162,45369.8375532545,58771.3677393001,96441.7648626465
"P02547",1112510.59088087,110381.213491555,52677.8395140086,446155.934310089,21901.6847739658,50688.2474702316,26792.0322356937,275964.155950292,23027.3381790021,33309.016612505
"P02548",987372.770696711,27575.5754192177,103537.926805197,2567193.31229926,24367.8768140076,129707.145321091,24687.2698394168,2722502.91995631,18637.7191399388,21300.6361220734
"P02549",1662847.76094968,23433.1227783639,32411.5401578091,4019655.54265932,22217.8182108318,206395.127631024,26698.9879875037,434360.728485075,56719.5591186457,72565.4074188116
"P02550",4655945.0136052,55667.1733374086,8514.50093214568,1768670.35676039,13423.3489817012,74117.6542545141,27466.6163503343,500644.925448005,84572.3893166769,21809.4995380161
"P02551",1693736.51184509,97792.1287384966,40826.8848528776,693051.770972452,22126.1211323721,34865.5902311898,27018.5781685281,160040.837654653,34159.1681552815,35075.1618246525
"P02552",209119.980610067,66120.3675690372,614350.846620528,428772.005569969,36743.9548940342,28821.2822267604,21619.6700942787,175474.005535857,3214.53088732947,6509.83585121662
"P02553",2824895.46551557,300951.128394386,18842.6707191209,252139.895075471,16231.8837445341,20265.2047554505,27930.6955814624,29094.8436409942,69835.1401608928,144836.351230535
"P02554",4696767.18633687,847508.338679383,4865.16487611854,130426.777477651,11083.9992983222,10073.4801871429,24604.1795487199,3960.07319583805,98288.0182653309,184870.902440467
"P02555",2611660.88405594,90144.8262185564,19631.7430085219,832057.769175799,16722.0762781261,65161.3507827681,27598.7007673,521961.483939493,53332.5678016803,90045.1474523658
"P02556",1948642.70968941,120909.385785834,20249.6507552611,465026.934006131,17965.9460626795,62861.0467009321,27475.0157567434,147014.124167952,56274.261503175,69154.1972744889
"P02557",3217408.58555006,751188.043529814,12665.7977146443,45830.5963757036,16543.1400781322,3671.13427465156,27930.883439526,4400.31123399648,43908.2626209529,67541.5224525998
"P02558",1915947.64511862,236670.317868384,39213.5163329848,173569.340520857,20551.7960698763,17479.7510368478,27096.6399627761,122573.519710594,24219.6533575965,27541.58171955
"P02559",909503.822679038,98954.1384408935,59953.1124379637,490833.875182828,21893.9218434017,28738.1250794413,26849.9653875634,117540.542374229,17758.8765022301,28285.4779248748
"P02560",1540084.65031751,225763.122941036,36649.3849341295,712953.597646204,20918.2109025478,38472.9221648288,27511.8860800165,117432.545193745,33901.3818262158,35155.2795972087
"P02561",4377315.99590686,878540.447636284,7243.19481704299,32750.5618323139,12574.3553799331,2194.62108853917,27113.0904856074,1118.98056594573,63201.1871996161,107560.378817991
"P02562",4028682.8413721,604486.018132014,10374.845233366,64431.0444982967,15422.812423926,3942.45232446219,27147.5557842342,3783.03967234338,69021.4205465852,112725.197510327
"P02563",1909248.74390519,262146.690223492,56415.3075896232,127966.602772873,19771.0248739167,11999.6875521268,27673.1049096502,19993.8063187922,23246.7769205097,40527.4467218943
"P02564",3741607.53561083,129756.182498556,9081.4795980137,2582499.65727733,14536.573967817,151474.682554736,27915.3865943668,118713.760731627,82240.9900665958,179538.638391127
"P02565",626086.620158743,50919.3992169773,71299.7437659228,726314.460983783,24385.4242116036,31894.6878397853,25331.0463182678,449969.009905159,12364.3399331106,12904.5573048237
"P02566",2531402.42415799,395095.299036324,33010.1457792849,149150.676177539,19316.9969319799,11487.859664847,27926.2830076208,28122.6866056212,31402.5694263303,55674.9687468517
"P02567",145762.872215554,2427.01372102948,4183569.1297061,79897836.2811132,61519.6396974536,10959344.0003376,19280.508732455,639354007.982775,1430.1566638847,2180.3088812464
"P02568",3580177.92940153,532060.904673883,8414.19417546127,128205.293751875,15338.5268190286,5360.64564515408,27589.4944764238,13942.6338661688,53995.6515251174,126727.81984835
"P02569",3675889.19447573,932137.529449354,1481.72636898113,91157.1639409441,6031.59838861239,8482.2428064131,20571.6272009979,2289.49730095206,76960.8082881436,139236.513129296
"P02570",858689.055375784,43143.4826958048,75271.1085878003,1365722.88610744,23196.9616805704,109299.604456658,26942.5246778298,1035574.71612917,18785.8851337245,21268.9632655579
"P02571",2735007.66804139,186150.175176244,13059.4058659677,203006.766688754,16872.5609373097,13451.4794152266,27921.5479842693,24759.503852138,51646.6405529272,114174.346814815
"P02572",4181108.10193631,172199.510375705,2156.70808794848,514949.154645482,7862.92477492595,23155.5592367949,22042.8326943085,71077.8330167527,98849.9209444955,36489.9439216474
"P02573",3317868.1142196,8647.45811300309,19109.780247747,13216323.0182172,16743.6026115974,1002654.1648337,27800.3889342829,15375043.5433591,52909.4534594476,14146.1597958742
"P02574",4425181.90342139,838180.983876524,5007.37756172141,28250.2122256155,11931.603104381,3754.91399920849,26366.2085180947,3687.57172252781,74076.8763318412,164203.284733396
"P02575",867261.049674103,124697.341576102,79198.8775527597,553683.539460912,22654.9059980939,28984.4597769452,26672.70960551,112452.173627143,16076.620958954,20369.7990402807
"P02576",3508667.9047409,723903.786510863,6939.18168529352,67476.6164151113,14415.3174253375,3831.34287692097,26265.2760067091,3001.40714937812,62747.4180473909,147104.751721695
"P02577",508834.774624038,21478.856091631,258906.05129552,1392519.08999718,29400.0333296173,115261.84618707,23653.8236030082,2164987.95327929,7027.31497391455,6838.58881197594
"P02578",3228469.65078968,264412.0552528,12141.779101074,312663.912287831,15342.255125366,30825.8746456293,27779.2731027912,23298.2873230181,60858.0034710893,109275.119690586
"P02579",3754759.84712212,917023.888373445,1671.02631969591,24084.3576889951,7701.72958233405,2862.25737962636,19481.5268341395,1854.02167712812,99608.7699830894,137294.436373721
"P02580",885199.793470549,200866.131322081,92244.5638233439,105895.608118508,24057.2393579663,5333.16952750088,27017.7794687209,45953.1276070484,8473.54043666391,12528.7213363989
"P02581",907375.111689479,29288.0531629111,66772.742422726,3098455.28884757,22568.7033923272,108464.118959915,25932.4759993898,2186743.76618741,24601.7308638597,29313.2242879397
"P02582",537415.936477316,18639.6330980573,122594.957707336,4004581.68019463,26504.5612514429,243447.132255177,24801.0440746091,2155923.45350255,17057.8507588808,18868.0595664713
"P02583",3874164.65258589,765384.532025682,11747.9795317385,210525.939349858,17448.7062635114,10967.0922006459,27875.5472071047,7983.30204505944,65955.2213991606,103655.137696983
"P02584",4062734.15448896,221467.359700302,7371.92480566725,977698.797631381,13425.7236532558,49281.9756537222,27571.3047803439,41265.2821747013,85754.7993758278,177529.355424973
"P02585",740820.93754984,100359.76664492,95212.7943041269,470275.80247822,22604.8429998624,28034.4621327845,25799.2486113519,254779.007846912,10498.9813117296,15086.9965713403
"P02586",537783.914021629,19318.6971723503,116052.881629866,4276625.70782357,26742.0294456375,303959.999534669,24765.8170349502,2227104.61253998,15025.3177945841,11124.6165871786
"P02587",2368313.57212074,71968.3277894347,14227.8251612562,1059945.42470211,18480.2643841302,115713.489049475,27202.472043406,156156.89332377,61833.0472723569,103655.94109801
"P02588",772990.801436173,58229.5414316248,84245.2267186038,1815857.81738061,24390.9940868863,110339.466795535,25913.8062725939,1360266.06725092,14570.8005157301,15602.9161504011
"P02589",911173.404398895,87738.4734656307,71876.5080491716,823650.802812088,23662.9309824254,72761.5334053322,25774.9525275051,398743.906077893,28152.6785891475,35616.8731129472
"P02590",218671.756951231,5200.73602809301,781461.531694465,5943124.06453887,38125.6279736181,727049.033672008,21065.2662593597,30510353.6870861,6158.93944557431,4869.39970887009
"P02591",395598.259727525,15180.1825965288,219243.567255477,6212968.22696809,28086.4894280575,310911.431903007,23385.1138539708,6466541.52691049,12088.1816023925,13333.1520372395
"P02592",3673141.63339552,659159.202476325,10923.003746804,76827.8412639295,16092.5638858014,6908.53332157097,27285.2348986288,6947.56324952655,54156.4984499513,128488.000603581
"P02593",790994.695611954,79356.8011348288,118754.111290418,1455856.27695167,24393.2871826597,61786.468627201,25587.3804921997,494186.715585546,14475.1673022866,20776.0506638689
"P02594",699757.764626354,64057.3865586548,102302.580153269,1736591.82647541,25094.4701252638,89834.2002336377,24964.0911939841,736436.133468907,19026.4133940935,20486.6101632457
"P02595",1876112.55090499,44308.9544990159,20705.5351559785,2239057.06402633,19177.513213402,103559.184517277,27515.399342428,448607.390892562,62916.5117783642,72115.1308662333
"P02596",2856509.89054352,394229.97935744,15689.5367112568,114086.015526145,17990.89100344,8704.9140843212,27918.4199548245,19086.6302402596,48489.3698272062,120200.472109945
"P02597",417768.55103088,19637.6937153986,179713.162217183,3683783.79665175,24908.1925698933,204294.781997193,24485.0507733445,3327599.98842165,10027.4037851771,9166.66852580356
"P02598",1697676.779205,57217.5704536896,33830.0810274461,4054107.2784884,20566.7378621588,277156.848497878,27150.7529094143,1240398.34092852,49715.9686412336,77179.8648017419
"P02599",324315.061325858,28426.4277832299,176194.814464791,1251926.00363634,26409.2548739334,62125.2080614227,24282.1623877895,925664.617629918,8409.6714841089,10466.6685758808
"P02600",318175.644370676,7487.29033945989,282674.249833528,6808916.53038167,32591.9944327689,288376.430969063,22753.0347257641,10188295.4180466,10622.598761729,10000.8975702817
"P02601",3341311.80091002,502761.415947444,9540.64272164932,74706.683798921,15973.7048102274,10488.6474886539,27931.4519775425,8198.54810944399,38292.5076201844,105547.880271869
"P02602",1874858.40746458,169303.379932783,31779.2056334589,481704.272254623,19100.1809650217,47592.8177422495,27341.9888099385,144865.319865141,45458.4417772807,55679.8506479199
"P02603",3965691.28905336,457953.630443228,11274.3731167947,77621.4523750853,15028.1518377859,8439.38995289228,27922.0885215629,7424.68571521831,65673.1561900748,143825.509271013
"P02604",192994.915186253,7013.28771708146,640845.648384629,3175136.03543592,42206.9517955948,222923.156532219,21503.600655398,11528751.8086483,2619.47796802491,3058.72189447971
"P02605",152927.100242806,2149.75695215031,3556584.76972381,94634240.1360354,76943.9264792378,12574345.3224885,19369.1704107355,1298495716.1958,1350.90644464709,2164.00928908718
"P02606",476707.284333207,10064.2370034632,102090.326940701,7910426.50803536,27480.7731752017,502201.80952998,24000.5916270606,12674865.5810343,15813.2781630255,15228.9046633554
"P02607",4686263.04805378,819880.311553521,4909.00898100933,59686.2547354696,10777.5299391954,11684.189428068,25533.9845192362,7078.53296824711,98307.10318171,185327.527385616
"P02608",1955731.68831536,42108.9523044374,20628.6592938281,6764264.33590327,19537.9551179061,623849.998562498,27613.8483541554,2059759.90977259,73061.6328757017,111333.36375034
"P02609",682172.457371464,22934.3388283415,114974.42843529,2760146.78261149,26755.9264880899,154925.7095405,24544.982767963,2990982.52038358,14202.0493556977,18230.4935565871
"P02610",1156314.46580695,49600.9320822531,70500.4348542835,2168216.05812292,25257.7433572619,220716.454290348,24946.4812600725,2275154.22214097,29663.2830652901,20700.2141990272
"P02611",2537840.27555623,317138.875424052,31067.0451152157,192613.98807374,17750.4829402794,30643.0659958641,27907.1444951695,12919.4323973446,54134.9946005378,89929.1550350221
"P02612",1706768.41486301,158366.520839213,25194.2849135607,1160492.69583149,17477.3620459625,78772.9143546073,27804.1747291206,411561.927684284,52964.0033277989,99968.5127895
"P02613",1446009.13383277,121216.890379503,45019.6175683664,471646.880539252,21084.7720538693,30722.8718581031,27314.2566469617,134000.107532792,23267.6610436644,29803.5999913705
"P02614",2074659.85316673,228422.059540289,29624.7767026184,375162.594834599,21741.8027824706,33838.3582118746,27054.4210803833,71114.1181731081,28347.1934575075,26859.1362539941
"P02615",231308.991252936,2213.40199851306,17699627.5938836,304894863.140406,141938.180508489,27580388.2638899,22408.3587623236,3216628372.63508,884.760938846558,2763.78197041431
"P02616",333789.370425432,22848.1997863573,280608.607703829,1514004.97993162,29948.8981191198,80266.5967375164,22711.4697400005,943473.959313848,5454.08011211043,4794.83385238422
"P02617",3488798.09511925,270432.208880325,15248.1798537564,234655.866116069,16063.1537277521,32159.6804658218,27460.4182283765,14496.3136906437,60082.0673499066,114835.751828533
"P02618",4621213.35812203,508114.323742656,3321.97894843726,219881.717129794,9496.27511489633,25981.4923059948,26427.4017312045,4451.05265699407,99483.1869736088,186035.874284947
"P02619",413050.805998341,13011.3624208597,161960.942647806,5382479.57147778,25942.2093769061,410987.017752916,24092.0946813047,4437609.28085849,13858.4709374051,14924.5078597409
"P02620",168427.930883222,2154.7729156792,5685389.39923645,390615770.030938,86469.6345832276,43257439.4903577,19675.6204030893,3236871625.25032,1532.10823116834,2224.72713652352
"P02621",3951074.20145808,259345.71368531,8118.90523445193,764086.534424291,14403.1458042278,69198.0127163883,27740.3312583027,60232.5135802172,81095.9468783308,179857.631331001
"P02622",1627488.61724171,531996.737140203,26082.3287299859,100270.484775007,22102.2325141657,4055.82317046961,27929.9636255882,10029.8444492756,23024.0089559407,29020.5949084094
"P02623",2337778.78280739,81442.7183269398,15300.4087929782,1392121.43128016,15768.7598719445,117799.895012196,27884.5225858174,455367.27209232,73258.4823969335,106934.268744976
"P02624",1996202.24769262,580673.119918263,16494.6035370448,38785.575658661,16791.0698086153,3201.21409233981,27901.8023346431,4144.0514596719,26559.9838486571,48086.7926143622
"P02625",468822.908813709,16478.4143454847,107068.162285754,3681283.9392194,25460.6743116579,597066.196475013,24842.4260424425,2902247.04989347,29340.4321915501,23461.1142270554
"P02626",2057711.99750821,128048.665317845,24169.165608228,349668.484011133,20326.9173250159,41187.862147311,27453.040357956,33217.6625528185,42309.5696535481,53245.2320498874
"P02627",1861029.33990868,385237.123565826,38245.0794638692,153127.817267627,23298.9878582811,9082.40619337246,27584.9902307508,24045.7647816176,21069.3327526182,31365.5445118445
"P02628",3541630.17898027,174873.128331961,7845.40091182559,2388895.9967664,15565.6783588173,139842.536087399,27651.0502394772,326166.428832986,95853.3740935678,153357.834682902
"P02629",1718967.01963766,78002.8501413951,28842.0093296495,598306.711784984,19607.2998374422,55827.4932187181,27261.7247654716,78635.5720566952,34161.4250608688,37290.1521136366
"P02630",2711432.46184167,178130.133680613,12100.0012991573,1163007.18781434,15502.6798047688,75138.8536311006,27800.8084197154,81564.600063164,76102.6876641038,111962.049974096
"P02631",3373771.78093547,227819.863783522,12275.4832061038,711165.317098801,17968.2349538643,89918.3357056904,27843.3894102467,78959.6421522734,64223.2123396442,114199.252750732
"P02632",1902569.05936723,91146.0335934434,22152.5769694907,974642.822461243,18923.6486761663,112533.153432584,27591.8709964034,328138.165975303,65425.5495616897,119342.234782418
"P02633",1264481.60168159,93224.7146450029,57647.4173086227,372218.630556302,22279.9020309507,20384.5973114239,26207.0303155115,103772.696058925,18196.5081151467,20406.8425332508
"P02634",1209317.80109195,248958.820593462,38987.3807375708,269750.956217751,19327.5148671837,17684.5959398553,27539.6543823372,79600.3190317068,24629.3073113248,41343.1315691536
"P02635",573930.316760008,55998.3135023244,131414.96478542,345454.790504386,27010.9765209279,32942.8258309168,25250.946034447,159379.975205107,12560.44507877,11997.3277705827
"P02636",374595.974413716,9733.2153703761,145088.801804537,4113235.54678035,26849.3088043888,319801.926726805,24037.8645107981,6999357.44845882,10835.8748775476,8028.97387366151
"P02637",4557431.68536184,926465.817019189,2555.85351574094,41295.4057146117,8176.99456399571,4561.05956475464,23229.6445221585,1970.03106345005,99581.6131970588,186034.956880279
"P02638",533805.526253646,10660.9495179454,173935.75801815,4032562.25016372,29744.7284939652,427212.793595394,23860.0766202547,4640772.55504241,13295.3977459998,10841.2277054621
"P02639",718134.377659944,20559.2089253321,245041.593735124,1300960.22000173,27082.2030062983,163415.601327863,23258.4435402452,1145824.66532179,9119.86755648947,14370.2024789395
"P02640",682148.501934145,35639.2252109353,105138.748189534,1267078.99580302,26275.3170139813,46900.6121511281,25307.4424934419,1702607.61606614,10825.8791141138,10419.9026236197
"P02641",2379211.0787328,321955.834449713,24660.2145454155,237161.947650721,15387.0590565326,22763.0529069071,27925.6774202436,46520.8636582625,37360.0269817259,92558.8369557093
"P02642",499706.595379094,9136.94721687962,163957.604385951,16028548.8571916,25641.3036100185,1492970.45498849,23216.9900853029,29123414.8816433,26442.1355429724,20888.9118289368
"P02643",1291154.94543179,36396.2749943459,53630.1074541109,3747853.22453585,22762.6424069154,188837.407536388,26421.757843837,1116658.92990121,32327.9751685098,41035.6696352646
"P02644",857020.010740524,13839.3291677302,75734.4740681018,17974803.5460847,24046.6949935235,1416298.53407197,24464.3684878513,18259249.3558687,31228.2485807562,41027.9392157018
"P02645",3605487.19334994,380972.88031364,9002.72611538411,166608.491757823,13904.7157220646,11517.7443095566,27450.395360534,10785.0234109143,72024.1709084093,137204.36077239
"P02646",314845.0812989,16011.1523148109,467878.674614019,2009273.90930255,32659.6403685383,122471.78300782,22628.2859511635,1662034.71226402,5383.24304871305,6158.78916309598
"P02647",484823.857791065,6024.93958304497,111616.030100709,18146617.187502,26883.1607145186,1401242.66390985,23582.8834897869,13953442.0266985,18816.608683151,19627.3333007667
"P02648",681016.82710474,69034.8493463046,126456.883553416,1471094.08805794,24190.9945772366,57302.2465726372,25016.7924653972,788503.360068999,11296.0106157572,15762.6871675403
"P02649",4017956.17467805,445025.589208683,6825.09654304773,261324.302884766,14145.8919370527,13465.7391780227,26976.8134154721,18693.5433028425,85308.365566607,158960.733808251
"P02650",207570.397349516,8350.16371219513,668064.741466411,4645375.26590384,36351.1592376124,288178.422010908,21143.0337235117,12763364.2852043,4313.95928414548,2959.83704785716
"P02651",1451836.29736764,133842.239248274,30287.494172818,389233.03466778,20804.3082228447,44184.2649900371,27311.8382012537,145571.91293033,24062.5536423219,41389.5936386046
"P02652",644934.09573625,41286.5106151883,127879.434130725,846715.130516547,24792.43390998,59613.7269380738,26381.6639828224,1207620.96386419,14312.8310993337,17314.237404835
"P02653",579107.588402592,9512.82993885154,149967.249209044,16764241.8121695,23791.9271012286,1115656.30758594,24230.1005958639,21832136.2034069,25290.1745685972,37301.4916976953
"P02654",3159605.86945094,108155.649743702,11730.8964163243,741188.705114923,16582.5786005965,33965.586123563,27920.2430899224,82702.8342721009,68738.7431266338,111944.124796148
"P02655",3691436.37516715,618720.697643022,7171.92310772005,53777.2205846696,15220.866155158,5220.11374238612,25991.4419435444,5777.34284901886,69511.1309475843,117445.052648421
"P02656",428567.762361132,7487.03288989332,236939.208325219,8264156.13303994,28398.2355782147,1122105.93704395,25001.5892108735,14028427.4084836,20179.2788022745,18389.3357297585
"P02657",2309744.5733786,228605.387875809,12278.4641008948,155229.594598303,17682.1614865885,12396.0926060992,27907.6368164768,18785.3880595619,54301.3359781171,57807.6275241732
"P02658",455664.831891316,14676.8691566698,170648.634148152,3925004.68375305,26641.2458303383,222324.648108021,24025.312064283,2472377.40417136,14518.4338567034,8744.22371924842
"P02659",1183990.57094766,24103.4611219477,67296.6596821353,5804583.7715511,22152.9813486763,304931.854279737,24705.7436145517,1882106.02032699,36860.7195967096,60758.72623788
"P02660",1607036.71747962,19181.058594952,22321.0546845359,9860461.28344059,18578.1708975498,1001331.43508382,27327.1745358423,1669875.36386413,72419.440403839,109860.288005498
"P02661",1379078.08147212,27159.5334221525,41360.8895755737,6690684.68542348,20786.1560053965,497980.814932238,26691.1106579252,3543031.25392776,53089.5562196546,46066.6274783831
"P02662",433877.487899237,216291.302583775,276225.355214546,242600.839902342,28324.0578143724,14090.9879091834,23863.8529405999,25079.6281243043,7071.7631247631,77444.2635262968
"P02663",845441.371616585,9217.82686336854,108367.071887035,15650804.5233906,25290.4612611521,1023608.97936568,25429.7967933156,17743679.452223,32383.6578690037,41839.4718662329
"P02664",1856352.09398137,153823.88057487,34714.5460637456,330259.119308808,22232.9494246519,21188.477020473,26713.0069644538,72613.4760339329,27318.8578714084,38299.9593793423
"P02665",1866258.40626585,170583.49617568,35390.8645582656,253171.616709749,19288.397615556,17737.5755246832,27547.4740084586,77631.3446665597,37286.1148005628,46518.6274368304
"P02666",3298871.95202048,646957.102929478,7999.86862839831,101117.378234893,14111.7471708651,8904.07054736961,27776.7794248295,7133.5671645025,65524.1676057711,156936.818228609
"P02667",160107.47793998,2202.79204953627,4673792.53390467,440456036.029726,70127.2938097356,54277366.2030203,19359.7654515494,3205025098.0738,1638.55148604656,2206.91901489625
"P02668",4171008.70276854,377691.820917784,8869.12686104116,94607.7704152877,14928.8506786452,21379.5090227774,27646.540153784,13367.9427797572,90179.5276959016,181785.133067178
"P02669",823194.526720521,79331.7294570282,103079.435542778,1317214.77059831,23700.0799200245,50904.7891403558,25234.4887039704,312187.169084297,20911.4108130788,26846.1525369632
"P02670",488664.42442985,12129.6031234457,170980.761248164,7647909.37147215,27083.3718909963,509455.431202642,23584.4176778502,1718829.73305161,16489.6137233112,21047.4516647519
"P02671",3222782.56315944,683372.8901945,8466.7871689859,76193.2939315413,14639.2697303046,8140.9899758696,27883.3585357698,6650.99410280021,77818.5529752997,123059.8713824
"P02672",665900.911413102,14094.3307839364,87131.7697543169,8461310.5948929,26030.9645192954,489491.764103672,24473.2862282987,10513814.9638533,19584.3984711212,17480.4989362446
"P02673",1484565.3429641,46484.4573741659,33208.7135086487,1184212.30796818,20566.8722151226,114646.852110166,26454.3430482188,598906.068399003,40819.0542983643,52637.1193567118
"P02674",3614974.35110386,458274.821333091,7863.92705746099,62730.504004523,14205.6068986034,7981.53027709778,27664.1274556353,8922.57316320374,72313.3994270737,112099.291608574
"P02675",3005862.35728068,224776.755741695,11227.2572209677,233407.295104908,14598.6366178848,21628.5498094785,27649.073993731,24290.1846479559,85189.6318298023,156804.762041833
"P02676",4583477.21486367,739439.796305283,4657.29064082356,77003.0867415665,12358.5425279063,6719.00049558671,27358.0645005196,5939.36126230002,81755.975546717,179904.766822797
"P02677",1476608.37733759,329671.225005115,53972.3855906962,107034.214309097,20720.9348671608,7898.90540016712,27704.5132837782,46095.9704636918,23496.3738696748,50553.9015374235
"P02678",3315049.75273253,291996.40944012,9133.32333049956,265180.849210629,14120.0142640891,22481.9914822061,27867.5425336585,19490.0261445531,74536.1999150358,128972.975914919
"P02679",2318862.03368636,162601.364383387,29224.3658221778,397658.137523771,17836.8878524968,37854.7320511414,27638.9298395256,84520.2126956079,42980.3843451786,38373.1969211098
"P02680",825206.349434982,36392.4617715273,80601.1131823698,2701990.53742612,23210.3540266912,181259.726290458,25543.9652836294,701653.939132606,27979.7869612785,27699.1846904413
"P02681",3286006.41334793,497351.393826095,13928.5403631201,79138.7506416593,16663.2263016402,7201.64557523881,27897.7155270386,13104.4440470927,47252.8980198555,104814.455913157
"P02682",254746.313705337,8826.66012896547,422337.982448692,11959148.0981284,35321.6598047818,415472.690474799,20548.9531110239,28071044.6925232,6588.49893400291,4097.85855319327
"P02683",950244.584897135,37812.7168121368,59484.6415491615,1621188.45932197,22423.402700724,167619.948260083,26165.042644133,1307546.4901659,27893.3761580428,34124.7541636658
"P02684",552167.924843517,49478.9653314294,134287.478760732,1530395.56928124,26284.1143053408,51298.2874171824,25540.0560768492,515814.926659532,11455.9391540849,15349.4350894267
"P02685",3752781.22949679,400280.919674367,12736.8444001724,172244.500125746,15354.205916258,12296.3505796008,27834.6480623419,15137.9464917733,58570.9883019639,96507.3143176058
"P02686",2409514.80438702,363446.999137534,22654.0908609567,301392.591688708,18001.1795021124,22977.6439235743,27926.2975311194,23365.4999383897,56137.1460263046,76147.4944752307
"P02687",637365.883790484,38640.5312258577,66188.2648870949,2114402.73247083,24901.2679121551,156527.177271894,25767.385309713,1174988.75406872,24162.2261899755,22126.5467848079
"P02688",992627.178819779,52255.9316778173,77917.0048419333,964318.022347858,21944.5514503663,66245.124437291,25577.3127362029,245054.817860444,23027.372555507,19506.3160437725
"P02689",621471.319373326,15988.2271130768,192118.076192129,11283061.6915008,24587.9160857016,975862.810493093,25035.4003514468,15752516.6857256,24684.6302357183,22687.869906683
"P02690",328820.020711825,22869.9319876604,233758.864968143,897133.829491714,28811.6775332095,40314.4709276665,24002.0313354191,798460.078162454,8888.11561365066,9054.23820097089
"P02691",4697880.29981189,659643.485437415,3070.58078651392,66811.2152958495,10729.4680066108,5503.3858073528,24936.4917986568,3873.85984773828,97375.6113965819,186008.517598584
"P02692",1048204.7051856,61776.159074389,57025.2877248415,1796352.81895031,22884.7257030348,144250.373639544,25914.7105977241,1081793.9354683,25296.0688600974,35361.5764129714
"P02693",617460.295854643,25916.1826852881,104366.842604857,2031051.33634842,24352.9373834493,206875.855107841,24889.4275677233,1334312.21140071,17131.9683575101,24781.1530024608
"P02694",2587215.5791396,267300.997771503,14121.4353305587,393891.982070251,16475.1639308068,52170.2457534736,27899.4021794201,65856.4348208891,59288.0939049163,78939.2892932064
"P02695",724976.270903639,42336.3460749368,144814.996682827,2463759.51479094,22542.9075038608,245018.080543874,24868.5019555526,2384124.15492045,13319.4625574655,17203.9181947549
"P02696",295138.573683067,17577.7159224476,226213.66736444,2341748.04858124,28901.9402417665,259593.671327186,23797.4048206648,3080622.1718024,10813.3593503098,8606.06789257888
"P02697",4685106.92503901,864844.999751904,3092.07380236751,50915.0630226192,10331.1606173209,5849.2852902901,24628.5133318984,3832.31398222375,98816.0540534212,185671.959357413
"P02698",2510607.38945567,465126.675792594,15077.7143863747,130361.019568287,16680.9041884702,5321.54838767513,27898.2081793082,11176.4200577543,42382.2770993272,97941.0540209083
"P02699",997156.770954103,22301.2793771605,46475.5899270042,2806087.58609163,21340.348741486,210430.769933196,26334.0609875864,1709984.20125693,37583.7195152568,47901.8333762952
"P02700",1073682.18374045,16030.092125621,93320.1950894332,5161681.73695632,26450.1475805261,310644.992008257,24074.6175925787,8342388.60284052,13745.0854243753,15346.5244812586
"P02701",1531239.67975159,110867.039688058,15552.1065498244,848566.448731601,19345.6339977828,90656.8124313056,27798.7897179141,333811.704872178,56733.1362018256,83764.7664170985
"P02702",2470758.61387591,510211.566956089,14812.3408626582,94716.4917082497,18402.9162510067,5915.70336099774,27775.7307917781,11473.2016366673,34712.9459853384,61621.3270288617
"P02703",3635878.55175096,515259.566438691,9835.85155780573,177959.109010419,15637.2961987803,13126.8670792852,27783.3023673933,14051.5247881996,69730.8125652558,133617.329635767
"P02704",4655477.48248073,77163.0020619328,6432.20384126942,1926892.02294322,12252.7165328006,110835.336047372,26466.157869039,781954.142844485,98978.8222568199,37768.9645251241
"P02705",1742909.57145288,171708.953884323,25117.7116286852,241897.438921154,18931.2820346692,31521.1551640967,27767.8877680591,45934.4467424004,38507.7358180303,58905.0616840385
"P02706",2019136.65749442,228007.08338667,35180.5042170501,336870.050363576,19098.6837258955,24816.6215689847,27444.6795919652,53516.6784645408,36159.8106185922,49467.2308028726
"P02707",448927.714906685,73728.1089466927,193593.388333796,547633.606241725,26651.2487054791,27897.2737362036,25227.362343452,674657.023550763,9580.65015267676,8901.35639407213
"P02708",1098125.61899666,77959.8717214477,78510.9021372026,637735.47211481,22711.4575232171,38450.0966222695,26713.3959730609,228248.468561665,14844.4181851338,16648.0028169937
"P02709",1800576.02774356,32009.6301973415,19715.5575248159,7886787.27601138,17965.6419181241,354176.538978478,27221.9896338056,2772145.81291103,69565.5873736971,70783.0195908419
"P02710",3230218.66032746,641633.281578211,8461.52798809763,83497.6034651103,16237.7272569646,5831.88762577419,27589.8131670924,8087.4621280156,41688.6766189477,112674.124437704
"P02711",198444.315644668,462763.657261205,404500.246959358,94094.9121615741,35151.5183051404,14271.8710775043,21627.0225068386,19825.3051378224,4059.96117308804,96476.7153776576
"P02712",1127029.27959013,217391.143996677,71335.7263857768,139234.227069941,22195.4337423357,6331.41013008373,26877.7025566679,24162.7250045583,11365.020781579,24606.2792773771
"P02713",3702195.00134115,226434.488619358,9211.2266534514,233277.794647136,14595.8198267639,20342.8585958802,27381.4573958046,19104.5760759835,68860.6321604912,130480.941085249
"P02714",2317072.21491607,294237.427393853,23208.6689514216,127547.410829606,18111.5487060354,7990.73428446263,27921.2294807873,10146.9977532253,40003.6899898574,59294.1558245526
"P02715",269332.598191219,19437.7457980587,472970.639200628,1279492.95497712,35072.9642837615,120457.902742763,22252.5854004723,2564514.25301471,3328.19545123334,4003.90302554132
"P02716",4677755.44804295,640583.600778927,4518.08314443375,91503.7641644375,10560.0521406397,14018.5208678027,25914.1303471852,5386.10630280464,94036.6539341519,171117.066231138
"P02717",2654624.58128174,149710.507771375,12190.8372751616,596299.573766131,16014.9628351888,26703.1071655952,27814.3028272554,33571.8750364023,56292.604483968,125787.662851392
"P02718",4670914.18473673,584420.728953494,4144.98016808984,131069.463067807,10256.0213162079,6864.94852039275,27265.0542606277,2193.41290051645,83731.1460400226,179503.088585892
"P02719",4007231.87925941,448603.121929533,10179.2308823898,90421.5703731081,16466.2412241066,7988.85465487866,27902.4364641998,22951.8437033904,64261.19852094,129565.028817286
"P02720",1904971.15418966,163963.489173458,31129.7989258982,391110.001090973,21429.7209198939,47263.7585581752,27423.4773429295,108728.212064289,30092.6696772623,32484.118489254
"P02721",2929932.63794703,241111.647503125,17141.5143273517,141274.18770689,14671.7771987528,11465.5057254869,27915.1960118518,18654.8846416131,61578.1898310635,121885.631425434
"P02722",319696.396630101,15075.4659976323,222339.735904441,4579236.27909193,28987.9502810523,173147.961659645,24346.9362857947,2780697.0989948,8280.35551911357,9327.60436192168
"P02723",3476913.93228564,650401.267418083,6850.83038977432,51849.7177442983,15582.4613967008,5208.3109058123,27930.6019046512,4454.71089122139,50623.5646700258,133337.1948199
"P02724",1466286.86666397,96828.1061195125,43097.4656780475,490072.591307471,21298.5238887322,52270.4278080631,26707.243267317,143941.617529782,29175.3959472719,39141.2281140649
"P02725",1008768.66532809,159522.393820454,104988.985207557,249069.997848351,24996.5564326597,22783.9433216293,26045.379791903,63196.2398817648,14569.7593199811,15276.3585088413
"P02726",3369354.23994863,214712.244265829,18110.1853508998,389564.214212326,17696.2022476008,30951.4541397001,27924.6958054328,82267.5167038758,56457.8107000685,87872.1263004847
"P02727",652564.591266679,183227.431628738,102836.443212871,143607.946217922,23863.7205473549,10505.7375694933,25848.1241383125,99771.6465866408,11218.056940536,13389.6853481838
"P02728",2713643.92385518,191160.360238864,18076.5925164957,435833.392078853,16933.9254054702,38857.2281601215,27926.0249155321,56330.1609739791,56882.7583459465,98813.6382588925
"P02729",4649379.57941951,683907.799969573,4352.69630048748,176862.463305927,10312.9663073139,12684.3000371456,25564.6618976217,5090.70057434487,96775.4358125826,184285.424015238
"P02730",2147889.0672056,296164.285364578,17949.7327225288,193622.161300995,17163.2636544256,16516.4945087756,27904.1196722999,22375.8431288552,43906.9322087759,87625.7194417025
"P02731",441611.362386241,46067.3348054233,102890.188824185,1189751.1395232,25719.9408614796,93419.460907288,25545.6269525312,432626.405923702,15694.1049514896,13049.1979683648
"P02732",4694364.26545952,231948.686661317,3726.98375774969,284734.279384168,10913.2245262006,18806.8379760723,25061.0983413392,19239.5274289136,90063.2410404162,41234.1985940033
"P02733",316362.38117223,37272.2410982865,236290.812109025,2193415.85291367,28292.9965842154,55689.8190408336,24025.3580112727,1675626.28222912,6152.36784365262,6205.69415040756
"P02734",2168463.5582608,242654.647776133,24233.9546400259,234727.355277782,20417.9243014898,14654.7023609773,27212.6662158909,21769.9228959337,28310.0414153706,34750.555857105
"P02735",4645416.05657885,603596.883278716,4847.66461464815,123173.934182511,12942.0356820867,9503.95683102298,26496.0456737013,5305.1439239826,85839.942745155,129275.242091345
"P02736",2223919.82583742,134900.425060347,14543.9586944627,710252.943184858,16902.5436798268,63665.7372078607,27803.2503323,169746.747372227,59955.8487385182,89182.7709312892
"P02737",962684.260673524,35036.680266166,68972.5256885592,2944490.39767774,24629.6276073656,172920.004962037,25303.7951675227,2798072.9384124,22355.2137882214,27709.2387949432
"P02738",925180.796153088,26107.6154429627,130907.703443306,1407072.26398842,25469.5486281575,71736.975700159,24988.9310152618,1069872.03089995,14961.0398543739,30505.9348176738
"P02739",4124435.13459646,650475.684864979,11454.1713073247,62981.0214329605,16407.1457201695,4236.99584879401,27471.8161299442,3661.35440436033,69505.3726314947,113619.872758502
"P02740",610828.79635015,40485.3123100161,108898.025995634,2957899.91540782,24870.1512004995,215891.562576433,25042.5737535895,3329771.42214255,22092.2388809942,37370.7731109512
"P02741",3366005.53880888,512970.604538421,13748.038166108,78746.1368313834,17405.1082803247,6726.0880057004,27798.7839166286,22093.8056822104,44882.9453087302,100466.888278556
"P02742",172990.395420433,4402.67575820302,886883.88362642,8113234.0439697,38488.3800320866,564974.844824408,20415.7267737144,27654372.0333005,2965.00702264123,3680.29551081429
"P02743",483565.96330889,16758.5683708277,195775.57970037,4359974.63931922,27648.9189828517,301188.211613479,24502.6411378045,7068968.06709514,13264.1958489351,12657.4106461048
"P02744",221592.567140149,2477.76227728512,656510.203073389,196363365.524783,35719.4869192776,19105289.6128887,20186.5609635657,502016074.560013,7593.97813828542,6410.68487800982
"P02745",2760203.04041879,52493.8411914933,8521.27159541985,3822567.12193785,14537.5388267294,145329.191049099,27841.1030482644,259041.321407139,81599.5709289606,140393.517951279
"P02746",3135448.15460455,180687.561209684,13365.5156738593,1373989.77045045,16216.7161974581,70191.4569412019,27901.3245126132,132315.330640603,74734.7122095249,119802.223771465
"P02747",1148245.34718392,85889.7356431054,43037.5448478087,401810.324287668,19937.3552117711,14231.7495815218,26626.6742824499,117198.509124883,25221.4286669629,36591.3748498848
"P02748",4630234.67128978,930428.917384763,5221.59303413577,16084.8241037138,15528.2007245674,898.699706170301,25803.483551989,969.964385744734,57373.0104930154,89667.0667149257
"P02749",1615213.52325868,101231.046190644,54506.8581357396,634021.347670782,19451.7311524885,62333.8594787591,26717.2810112275,283857.616403838,49595.9914464803,61278.2075882322
"P02750",3722829.69349883,405664.613210981,10030.3441366686,192340.488978679,14985.8682179434,20437.0755393122,27674.2734654135,13880.458496153,76173.2329343781,164367.900219028
"P02751",1170502.88319685,34476.0136409743,63654.7194410687,5185525.12915043,24665.3321379365,194001.958144924,26161.1984145256,838337.698639726,17689.1929991941,34339.1569024397
"P02752",943677.589666574,308051.076018356,90446.0666136503,219400.625103572,23896.0035794568,15708.1457888946,26051.3305899762,90789.1105694073,12646.9066017964,13198.5600807246
"P02753",3135988.96256438,378132.749312512,12807.0301356219,95566.0816800739,15386.823915254,7380.8265022513,27881.171584842,11180.4641294957,44086.2095538586,89163.6585581929
"P02754",2792295.71459759,156572.263245259,16794.4640561055,425873.184573264,19257.3577008198,54417.8535724056,27753.783577537,88911.902276742,59420.8861115711,86848.5629707381
"P02755",885732.725755315,56827.2197084696,45660.9050427001,2232508.58973127,22172.1300916178,190973.461367082,26073.6244023962,1059526.2106232,25190.4593689893,24216.7633307179
"P02756",1099036.74098227,78147.8311028209,47298.7838343662,875609.081504302,22400.3365697807,79099.3838948349,26187.9902323794,254024.984475215,25144.3060567466,48724.6934599909
"P02757",1116127.10622078,202972.950116751,153482.881607579,393787.54221832,26691.3850993154,20315.2988314136,25582.1372892403,328205.16280169,9322.9671029126,10172.9643896716
"P02758",590571.603357159,131627.858537169,115876.100162748,824051.766493817,24736.8202902278,40597.5159195391,25239.0255877662,79984.6685539997,16838.0366977093,81679.0815227012
"P02759",1374520.54729866,16562.4667068878,107158.65514413,2182169.59029004,22880.387924493,247448.182486325,26278.6170646186,2422541.12062173,34313.3970067875,41347.775438723
"P02760",3649081.52382926,98150.3689707898,10873.3853580355,1676959.00137246,16339.879857906,125081.509452553,27922.7997846177,204042.211351217,73209.6437971311,124893.832367381
"P02761",735790.811365825,22987.086727896,82202.8077854118,1876662.46823494,26279.4795487327,93863.8717244583,25703.1895454595,1411747.35950528,15710.9881460877,14071.6691782953
"P02762",152600.917913972,35847.6892097037,1369744.9219793,2210181.04818293,38829.4305696646,134283.671665804,20001.0192480529,1535525.65610297,2903.63647895094,19840.4929912076
"P02763",3931138.99284899,699969.993209802,1699.66717198673,137282.190620385,7151.37010952685,11370.4987469565,21056.139621254,5763.41507714213,98394.219072926,167583.300593905
"P02764",1134492.8329441,38887.7124092327,71011.3713647454,1940077.34320019,23940.9780610802,76717.0692137799,25756.0170391791,631887.072538592,28020.7285187713,29411.178934946
"P02765",1171535.65306599,107841.545711529,81109.6298750759,688094.727606755,21656.5775625413,51621.6116490475,27314.217266123,80360.1915848475,27039.1921888666,20969.5836040565
"P02766",3211334.52300717,307842.619222131,15382.4004536346,329042.436820233,17885.0423391941,20528.5424782906,27921.9379937108,22649.1210029893,53701.5425298754,93514.1199317201
"P02767",1110950.47166785,68340.0027982461,47630.8609363787,1199488.05449127,24296.2373702039,52220.3686699353,27068.2086128289,407211.788467499,23260.5437185797,21149.4352854584
"P02768",318563.313601852,4213.80092568719,302555.54982607,21923233.6436302,28996.096145561,1873200.32405564,22707.4562027997,39105002.2951952,9907.50037189956,11379.6925401293
"P02769",2054685.88071415,262616.500963157,16572.211305475,421657.43978992,16756.7293697658,26823.9024103557,27929.5628135465,41884.3320871711,68535.8801182248,115917.390751225
"P02770",2139858.22523369,79366.1603204858,16909.026825036,2135978.77911346,17834.1444993363,159813.390671036,27631.2807577576,218531.378954907,61469.8330052312,99036.9157507045
"P02771",908149.239158401,122272.613825336,89706.0380601224,580995.074797657,24243.1750599489,34471.8035399307,25602.4668504861,87058.7855276726,15752.2528531764,19986.6951602541
"P02772",3446478.61983666,523077.430883302,11388.7444414901,168793.176862111,15787.9608985499,10179.3619812055,27367.024271849,13783.1215956049,63437.0408282378,115233.379056241
"P02773",4690615.60016224,18231.4084339237,3336.37541805422,3403612.88185184,9017.82255247654,107629.160979892,23092.3133135931,4725565.42444834,90315.2008079293,16357.4365042519
"P02774",2531104.26944155,431429.410355092,28132.0671174502,167158.436274013,17821.2716539727,11814.0605217167,27931.6198148842,10548.0641001521,37132.8167077751,59659.4578141401
"P02775",3031921.6020448,173222.60676214,19643.7081849706,349245.304757635,16814.5374750419,23494.7738428537,27893.3179747365,65305.1210879014,54432.8838798365,97871.1507623475
"P02776",1218630.48301711,161376.947090365,51852.9745551958,691679.616011473,22162.8161939649,32537.7227745403,26320.2759852306,429752.567368015,28659.0414336167,24753.2295382521
"P02777",3738283.1876446,512345.727888784,7942.2287419152,106605.005888877,16043.6707587028,10556.8084069175,27914.021677238,11738.7005608257,73263.5023329702,139935.863440253
"P02778",146448.492906549,16430.3167314586,2040951.92705135,2981640.41342549,46405.1072871549,264110.570778549,19337.7129480871,2752150.48042557,2584.89287217839,12949.9536800121
"P02779",1369009.90707518,107362.769141455,57545.8284095583,652721.014905611,21302.9283476656,24874.5996438202,26125.3902613467,55429.118910008,25984.8125928289,36039.1327468201
"P02780",3620290.18181361,350400.686298976,8470.04915303811,661463.249610956,14119.3565095247,37943.175414721,27837.5974555931,91650.906770633,85124.1053571356,152313.088272764
"P02781",1927722.42756092,163435.474948049,20419.3467775287,179437.906758393,20604.1375202527,16723.9710953019,27253.0806522781,58096.7906450388,30123.9034036096,69005.8324278062
"P02782",165290.580860554,2224.13173182199,1064302.46205555,121846248.392132,47870.2548725184,10741824.7009265,19616.6896225589,360702911.577172,3843.06661030554,3386.15125631066
"P02783",3930074.13003501,922167.302591891,3256.91044601029,18817.7008521237,9466.27333525567,3284.64674419514,22717.0947199934,1087.99704954091,96610.5202962412,182672.742634176
"P02784",1951533.96838055,333656.166658358,25186.0536312177,126664.779987781,19749.2389859769,9373.8692763361,27932.35577481,23261.8099409556,24235.1286350007,39813.278864355
"P02785",2011636.71239274,366687.824889276,26347.5801990529,96780.5908016905,20731.1690499377,13913.9405558915,27931.734046034,15420.9692982445,24510.1892160284,54487.7710637389
"P02786",4244987.26531754,599330.440210893,6265.69580316015,255622.657767575,13431.4620838848,13956.0281857648,27491.5697002693,15816.2157488096,87207.3254704333,136075.290511809
"P02787",2304427.33540804,111219.58905124,18190.9076459118,551369.367461608,20200.5280503724,53120.622348671,27925.964862585,216457.593536938,41248.2681639596,78633.3806892619
"P02788",862308.499983781,108289.404131764,141095.448663954,250157.666949683,24473.8309400439,17553.6899858948,25892.2236112435,108040.398762627,11111.0584437404,12157.2972445473
"P02789",4621902.41394392,766160.187928284,4071.99360365993,130531.632330046,9625.23975643936,7483.86945888888,25138.1950266025,4385.97420578378,99270.8037354024,181896.878522023
"P02790",234708.972002049,6636.26724038563,549900.88121644,12242372.6984042,33893.631065601,862603.567169071,21018.5372117364,44688550.079334,6276.8079119551,4970.08245691476
"P02791",2886867.73394264,318929.32430157,19400.0458981161,228284.210432603,18484.0512674154,16239.9315682046,27924.3665193842,22182.8091410538,45729.5528440769,66854.9720377242
"P02792",1532570.19460782,122840.636662969,30228.3616818584,1110803.45884826,21491.4000323512,47326.5705115705,27554.1496180356,357650.047825303,22567.58777407,70813.1211353302
"P02793",664516.362597182,22454.5022509116,147120.164479234,2254089.86013616,24760.0962225354,51908.4614681674,26287.3442603715,1602054.22303251,16106.7186494412,12788.3713903596
"P02794",1952682.39203244,68267.360101666,26192.1417539314,1741188.13068557,18934.1026697813,122010.398809833,27543.287484486,528397.858844314,54179.3288064832,80553.1515082642
"P02795",736376.305447453,52208.2567866776,98715.0510873803,1878368.63923992,23545.8917849266,82373.9717708381,26209.2688769193,457391.231253903,15618.0240706739,17676.5537216841
"P02796",2079880.51527591,286724.170962654,16554.8553458494,294596.09951729,19924.8585731421,32778.5329811033,27589.1392345301,24726.6196377321,32109.3257621371,48413.9337522831
"P02797",2299532.64111706,360226.457391757,11423.2006070979,212540.999801651,15705.8307193504,25416.9772898387,27913.3285541748,38340.3241599612,65246.7067587872,113691.566217177
"P02798",4654924.39640235,100736.85418475,4083.01740206646,724345.110686406,13909.4893113745,22797.4831185753,25658.1993438828,410230.236886594,90140.5008819896,33080.5368820101
"P02799",179607.891378672,4681.73370481009,1147118.6735597,12839177.1283479,40913.3874233039,530657.557579853,21119.9211106583,42767744.3255761,2824.40104607955,3270.82985978852
"P02800",272873.636419979,8414.58684352293,465839.703360492,6859993.58489202,31857.1524654197,467824.306073516,22841.2390993541,11434595.3777921,11492.1284337731,5928.00428825185
"P02801",702668.57661585,36878.7468371731,82868.6643179263,1683942.22558705,23996.042494136,133310.204332107,25427.180774535,999652.97193951,15817.6189627302,17324.8017091746
"P02802",3248074.11509622,210129.345461885,1454.69594503707,284736.591754538,5501.39908644414,44361.1154809799,19654.2803878432,19372.9576884585,79497.8141279101,136886.959760479
"P02803",4692697.64589293,930218.078602179,3261.87554743574,19626.2846241877,11354.8203136809,1437.21865469386,24558.1545467867,752.661091988756,78808.3268263062,169360.660166935
"P02804",3395846.47401073,272360.571765648,11671.9053626442,201136.634940453,15948.3129359688,12649.1653170484,27911.9607107705,28303.0358636337,66754.3359729638,69478.5225088951
"P02805",954622.931761478,24105.9238160567,44213.0527325183,3323528.26559753,22778.1086388549,202140.638340456,25605.7155927334,1647582.15963324,29332.2091426523,35576.0432234353
"P02806",285632.578706085,20937.8784671579,328943.861594354,1674399.03374664,31687.8373918148,82353.1672230638,23955.2919197754,5383796.47678747,8987.42196921209,6052.19476919023
"P02807",739814.717463975,234789.22563531,66479.0051674255,230835.708181205,21442.2143375981,17652.1032880131,27118.3810609593,98973.2840000004,22569.9414340307,20071.1132807558
"P02808",3189846.44128488,250327.855714201,8273.81656874041,250163.905391231,15600.0571093126,14521.8462666415,27904.1286287558,19807.2040329587,62221.5437626168,123951.253133266
"P02809",2297127.98721197,234317.72131925,30654.108751134,410209.800449525,18866.4854204543,22983.8663427731,27744.3584593594,44642.2228829341,42183.2957943937,60367.0961205449
"P02810",3539268.86452924,334200.855296661,7993.75354230457,302299.151981192,15814.2401818019,24304.1852946022,27824.3663739974,34913.0671588226,70166.2711296491,150859.730172536
"P02811",4325936.75359376,251164.225718805,5892.3267011657,543168.032173671,12326.6203446473,43442.7343367952,27498.4556000689,18082.2814463829,90511.5267591661,185935.71941477
"P02812",329564.782095672,15995.37020471,189200.053522281,3587383.66377318,26436.657095243,182122.537411513,23386.2805439558,4301289.260979,7997.30554225271,12376.2140776761
"P02813",151016.360574591,121724.252040344,2136173.827849,590923.048475756,55756.5606261618,45821.2210421184,19568.3043841123,283691.430013885,1944.88165696686,12338.4946187615
"P02814",730900.866710444,51822.1110003507,86599.9151744744,490632.300524186,27540.9588700014,27893.3231292372,26094.2684731713,338624.438079238,12124.1981283117,14725.2326384137
"P02815",2343350.76960063,616368.005833732,22664.9230468556,90645.8740629032,17775.162604846,6354.48633579241,27827.6570764634,6055.73788777752,48411.1020800096,77602.037866881
"P02816",1195429.80065072,37531.5207745285,41873.5884524141,2754997.18168706,20965.1718351343,236515.194559408,26340.2859055027,739568.231776832,34256.417910832,65518.9105129689
"P02817",734677.705135449,50489.5463418594,84368.813600617,523162.552270914,24821.4774797477,37542.4886536931,24742.3118766528,243263.029069672,10203.1098998276,11463.9760080148
"P02818",3010718.98818371,409313.650734746,15375.1947292854,174774.890401929,16822.0339995435,9204.15875468366,27692.8537830492,9884.10591661179,43105.1104250162,86320.4092210637
"P02819",271852.549132072,16262.4485504061,483348.643618183,3447660.83850602,32419.6342333884,182042.596522106,23065.4352064342,3717345.8085035,4337.73041473504,4772.20335597995
"P02820",568719.391165283,37749.5231067816,88217.2769512618,1954433.31914294,23979.209735483,95503.0081402667,24862.4264577005,1744565.64448658,15905.4705933303,26931.9363563769
"P02821",3631340.62039119,546110.133875992,9517.32260575117,122248.484479074,16346.9032596879,9168.91654738941,27177.748473558,12011.8829303289,62380.2849876478,118084.146649499
"P02822",799568.530643625,74357.0389828766,87700.1070766479,248203.341388702,23462.5155858991,24448.6025031957,24279.261594869,314497.223988703,10746.351890424,11901.1494031767
"P02823",754149.968794039,118515.418560918,77426.9861963198,122137.233391029,24691.8394031169,9358.41588718417,25730.6925011129,76985.4689305687,13753.1594498605,13103.3646962425
"P02824",2353587.60403231,439366.494221042,18540.6215277094,193590.327311193,19969.7302225357,15628.3179087247,27613.9709767148,12502.8024141381,33339.554000289,42554.973736289
"P02825",446222.22418111,54765.7888991974,231816.5342467,755900.157395737,26962.0243528219,52819.5140785703,24435.326080604,506989.949865031,7542.74343928397,7462.17874112099
"P02826",933544.06561382,19942.6843731887,105993.099916769,4082185.92036712,25073.8247477534,385430.775018264,24425.7043847127,5053437.47655534,15437.049509961,18878.1980709988
"P02827",3688108.8612669,95660.3780569769,11816.0544326981,1920445.32902845,16298.0142745378,154052.040277662,27785.7169723302,194561.834141418,82556.257256175,160351.856537411
"P02828",1119959.47654202,26199.9641277551,55980.9571549156,4851304.69179864,21636.5849261597,192896.403866145,26508.1908990402,2366189.27482864,39448.5264894917,46438.5458272415
"P02829",3832423.35463277,695686.969310119,6161.368797281,79241.9908124941,13831.8139076714,4443.06310763386,27265.6012803455,2331.74439838738,66726.6177913078,169076.170028801
"P02830",3036321.37305934,594486.969241005,14293.636340175,49778.2387748756,17062.6573832299,5709.13167815896,27899.426878426,4949.35015105855,37785.5251354618,70572.7377298666
"P02831",1650362.59752214,82679.3103503101,41057.224500754,1179646.55981117,21120.0848223029,111605.512974847,27507.045483588,479705.794867337,43034.8777237353,73463.3507140412
"P02832",1676252.22394042,230875.468080755,49856.5819140239,162162.803998318,20310.9122272201,9300.49995522225,27321.9184150567,35992.5441774644,26211.5478932634,21390.3232347358
"P02833",2418160.22521034,227258.001868441,17795.832368183,381624.825465681,17424.5805629024,34587.9086875044,27727.0574698912,58315.459574934,61856.6198155244,72135.5613047545
"P02834",4040453.89637369,691600.200696001,1679.22111708974,30653.2173056548,7463.10913683942,3605.83358487415,18774.7358031687,3300.92012156213,99329.4594535045,107225.369974243
"P02835",389551.14379729,12428.9219445499,145942.641298273,7448776.86164216,26974.980456826,487320.688763982,23771.4578472578,5772090.54103243,15545.2813694082,12285.0743609389
"P02836",4649064.88862191,684871.141393047,5969.45047101425,75597.8441673405,12479.3789724058,7321.19825895309,26564.4077153013,2095.11344042084,90588.3490101551,161157.479778507
"P02837",458419.758630698,49975.9535493691,154859.714678661,750797.217493623,27924.6651749412,61242.5191101169,23775.3574380243,1177466.66025581,7843.90657473789,17221.8126072197
"P02838",968366.352608148,41488.613727882,89135.0601048696,972584.386340504,22925.9461725361,159860.486543502,24997.6244611371,553381.880035992,15204.3761165186,28873.7634150311
"P02839",3864535.89583987,912371.474413785,10054.6515492589,26883.6274831124,13938.9356779596,1506.32480614425,27233.6316254916,1818.32823211004,57990.8431168833,111565.260753277
"P02840",4166544.06781085,374258.514525246,8170.6255853701,332470.826996169,14903.7888777104,23441.9986608134,27330.607301233,24834.6533944794,86943.4633436108,151733.557291403
"P02841",358273.692424981,27065.7933873106,204908.506455254,958764.748644911,26314.0514277182,59533.2602432116,24167.0088421487,721849.656609888,7108.60321892807,7654.53683709293
"P02842",387410.135208252,5019.12346767184,184394.225590846,19847370.0831364,29721.6542962533,951427.511770488,22831.5343050683,31241162.768944,10691.2353577331,11490.0330724416
"P02843",515280.030314708,25818.2709039971,145029.943430409,3495046.88407972,25650.2358478667,133632.568869806,24699.1666134439,2572130.76861629,12851.3596075556,11567.5805463992
"P02844",1324105.92858247,408338.091100137,45895.455649915,67638.023861702,23579.8140987944,5016.33957592581,27444.3007959386,19002.804473992,13428.5880650717,10284.8986273357
"P02845",4397447.28585773,521350.554352094,8194.18685474183,156406.177098931,14146.5073947113,11401.5583131676,27608.2485210652,6497.34675728925,72641.1022807337,140455.402314888
"P02846",4661436.17459053,273601.250541173,2651.73268744248,930160.744522638,9201.00554180996,118721.356173957,25796.7588511401,33056.9749481352,88400.7274923517,172125.29162223
"P02847",560858.586060374,22777.5771243585,82936.6219263988,3064484.24840431,22771.4281871063,334708.137366599,25964.2511891325,803418.941265519,17666.6454890304,27516.3445102721
"P02848",4400062.85260479,846110.865653365,5303.41849948132,23966.5575278798,11511.6575937709,1535.50439347237,26488.7121652339,1024.39491937652,73430.994871894,133465.103276023
"P02849",4270476.09225897,800880.388432567,4658.25981558808,43444.1326040987,14413.5556550952,5385.74955492495,26922.3399664319,3827.51254997723,64565.4384315193,132903.173675731
"P02850",2954829.68160595,105958.219839399,18051.7648488336,404966.267117689,17462.3404807208,36413.750961406,27895.7914818811,77627.8868398398,52464.0981383367,89847.2502275709
"P02851",162139.323589056,4511.73581795955,1470729.40571491,21118319.6635473,43021.8541846213,1184875.53853283,20563.7919908845,113090117.635702,2548.32147254875,2971.20800859705
"P02852",3053799.47996956,386880.861016611,10477.9111668927,124708.018076427,16325.1011034455,10062.5551996439,27784.5139288521,24170.0879853591,49624.4524495661,93336.459311734
"P02853",2218424.86145327,359901.678021,16228.8645408439,161158.569370396,16096.6858763011,13683.4024825984,27902.6617851189,14952.535308986,41768.6950594421,78027.1248658531
"P02854",2868827.32616239,212415.898082865,18384.9756283274,306091.505735117,17370.4141366227,56398.8624697519,27571.2450043527,63115.2649177011,52163.0081890254,63235.8373038141
"P02855",1985084.46273824,116644.339142932,37234.0912924122,490122.47313198,20933.6887464392,50217.4116266203,27332.4467336442,140986.541978336,43856.357801349,73502.1257272756
"P02856",604558.573606632,13086.8035360531,97222.1387762542,4165051.28095727,24068.6929565121,494619.511925615,25447.1580448035,4146680.5040394,22560.5979602877,25766.6971939042
"P02857",2260623.97645945,284352.947217937,35522.3904068008,115431.023747651,16686.1759761427,14413.2110623974,27921.5048254556,12253.3785791592,48456.1628138029,64367.6118098949
"P02858",217315.847004949,4347.17303812158,765515.011225633,7870121.42830242,37666.9720655703,403811.059256485,21803.8629819832,15390292.3135697,3519.86241372173,3179.29746347683
"P02859",1638714.00578525,46459.293586523,52080.5911299993,933964.803742154,20935.6139257363,47257.9410535362,26415.0303713,428303.245467922,35704.8674243161,31121.0817590292
"P02860",666769.594908321,20639.0093612511,112163.152627573,802325.931920967,23854.6660803414,93961.1470076462,24760.3311561227,806240.659597659,10338.2854186843,12485.6465845278
"P02861",3427237.14725089,78220.9992234183,10530.7772841477,672148.013366048,16647.3389310323,45549.8767576341,27902.1221199434,153403.493828344,57176.8931147523,14886.8398646586
"P02862",346065.319952341,12785.6613869232,170919.43397368,6531457.74829509,24934.9315379812,432478.305103621,23845.528480501,4604410.39315595,13392.1522710944,14011.1762698494
"P02863",4614367.97594424,795082.817766836,5078.45338231545,53583.0094736994,13415.26822986,8212.82944657265,27470.5434639426,4861.36682612724,86067.7692736571,177335.746270274
"P02864",1728851.95266215,144261.02564126,55078.250202824,214594.697061509,20470.6369369775,19404.8064431363,27165.8772560588,53712.9875933584,27207.1100710982,40169.2689043137
"P02865",1349599.15127245,50063.8935932529,30620.2957469899,1806085.09930844,20113.6410186421,132287.525293416,27450.3147449987,648913.22479608,41142.196096526,59332.1007722715
"P02866",4458137.0567021,353231.248038734,6464.82500015779,344413.270749227,15542.5618212345,24184.9733168578,27678.1668037352,16729.5691874303,75681.5931764938,148257.710002707
"P02867",1034902.4638457,50300.578431719,57510.8033250192,862245.233719708,22464.0456725877,47859.50053379,26392.4411986123,385643.669331686,22523.7379406293,24743.8105196041
"P02868",2367990.77488907,133763.469341437,13959.5498952995,713753.461075245,17974.9031523897,36625.9015609428,27701.1637588674,35368.8364880111,47423.6616852179,104133.327122138
"P02869",2434452.6581796,402576.162424178,14540.1529469165,161526.28687822,17206.0331859512,14988.4375785461,27662.8970344719,11038.6051982757,51883.20449564,83207.4460615481
"P02870",772257.992257843,60464.9597289034,91995.7444141492,1440332.42896776,23738.0772851282,113025.251554754,25228.1835019757,359498.114312124,23737.621215964,20093.4602699368
"P02871",695650.752067896,17614.6468031242,76501.4557979168,8810096.6205141,24018.6348549888,259964.641734099,24612.0843584231,3816153.68789205,25169.9445290419,26476.571611823
"P02872",898719.443582581,213531.637843473,73485.9765711597,164030.698634863,22642.0856359732,15284.5051263506,25741.928699911,88979.436616574,15532.1247951495,11770.4775513678
"P02873",1945165.46528336,139287.622782557,25612.7015170209,737603.741718647,19389.5049029719,71314.3096435039,27470.276384151,169961.122015918,35512.279397204,54989.1896573241
"P02874",699344.530684427,14057.4633146763,80684.3590292595,1443396.86157404,22993.2188351166,183210.249482481,24607.8543439809,2001885.73401697,18254.4349189513,22602.0058825965
"P02875",3877231.54280728,370733.619050824,12084.8164165482,222346.5572407,15504.2514464612,20781.6822974048,27932.3557851939,13972.1746789761,74630.9061122687,128699.915260834
"P02876",3488999.65461468,551254.079174061,12513.1780766942,65304.4718539384,15762.4457669324,3869.49120005043,27810.3304017934,3789.91976739275,50707.6760717581,106159.722180919
"P02877",739421.583933779,12224.9719078795,157460.150848946,5177569.1543416,23666.6012731571,244050.836722487,24779.1117876411,3021234.37056938,22255.6968057318,11708.3492648127
"P02878",2803309.16702009,139315.556704766,12015.570004074,421589.677780015,18418.152900545,76490.3721192848,27459.897616983,251001.984096117,55148.1427918291,90819.0300847065
"P02879",2249155.41603495,338616.778627952,11789.9707742965,177907.106176218,16429.2445998002,12430.6560012913,27758.4850860324,20317.7918952098,53590.935681443,77027.4195559349
"P02880",618758.848246898,21505.381043292,135185.525674602,1776803.14323385,23975.7961127278,140930.944472501,24579.061482022,2123547.34706687,18778.8403495838,16884.5145723292
"P02881",1815771.04382483,58980.7029042835,26094.5278436368,988563.785187125,18766.3084025569,82129.0668614509,27617.1319718657,155730.476641828,44397.7085249848,80312.6279538023
"P02882",383057.989021317,13027.0180632129,325102.778585085,4714059.75852755,29038.9974797655,239225.974059947,23185.430711151,4900212.28191735,12333.5118445378,8639.54946607344
"P02883",765151.741767316,88485.1281868291,129033.468974231,145561.839630422,25929.6861733595,12722.1774041936,25982.6962584,26899.3074897855,8323.4476249972,6739.29122661055
"P02884",4039940.07598399,309009.467744218,7696.74192189371,488656.515211408,13274.8172670557,27376.5718067795,27532.3563579892,27481.5884530647,74208.9214015312,161429.492942707
"P02885",896919.463780759,69344.7785924008,99167.1830132503,651165.181071771,25497.0689567492,43809.8807766207,25840.0594250735,924237.706124171,14205.936570361,22896.7153252816
"P02886",2485334.86904126,494978.221410979,18273.8564265343,49799.9319201341,18228.0332500386,4516.69974157726,27772.7349059798,15611.6230617907,28127.520645068,47484.0904411472
"P02887",4083250.41409687,516692.742241003,7265.5744691508,80911.5022541988,12603.3352250211,6709.94059300684,27269.0168295557,8471.96064123527,82539.531722,153110.60655079
"P02888",747192.016013224,23483.5068729675,123286.024478321,8654305.82494601,22975.0180574022,327156.637923725,25932.1638135053,1798112.79380983,25531.9144161465,19916.0911409016
"P02889",462625.939115997,8593.77167150613,122455.316824524,6085250.91685944,26571.4013873872,821793.466730573,24559.1019753034,9425671.31338065,12170.5111070257,12629.455980894
"P02890",4456712.66776559,619400.625731648,6512.57634175899,83811.701950169,16024.826424015,5221.65999121536,27175.4535239672,4657.99618434927,63885.5419109671,137154.026279093
"P02891",4098365.9219422,739823.772592868,6166.95716920587,55835.8133140943,14383.7860681368,4324.13026182751,27631.5511490693,4847.29071886816,79645.6762364978,151484.385004995
"P02892",799319.228697109,44555.7998265067,74997.2096442642,2752180.12502847,23001.6129363821,307754.677855182,26060.0008881486,1830847.57568517,31133.9475807687,38595.8827652331
"P02893",3604298.38864067,545431.056438678,6470.80598680917,230081.834435487,14724.6539604189,24145.7419986123,27727.3172855856,27353.3706501113,70928.0103250955,155031.954841984
"P02894",4280830.72679605,311557.050107327,9043.71573823139,264836.40886,16007.8892095041,19092.0327097063,27680.3058823233,64791.4583513108,76212.7619904026,133184.423568789
"P02895",400355.124152044,32874.1060977143,204969.508948111,655404.27189639,27928.0397190693,33193.1544212855,23286.191362941,390856.200017899,7191.43261637452,7376.81810422013
"P02896",536584.473949084,28845.7615658387,142622.000567742,1957600.37806799,27493.1052271791,121616.660494589,24043.8829009135,1360690.58015134,7753.85194259295,11166.7408869522
"P02897",156726.265981019,34807.6626527983,1249403.10746382,1082028.4297759,51403.4879576534,104874.359951638,19961.1235850463,575836.596903016,2513.87422476501,17133.0704072516
"P02898",4277054.68254843,695316.961427532,6042.46169702048,139513.606733898,13394.2254935586,8745.54667410833,26077.7527798981,4667.8516081095,89834.2837589374,170731.049138659
"P02899",178555.675837642,11122.7636503023,1237487.54135712,1537811.74532524,43329.9603872635,76215.6370061201,20756.080912716,6410832.95686066,1914.71372921388,2541.56524021776
"P02900",4652325.17136591,60278.569312164,2315.71627220724,670103.563299148,11189.6278035277,36140.0353246868,25118.9392125091,683763.595210053,87799.4411210148,12560.1474929391
"P02901",429588.469377745,91310.3638660291,117748.243195018,390149.544235623,27231.2174294793,21719.6946967508,24280.2260512068,720880.047817989,7374.20049644443,8057.21631490577
"P02902",4518202.89116103,769163.269311602,4400.33026351482,95972.5842330964,13040.2427078798,6975.46880695172,27072.5191493726,6559.26028238367,83315.5829005782,175593.92041827
"P02903",3646464.60997565,202447.228767989,10259.1286907252,284934.426066571,13760.6006585595,69515.2748269619,27927.8255922844,40844.0468105385,86876.4658547819,128990.035131183
"P02904",1209922.18676761,91490.1927469434,60392.2189236214,888523.668178712,22362.4080635498,59662.5514631093,26242.4107043261,335562.936779654,27838.5447481312,32405.5368474089
"P02905",540695.777373125,35533.0014151055,117474.940931005,3570480.08167252,24329.1227931206,90300.9009073099,25269.4572272291,992149.469425909,13647.0739915527,17320.0315384558
"P02906",1537605.73114955,56076.8102023077,25585.4469504161,1931624.9002305,18594.0385581351,88360.7240786122,27394.6888954081,374089.731079768,48557.8058300279,64710.5439291331
"P02907",751885.085029045,213655.534393299,70912.9825876157,215572.244008399,23286.5367242806,24827.9697948103,25994.5613443267,107998.301705628,11374.0347003916,15417.844401497
"P02908",927216.224683513,27752.2274922708,92964.6404137091,4464557.86889925,24115.0539888533,272015.535548752,24840.8952423976,2026339.06995589,27283.0253890826,28292.5672433067
"P02909",2277518.8402744,151579.323942025,12721.900423651,2179346.71428827,17070.0675047001,189145.927217855,27797.731178878,300103.328131067,78559.597227148,132372.676219411
"P02910",1435247.17633445,122216.520629829,36756.2241428496,349178.83429955,20733.2700666378,30322.4210838334,27525.7857887177,144980.544525343,26692.8523797799,52406.6834737108
"P02911",549635.498896098,32395.7523437927,188068.755684024,1154284.15606446,27524.9330505113,40978.5527056263,24601.3664292878,1270194.06246662,8555.00640471757,9223.00401604008
"P02912",2223836.14151542,387020.360451001,16454.0027475973,78428.2506221053,17830.3678506116,8825.75887738547,27888.6945803027,15829.851613781,45827.1409070289,64742.2274515798
"P02913",1045618.15079109,37174.4237270085,48137.5551557039,2330981.946503,21683.4882704302,149889.900926201,27076.7487843801,370260.20470295,32269.8238666077,41787.2848377184
"P02914",3410701.48042357,374517.032143491,1541.43190344063,302022.657149801,5974.90714334377,21877.0138832148,21363.4635732288,35264.8551557275,95761.5419891274,87935.3808212312
"P02915",1713631.59032071,197052.094465455,36801.4098455363,212252.963109651,19927.6943358352,14444.0576192329,27251.9741499611,16708.7790530169,34881.5839273878,33000.5504716258
"P02916",3096900.93364542,459206.565198456,8880.31777869268,108167.355976072,14535.9906833783,11477.0794097618,27578.5857856415,19416.759011452,58796.5955452392,109209.275201046
"P02917",370190.491915587,720602.53791081,382226.215522247,33693.1361166409,32548.4220685354,3013.35261539684,23480.2329878404,2938.02545634281,4855.97234744329,66870.9042662665
"P02918",1241940.42298831,24783.7753977587,42255.3374219723,5247506.09144814,21508.4503564375,394363.270260476,26712.8958550529,1019420.06990567,45956.8270960061,66039.6630795469
"P02919",271872.497470591,7399.08928677545,319620.60740801,6954293.06678481,29452.1709248991,497341.973174653,23052.0649735557,16775827.8037126,8468.8308380821,6582.43473118186
"P02920",291345.00138821,21011.0494561872,326527.832125297,2985713.55011659,28186.5629976958,158600.295560369,22790.1233922592,2080334.30274757,7225.08299428196,8786.17065145369
"P02921",261559.801152018,5345.35780762049,340200.002941926,10821085.1264909,33556.0628795003,613038.880305733,22058.6305686262,21560832.3392307,7267.39260008795,7883.24395881418
"P02922",4492586.92675002,862167.555590809,3040.43238018675,60112.366330336,7322.58612405282,4175.05100661466,23385.6144997621,1679.14331926969,99416.9576146334,180566.141618851
"P02923",1693758.13739466,127344.40263922,19966.4506345507,643589.87131092,17598.8250266187,48439.8794085917,27244.1579287936,141485.115389741,50412.906232651,85107.5092944005
"P02924",934257.828418284,245106.742933027,89484.3379528725,482113.503883952,22825.325652765,23440.5066049083,26584.2248544814,80496.9299220207,12225.5442037073,19143.4021089583
"P02925",4694718.57230593,487501.914017463,4859.13653425171,262410.37366634,10673.7195541055,18175.4055158243,25312.7758022977,23204.9964897707,99655.7449911235,185891.168073228
"P02926",2721653.86268876,625408.605123874,15517.588954205,32392.540439327,15998.5643594025,2300.00411130239,27929.4051292683,3258.90532300129,31097.623864603,56183.7346204673
"P02927",4518248.32847289,632074.300774413,5872.70341842,50887.4007693422,12532.4510970888,4182.03894485451,26271.2437619117,4763.67733386681,74535.3543344134,174233.1185006
"P02928",1925322.21923595,121564.084952463,31184.9535263665,561998.794496857,21355.412540244,55879.4840832537,26046.1445418992,355862.413658042,34885.7471590205,59841.7880956965
"P02929",1629598.85824261,256047.755946757,39065.7137280045,216181.212451918,20631.5714730703,20603.9585850018,27116.3902560383,43081.2970974093,23238.0595283231,26582.3091522123
"P02930",4239371.03893407,596767.933866848,5675.65762074979,139360.065648297,13998.544098848,16996.1781667677,26977.7508379485,7192.60323279462,92180.9142816119,175031.627918277
"P02931",1418086.36210153,154785.560234164,58406.4528995486,321625.246586547,22891.7511865144,18257.3260037283,27184.1686249815,36685.850614693,17060.428778428,23863.948857488
"P02932",995405.052428072,41522.4517168298,51561.6028907566,2866751.04665568,21624.2053608765,186379.164157701,26715.4789137118,903499.429586271,36724.8259372358,25402.4949697384
"P02933",1971974.09816139,299490.435596291,34488.6427877319,145457.236624872,21602.2894780017,8946.32728642777,27665.4618742081,25911.3399715172,21308.1783361447,24596.8545067403
"P02934",583821.675559947,94273.2216365554,104293.167577638,221584.389414153,22835.881543948,24610.6162087598,26375.3789016768,47172.1585401922,12872.9421665541,15834.0452909175
"P02935",2244513.18377726,112172.197353132,25281.794428244,508377.011739387,17716.1814301091,32429.8678217411,27537.0144728042,197978.977770874,53656.3467982134,92238.509550913
"P02936",4687145.63752267,514244.976927385,3913.82116796636,243149.288154155,9949.44692472309,20453.9990489556,26626.8839233729,8288.29644974775,97652.3064087347,181049.437060179
"P02937",2400467.94418208,172060.234028753,12164.9870268297,180542.785526348,16187.8956863463,15654.4975327691,27867.7254290473,22699.9042412959,53232.0701782507,100684.554085776
"P02938",879083.433479245,75478.3835920854,104433.221700013,323865.757980537,22753.809414625,15958.0840830793,26811.8825317728,177561.584837556,11990.3992302629,14956.9126080045
"P02939",1173694.02991127,38166.9700332438,42008.2047382891,3623758.82093223,21085.1228462477,199329.960409323,26090.5395517749,958757.18907189,37298.4480314613,41220.8040111098
"P02940",3707435.23194679,320183.15467035,8912.97004218159,481126.893216696,14845.3016481609,34039.6016212582,27654.6190002747,36958.8955337077,81364.694466751,129545.718642286
"P02941",4385761.61780103,932026.282942187,3130.245372393,27555.0139925466,8459.06798125335,3532.67626223286,22435.9383019114,1776.91430309984,99451.2314345451,185984.662423984
"P02942",3505006.29674239,213983.582115068,8485.82602091248,387006.420317982,14136.278642129,42274.158842059,27546.6680456063,33582.3834816263,84924.1010707372,162150.303823337
"P02943",2833584.7052304,534535.896579335,13479.3947046929,155198.339723747,17780.7674686697,12266.7378199612,27929.9895586564,18111.1925939622,55585.5841526513,88872.0296408798
"P02944",658171.356533742,64697.5205029472,89687.4468944764,572018.67907013,24944.2381716315,37655.1477373824,24318.36844013,261918.88987163,9649.03123521196,13656.7680222311
"P02945",790575.902843846,36422.1257106242,115421.186908504,3311077.6819795,24354.0303015797,192109.044585414,25531.91184725,1205222.71937328,18458.7932408387,19108.0929599069
"P02946",518657.458653065,13582.1555999268,192325.684983013,9187765.49263959,25719.3791249427,291436.743743972,24502.5068386746,12626416.1777744,17522.5642374455,26036.5063373293
"P02947",431493.701559453,21242.1921400006,210922.713863677,2959628.31248661,26627.5101366541,224669.926828974,23480.179181186,2161736.67444947,10078.6671027276,6948.56927823391
"P02948",2183014.77398027,444165.034753232,20615.8078623397,74498.1450443821,19491.0537429317,9003.57578045974,27662.2913263859,22882.355406455,26474.919428313,54288.3485473347
"P02949",1508427.3369924,100190.583959468,42542.994348332,1332168.6512906,20143.6806690973,80141.641485891,27273.7432692422,426469.433174019,34841.0709530407,48465.5954059159
"P02950",536029.341616202,249002.913653857,183858.282611936,129703.217160689,26869.0492431774,8348.81543712827,24369.3562525037,26469.6612470656,7869.91889323567,22191.6587720453
"P02951",2155286.04118917,89935.1071656764,24244.0016478507,855220.059697226,21063.0094792423,72027.6549847163,27740.6978945278,269911.735944608,41616.5912016374,65688.4377349809
"P02952",678739.631102624,12288.5654984391,87896.099854156,5848207.95968083,25005.0307029468,591108.464199967,25188.0903056753,3596753.01456773,21483.1719350838,29052.6691254301
"P02953",151773.157290978,2154.14675034475,3874746.23808429,359151696.098845,70452.9367793852,32691425.1050298,19280.6164040259,1677688117.42824,1845.75920194477,2238.7520150724
"P02954",4645450.78135833,917721.943246329,5930.22234662643,17130.7470371688,12489.2471936481,1107.47063426462,24552.0270398559,1023.2477977573,69207.2980969252,102255.847891931
"P02955",4377185.46063436,752127.434300499,5112.93174505544,62960.2401023688,11814.6884418194,7154.03786606029,25973.5708727246,5628.92132887365,75364.5632777374,150495.747757757
"P02956",2002026.83900472,88682.2278757648,25209.5818947563,1596259.44912031,18227.8533802393,122141.478398726,27258.5235628816,305751.605245436,63667.9103910941,75563.4780200442
"P02957",343889.773021279,25080.2948084601,99549.8552263183,2011260.4755021,26259.7759165633,219013.785386563,25254.2163215998,1090863.13731896,13384.1817649909,12895.3157760231
"P02958",1621952.97097195,72638.0422568188,35908.3124458209,594684.663674741,19112.3551808954,48481.2771462017,27471.4727503147,402781.192858004,47880.9194057505,46656.159326896
"P02959",755071.787760596,38845.850823146,121610.922517008,1187750.35092302,23297.411704264,58451.706594665,26443.7960881421,566556.161213888,18894.2094397872,17929.2811810945
"P02960",919414.146931605,52173.720786507,72046.7795206446,882653.80930777,24174.2096582965,48941.8681323132,26080.3814635472,350213.316388274,16485.8978151122,18732.8997749971
"P02961",3450104.4691369,218281.489380849,9555.21585989876,396400.2898384,16064.58214888,16068.9926979383,27928.2480455904,37979.1384681608,75899.539250198,148552.057328218
"P02962",4369136.18511771,669139.037755457,11378.777609334,57382.9895169836,15634.9898263847,5594.13611608078,27252.6300430154,6847.50845939249,66253.2346721559,108438.796796064
"P02963",579285.944671688,73176.2404818538,203531.565093424,332162.753282782,26300.2742480262,23721.0529990383,24922.1977055878,293315.450033113,5396.20361684282,7316.72007087167
"P02964",2736957.06600607,187646.231576526,20978.2264753025,971990.660475401,17905.1698727464,81054.341681903,27829.4102970103,106124.299058755,63671.9393009049,99199.4657182059
"P02965",401467.163201075,14161.4882938305,335985.774598133,2183331.5335119,31100.05249554,81240.8114467711,23804.4939603901,2274724.61889672,5073.70041069782,7003.19625209318
"P02966",502768.877001701,58670.9181270744,308170.552062326,969012.313179847,27820.6536677005,44479.2857064728,24132.2137998667,493036.792729317,7004.31954107732,6152.30548703834
"P02967",1941935.67719052,176449.292618102,41683.381527523,495587.886498509,19656.6162980584,28383.7808960577,27394.7378551979,62639.7330514733,31526.0015946944,57352.674563384
"P02968",1776229.47365824,102302.373837225,21576.4475162804,2754782.27302553,19501.8688845995,83035.0454346634,27379.518061768,415142.597196208,43018.0135373281,84888.7273224668
"P02969",4297878.86144706,250129.379133611,1885.85964121713,137372.366628687,7921.59156546422,17662.9682978951,19951.3012854839,13575.2805926776,96863.0627940837,146449.149814033
"P02970",776287.803542952,27520.9956767499,81069.9765931532,1546748.76770483,24820.8599078235,166057.885721882,25736.0019024588,1053238.16175137,21711.5695787341,15643.6657622781
"P02971",316666.54861757,424085.533497975,288401.937763723,113774.974577008,30861.5693687886,10537.1949578191,22483.3189979917,48893.6654459148,6609.39629979094,72444.1274553976
"P02972",1071867.711338,37149.390242571,91493.7265730806,963534.240382182,23820.4210479642,99466.0041063391,24957.2289698983,233548.443043135,15291.8686988134,15293.9844625111
"P02973",682368.837475441,117647.973717035,119643.685219838,599046.086964518,23917.0638924442,56491.994323182,25342.4521015858,820565.94196733,17499.2277705063,26721.0283742467
"P02974",1463993.83383021,56565.7854652906,25498.7278373209,991997.104363313,19314.3326554844,71697.8411679786,26636.7057525313,247670.406085134,38052.6539237438,63182.4669537091
"P02975",239510.092185285,5256.79777285912,211247.192894497,25106388.5752354,26962.4300124358,2733631.23579355,22628.9052745124,63292738.6777554,16032.8265278319,16222.6022952145
"P02976",1234333.80352348,55338.5215349639,40413.8801661575,997575.934276462,20315.5448751745,60124.0637696617,26950.4618982374,175984.591603736,40763.4809969777,73674.8096939837
"P02977",277099.204669539,9138.77035064744,504606.549914227,6604396.15289393,33344.1807754165,454575.199244095,22540.9983488713,21639999.1627095,4955.40014482655,6641.39167746454
"P02978",432547.533515416,7553.92245206193,219123.993868087,9899966.38946837,26351.9740107249,530369.747956978,23060.0686192302,6881788.99311864,11554.5219706557,11756.0908852722
"P02979",659104.788208906,46812.0321739252,101439.724396959,1425860.79359066,24972.6832407841,68281.2602697024,24606.5396298083,1047216.60263061,14320.4562444971,18686.5038644829
"P02980",836592.98455564,22383.8564963218,61051.0432591942,2733164.16297805,22250.6021989963,218130.612764122,25257.6439323177,3807977.11955451,29150.1327340669,23220.9907223238
"P02981",2693312.42813683,454301.429483991,6895.59421897351,164139.875731064,15671.5899436324,13343.9262224325,27905.0671876072,9366.97056414244,64277.9653165078,118990.311002629
"P02982",286439.141624137,19451.7773465234,395328.16739244,2373745.34848328,37891.3414959303,87810.696604737,23387.3399661286,2097587.15880239,5621.02931792758,4421.01627511096
"P02983",2489107.70494074,398173.896073502,17367.6544556792,49117.8395144378,16573.946011493,2894.79282032546,27932.0810170431,7625.31334168729,34690.4825324864,48740.840135928
"P02984",562817.043623792,90867.2719934255,116019.164206942,160067.269209795,25870.2677130732,14558.7494221626,26197.5998708387,67479.0215848916,8705.22494848458,10371.4346563195
"P02985",1188343.55236626,104276.95491063,80747.2428861109,473091.257533233,22835.1991529366,45581.637573707,26411.8419235201,182000.035208946,21239.5747340271,25521.3190116849
"P02986",368464.935456741,15544.6756229056,286324.76133779,2032169.80565558,32235.8045502815,97414.77742515,23577.5383239537,1415981.95440028,6177.43207649035,7368.23275213093
"P02987",1966369.61200918,31045.669349001,32467.5391943263,1584167.80606991,20193.6092139731,51030.5903369323,27631.6754585804,847338.194954958,31779.0762841017,19732.992763122
"P02988",910908.724167753,126813.068329445,65517.4811870344,538673.717848565,22030.9282552391,33817.4047675994,26801.9148000513,105947.118579527,18885.0585815658,20727.3011923925
"P02989",1813605.5794371,372753.75681542,35432.3354545756,91963.522687906,20294.2594022432,6305.79180251157,27561.6245999858,16150.6398300896,17137.3058253825,18639.5144423081
"P02990",3403791.48931667,392147.503759529,10876.1950107036,174902.797565583,16499.5771073328,9775.20715643825,27928.4399172391,34371.138267614,52927.1043811267,135210.589805686
"P02991",894097.249884902,165136.529361139,80612.8377638138,280082.085504185,22561.0897236634,19598.1653923175,25728.4563206607,105303.832394285,11228.9565786643,15185.3266358482
"P02992",3078667.63318782,169981.678901762,17541.1309536695,410879.90055543,16366.0086362847,27520.4824889512,27932.4201747462,127782.40725197,64657.628570806,108049.316153153
"P02993",1434053.34715458,56421.9244538568,29518.8793659087,1747069.07196098,19817.8884877335,104565.595303612,26401.3172280813,491762.945057468,43138.4488967354,37715.2736590885
"P02994",3684950.42047079,292996.293624194,11115.0260504546,373992.906217502,16068.3908392221,23849.8955375241,27891.9374330982,39319.1577952262,75013.6565181925,120122.93661784
"P02995",4698129.76871086,771113.231303824,6005.1847363085,98821.1633843245,12320.7448043855,5779.28086692414,26085.850455817,3819.12919653676,93458.6135530918,171250.63372125
"P02996",1602521.97573732,289641.636576279,67483.9981262511,122663.344086877,21327.7184486605,9474.75815124016,27062.1867774408,46490.5305781969,16586.6130026679,18845.6968304123
"P02997",593012.708629182,60683.7941976636,97637.885326852,2545097.54148939,24339.207479583,87115.1907694813,25417.8101033355,719225.221290175,19454.4080215488,23242.3391036176
"P02998",1108469.50946468,22206.7024363624,68214.40505964,3966855.31447684,23112.575670957,274980.577053086,25086.5505640417,2522306.44685773,24117.6201077766,29559.0924493751
"P02999",1984898.93236652,66844.7463028531,25233.7326516146,1651257.6090147,18150.6622866303,104438.583091022,27929.7262664042,184543.816470045,62381.9495809094,109544.931677462
"P03000",1501186.73694425,98998.3749461615,27400.2059117681,805656.421995195,20251.7770528818,35075.2984095733,26906.5755384246,127631.987778643,38015.2806169486,58810.5085799739
"P03001",353018.556310045,21362.241554538,231288.350486194,2246753.21346418,28042.4140714226,190234.71283407,23726.7459630286,2123441.28826452,8878.88099339209,7409.79548012707
"P03002",1934762.85099378,93279.5223534002,35935.9951573454,1183040.45160115,19647.1615207958,95355.9913665448,26810.6992029046,245725.589638139,32892.213809253,59734.2541705419
"P03003",4446111.52379742,470575.677193443,6088.84704446657,107222.430032384,14384.5976268215,11141.740256256,25936.497929112,8354.14590399363,91095.1515833229,147525.391742143
"P03004",1274948.68118697,50486.3763535342,26051.2652750064,3711012.14935822,20268.8129146617,126834.825103026,26647.1747805344,795024.552212514,39438.5619658463,52822.4893879988
"P03005",683569.785743448,42366.9480010117,81201.1706942638,1270592.88323913,21503.3863359648,99040.0206356056,26767.3036590194,937502.272984608,24205.8162312122,31337.3224880011
"P03006",3073715.94792299,251480.244042611,13435.6577438416,506133.376570793,18461.8961733281,50200.9634821925,27469.6958775841,224253.627191355,57202.651162122,105804.427737789
"P03007",4649773.71124437,598494.715868294,5744.67256789162,230792.303030874,12438.0479512144,23490.7072384915,25994.4918354345,7451.75671737574,96186.6894974674,185572.875508182
"P03008",4314486.8224984,498802.285148062,9167.06911121635,67901.8615891115,14258.3161986181,7952.27065720069,27590.687718612,8031.85731740363,74633.9536066857,161101.221553308
"P03009",872883.395241783,25206.9881650627,107958.514989431,6514467.29671445,23681.1626769685,468135.006794078,25745.7345723014,5753336.29872528,20548.4740110639,24024.2070689098
"P03010",380677.243170573,28089.331477156,306903.713878588,652700.946701995,29865.3159385503,22561.7556642386,23527.4208603956,590930.701435658,5696.55907529718,6089.2987219512
"P03011",365546.488311033,53294.2948436681,325552.071539994,650917.821043288,31099.3897646757,22283.377896945,24586.0320628087,801061.814825873,6422.03917246768,6280.30054525365
"P03012",4688200.86297755,545042.182158846,3330.97723303023,112223.381458314,10277.9996140622,11644.6462372259,26047.1807442958,3142.07688920813,94934.4962787454,185776.69608294
"P03013",1300977.78680971,46555.9522002555,47879.7645878608,2129540.60386043,20437.848486516,93209.9758872053,26837.6722655294,372609.085546663,45758.4286984081,53388.8232678361
"P03014",2060133.41560253,418706.104517938,20874.4810512174,98905.8203196567,18373.2595604549,7568.98593729604,27821.8293760815,10617.4638915684,28070.2267939597,67791.7316737109
"P03015",3627229.20707643,668056.506371931,8811.22498736881,59264.2372747781,15548.1994067765,4450.38600490823,27732.6512116767,5811.78385670653,56434.5690579941,76611.2726245754
"P03016",2562246.76004253,425234.187228575,17043.0303320265,169215.903000271,17441.4492783202,8161.86213539078,27926.2490624294,16370.4205405413,53343.1470991834,91376.3157318499
"P03017",4499747.89788943,90544.0836585296,2136.28067277615,489921.633499635,8577.48533940075,19434.4374745963,21458.9167172508,127578.574878001,99030.2881809637,40731.345472734
"P03018",2018948.47703422,386925.561327992,23616.8289293986,117304.560539668,18585.0825060016,7756.59873357302,27871.083295492,24693.1799750932,35906.1780346137,96630.2172730839
"P03019",2821714.50869882,490304.922506177,11348.179550696,95966.8124436511,14704.0379983226,4422.40297101742,27913.7966475468,7916.30510539669,52356.5569667045,107494.649893958
"P03020",648041.742500182,15797.4172761687,134814.710701872,2372939.02535762,25647.6526591006,119650.136404823,24589.35837774,2118274.7654873,22550.5926848671,24174.752152692
"P03021",792533.852179579,183181.557522936,57089.531663009,249710.638659259,21679.6548945699,23839.1860122535,27091.2764179971,211153.132944083,13800.1782571392,18247.5756449035
"P03022",3146210.45347225,748146.945250407,12028.224574303,34812.3541555206,15890.865632157,2324.83012122872,27609.7776629057,2196.18885915491,42138.0684204337,85801.7269520648
"P03023",3602978.80233088,445638.04203252,6452.72546983495,148201.301052779,14018.0353655849,14103.065066289,27742.2806180988,18144.9726633536,71793.1903895117,114668.765146339
"P03024",2699597.02805521,111031.434305119,11755.253052641,742532.36918821,17650.1729487336,80880.1967192597,27657.9307321521,157040.781056164,55130.5640276827,91675.7994250524
"P03025",677680.980525838,187191.382203629,91840.4393841236,108527.717460939,24250.4294397044,4041.80458761039,26489.346124143,29488.8716501675,8047.63770744366,7868.28640834639
"P03026",629625.415263968,14320.948059814,102072.91976051,5667218.00194507,26587.5661835847,531423.70575945,22573.8842729227,10580627.4454578,15588.108133787,22126.7516627917
"P03027",2371889.40300325,33989.7915971701,24243.8511192661,1906370.37583614,18571.3704612084,233441.408217459,27100.6786818668,865276.293208882,58456.847778528,99419.6901797401
"P03028",2329493.46409697,372749.467401557,16311.4182934724,181596.989996064,19171.7868492291,9146.86731380477,27727.2982343356,29996.9735532992,15146.9806581642,67559.7223351971
"P03029",1026327.69860798,224461.596557014,38349.3472713649,197557.315858604,21835.8507591795,11185.0729418996,27308.4592981686,45525.5361225422,22874.2299258514,15108.2203151012
"P03030",1362001.86620897,194997.05800569,64945.4587045033,255871.308425431,22627.3362419923,17155.0169868361,26237.7639031716,47384.707462039,16874.2211472331,18119.0773299107
"P03031",635427.18292503,75301.9025229608,64187.187434505,441793.821629252,23250.47522417,21226.9584332824,26682.6907885233,114171.636750287,21366.0504408213,29318.7567220501
"P03032",4507296.06819067,838411.902811373,2776.61888247379,103665.739126081,10331.6615471385,5970.75093392182,23749.1380397933,3169.17144758928,99667.0261437519,176526.464201995
"P03033",363496.552163609,39001.0143045506,174972.496458583,483946.78551686,28440.3345500969,29125.4820421696,24926.3335859804,157463.330530812,6554.98025231725,11357.7432308558
"P03034",664473.863436793,188066.967114575,84252.6080729904,251480.423786499,27087.4860621474,22998.917764079,24872.3510779099,58202.9786120523,14096.8369935844,49786.9121687925
"P03035",786286.688594182,17909.6778401149,84212.8418879766,6153925.15303536,22472.9137851079,211818.763157103,25610.1167469479,3576722.31438036,27405.6746110531,20814.0876464513
"P03036",3722933.55619259,893909.986096483,6962.59771551991,44000.2184439792,12360.6622452492,2729.66574939936,26710.3524061885,1841.1399082206,67937.5089146223,130111.304685717
"P03037",563781.395846898,457111.353254553,115839.28558298,233277.359567217,24981.3939201807,30223.069441115,24693.6452129944,22222.0830513984,27270.3590858315,176757.910039368
"P03038",874520.584112107,44190.7724480282,138639.869626853,842842.512529372,24999.6826982606,29547.7229598969,25813.4803278876,369301.96291045,11519.6737498059,12559.7220494124
"P03039",2071410.2545912,79392.0775252194,23037.9562507931,1398671.37711714,18813.9994180054,170486.42758006,26928.9882662977,733501.697332517,45979.9054749002,56527.8580653775
"P03040",4145916.2364362,524990.741707576,9672.8359092193,181966.966268069,15687.8909753117,9079.4505876966,27785.4612254235,10425.4035103845,49627.9978789643,103986.441862046
"P03041",175665.056439746,4642.668751415,995126.503415825,10136858.6309793,40704.5076628363,513243.396110548,20676.3481510618,47540675.8171722,3082.9190577572,3113.46465032485
"P03042",2202009.90342086,234414.089305664,27089.1429724942,228835.033417642,19904.5714831134,22127.9584475855,27740.0313525989,98328.953340387,34117.0598110138,57024.9296527825
"P03043",4694584.31700743,870128.676130899,4249.24350942215,35204.0812394348,11467.6683228647,2848.87210024487,25393.9429709456,2358.93371255312,85577.9140051029,176624.490264081
"P03044",2660792.65498365,228603.747939992,13593.843167552,306600.42510412,18817.7525190115,36065.8518132114,27887.8542872041,41977.7121522611,51762.2854210811,103926.988904794
"P03045",418337.568369254,16725.9551233335,131052.685451189,4163730.17746367,24418.5362145212,290666.859190086,24327.8796925624,3739783.2374635,20550.8311629493,26601.3452754506
"P03046",1739128.91221864,226488.617476464,26565.7362240198,269090.044117287,20492.9537062224,21245.7578042812,27543.9990434079,57400.8166344389,33740.9406692354,45622.1545393881
"P03047",844961.333126895,28184.422355909,41520.6860520361,4405541.39513491,22894.2564663342,221110.611993899,26225.8827395839,1314662.89082035,40622.2136669688,41725.4281804649
"P03048",3621165.88983526,898756.375323338,6648.06435106376,39685.6707667356,13409.7753345046,2771.00675615965,26890.2212869376,2319.18627307979,47844.1345580378,120534.724930408
"P03049",848928.681280138,154681.058885165,67225.9001571158,217151.982064562,21413.5645860983,23623.0426974832,26485.5415556997,82072.90211626,12167.8755515395,12450.4758043124
"P03050",438066.382004251,34898.7162174113,162980.741583226,762071.719579037,26674.3884262641,77003.1682315804,23935.4045367732,1601203.64477838,10741.0845976274,11270.3260121029
"P03051",2290836.38796937,269802.634983906,19420.9323912679,132130.737251872,19761.7447228036,15419.8519312591,27741.0162122565,19134.0378795869,39021.2759546076,59760.6839100787
"P03052",1120376.39475126,87521.1595400038,78406.6944877821,1616169.46419806,23175.0330879143,44194.0246391766,26452.5728679098,863912.069873743,26108.3665528957,20892.1068597101
"P03053",2968384.8678116,174401.208873779,11893.1900107852,360744.328393846,15379.0462336873,27316.912235716,27914.7547832321,78831.8006088426,66852.1314976629,107956.535838822
"P03054",4449661.82543234,923019.450492816,2063.1590511698,16606.7490008944,7367.26106059565,1835.611277931,20325.7446316371,586.658264491646,98314.920723236,174311.112712149
"P03055",4615723.001548,771194.800518024,5588.01649855234,67474.4572459264,11612.6193912686,5543.99000108068,25373.2318558425,1417.88295065274,95152.8719714672,175912.496862603
"P03056",2544665.52549419,50764.8089301304,19984.1652999215,1024673.63986833,18024.7616733313,73777.4457649299,27763.93566976,79767.4407729515,56020.8825300747,97939.8374094569
"P03057",2734594.08221147,494691.868816191,8448.78583360625,141069.725525042,16076.2342606415,12793.2209021932,27932.3494825363,20023.6279813671,57042.4750885187,90605.5037497849
"P03058",1492893.26613467,64224.763195408,40192.726501783,1159759.43907504,22113.5234675683,41959.8391238151,26689.0653381421,266860.450434323,23869.4163866895,31598.487990186
"P03059",1273908.98677876,217678.931200611,56800.6401057713,195911.905203029,20720.7614340227,13003.0976959155,27207.2005320936,60118.0719966387,22191.5563807722,25347.7529655303
"P03060",4273664.20720052,426318.961086594,9245.74070470665,166915.452769698,15439.9301008716,11857.7145189987,27477.2378748478,9951.48432935537,70055.9397343957,147694.083147106
"P03061",3843556.339546,469474.706622407,11106.0335516517,69316.2348378116,14015.8883905553,6360.69685072351,26750.8716823542,6877.34351363742,63684.9432925078,130600.009905127
"P03062",1414915.19475271,26149.1890751914,77677.9390136777,7631865.51486602,22102.0517824098,652850.393740446,26320.0639235606,3368532.03508751,32407.3861630028,52644.1984425074
"P03063",1712795.40466804,107078.371575098,40828.1294600757,776626.72784022,19744.031531962,41864.1952884837,27283.7091189855,383826.184069367,36125.2572472649,41991.3480898042
"P03064",4690952.11749056,232231.721680656,6341.21048037896,933878.030193047,12839.2200686593,80957.9030614082,26638.8456606466,132932.249988134,99473.9040042135,185582.70186596
"P03065",189626.129147347,107443.585391725,440640.685104557,523828.804747411,32308.7402322456,46153.0378003679,21632.980144927,213009.35848068,5428.6712342229,54165.9795986956
"P03066",2652864.07247753,151573.458732531,13780.7985843622,619653.007132215,16174.4454946062,39127.3999115953,27912.3217600729,198114.009100492,67363.1393991916,120311.394598889
"P03067",3509471.12407907,553734.205841426,14217.8016912121,38409.2945752708,14281.2607205554,3873.4794222421,27282.1710608529,10337.9574561034,50966.0325416152,103659.360394688
"P03068",1310892.15277044,67033.9515477486,38776.8454885077,589268.985588384,19050.0145304041,27019.7160144059,27490.6903378499,91054.2831486792,41906.8278238941,61517.2911485634
"P03069",2342891.01329065,227754.777870272,12996.6929482184,177779.594116882,17253.3424981503,13801.6951038595,27558.1866351697,81528.8764656336,53029.8146314586,57382.9951249812
"P03070",1890967.50490038,135677.048614473,28577.4064086853,396327.38091164,19254.2568814195,48219.7097486338,27503.3808771941,103500.615837651,47232.0502692236,93814.3154152932
"P03071",880033.261342169,27976.9955584331,135416.1535185,1797491.93081332,23469.4963790026,192641.09745429,25222.6197506672,846230.575449963,16929.200324318,20951.5419129847
"P03072",4441544.5609325,781603.377101772,2825.88413116788,136304.263519138,8406.83799473107,10071.6391626395,22377.4732328365,5154.38562107134,98497.9069327146,149965.87918498
"P03073",340254.629000404,15288.293366099,387043.846334011,2920899.57501535,29502.3796250406,121285.036602823,22240.767411489,8738477.77783964,4709.67762483539,3818.34601712845
"P03074",1233518.08992806,76124.3140384308,74041.7343175626,433371.240239727,20365.4616363823,41770.1633580855,27337.0887694081,183415.059814545,30503.406073783,26757.8007894375
"P03075",983832.661921448,115068.501255573,71566.3148649729,798428.382197816,23852.758239638,55355.3881303741,25140.5790761966,327598.252134236,16049.1119176602,22372.9492811879
"P03076",329046.409755145,19658.5566362017,306259.301871666,1533622.14262616,28673.9045090909,62003.0944272301,23641.4926244877,886997.267534977,9417.43997081403,5524.76430051599
"P03077",464840.683860116,92716.7094758787,127225.877180617,430623.877951951,26309.1772259456,26297.0094901969,25545.20983128,310457.315484522,8556.42096489308,6762.02985737061
"P03078",2348800.11151757,265450.008048855,25350.3495548308,253640.142075111,20340.4962492179,14444.6754646331,27372.7057821257,29875.2247499617,23723.753317598,40072.6055887084
"P03079",242437.140838648,6017.26773304427,508691.15382737,13505440.4546477,33174.3171526216,795309.601969013,21166.6279909455,67712866.8164281,5612.07505751783,4728.62297599015
"P03080",1045012.78380521,150680.02483818,50078.6203609642,344983.982413673,24266.6795326092,28002.4971287318,26634.2188772246,41915.0456424308,20468.9739557817,22083.7912014566
"P03081",731001.712048876,157030.629710761,136953.128975802,171512.041435854,23889.9935897764,9523.81977175033,25725.5077280305,46643.8757773872,8004.95684072921,9234.16409005832
"P03082",2155115.06529229,124040.530026976,29241.8946777881,1093334.94075902,17263.5234948667,54341.402590303,27649.9265623367,139045.911034647,44415.0564633742,80768.8481069812
"P03083",1944702.24990849,91693.846212202,43975.2871988281,347256.040165228,22910.0198400005,48890.319382322,27059.1329355745,52413.8271369161,22418.187667617,27769.4722507568
"P03084",3497906.13134925,122418.567222378,18766.6142711241,1556309.0823974,18156.9063967066,100655.732941695,27914.1378264712,122756.062592371,78982.3608877342,139496.932137551
"P03085",3792561.87431345,503825.153077808,9296.84359601664,86538.2336864707,15669.5200052739,8800.52296639718,27231.8183838215,4125.17573761125,79804.4767767774,122294.536927999
"P03086",3262438.38179094,392017.633736304,10357.7719563554,246352.916341724,17304.3832295555,15085.6355507675,27808.8223413807,17531.7655814642,81440.8268992268,135008.266416636
"P03087",1227621.13798656,35678.0753804826,55109.2115556776,1632730.39981977,21846.2289634203,149730.677496802,26075.2669311741,1806540.85581766,36819.8338366106,37144.4247058776
"P03088",3402647.77204098,391788.333151062,11801.5623884227,270212.47991466,14951.3242506875,8594.24319696644,27895.1822308948,31522.744432645,52841.3604381649,72401.1688052986
"P03089",1154479.56833462,65752.3476277568,36324.0231652907,1153749.16463004,21840.2156144747,33960.2903128649,26972.4811905123,192604.218325861,35460.9262295502,37973.8820364655
"P03090",2261616.44978208,56615.1276846995,27346.2743315104,1012373.68872628,19909.7895673709,93513.4678495557,27600.0334212555,219763.352773859,47459.214208213,99085.3938575172
"P03091",4239693.0550206,684612.773700993,6024.94963108414,83647.9774622507,13073.0893089222,6539.4049045157,27572.3365400388,4153.42916962349,78267.2029262435,135860.543437611
"P03092",2938115.44580697,231199.013522524,12817.3409329159,457803.803358779,17419.2899423457,22092.6465686066,27912.2089287884,34131.8863083077,54018.8165956997,81379.4777818278
"P03093",1930002.16548746,127730.524072456,16917.2199973083,643561.829716326,18153.1606327013,38144.9270866493,27475.6796294796,54545.6707786383,35625.8148540699,94304.0872389441
"P03094",3475199.35688102,293095.187544707,6400.43431951578,200867.549086571,14977.2161338358,24206.6670580483,27779.5979224121,20729.4721688091,77768.5444176272,173348.375540041
"P03095",416419.090998515,214120.529982323,296911.446893373,656500.261070296,29426.2621808694,71164.6971410709,22983.7738279656,65748.6338328523,13837.5053093232,130010.128104074
"P03096",759767.053884971,10343.4799577711,62853.9785041958,11829255.0395812,23769.0414617909,1355825.63509228,25151.4979441739,9985386.09907295,33405.3605332352,38173.7781825937
"P03097",287661.07936289,22143.8061599278,269325.073687417,1188054.13374683,29597.0615684315,80777.6195540618,24140.6391918122,374789.234026508,5475.51514464222,3854.62515833673
"P03098",1263951.73106904,42060.9652521583,46709.0035850251,1718745.5117436,21726.5379344338,75765.2087774752,26416.8534914198,436314.791037095,34486.0797831554,35360.0175125033
"P03099",3195218.64818246,294918.269460621,11008.3326973618,586868.389698665,15913.4173176808,31505.3276441284,27901.3286762903,37914.2496478978,78515.5489256079,156119.65565
"P03100",1947834.36222227,91705.9164292119,50796.8995829926,654427.474626729,20392.4524601372,52535.7742659321,26805.3277311078,367881.164666614,25857.2923261828,41587.1048264918
"P03101",3533513.94688879,128638.634853259,15879.4788722725,401280.3607713,17958.1515063023,34447.3150991623,27908.3502956326,46076.7374098158,58171.6420363031,87810.0896894634
"P03102",499899.258369048,33630.2850804918,187421.025108263,3304469.44568459,25416.3956156328,154613.894018795,22893.0729827663,5629459.60757407,12659.1897693976,9853.49327652118
"P03103",3485211.99921894,476927.161341699,7787.17202715961,75909.1397682436,12585.7774136648,9265.632082798,26589.7174834647,10864.2539868132,79207.1612508865,133702.175743568
"P03104",4305740.15898622,733104.019222304,5345.9985482317,126260.911945505,11150.3639363664,9528.9473606839,26655.9434971447,4089.66418257722,89664.4326730397,168808.58774575
"P03105",2854183.39543275,485802.152388706,1448.29987800108,190824.52142267,4548.46951713949,16310.4765270966,16452.533160933,7674.66302431899,73810.1343593027,179466.254245491
"P03106",3711803.69819596,379204.436903702,5163.24406030868,398397.828157257,11506.8057376612,26583.8488532612,27744.1019263059,16209.1861671372,89468.1041847323,170641.834099325
"P03107",412447.716350947,13382.7797747077,194459.793954265,6710795.13689018,28536.9098417809,183414.88713458,23838.4371594461,4164156.75850427,14642.6356015958,13298.6445995869
"P03108",3338822.73614985,60469.0521904496,13729.4330363105,2816586.60069164,15540.4322335235,353819.638158045,27927.0191142598,311362.567396279,89398.0064014309,148302.044575786
"P03109",2521879.0280703,507507.561251907,14842.4396926619,118447.42620163,16771.5812898812,12025.2284176955,27927.6771359425,23356.8224076861,50048.2893166155,98497.9279988189
"P03110",2413718.11545495,932339.16768761,15448.0146522051,41784.7468493193,18498.8798246366,4815.6088496582,27894.6419598686,1300.33515745466,62689.2455716774,173809.634655223
"P03111",424565.59046194,14029.2283301471,151127.710559465,3868896.30049411,28752.5813387433,158260.651219421,23592.0400522741,5477765.30558384,12227.7466571012,7965.38886728378
"P03112",1538185.3243456,225588.953091291,26467.0137315939,382687.411590152,20113.1263414613,27662.4297912606,27648.9412708798,88211.4185112387,30491.0711777499,57940.4633555358
"P03113",540447.19143063,30126.480303322,137847.674801456,1274361.80958505,26246.4983394162,75144.9051294392,24600.8155116849,889975.681130649,9620.580306207,11821.3480600398
"P03114",4609044.30278145,840301.900961328,7567.92141701203,7402.93959495026,11297.8475753629,453.873960853527,24976.0494028645,390.298037031851,58956.0703165606,129366.514622649
"P03115",581065.601657629,18132.0105788752,183564.709129983,2239157.67570072,26533.442836806,169833.059640397,24444.5966491928,4772627.90872233,13096.4467873606,14036.1866438139
"P03116",427875.710143501,472653.357969986,280858.668116987,105216.901792959,29221.2195230045,7684.09718977353,23745.1853770387,12287.5619057005,6002.58739804963,54325.156030233
"P03117",4315371.24452839,313729.962955328,5094.91930157034,266011.99034756,11454.2566101936,33458.3383625605,26815.1724987578,42476.1186725276,98036.1826577684,184679.674851832
"P03118",4663227.12719525,929216.432035724,3156.38579601562,23117.7720473962,10640.6735642808,1839.82547463814,23997.304781631,923.191547851563,90852.615888896,183890.797811569
"P03119",808511.805435187,177146.723623222,78947.3326900751,351863.559564705,21855.4160646529,24705.5859684053,26296.1734408941,100799.894928531,16543.3161611419,19074.7231253554
"P03120",2469388.96157129,98308.6591223991,17031.5792113471,670766.183895218,16812.4936013285,72012.3157476942,27915.8184658796,86171.8402607585,63645.969184065,73283.4053280324
"P03121",4324196.39528308,530604.688388954,7474.4117484694,194117.361678848,13091.3875325373,17199.846526825,27580.7221282871,11690.1726540034,87628.9540211244,171610.970139771
"P03122",2733161.36473386,699299.22381816,13789.1226765738,39103.7559634862,16032.7407085361,2104.05525273566,27716.865712756,6107.33872197032,45240.6001197602,94817.4200301325
"P03123",779527.222238854,50894.8727298293,133690.338648343,1002338.18819292,25301.530298563,68838.3938857813,26776.5448878367,912230.166719138,11779.982371665,17887.1388512095
"P03124",2346539.46036193,102733.075612705,15954.5209223025,563023.369707453,19442.7352721244,33173.412305282,27814.5924725272,90544.4413913539,40376.205469426,47205.9574575202
"P03125",958294.419739539,426761.687366941,59703.5024047391,130158.9001862,21981.2218896901,10915.7805082812,25593.1494529708,23020.5879884875,22179.4046535893,121119.778024362
"P03126",577548.421565167,29922.0372464964,153747.337933399,2623425.79074902,27254.9068210929,216755.914904863,23556.6165914395,3432950.18804754,13000.3394494165,14962.0587673234
"P03127",4685226.86494726,932603.334484793,4471.45439370129,21567.6824737746,11139.6545566008,1525.91253440943,25429.8591087662,993.19420011026,96250.3810893398,168968.490634374
"P03128",1523165.54299622,171850.050039048,44172.4892660516,100120.780648392,21830.7748333597,10682.7761479691,27328.1895426249,23644.2126203366,15593.7448152153,31791.7980591907
"P03129",2826479.46367007,577839.949717962,10099.9961169293,159580.674370149,16056.1717511416,9136.99924241648,27709.5527618117,11108.4319103815,55792.52794785,104431.697619303
"P03130",572826.479680969,67129.6615139085,141586.328189762,994318.995544401,24348.2249223892,31700.5767039997,25001.8436646492,431593.32364532,10967.215534518,16259.5574845197
"P03131",2240011.41332682,165847.417222961,13476.355811323,290325.282604434,19326.6854343653,27465.561138884,27932.1064653772,25643.2783672061,42626.2191484286,46158.7343870871
"P03132",157536.100917759,2156.31145533824,4841345.89772146,116913423.719942,77504.8173974056,15318357.8432658,19262.036905559,1183606325.60656,1341.19135370952,2186.81496441518
"P03133",2687757.84834401,414542.247531701,12558.5549378735,144332.561044444,15888.7412388808,9224.42358702658,27820.7239466398,6486.23922246318,76729.5061815135,112760.233939861
"P03134",145278.286601978,2155.2459264683,3521909.00712249,140834773.218969,71278.8880482527,16871841.1102869,19261.8113350537,1004521475.72115,1544.03268900343,2189.01817611567
"P03135",4698116.17856662,800225.843340981,5726.21350060547,44642.7475095292,10510.7961626606,5869.29946110169,25107.3877582774,2904.72092056904,96993.0515509924,186038.417613298
"P03136",1456603.72782604,58994.0552878801,82162.6207102255,657091.747012308,21857.4184251465,73869.2624846632,26912.3813312359,249674.067345605,31108.0769744126,42785.3764234383
"P03137",312232.677536491,12100.1078335632,427593.815434218,13616878.3387175,30007.1950898424,474566.794551444,23218.1830952551,14415859.5048525,9827.72258980468,6538.82492320007
"P03138",959084.061845266,14675.0132458963,64144.920674757,17555897.3709129,22266.5244362088,1088120.04871997,25292.9489497056,7466812.80412809,44228.6699142031,56417.4194499639
"P03139",240566.645707973,8931.5992487326,593395.03391496,4825861.82729289,36108.6403503896,147070.538888748,22344.3304305391,7467635.86985726,3835.41547712073,3854.13896407194
"P03140",529507.03012635,16105.4281132899,95589.5551545808,2693922.23562555,26333.9182870304,175296.686919973,24502.7445098385,1273397.36302486,13666.1015549275,13711.4533246425
"P03141",4692923.27304523,930385.261319606,4647.48172222759,13629.0334265331,10958.4797559643,1329.37253061754,24875.1113124327,1015.90556070446,82032.5417769536,139678.942940086
"P03142",4578891.71405541,910606.195934961,3003.64916923384,24163.4722007964,10450.883398814,2706.73366773412,25377.5883369796,1085.95447757239,95308.3147053202,178158.915454871
"P03143",1810083.90063822,65951.3449785953,34401.4063852677,1749496.50327897,20072.3053005882,78280.6402806131,27651.5234254128,357087.982566695,50893.2051036739,77865.6002214307
"P03144",4546315.65438249,86605.3998245858,2288.6420711581,2121542.52504155,9762.38297728515,267903.27952855,23769.0912866966,498044.224490063,99345.8664049213,108542.045015932
"P03145",4251417.16422779,884560.721946648,6464.6207200068,18151.7729003951,13746.2084821569,1264.46110602664,26377.0382317736,826.74007428841,49949.9738225984,118703.448626796
"P03146",1213736.26683851,102001.503705544,36150.6556210042,908613.903656032,22354.0925238062,73195.7583874918,27448.7258043889,112378.732752772,27701.3508729145,34699.0780548594
"P03147",224600.579743225,2501.41362686296,15941026.6741994,597147329.425709,128606.737254219,105470791.219107,21279.7279017215,4695340262.47895,967.963292980161,2363.14988644993
"P03148",545628.57991022,32369.0142753502,225820.562478019,638542.307721493,27493.6545903151,38264.1312359442,24457.4188760344,862348.07449568,8618.39019111634,7349.1104960179
"P03149",756609.678641237,39575.4984411393,92001.8682526674,1167883.41587409,23097.3064400159,74750.8467671573,25132.1526741688,951008.450770973,14265.5222503441,28157.7676711952
"P03150",1161442.11239773,70079.5560316342,37531.3879461176,618450.744807851,23521.4611863464,28749.5921716379,26925.5311400487,107468.46427241,31189.8922669604,34494.6976708518
"P03151",2080317.92221978,430666.569918829,32891.3708368894,52355.0493494768,18156.430096187,5155.5116882663,27891.895710409,12225.4214923202,29389.8836727016,49237.8520306664
"P03152",2139900.48460472,269543.822472665,26708.2727606742,134452.166928779,19620.4155129854,8286.44927161777,27930.0332845291,12724.7366202609,39444.9062081303,49946.7556602947
"P03153",652142.342156361,30672.350464325,124656.671765302,1169244.6848559,25345.0150382199,185234.84152087,23617.7541524365,1562180.31538547,15143.2652931612,13683.8850724071
"P03154",1083612.74814028,108749.941720335,52805.9317821089,817248.454673972,22156.115315019,86477.9188768889,26328.754015884,398063.108263537,28427.6233485836,32346.3743915841
"P03155",2237709.81314608,356207.532457912,19706.953365955,274244.612962161,18604.1702692434,13958.7388851758,27533.3212729766,50208.5010864381,47337.2677540089,47079.9618198752
"P03156",3292610.06347452,246461.272462383,11764.6875332186,275935.955429606,17174.6363735744,30234.2707421635,27870.09299259,38243.7018647834,60354.1020471492,98399.8289938722
"P03157",3071094.8235797,495245.264120149,14761.3932650538,169849.220200823,17095.4221689392,7268.324411199,27770.6003854514,8611.12777366531,50811.7206564101,87026.3585278586
"P03158",716566.375402931,6957.22480086199,157697.609051696,15675147.0126194,27314.6079101983,982955.677680954,23503.5172955904,19736238.5452872,15428.9868351777,22874.1288341339
"P03159",1467617.90823666,97065.7985320426,32525.1665200992,358105.153480183,21619.7885722366,41859.3698773063,27291.0612970876,79234.0392525596,26433.1677318847,30203.284723877
"P03160",4440093.25495388,809849.216906882,4376.50702441272,65630.1837246519,10762.9989605733,3046.71831222155,27204.8786526967,4036.08983165637,92943.7180621831,154432.077536897
"P03161",1790144.80586021,180788.595702842,24024.0210122968,332664.040427851,20116.9938186415,40426.6519130952,27420.9483492674,150535.271732229,34538.2290449534,56968.0593082007
"P03162",3412319.76705914,350264.199936606,1551.06267694938,167730.650635794,6472.62666923379,8958.0420256872,19794.3634725718,14048.6447198396,87749.5015579786,91563.716552652
"P03163",4698102.84666394,630447.622804341,4182.51194243281,91034.4644920625,10418.0288952813,9419.01308154795,25977.1267717103,3633.49025130856,96575.2374690476,183640.421550829
"P03164",1955107.26476063,160679.438809832,18161.7297825626,360733.92560558,18146.259430684,23369.4635428105,27587.7919858117,19454.2472493571,40943.7449876529,53163.3333651586
"P03165",2701821.89497447,181403.248308163,15074.8074881864,334590.283874547,17575.0435978348,31765.4251008275,27928.3148914318,39420.7991961058,50547.5417964684,85295.5230445458
"P03166",4209682.05594424,368950.408314046,5140.92808980544,318207.66426845,14171.055473065,33909.1252033331,27009.9454819021,20867.0830771615,90086.3934461376,181523.283594522
"P03167",915077.199772938,227420.943188385,49341.4311063144,74228.5020123805,21842.5403478866,4110.9402904083,27756.3659894319,24400.1619965818,15693.4543851403,24593.5747779195
"P03168",592693.582999034,41796.0514749201,179292.324549722,1070541.62296649,28830.9966882688,42503.8997656886,25677.0062789583,993814.518946165,9930.91563991051,12690.2611916162
"P03169",4010939.64747943,824524.258600314,6405.16784140158,77422.8524307163,13783.6035155307,4699.08445352032,26993.1519505352,11441.5482223664,77183.9897438155,120325.441988685
"P03170",1579686.86873246,198218.897809749,41946.4123223866,470150.810489574,20390.5832312286,28012.8882581365,27490.4000532555,125569.57531184,36512.0269670217,69416.2541053233
"P03171",870314.292167184,81272.6690291153,74356.2232561007,423090.754731171,23699.6090046858,31945.7890725704,26364.628424486,42053.5757062531,13473.0599514017,15103.0734865288
"P03172",704342.584764681,20281.091372784,135539.24582705,1934213.36802967,26494.7191841378,92906.2593254288,25391.9758796374,6951748.48842995,14763.8725168388,19257.9662348504
"P03173",144866.579028693,50639.4177985993,1741534.53765331,2575296.40147865,52954.0447287982,137392.222803173,19532.0565869811,410510.391792445,2580.63645777004,33906.3664157183
"P03174",1547471.52951698,75621.4913591082,36646.551794053,904607.89189116,19543.8636858219,45309.4304190725,27711.0429546689,80157.9424826645,37922.7524872872,57081.3884546725
"P03175",2047303.00668559,90945.5441493727,36622.2378472007,328039.142644122,21417.1699388855,47922.3888915545,27189.6335824542,146463.862454935,28571.0015374825,49848.9452269199
"P03176",3062805.61152461,708655.003162157,12571.6337095038,69240.7250120438,15498.1468705483,5289.34114897196,27659.5756929735,6162.49202427346,58784.6175174776,104297.821887003
"P03177",4009970.38827786,608995.788412229,6838.30408369052,186182.390392992,12077.2676730662,20913.0454656733,27694.8250342317,16432.9437855609,80614.653966592,180461.235480861
"P03178",2792029.35490481,853519.590234777,14994.5904746136,24133.0353356114,15304.7474138504,2171.35904623023,27581.6524896642,3609.88194918968,41950.1591806148,78554.0062223623
"P03179",3419448.60415418,691815.428992774,2324.88894411119,14505.1642302433,9219.96308046776,1044.09547519223,18550.0581899304,541.287713538737,97601.354339606,181499.427238243
"P03180",1726975.20791438,102204.113758658,40966.2515699299,976310.470907641,22370.4628383294,56025.7854372598,27129.648477058,247403.338873342,40076.639618199,59332.1100346111
"P03181",321566.155854293,20020.4021193415,219357.780817391,1260587.775026,29220.0037285201,83931.7623852031,25527.2951605771,1419834.06810353,6072.68485837445,8479.34479475308
"P03182",3037860.80438266,843536.487860283,14091.8746409322,20140.5292492999,17481.1290475209,1092.21377966948,27780.3414271322,1318.37713189389,29484.3830003945,48690.1049611399
"P03183",470217.014351494,132868.920232575,140888.243331687,262551.741558236,25983.4818016055,12322.871493143,25394.4364616808,42106.5425393836,7166.63737922889,7793.16177356225
"P03184",4675088.56426755,850320.970657517,2474.40044996266,79935.9913364418,9591.08698878005,6497.37920594297,24557.1270733506,1940.1462487566,99361.9079310959,184810.701952568
"P03185",1079280.56602463,294195.194963049,44011.2586362061,126228.785880606,21881.1187346895,11425.2223705902,27356.285502339,58921.9693387857,22528.7732256976,32361.6032818814
"P03186",1318941.55825628,235135.844220809,40490.7453978896,120881.716325738,21438.017109921,6934.15247263831,27052.5461354967,19060.4669664619,17563.8824524012,22257.0043326985
"P03187",1705593.94708415,139734.333417232,43022.7543334813,468150.452357135,21372.2983617819,45199.6867601894,27419.2835295864,181069.676978199,39359.9402726066,63907.3310097212
"P03188",509992.717051158,29953.5703529031,138529.259403786,1175263.1089684,23260.1002177757,185342.996042375,25231.0615905427,1187899.76824436,14275.0717306684,13329.9585435673
"P03189",386904.190365826,19060.2563073512,234436.97097254,1639717.27834362,26587.8055596839,103559.614540061,23930.9160019402,3515353.39546782,8519.68026707911,13263.8960559843
"P03190",2320867.59120007,116467.592132056,17064.2464200078,1046216.01742426,17505.1070723013,45568.3509647195,27869.4322002995,87485.7723497172,59531.2185612542,95251.1342235045
"P03191",1965191.93711491,125144.199887945,31787.6912935093,795127.736780461,23227.2981498668,74246.5604685552,27769.9168554733,128706.514289742,44432.554660445,63099.599462034
"P03192",757392.418950622,14552.3189160737,74674.5382415902,7974697.8879006,24151.6360894423,259064.271743451,25357.6270175979,3267864.21189218,23420.8029860307,17696.6165949445
"P03193",4668940.46073038,733483.451979915,5000.60508256236,37107.7555205387,9999.22228473204,4888.42565185109,26379.5574221525,4399.85338853026,94100.5863493386,164030.167365957
"P03194",1973158.8623196,175749.207900295,41647.4604278809,424065.548125328,19603.180162676,17375.5487142039,26921.5922803017,143276.2400441,23884.9713513175,28730.5637804154
"P03195",3058848.91227998,632378.370657532,17579.0762633321,92802.682489444,18120.6441423769,6625.04948756917,27378.766246879,4717.83017129659,63791.8087549235,86353.9251665619
"P03196",1553843.23841339,305244.247169851,26163.8696270442,244131.32527812,18259.3470738108,20889.5162065325,27779.4344422895,92343.4483735692,41802.1634971815,62088.8140895178
"P03197",4297981.82850714,911069.729286994,8346.68405717171,15065.8466200413,14360.9279436006,1301.61255149127,26110.3846412684,1017.11383153283,50872.4618028243,140674.187320887
"P03198",468380.156603788,29902.2305485665,135611.652756075,1328500.67445415,26764.1341778541,95708.237723781,24499.2793926605,765228.468886838,10420.3788385876,11143.7443510988
"P03199",1021783.17334042,31944.2758288644,85351.3098296037,1167529.27194549,22443.1229620478,50043.3823993708,25729.2368533754,941633.80676926,21820.4302668908,19592.266152276
"P03200",1606435.70681584,262568.605731905,40829.3159225149,198798.21152165,22769.5862629796,12780.8618480685,27779.1947176029,41592.3191304174,23471.5066141087,43492.9789804932
"P03201",3124330.0340653,388267.601038271,22999.3644026974,179611.925691121,19924.8538826861,9925.57995900059,27666.8727153931,61557.1341667214,30644.5525998112,72231.1708047801
"P03202",4509133.98887304,846286.049647719,2173.27222654581,56476.0261250344,8016.35810923106,7353.14312514237,23985.2483786191,2344.60331096609,97344.8857946707,183183.802654778
"P03203",3529067.09383716,795958.725366792,14276.8710186225,24812.0435960569,17447.1635150162,1962.32171661188,27399.7839159182,1546.93753321812,39615.0586241144,80082.279320853
"P03204",3116973.65756049,416016.082860167,12034.3932816192,63368.9826998868,17714.9139951586,3803.48143111338,27223.5491783568,4832.84400713784,47892.0647231988,98714.6711396506
"P03205",3351495.7432985,238071.77721446,11612.9777553897,215943.956677611,16661.405861672,18016.185812741,27859.2485534288,40849.389365791,66645.3454330745,115585.993353243
"P03206",3309908.59097374,689371.305331715,13802.8035203114,39440.6175875794,17439.0423603806,3684.83558186475,27489.6184133885,2503.96801364803,40236.0090606321,66883.5241149342
"P03207",668466.23141432,24142.2960357619,71083.7246224867,616501.116194418,23616.9878094262,69764.0887221196,25616.5419157247,340402.363099669,15280.2677556868,11677.7069162523
"P03208",917961.002373583,340496.738680942,117397.365021368,51009.7009682347,24422.6018332141,4831.91344378979,26135.819628082,25487.3087263319,4694.32360174152,8187.10782515323
"P03209",1784041.07654792,142846.346173957,37160.2949479271,443897.227929218,21290.3971330082,22834.7574387829,27445.3406424076,87794.0974494697,32676.3230223226,46399.4348401259
"P03210",2104861.80123075,321899.107874913,24175.804857215,125240.049806275,19791.3084952717,13318.2014140251,27805.3768012691,18503.4619949074,32971.4656373361,61826.5932925822
"P03211",1653860.08098027,64893.3145612503,42695.5790076152,600725.487405969,22103.0984771667,125552.456545721,26962.8432591331,187453.472903989,35346.7201419092,64287.7072283966
"P03212",3304861.69224454,366112.352392182,15179.6771025164,174250.892540735,17841.3392723055,18494.8490830409,27932.3209463001,19158.0402097782,46238.6154727108,72677.4396589041
"P03213",2007672.52259027,68896.9252606937,20579.9177430473,1158226.88823649,20399.7320999222,83662.1560652835,26315.9834084571,98108.8001408916,52640.7265191612,88442.9847367158
"P03214",4660244.87555117,563216.454209473,3793.55105926433,229248.347791667,9303.44075357251,23760.9561818299,26556.4570786802,6067.51125929095,99595.1704850565,185348.653127742
"P03215",4236402.53135205,930240.661094257,8696.66701430405,23271.2115635258,13558.3721241737,1817.32558162057,25745.0939158397,1513.62251001239,62759.899559601,104971.269888622
"P03216",2107496.3453379,220891.294037074,13546.9069701219,490790.209159434,17404.7875643143,38021.4004419734,27918.9996462121,29649.6001393958,48832.023239202,78688.0206073718
"P03217",1041573.97264976,34535.3491986179,66228.4878945102,2797221.1517713,22021.6088195891,151042.694370628,25642.9398682448,2027931.23324167,28440.7745089379,31625.18502867
"P03218",2752030.81580912,325231.163425487,17205.6265794932,172878.426288293,18469.0134235942,18577.9691738072,27837.8030002392,16497.2350939054,55314.1594277595,82503.0748286334
"P03219",1041671.05305317,32055.984091343,94690.4012884288,1351198.40190013,26656.1324502423,110096.477688149,25291.2260433648,2011494.14219155,21788.6554296752,14671.8241371625
"P03220",605718.357249513,108391.543197354,111931.961903078,482229.134151386,24671.0541378643,38426.1514688226,25961.5064022843,160848.316793819,18343.8789700101,15593.9241324851
"P03221",951051.728865,45580.9303640376,186303.550268773,786556.436722875,24196.2324673457,54983.1916459132,25342.3674938784,221514.971463068,13688.3782140574,10989.7508088847
"P03222",1287740.67729218,85039.1182034686,51035.4622618069,475283.844527415,23429.5893113989,29577.3160296933,26525.03572744,90775.1053301422,17647.7323176802,32547.7541057398
"P03223",149179.178636641,5103.18233454943,2152022.06421623,7213426.42356321,52054.5986172087,430456.983310414,19824.167571475,44086658.3635214,1543.33867563988,2256.17301300866
"P03224",758738.730792836,166488.462523581,83660.7930678114,629646.698802982,24525.3853223316,38688.1544734584,24649.9567437553,426095.340434861,13336.4157001413,21454.5519530234
"P03225",632935.959974526,86047.8414156668,221905.321304078,262885.068590171,29002.883407112,14271.2584707785,25133.5007579507,169401.056871195,4818.36595007191,5473.59364579374
"P03226",1814487.59860436,144217.941735247,28666.6967605312,479366.547767104,22111.0243495271,31679.9179979114,26780.9173566232,71875.090433844,30783.1211362298,55896.9154428608
"P03227",2561590.36574615,226939.7588055,18870.1501273177,616334.558028438,18522.8570141924,35250.8540554974,27886.6442184697,127028.693563554,51017.6484217089,74904.4936549236
"P03228",3717883.85634824,220122.428111362,8485.26457996936,443744.520438304,17263.1142829842,23169.6552386778,27889.3121017646,18953.6786192208,66574.0922302996,164306.872743363
"P03229",1364952.44888084,73880.8088055407,46195.8740445718,1719210.47027627,20215.3909605681,100210.138250002,27012.1740227961,178746.11129142,35958.3326594174,53145.531023335
"P03230",841249.959463969,52922.7689265325,69576.6182162719,1054724.23411437,20941.749298236,82888.5776593253,26451.9562239634,543466.631780884,26221.453641809,32971.3603670367
"P03231",2370685.16689774,711564.651144225,46685.807277603,42479.0831815893,20944.3939168753,4165.25893535335,27877.2329886036,4925.7685483272,18643.9758191618,32238.8774913431
"P03232",2521142.79989476,228595.618368058,49578.8486649321,141963.843828036,19153.920232079,8186.50727046261,27797.4174322362,24669.0227816196,32809.7911879023,31463.1163295952
"P03233",3447052.78948758,47776.9835544247,1518.37397983409,1802151.04118437,7444.21153696629,152111.013597198,20402.7443687297,297527.756236051,90458.173269513,83527.9187763637
"P03234",433549.702031101,10033.5480169084,147557.824755564,15358088.1769165,28420.7818527816,875728.173402178,22798.3830153841,9581092.53515763,12164.2059522914,9790.6877687573
"P03235",2133063.17200205,320688.996160675,11728.012770767,298785.489886358,16390.7844321854,10377.6971516799,27926.9972975354,33441.4817395296,44594.3189407079,44621.5394341567
"P03236",3296310.75466867,710680.046421373,18668.4784738948,59794.1048671339,16898.9774365986,4641.36163964047,27724.9537340717,3875.14718200164,41098.0288575524,91908.5737443417
"P03237",1099789.06156367,47829.9058519656,95473.378917582,2225010.1200156,23462.9681298404,103392.788861336,26359.7727436601,1068099.93556519,25967.9300688448,28631.155036071
"P03238",3031039.05189014,693830.476517694,14874.6032638944,36847.6528496068,16204.2120883628,2319.90559395284,27913.638453564,3506.50119620551,40907.9888007875,78577.1346947049
"P03239",199595.557941066,4824.34532291142,640446.784752039,24997238.8329934,35890.3763200823,1319740.37254997,20710.0921408655,44807999.3140927,5953.26587048486,4049.97819831211
"P03240",2586825.63464272,198855.447800405,21717.3567556624,570931.661501139,17957.3495894706,44899.2801715836,27931.0224271436,47356.8874568783,61317.3260971866,99294.1356287465
"P03241",1297558.54938983,147887.002424274,48352.3830309704,337678.362058279,20559.4880348604,11260.658844822,26669.8268084638,91161.9644741872,17258.997888744,31311.168972258
"P03242",2260025.29098509,241406.511488763,40139.4173601431,303439.150976005,19869.9062546628,44385.5628643985,27605.5296799139,110083.344587141,37449.9295557021,54646.5205914414
"P03243",2073781.59239711,132059.236363786,29816.0081149813,930409.170234469,19020.7473513371,48035.2028946355,27714.4530624044,96501.4205310688,39237.4895519221,58224.5094223613
"P03244",4548333.03880929,552949.800969131,8403.49555934115,70076.8257596237,12791.5140041978,6563.89210169079,26457.4041535224,4299.82088201638,79601.5080637401,158414.318496896
"P03245",500192.227520748,836420.706929716,141028.372373183,34983.8319026625,26641.2030456576,1921.1336386073,24259.3545617526,1856.58523578319,9727.1979596757,64508.0263175354
"P03246",1742425.06272274,150802.051406622,32561.8701692468,320288.730923715,19936.4728401298,23797.2573145467,27015.46762266,163189.35332115,28305.45071466,56833.8476154039
"P03247",1775179.87232415,611140.025155359,16987.9820475962,140178.0770645,20028.49533442,10637.5908284815,27336.9638547188,9236.95654717651,45503.8608737434,170695.284263799
"P03248",3781250.84909343,106799.151317169,2227.62480356472,478607.365685938,6231.13322523608,51995.9161478066,20935.732684802,187194.610394983,97488.610942365,61250.050148358
"P03249",4546278.55270634,932727.443332338,2365.00515205813,28850.3454208362,8409.2565692127,2218.1966914403,21542.7994595714,783.342238682842,99160.081904046,177421.423231748
"P03250",1137412.08542728,24670.3234497803,29225.5684719202,8406418.6023969,19543.0851449073,455551.670372516,26860.4458901728,3056173.51814563,59117.8635072746,83319.0409672459
"P03251",1914187.58543087,349624.619012131,30122.7582174775,160169.627464541,20161.2564688774,7695.37411568939,27878.7507699864,14340.4346844485,26258.3346861942,34002.1682504563
"P03252",1635130.82226827,178368.024559779,21952.2911350761,469342.779973478,17807.8670461762,41331.8809972276,27708.7840597003,52063.0420458999,45843.4217795274,63234.3823920671
"P03253",1319872.14468463,411292.726841391,61828.6392086983,138677.773093409,18623.8598134092,9114.85392743456,27916.8721505836,20656.8288861287,22659.0067657393,44012.3876742628
"P03254",2818769.13994168,581154.009780346,17027.2555139754,61526.4774313064,15764.1498287885,3849.01451815297,27743.1227541604,10093.1178329381,43899.9204525082,96928.8225347946
"P03255",636064.116985617,21682.532003636,122817.665767507,4214458.50485451,25627.2822161788,357772.869503304,24346.7547274583,4084700.43279163,14235.8191537121,11876.7156241469
"P03256",1011785.37405672,86894.2126559044,69010.7763070085,286728.319160234,24090.9905197072,24416.9299623992,26287.9755496162,75813.1967738768,15812.87417344,17677.9894021647
"P03257",943642.099769796,290025.90149942,59403.5861414325,184260.42432223,21951.8361365956,12473.0703599305,27027.0691381246,55006.1164393541,20388.9034615903,19196.8010011408
"P03258",570352.532514398,87703.5724057057,88351.2574619401,165952.341963355,25935.4472888707,14134.5627448053,25468.9326771665,178908.56705908,8970.01627260078,10545.1004819244
"P03259",3245251.30988502,299864.723040125,10576.9547579385,267315.122400008,16462.4842042733,19356.4056242433,27642.8733463947,26206.1758696948,60399.3821975162,85002.9539817048
"P03260",4555300.69445646,695034.954563132,4604.28831883487,67161.3953452969,11993.2724608028,8419.84222720922,25790.9493527428,2085.20789089421,67834.2953392469,170340.707461788
"P03261",4604841.90490277,579116.738639542,2578.32149504364,104499.956786249,11559.9273165181,13625.3041288327,26527.3859617237,5618.66685127215,94145.1546532943,185961.734188631
"P03262",1091379.21988211,740258.471153368,67354.1875395559,20123.1192951541,21815.2405220195,1072.6145282469,27833.4995981602,3950.02967431019,8120.13792366503,11344.5095969011
"P03263",284262.098881822,5843.6737897532,324874.579337851,22736414.7630465,27508.6712241465,2254851.03579592,21520.2196620042,36932758.3954493,13111.1863615271,11215.2329240928
"P03264",539623.616864918,541042.297629642,206829.514592924,71117.7325284563,27089.4498897768,4579.01449900333,24161.2910273125,11356.3963102646,9841.24457245585,108261.193300035
"P03265",3219982.8246348,595090.313661074,18020.1281094149,48932.1897080172,16939.7711431947,6701.5941065604,27900.7402911067,6308.69682628787,49487.6702969412,67699.8943382228
"P03266",3722135.28865304,852419.163123874,1744.28230408557,13509.7265468966,7974.28925500826,1285.21527373952,20518.3863376506,967.776268405252,99540.2021936068,179720.065402548
"P03267",688058.363356393,24800.8187834962,91870.9973042463,1587993.37566656,23210.7856580648,149974.267358088,24845.5722018931,1674191.96653017,13332.3861953012,18688.8735659462
"P03268",345699.30473448,11415.1687736499,347650.922845046,2292030.42510321,27988.4527616474,62917.9984096355,24251.6825600315,3057806.76159634,6129.01208191134,5099.41163989459
"P03269",3331852.76052178,361355.013248499,7940.55915289348,196911.899819436,15719.8718695241,21195.9483714349,27837.1760397108,11647.3955357383,75028.6185409217,120009.453714024
"P03270",4527359.80065113,930018.18295385,4001.86492287364,22951.821052469,11581.2022928049,1608.71234010174,25137.9343301233,1402.02313781605,79940.6997903939,177476.118559698
"P03271",954426.598924195,21693.5149394742,75157.610192502,3964526.82223994,23903.0570858082,277771.507932687,24827.6316477957,3245694.09452626,22895.4520560866,26697.8281725412
"P03272",1691888.90864911,193001.71438357,48056.7318291585,474564.107597924,19636.1395734285,22258.058070626,27810.9669169701,58016.7870920503,38011.1158007224,61010.1328910574
"P03273",510181.034558862,10446.6621397584,202568.314595652,4939705.80119922,27856.6006643512,389411.339575245,23942.0523785667,4682111.40152015,17263.0964441572,14401.8159937787
"P03274",4484389.65723918,822274.220165137,6102.636030929,56668.2359489764,11794.4611988092,2927.35026528633,26449.6768364592,2982.1275279315,77689.9113619121,128348.441186798
"P03275",652508.11080689,50392.3163384209,87637.4052944305,800593.62286319,22837.0761554758,53661.9348685237,26412.5728807738,457897.422675801,14408.2920746353,16563.1958296003
"P03276",3232823.22507411,306858.878296197,13242.7543703598,184911.738038996,16703.8074433187,24904.9943970299,27896.758699364,25333.4751191893,64421.636038831,141431.121649525
"P03277",2028669.21302399,162040.993749077,23135.6075512403,271110.947960128,19419.8322464516,25742.4518038219,27703.1192843174,34191.056087904,43030.4360974979,63288.1834336672
"P03278",3688374.0799105,634276.551348611,9521.7447783746,64950.1464912859,14646.6399937825,5186.91143693647,27323.1268796538,4799.87773905702,58221.75415463,135918.242198118
"P03279",1576728.09613288,111038.7561891,39332.7462931836,425803.49235635,20765.9481470768,27701.5870976125,27235.013239895,94288.9391604712,29320.631882222,55889.9402804628
"P03280",4294292.06258628,928495.322919466,3074.3178883913,22339.4081675284,7775.30810461413,1591.7908000798,22558.6760525177,866.040517168084,98884.9641321888,185199.809686349
"P03281",513028.822275295,25223.219788422,112430.319646294,1602573.11117988,26243.9860977323,117367.861521591,24585.4877511391,3587030.25952599,10988.7736513527,10361.9351330004
"P03282",4261923.87147249,606271.513755059,7404.9188244832,112680.954508453,13430.9078254066,9703.3873869615,25299.1492071953,4994.3444740442,78006.1670606455,171380.057139898
"P03283",202458.678646639,3594.96679374336,531665.486196392,20394858.7449842,33077.7742521752,2332079.15235035,20954.6195488145,68264780.0566914,7229.8899496965,5312.34864334117
"P03284",4252742.11429917,662164.336716785,8040.7736717131,164055.78792083,12941.6699608554,13982.0166011696,27166.1623785446,14017.1873400175,77311.8785931437,154791.728637293
"P03285",3598238.47149063,320611.981904569,10782.8128268933,126134.734949638,16151.4646291416,15498.3560650352,27891.5097091956,12666.0095533868,71612.6300493129,134352.285129787
"P03286",227947.744683249,9978.53859340541,866351.096108162,6762965.29839234,37654.0871194405,371317.011780741,22370.7973045805,15455918.1806699,4748.16273099757,4170.01930471612
"P03287",4692160.3939338,913015.606638025,4010.86071541798,48442.3717002605,11192.3506755928,4081.99976889058,24367.2957450694,3008.28689627044,97323.296855339,181426.609291465
"P03288",4572015.02362151,505316.231016326,6568.30954147756,103806.322760938,13056.5644384083,11532.5678821514,26568.7905489697,9070.87892563035,82921.3475491502,134101.476511382
"P03289",2316629.48122231,306381.738740138,23218.0719791267,149174.065611106,20147.9057200827,7989.10680981546,27632.7169555796,21995.9782224661,30110.4497578255,53363.05056081
"P03290",894317.058401784,104232.08315252,43064.6930413957,3384354.19563873,20309.1768207846,291243.947141282,27168.4852254985,735898.849008942,37180.9674800596,54372.3612833189
"P03291",743006.179585998,207449.077375899,74570.0215507156,167245.272016335,23755.8736107347,11526.0330733083,25750.1648593916,98870.7767837883,12699.8205400257,14817.3710219153
"P03292",2701371.84135551,666709.372111892,19601.1028632608,41398.1171719614,18966.6546772221,3526.83169244699,27835.7501854297,7379.36428827539,26959.826621445,36480.3023182827
"P03293",151362.036952533,2162.01750833891,6830616.20139117,421872378.251734,92616.251968337,49777785.681345,19653.7419531904,2763381059.71596,1420.54555170734,2161.26221740162
"P03294",1573445.50529842,78658.4276568221,43202.244426663,703992.33952483,21054.5853591813,54431.1224259438,26899.0127641405,187209.859855601,34588.3751523985,58177.0905564883
"P03295",3307829.98040196,477629.378456142,11407.1768034475,103283.133230246,16048.2623931337,8913.77136115881,27919.1157435511,11210.1599545196,49687.3072081008,70695.0797153889
"P03296",4045108.6402979,49545.8881396586,14944.7107534871,2884309.28376245,15663.6980322078,263485.299015266,27932.364984452,443004.658112129,86680.0941960334,173674.860226632
"P03297",637346.604797561,29333.8745776449,163972.02772052,4367056.96446326,26776.7087101772,110202.264236553,24600.7690622029,4226278.14794627,8626.30776652352,11090.1832006335
"P03298",853650.339250306,8411.89550787508,75639.826882622,12317204.8759777,24337.1561119775,870904.902148876,23374.7694941691,10264694.5106683,31229.9431974549,27097.9175320606
"P03299",3515774.08190986,174295.768177955,9334.71400559666,1043339.11413535,13733.8169606111,65271.3560371913,27922.5391216845,32206.7948145587,87673.597079619,154237.579365717
"P03300",2670749.88887848,302541.98969655,17792.2874926586,188746.687364675,18674.2099574769,17507.0239155387,27918.6704944632,11822.6154936853,49523.4556047447,50193.9795937906
"P03301",1711918.1179575,161097.343259173,31275.7863720852,212315.653368395,18518.015369505,26534.977520974,27221.6033228478,19613.4671774235,41828.7865356188,57092.8120022932
"P03302",515801.252952336,8331.56804920563,225161.255322421,12352769.0485002,25951.4543605494,748652.023514632,23319.0571321462,15313654.1649721,25487.241915402,29484.2235800152
"P03303",2297338.7914566,262310.993586316,20577.0303724722,269854.920317446,18365.1321313504,25185.7843401543,27921.323393177,96021.552953064,47839.5921371523,61558.2826562893
"P03304",4625410.14199487,210126.383279796,4202.17212825883,442030.164901187,12061.4526480424,30871.8299964171,25477.0615329681,43172.5833477512,95690.1678570184,103448.587328656
"P03305",237149.833374278,8825.09570232475,650665.610817358,5085267.53247934,31517.1522118557,392589.216819871,21667.9954389855,12389147.3395218,5456.08551496203,5595.82100080578
"P03306",2093056.69385457,216188.835636563,19033.4200299468,292773.495299055,17674.3078179676,15879.5648496048,27931.090260992,36426.1270650531,50195.4752283012,72510.6021116558
"P03307",3985362.83386709,462178.639788044,6960.0842786681,304552.711814598,14930.9350283667,33400.5362434316,27183.4576078026,26970.0002684221,92097.3906363987,172517.787508522
"P03308",1501080.74285968,231296.667521278,29765.1311982638,253213.682386324,21572.1303078043,21936.4371882778,27648.5102770692,58370.3126329552,28387.113241298,37416.694239019
"P03309",3117514.74319078,168422.749961567,17425.2263040111,566837.184958866,17005.5778580673,65023.3211249301,27789.1933387967,137124.80513465,58171.7142201205,100400.258395996
"P03310",1062524.03955484,53183.3426427229,75029.5127352937,931609.018232697,22839.4274172136,105435.767804479,26719.490093365,247043.113277828,25711.6773940268,28464.9932630213
"P03311",1042026.5483596,73481.1916766821,69043.8453649331,691761.577055416,23710.1826864615,39618.2628330624,26766.7168394077,96700.8225126948,22989.1131204549,25915.2757429657
"P03312",3023945.55427482,850925.671344101,9418.93757027778,26400.9125694806,16423.2770483258,3050.31926085049,27676.471157165,3618.86411373514,38293.4529006432,79983.3252591436
"P03313",1262582.21234463,51895.267019475,54842.3133413783,1387402.38310621,23029.1941328339,53975.5574954723,26010.6054620427,640040.475281867,17513.8951906814,24775.1838597744
"P03314",898805.111698153,205933.991999678,82311.8714421552,90096.8270673721,22203.3158682187,6068.36805349585,26317.9607418537,50345.8553708369,14543.34956865,10071.99763947
"P03315",4466870.96218608,886667.93148787,1948.48683323206,69471.3903145629,8406.97899211819,6590.639710708,23481.6500857475,2159.00774384796,99296.1522459377,184275.491331627
"P03316",2817298.43394137,222941.394183939,20834.7424322693,209122.783592787,17956.0545683548,23208.0495173413,27868.5064961273,32967.0422088409,37876.1499554384,81890.025466731
"P03317",1011643.38938332,325026.386598263,46943.219605184,213427.626228396,21416.5835898302,10209.6085008074,27528.3241842509,55798.5787857986,18002.8751149764,25395.6156843548
"P03318",4573171.06664596,584121.268252392,4873.45318406988,92224.5399728422,14633.6733395432,9446.69231694906,26763.8110567438,9456.67178127713,93465.0837006444,173172.130540573
"P03319",273208.151172213,8997.67054092055,373614.630861445,5707471.05964335,31481.1302889796,352645.526690493,22104.3976700491,7104470.05020841,4470.18723064188,5923.64161728975
"P03320",433502.22897736,14283.7852299782,185969.393793218,4064076.91147505,26875.4854645068,238470.293931481,23662.1652165689,5438489.61192527,9542.60590306199,8778.82140707419
"P03321",1388294.51489598,169339.287787252,30944.347325748,487066.899602284,19710.9639531505,30212.5295631831,27707.8947755477,53965.5310336165,43200.4122832496,51866.3200308722
"P03322",735479.195725087,14699.6874368742,101208.3977141,5932828.46181173,25650.66611451,622419.329941391,24133.1811466117,7201155.58306474,23505.2172073439,14616.3704503774
"P03323",364635.696560798,18761.7261567104,386725.986746327,3960176.88105205,28491.0615365351,182157.463579783,22046.344448721,3125149.29457187,6551.73752370181,6975.19575872459
"P03324",3140991.93845638,389619.2494989,15005.2649307344,125417.179481128,15110.7082262703,6767.14456832433,27926.3316477904,8716.72550236347,38872.6785275023,79453.5664519636
"P03325",453218.601498952,20424.4351895405,312498.598743316,887926.349721611,30969.5010761865,43097.251198858,23362.7314040338,1553185.84981809,5896.02471029425,5918.34024228323
"P03326",4606297.64864483,697048.600717317,2181.44430155745,86568.3761498932,9479.05955345317,8326.1901448751,24524.7672609892,3416.5338641629,98860.7978184528,169905.430381243
"P03327",4586222.14427425,707944.148283496,3324.81943128868,248438.446981413,10539.296766557,14432.9509552837,25656.6846277662,5128.4319738593,97907.0984390623,179073.875697674
"P03328",3124739.71016749,930118.521618981,1640.94580870487,20103.9612655812,6731.34958334149,1416.20394148845,16394.2842067898,1478.31904558075,98519.5667800895,161554.109265398
"P03329",1154775.36487159,33325.834591259,63398.2869415524,3422725.68086209,22799.7532821477,280103.039343259,26806.7735341557,2999576.98121118,41622.8296524978,54580.4165079549
"P03330",4697657.62240676,691926.158083939,6051.31485597077,164602.946334837,11821.7783018141,15165.1713717975,25731.8536707577,7330.6536703615,84174.3183973674,176566.208757474
"P03331",1087813.06815782,122107.042828925,60215.7692295576,1141466.86429673,21724.5141282945,45165.668704273,26076.9385487218,253047.71568538,22371.5523292241,34459.7082991339
"P03332",1279850.47287817,332111.933170081,54124.1705338847,55099.7882806798,21713.6290004619,4777.12404656266,27859.0788181988,10535.8477548015,18419.8841382599,13986.9454022304
"P03333",4417456.33329994,845383.267657977,8076.51140477347,23822.0532204526,14202.8950939708,2281.19607812423,27313.221842771,2105.53435668688,57085.9002943002,100206.634117513
"P03334",1943659.7183498,57963.7570510896,25061.9404109552,1424828.56809731,20362.383626523,141021.752937433,27102.430794939,605854.822965997,49860.1774996979,90411.1355549039
"P03335",3806131.57715511,573263.573030637,10624.1859115397,122885.67768341,15691.6894609393,20004.021337304,27852.8286432019,15928.2355746142,61717.0021420018,104369.905927415
"P03336",4630688.04358914,897937.408096323,4096.23445759793,27215.7024309713,12536.3957078629,2226.85154646144,26525.4073101476,1617.12886690718,74214.2175252654,149218.264174978
"P03337",1940770.17774778,140172.614376025,23444.1833933332,168344.418417767,18741.7083142481,31763.7919559274,27666.3933062747,56931.8013713747,40378.2559065277,73163.8132431136
"P03338",4637337.78244212,721721.063958479,2346.79850696577,166189.344585544,10917.1766166993,15618.2653689343,24443.1747365234,6184.39131846068,99096.8334450177,183804.705991422
"P03339",404812.663805483,25325.3939288054,173253.633026043,2381825.64302431,26447.3718239335,101778.627546242,25634.1187248603,1780264.62344681,11784.3723320251,14197.2250734928
"P03340",3316473.62374608,578382.894513432,10399.4395535569,83299.5399627101,15511.6412936273,5647.50616608641,26136.7436089517,6675.42550877149,62430.6511955419,104089.171949766
"P03341",265167.81993247,5738.04881913852,499638.483261243,12834403.1125177,35982.2505347687,427962.366442605,21287.5613538694,32040888.9944021,6113.44324476795,4641.52871807035
"P03342",2783722.12797407,215326.149515249,32276.6364235815,254925.854494699,17883.4241718267,23570.2492728046,27702.101544721,47090.5088301091,41592.7112156703,66737.0861549472
"P03343",2384075.23248437,249782.042641226,24495.8300155005,139763.49696378,20343.4719071459,16946.7277289339,27457.5575021799,26980.0748770842,34400.3029708377,47195.4319652667
"P03344",469022.836373449,47860.4876750087,201036.386555185,772962.5972622,28517.8800106439,43296.9725857057,23954.3113345016,363791.092395902,6194.44527423415,10853.9275751989
"P03345",4243345.18580975,439542.210146905,7218.19692720537,128660.237048861,12764.3975496174,9337.88352648853,27430.9284728276,6012.59936637294,73815.4981267846,133982.896726099
"P03346",4627140.17498645,932481.018730232,5763.41985231192,14638.4591214657,13544.6277693704,1206.52914381971,25562.4413583689,787.258117058397,72534.8925543515,158513.839143414
"P03347",294560.55614711,16768.464440646,700727.806251969,4203763.7339573,33565.2636006632,114379.274462549,22275.116778948,6079025.1927498,4530.78521037113,4089.84941463542
"P03348",749814.065376801,11181.6981339513,62577.8531874076,7478146.2541336,23106.0625750972,1432873.41103082,25301.0945946297,8081764.9975481,34531.9656469455,35049.6409194078
"P03349",3069127.63839936,486737.035337785,15741.9378655944,93926.021365026,16035.4106381679,6668.64602861537,27916.9906603029,6998.83427240305,50013.3679631182,96491.3494069932
"P03350",420128.366103094,70359.651711179,257579.937103813,818011.384551323,29041.7098430394,31970.4060811186,23790.7681247592,293797.627513629,6073.48659444467,6222.14983823657
"P03351",238741.838617456,9488.62775006923,431650.435637585,10484724.0910308,30478.7167746691,895081.530542424,22107.26925752,13483654.4400928,5829.72233239364,5636.77239572058
"P03352",872055.821344405,125253.257294921,59098.0902591172,201446.540034758,23034.3492209048,18711.4597407382,26683.7649234937,177961.412442151,17620.2644473406,19891.0299743255
"P03353",2446715.55316328,123372.766191389,15773.5409379441,1052601.41380178,16259.8918440969,67460.3522481117,27908.2378841892,81562.6881563544,70270.4846416797,132546.920848902
"P03354",3151432.88242513,201366.918214391,17939.5782515504,319930.48881831,17185.8588920038,31277.2924133696,27785.5345701146,51697.3485824246,59376.0469400084,115646.887273234
"P03355",1289443.86302252,103685.102604688,111858.324790926,531296.126681921,23455.0763276504,32544.5385188862,26632.6849772633,194296.31902247,20300.091204889,16860.0025124138
"P03356",2034573.57979367,232217.301445933,36119.3353878587,325439.637097537,19889.4960124029,34679.861515633,27578.6344142206,60402.2962237635,30783.9538669109,40738.1481595627
"P03357",2061683.43821205,409955.50483175,19472.5990119845,84704.0857628889,19153.590571009,5789.33233576665,27932.4119267178,21946.7340725387,31109.8885864136,35643.699543446
"P03358",213497.01811174,4966.60061840896,610577.572350066,8572915.77335701,35460.2880178579,329772.054083754,21755.5281768455,7496259.7529031,4221.8937340927,4424.47095447727
"P03359",3234668.56906346,118732.377397772,19533.3916822823,677767.150158994,17515.1234469992,37076.5016708524,27668.269044039,106884.508480099,69373.7855521302,109504.227005671
"P03360",4127536.21323782,791242.340273973,5400.90626172459,65670.9579220132,13069.8486824927,7295.43766587417,27699.6304439809,4925.4733209453,65176.1014992349,158749.620730476
"P03361",365052.164994987,9937.34215771869,197472.350322722,6299674.83948932,26680.3457725741,559330.26004496,23805.2984680233,6556908.40908784,11465.6078886855,13996.8033531958
"P03362",553573.827319952,9955.03752607201,134549.781263472,6106659.37099041,28153.9197596534,548755.83960602,25211.0114285986,3545242.84119493,29600.0159734016,39140.6524227178
"P03363",171957.414475008,3278.93669541468,1151126.79423007,19721929.0609278,39668.440929364,664192.586638917,20433.4294290483,52880799.9405924,2961.57646470842,2805.89991906731
"P03364",2152701.42673801,246249.078492738,12741.9349469331,225114.52666432,18778.261424812,10252.6479995997,27380.2802289727,16614.4333213549,49255.1168194441,60777.4029579708
"P03365",753474.054539296,63052.1919072534,60717.8774677333,1019736.01681585,21998.8004266758,85919.6995930795,26083.570872357,750719.926892461,27403.6563841209,21043.6179451706
"P03366",474293.904737565,21614.4128552384,140720.116931925,2772033.25674457,26147.6211107993,178293.332519441,23995.6371372424,3532400.49881164,13854.1325886692,17433.3228375829
"P03367",4002170.04266914,852299.755966866,11146.3755673783,47779.3234180819,15665.0710310995,4975.89256413878,27064.0792957825,7441.31472226805,61652.1538400575,114248.280475053
"P03368",3415364.63326697,260893.877215449,10176.5157204847,372593.121849125,14042.4219361591,42479.2032350761,27931.6500669517,32605.3549284135,70058.1440145201,161542.207730044
"P03369",3980205.35440521,186774.117632588,1967.67284558227,660805.509949091,7233.93547457407,31044.4799660615,22450.804274426,93005.5050782058,97045.9134119975,87837.6363885578
"P03370",2091497.84701314,425128.136185945,25627.9653264368,119007.524793309,19604.107515399,9656.58954105388,27882.1048626244,12493.1716297708,32184.9177463061,45820.3057295811
"P03371",780566.924847261,49901.927381032,82615.9872527383,1161728.31452182,26438.2569858692,85014.1472633705,25061.763814872,984863.051483429,10852.2196347701,10340.1939871689
"P03372",1427481.58487776,153992.064933645,46349.3076177032,206820.346299473,22046.345031943,12730.6510750018,27777.9641768348,57767.6834645275,15043.2193188632,46479.6296606414
"P03373",3988708.43668354,366635.958333579,6715.7574020318,97374.1559378106,14831.0077166895,14905.051210872,27886.0118531671,8758.12183600094,80274.7332563881,151459.085288984
"P03374",1172048.74734221,45609.5417683352,46765.8155906057,958620.513904545,20511.6437509429,86407.5346898006,26327.2008981893,781976.008236419,33336.3214302717,45258.7924881794
"P03375",1331261.49830946,274945.611860001,36988.1797570008,398824.053175915,19705.7090032569,18993.16451938,27256.5826397693,107401.221741525,28924.0739847552,58514.663387499
"P03376",2684112.86584635,148010.745012216,13686.8418939264,497592.830206817,15790.3816934506,41284.4463464941,27928.8368509299,64529.8977133114,68444.862406066,111605.777096981
"P03377",958471.701648541,15179.1850204875,60355.288807927,3449004.45277552,20783.3710797072,376533.843990949,25855.1171829562,2467662.51534648,37717.1509306939,44727.3225145582
"P03378",364827.906444227,177680.681486968,174999.050362428,356678.744836293,26236.1846648303,46491.8652759525,23473.0412677353,70908.4039718337,15458.5583271613,130169.818012969
"P03379",2167385.18040757,348779.45316798,20575.217405489,260276.547421874,21039.3477585085,19701.5264751856,27704.1557882477,27849.382938294,47382.2091900545,56775.5254136685
"P03380",1945383.97460972,66955.895090968,20620.701816751,1933887.1259235,19090.5087731859,173510.496402485,27786.5405785791,1122511.54080967,54924.6689749068,87408.893722881
"P03381",1526960.1868545,61992.6706147973,36904.1021850491,855715.860007146,21227.5782001625,109358.282813696,26727.8890958544,289118.103095299,34669.1184942886,64692.9027503321
"P03382",3778469.26360029,424666.405088475,8007.52265152425,414332.236789768,14399.309331875,27303.7988980064,27918.6997625297,28730.9548995472,77631.0569318661,148359.590934924
"P03383",1190750.85446087,33447.7357125895,71657.245032652,1394459.38352254,23102.0210727247,107911.111404524,26038.1779663051,465771.138401134,23180.3653254957,32242.1417967663
"P03384",4069407.15708467,662009.258104163,8472.47510924554,41907.9257412419,14012.5283218771,5423.90368780238,26736.9612424208,3265.16914499428,65182.6073512364,139745.476208327
"P03385",159335.99421657,2134.94334931569,6549957.50655345,154216396.288175,100307.818338163,14624809.8467169,19646.5377039235,1520602411.44365,1208.34625181494,2253.57901729609
"P03386",2417343.56954364,415570.530990898,17383.1662147209,270857.554198054,18050.9455974463,33433.3693483388,27830.3065801621,29328.3413402283,50893.0088598928,106189.122203546
"P03387",1850331.68028138,298492.264178761,37612.033434124,89855.868442288,21288.7283724859,6291.86891942077,27872.4144773612,17699.1551176064,22693.7278512929,32009.0741064519
"P03388",1929486.58011667,401801.837827428,23090.7413340532,79084.2628959764,19110.5949444181,6300.63982934001,27292.0062136204,37171.2895320059,30296.1829570593,28274.2206886617
"P03389",3656269.84035796,578115.35275334,9012.09467718199,62430.9344824054,13793.196099949,4526.91412442109,27535.7816516407,11963.1307402204,67758.029270028,126411.912306205
"P03390",1739660.84575411,230369.576511407,25102.5273576454,447815.401000702,19756.0831503356,24650.3065884949,27860.8235170482,67757.2400471749,44229.5381767813,55127.7018407284
"P03391",153487.374451939,46416.998969793,1367562.68794496,2279258.42878619,43076.308782283,124609.827955482,20073.8203550176,903113.264367326,2496.36289328472,31953.5591701456
"P03392",3357015.50216809,316729.296979509,26910.3153812243,281595.766469283,19137.7091155056,22428.4332065885,27880.8207586379,31542.3984970125,37500.8079086413,66520.7406356998
"P03393",448237.69857871,16272.0401285593,256686.724373579,3874463.17975314,27212.843878494,323985.894745458,22850.3503860107,6533237.4260474,11472.1975438826,9777.65345519166
"P03394",1318317.64377997,68780.6507801928,38067.7673849329,3702140.86606985,20861.6231265909,425887.658044187,27223.4954869023,3021363.61872266,63604.6046342128,57941.1988931555
"P03395",4456494.7804794,909008.525657359,5081.96877394053,26800.5009900728,13101.8773958716,1989.16363098921,25738.9279135074,1150.51245298527,88467.3535573058,154195.579350532
"P03396",681395.019350898,36010.3483292013,132211.755250805,1666276.62908939,23755.2847031791,96222.3996892339,24207.1933841486,1657978.71149655,10502.3058296239,19617.7982825792
"P03397",3026796.66981361,248307.140896911,21648.1550345435,248429.733197998,18411.2784813442,18630.9254355718,27823.5365996191,48215.2559993912,41373.6084489057,103027.657091878
"P03398",234046.412922715,14647.7541684391,633043.915086903,4863311.58551803,32086.1655684571,326844.935456534,22263.8875291181,4673514.73946847,5067.34222592443,4356.36525186495
"P03399",4660648.06512266,726051.036676726,3109.55104463708,147214.83331617,9551.04494343275,11568.0320297675,25288.5650756775,3241.41169505894,98493.9819988342,185724.632470113
"P03400",3864598.3922752,862873.126581554,2287.52140437992,15285.7922593497,8552.386903538,897.351760387959,22975.2626119775,598.910586242751,94777.2413761473,185809.894206221
"P03401",3671107.88191071,403360.220243682,10703.3213772193,123134.182564676,16177.8131886051,19624.6796649628,27914.2588991671,22229.9202512856,74279.5447623088,116359.193732579
"P03402",893455.482810272,64201.0259245929,54808.4777869059,640116.007219012,22840.3269775342,42130.8650357602,27242.4298929738,385161.832975261,19230.7766216466,22116.8503209613
"P03403",4130818.67763712,706031.207847001,1635.85303516652,12551.233009661,7615.53755556492,1664.94377275105,21472.2348971143,600.988252112257,98355.8610729509,172376.12832676
"P03404",1040263.76735846,68657.2828691099,62984.5133354017,1440954.92718461,23791.1526270417,103085.063933752,25885.1630255564,553659.390857958,25012.7063873359,37917.9665817352
"P03405",2037443.50504209,123052.488427991,25596.7653351658,289097.615358792,20794.511323974,37074.9522205049,27548.5039368998,76091.1963137596,39213.2745377794,54653.8587925626
"P03406",835592.730723174,70407.8399872938,54964.1612543246,1057604.72297844,23111.8979142316,56162.6287157973,25844.005093986,426018.15754172,27962.4607731454,34650.4560600311
"P03407",808501.258038869,20888.8728305492,77187.3534029925,3532991.87094124,22667.310627199,351616.15797752,25873.2971032643,3642429.77237211,28396.441484115,28101.1183501804
"P03408",2064671.11736212,193101.726018315,19280.5629315965,239424.077324498,17499.2283476311,36031.5695236571,27482.1738176892,52640.880757625,46335.3329320989,51054.2588511131
"P03409",4614600.58355679,569781.773869797,5202.22916908182,204623.579018372,12645.5451710369,17305.628244359,27087.6263584077,14113.9784486686,92551.8131838959,182456.348652649
"P03410",916204.412545677,76092.2519525671,51840.373457861,1218170.84282657,22174.8440474839,151744.651732561,26180.0483367478,447874.207239321,26612.2184241591,40226.6012959502
"P03411",651307.538031191,21363.6659229601,174220.476481139,881477.332368272,24503.8863850166,64881.5491349687,24755.1946282902,642658.255445015,13140.3091820005,8835.16906147705
"P03412",788480.510350273,64118.0927695904,112174.668597459,606572.166576409,23395.3149215191,53784.1537801864,25646.6649349316,99992.1840362315,15783.3987847716,25548.4383490663
"P03413",3957083.32407528,335528.094646094,10428.446736006,165207.470761919,18281.6680203617,12910.1969066129,27709.8127071088,23424.3143941277,57884.8815622857,91703.2580433322
"P03414",210700.256246924,45449.2757358045,1034590.01258526,585757.445401875,35276.384377513,26783.090615189,22116.625324622,391865.493279752,3030.74534294345,9742.13238955878
"P03415",357724.957300333,8188.36991503975,282536.116048381,7065281.58775286,26979.0478167154,680356.612892475,21864.9732247374,15263104.5435824,11704.9292336328,8071.17185167673
"P03416",273191.743384891,8771.48550238472,247158.252098918,4799553.24800176,30881.6200476189,360443.338993105,22979.3400641154,15886344.6725451,8509.69798717409,6977.47557683998
"P03417",2345067.11128969,334121.701277146,27742.7007872482,135232.749686059,18891.4012442752,9569.87451516623,27858.5690432937,20329.430903616,47675.9458023524,87357.9629169105
"P03418",1726468.46344849,927289.353248848,30401.1679503563,40476.3309347633,21139.7103827515,2411.55948957624,26999.7204480586,1566.31791900643,42881.6975283001,151338.333424684
"P03419",1256759.24832436,57031.9185403479,35826.1998809934,2880573.80826616,20477.8303044884,236710.643595251,26744.3463302742,1426771.75233293,42427.19059287,60737.2278169915
"P03420",470342.015827234,29305.3239970525,158012.31107044,1242613.25268009,28262.4794982127,59103.5057969402,23896.6211576475,1445640.86669956,9226.23345486579,7011.30160756355
"P03421",1130940.19555498,211669.278779293,58878.2569212241,157259.439686055,20297.442512605,12860.538129461,26504.7690956745,31168.2041831564,14370.02662914,30420.5822188256
"P03422",447862.702522245,45440.2870664491,108429.531247881,1146952.23715147,25035.6877642591,105205.687825035,25193.1514709751,533683.006780767,11567.8586949585,13253.6705004315
"P03423",1451207.8195589,108361.491779966,27329.1070128753,1256043.3754363,19044.5531182239,78272.5649414653,27086.6321268006,224651.656378027,36993.8492586516,48489.2890787805
"P03424",386985.877263239,15779.3632702216,278267.808251364,2667697.76160276,33651.6667209645,166340.843614494,23228.4061955772,5685811.17211741,5191.87292234937,5429.45931080468
"P03425",1721239.31722858,179926.176238916,46752.6771641659,138700.238263768,20903.9005550797,16871.1041210718,27514.773996474,33991.8335408811,32530.5313647121,29295.1890897003
"P03426",2539764.78029487,293150.641996408,14716.7827659038,116323.188598644,19142.6232220473,11174.610715066,27930.3052895531,12894.2905822225,34446.3616598193,58437.7459170778
"P03427",1051482.60236857,247991.265532065,55649.9695869711,156281.41773141,21096.9425153521,8719.5548371059,26412.9419710504,29624.7401923465,13872.6607395576,14467.0402201323
"P03428",579532.990225772,19557.9753912714,100997.064279532,1681362.0574521,26064.6536381161,121853.192510931,24382.5368079097,1580011.7803308,14495.0433043543,10398.1551823588
"P03429",1258014.57206241,49406.612260379,73470.1267938214,1797321.74642579,23339.9371215267,68601.1870173373,27161.6186993748,543808.419232078,26740.3862077429,37551.6207387294
"P03430",1072643.61176263,29188.2479770375,40213.7236791628,3361542.7489543,19000.7340175064,218464.509860483,26261.8663929556,676809.487884755,36499.0056945785,46768.7651176477
"P03431",1804523.11724388,128785.343257152,25319.7652989304,546015.817771999,20283.4124507623,78439.0647318588,26936.5102689147,203813.387823229,30418.5338534671,28825.9700433408
"P03432",1283601.48615882,283501.943912839,48169.550844693,105018.373546034,22766.1972502532,11018.371532537,27825.7588173367,26714.925955741,19027.9860599781,25770.7834903258
"P03433",1297528.43789859,7374.81816553209,49709.7943708749,9059037.40858054,22756.1898051051,485629.152352933,27099.2458953124,15126065.4901931,20337.9981574441,5262.88582446634
"P03434",4184179.17009492,56905.6881406691,10576.4103682195,2316311.60274757,15385.3810057869,77978.5016717802,27010.2563878867,832156.961866308,67477.7738091932,9896.59115077667
"P03435",2226355.53567605,361328.521126671,10544.6014332925,317839.375463332,17410.1625585607,19300.2854913831,27930.1534828774,23487.5880727309,65482.1893444932,98646.6336701182
"P03436",1154074.63331206,88772.2623204453,68841.6459354118,1405946.29033005,21947.4526138175,89050.7420312786,25971.5745393168,804807.486260329,25799.180804896,35366.6557726646
"P03437",445868.478892903,21653.138381907,259745.256237541,1566037.48075681,30132.6839549685,91096.8503862085,23271.2359778097,1679139.77304068,8653.54408731128,7190.24316960545
"P03438",1257366.7911316,47929.3886318426,39316.0614693072,2217489.89369396,20975.4402160355,202331.484336374,27224.3988485619,585336.850235218,32409.6901299222,63947.494141287
"P03439",2772526.2618774,747729.075682655,26846.3946348469,30431.5440224028,19168.9597517592,2377.49279123803,27745.2966481454,2583.72302685078,31216.8655702798,69605.7238746367
"P03440",1882589.38838833,135918.628744928,28025.3848634977,542225.02661419,19266.7831796466,33164.0696206242,27713.5712715478,100707.708503026,35006.6323985151,61629.8228134187
"P03441",1449733.64793742,47048.2665594295,37071.764366271,1777458.80133928,20239.3533702979,206058.092188507,26624.6315016496,783276.864616616,39960.9321899134,29130.1869178698
"P03442",2491067.593959,455912.706171557,10846.8556621914,159409.570122471,16205.7471965933,8611.13236307356,27750.0802800523,10994.8163677898,41168.6251849023,77170.6310256392
"P03443",2595100.57194533,438908.324257654,31996.8629102469,91096.9664164312,17705.2346217007,6663.95675067844,27907.3554485867,7968.18645934706,35241.6406720842,48682.1837311001
"P03444",3860361.87758751,699160.821411565,12711.0403533252,62342.4030765678,15895.2008000978,5148.40773661786,27564.183023412,4316.19904970838,46059.1594643349,99387.1801695727
"P03445",3016200.73643824,15764.7097495758,11759.9982040223,1652889.25185386,15905.853797582,115583.783414228,27858.1492425184,1354867.57416833,54837.659414356,14457.9223733289
"P03446",2181179.0432558,291417.332566522,18670.5947731069,133466.208721823,19257.7713322929,12090.5911103965,27703.8151013975,16170.3190885439,32462.8669206462,63423.6662140329
"P03447",1075858.95670754,234488.18021035,42623.7033721175,163707.730386161,20336.1658148234,25228.6868763032,27386.2604244922,38693.5182210508,25177.7410499985,17021.549702823
"P03448",4524429.26516522,902705.065749321,2968.22684178442,49676.1191692888,8745.82608464639,5560.64823781924,25309.6278203251,1614.5137926203,92684.9932357191,185504.075541962
"P03449",4021712.11434667,932695.303342203,1852.54618089575,40353.5004619725,6491.27431770788,4651.33914580214,21478.0926264418,2122.90502067613,96714.4907149875,155455.824247486
"P03450",3654076.24594342,665189.615656094,9984.89929477685,98522.650193904,14142.248012884,6884.41521373807,27758.939133432,15264.8202407732,57683.5207620589,127528.167968644
"P03451",2744855.77522156,322098.385800541,22307.4659535802,91184.3018192441,19139.9459698968,10946.2586576102,27932.1667488816,14940.8639164169,31533.7754800302,47189.1586979347
"P03452",4500169.85730368,856305.236690027,12313.6230635388,28431.0667046982,12489.237066535,2692.14276271573,25875.9176619473,1155.29896044245,67708.565675086,157914.618467474
"P03453",2323647.52017919,287198.340916628,16471.1181677715,259137.940250548,19897.0841587788,19385.140208531,27931.3546131138,38412.2449106571,42675.1097983861,81174.6122269938
"P03454",363244.029476129,18629.0012075428,271936.186122227,1969522.01617093,25802.0821547616,164221.433940018,25006.1889141031,2580054.8214567,15323.7828575161,9252.62978494214
"P03455",198350.218085317,7527.05377727364,792453.609946801,3589260.26995924,35816.0321236562,145397.36459675,21937.0111268011,13521936.4758758,3480.8685020171,3768.58931961466
"P03456",1717044.73774028,169736.221149966,35066.0694155964,348626.970269804,19079.2302123622,20562.6521248552,26900.7012437659,203914.951770663,24934.337931376,36810.5631433297
"P03457",2927192.35607094,396232.865433365,22499.62281468,179266.125942526,19891.6660453018,17175.7687694143,27859.6003979804,21581.675679749,44146.524948674,72281.7343421877
"P03458",1350769.54024249,98579.6335522132,22267.3286729012,854743.182790701,18697.0598385739,43869.0019086445,27641.4459256225,422011.480359882,37581.9140004771,50559.4937850357
"P03459",4537460.27450832,485636.596344807,7088.09554048938,123159.304544263,12737.4734963961,14395.9637110888,27764.1668902977,15078.061754916,88400.408552485,167438.172980326
"P03460",607520.619510722,39582.5242481077,120756.771475384,1517548.98201225,23538.8529956623,144394.616599652,25186.1590449652,497104.188565063,11694.9598855551,13137.9766827517
"P03461",1935354.64818194,207459.539597937,26352.6699537629,254445.954327423,20667.1531171753,14744.9336814179,27924.7076900409,62070.8517213758,37688.825665795,64012.9778110061
"P03462",1442369.8398364,102406.174346531,56894.3593693936,720647.256772316,22029.0344892344,74443.914295538,25936.7708756541,380468.635035505,26152.0502313428,34821.699099911
"P03463",3765825.14783771,666244.828555743,6711.53652347219,93833.5178781022,17314.7263271454,9056.9570048395,27701.3732476085,16923.868854277,56948.72106126,108394.520739696
"P03464",327983.07617686,10163.1897433245,252146.971182569,6581817.83342759,29206.7337065293,353351.838906285,23619.8469923819,4352499.36370919,8402.41991836927,8887.92190029977
"P03465",3868406.01550825,676854.959806709,11766.6686157945,96506.114932233,14475.2488884745,8552.59970270759,27260.0830164675,6266.49256532314,70783.3881811453,127214.739039913
"P03466",355978.931186526,34343.7544793854,238778.20259422,1239319.66772937,31347.8188151341,40999.6600118501,25115.1089367332,2313404.61668625,6589.71053555237,5807.48250686732
"P03467",1500481.35425624,96005.8073650167,55538.4139409175,490185.362243754,20985.8376869743,51437.1027378952,26643.9230261887,416845.619962214,28935.1727619861,35304.2957978349
"P03468",4697124.57917393,826785.066901188,4546.85009832002,56418.1753507018,10500.3644480222,5206.27131452814,25697.914588712,3089.64983628959,97556.5447942185,179109.224612304
"P03469",4530795.82145466,706891.436329045,5821.2126325805,62695.0055344978,11949.500320338,5701.10538918889,26146.7370993541,3630.36943454702,80423.7474654393,162166.570548194
"P03470",1885499.03096209,244176.574300763,31449.6092846957,200143.033842469,19362.9057138797,17146.005159901,27764.5242436747,63777.7681672697,40975.5710400045,51674.7377576639
"P03471",4434839.57266667,748391.001233669,4063.5452940813,35451.4966916736,11441.0915339857,4056.97858558452,26946.557049661,2394.92498490966,84751.0079081058,161992.000789162
"P03472",1575925.867578,75143.5760855219,45305.6580140555,1499588.88000603,21004.4279735516,175200.690465515,26721.3900261299,379146.522042702,40932.4907418488,48856.4903529916
"P03473",740810.481337343,20731.0651421003,115423.246219044,1599688.83188843,24816.5020531607,187796.143940506,25521.9058413974,1356201.83925486,14310.2883121336,17793.75162899
"P03474",681631.552254683,232176.010749674,74341.6066607392,324654.077496463,22464.760442163,16745.6693741571,26203.3015596652,70058.5873238876,15588.5009993471,14782.429228749
"P03475",1090068.05434922,97024.8990220393,33433.9345820095,788022.319006698,21817.5003413953,41466.8083086871,26994.9145498506,445011.032400236,28183.0726146258,40100.3463830073
"P03476",4464221.04108736,671750.788685208,2882.66586602802,86711.2063917355,12590.7769602283,8131.49497077524,26766.9541321201,3586.43987406741,90304.630717956,163292.934932545
"P03477",1555518.3382823,62268.861689615,26525.3737258841,1285403.12218278,18219.4090948714,82930.3913154745,27370.6698481123,299111.264199846,62268.8182278988,81370.0619115567
"P03478",1324900.74024174,76834.0573803535,94371.1626311591,696032.406220452,22285.3906817382,71392.5933310481,27099.1924411125,411939.031425675,27661.3774236353,30047.4558046793
"P03479",2590848.17809322,402216.454797126,12373.3193317817,263967.756779678,18230.6074121348,10551.8700384642,27925.152140563,35801.4652356354,49038.2471058897,89593.8975041708
"P03480",4579986.76453885,849335.019411267,2042.87106066627,8444.95268401203,8561.12589336077,669.451286223298,22019.5094551413,360.15511497658,97227.1105892149,185934.944063863
"P03481",4362541.89691084,866249.400209007,2134.46885839694,26331.690655334,7944.28159555374,2485.17055931546,21560.4005776249,1212.81867167839,99625.363820805,185173.865596863
"P03482",611384.977939795,14252.4498759273,173047.427438634,5003082.97888578,26251.8174219735,367568.181509534,23925.2074639962,3351217.20068641,18065.2262308105,14325.6349390455
"P03483",2563763.2728073,63669.5880032974,14748.6783411971,2059457.51866275,18512.7055067875,159656.645144087,27716.2448789186,396680.861480764,70295.0617808252,125369.348055744
"P03484",856233.460108262,58194.3533432797,67787.3077697555,1929340.24058027,21277.4628367746,133002.866354573,26688.608591572,1415789.56896101,25866.2999834278,31355.120415425
"P03485",1965252.77449287,106751.471820499,37566.7751054576,952323.367150319,19221.5533785689,109862.883292819,27012.2454613402,271394.435270244,38129.8420323826,70883.4553573342
"P03486",769570.367160896,135670.403738341,64051.5337739439,275118.009155458,23546.0796832971,14066.0148267021,26616.4845100104,58149.7191094813,13079.9031785469,18667.5199284322
"P03487",2152674.97646799,396049.157956732,689.869310147223,422730.993518451,4519.36942628486,26227.2442132075,12228.9675320088,21235.7885423555,79205.5431402435,133938.345414695
"P03488",4340841.72586808,410711.219539946,7657.32773585529,180651.01196016,15217.184980059,15300.1445243312,27856.503619222,25852.1944034706,82442.8157096466,166367.034880898
"P03489",2686114.55811297,173634.24002615,17408.285722255,711254.463967192,18147.8691281358,39985.4494029881,27592.4254454047,29288.882930674,48796.470391986,67277.7923062945
"P03490",2159166.00188378,174318.687756687,33503.3338314107,821670.801068897,18904.2919013557,50207.4665109379,27826.0765900593,111660.002179534,62332.0122086307,65014.5827609833
"P03491",702059.90977473,20292.9690719115,99855.6441404673,4327810.83718157,22919.3671798643,199342.833661163,25450.1736469162,3097712.71218378,29072.5170218959,31536.9716314583
"P03492",4602887.12831763,799828.767142598,4574.14770336229,75439.9120061924,12226.6620550124,4645.70376889251,25709.879532637,3056.36001361499,88966.8199156903,174268.02121603
"P03493",3043548.70809533,469595.410301485,18475.8116727009,77359.5203316802,16899.0739520173,5375.25794811722,27905.3339230439,9762.18625504404,47908.3775349433,88020.3729870849
"P03494",4582634.24460872,647511.930718142,6785.54986111065,88002.9864419935,12477.8377973181,8723.43864805267,26429.6285504328,7453.63072240812,92545.2528833424,172967.288259002
"P03495",1858605.18568708,296644.682033097,25709.2290948196,80710.3605113514,21089.5614367199,12591.0790047259,27552.8984436636,21799.9875670155,21322.164234359,34669.07162128
"P03496",844676.006290174,19424.5237214334,81032.5580821141,3747982.4506406,24798.0249633679,308037.674875808,25346.4338762128,2327521.96430684,23498.9130014982,31895.4837590453
"P03497",784387.236697097,12964.611760313,100000.5752565,7064942.83241705,27502.091715519,826597.770624997,25043.4581266603,7647714.96559398,26754.3401557813,20753.1560592487
"P03498",756633.092394047,53828.7151481965,40363.8447747053,722898.101631344,23862.4279751064,91226.5546982187,26484.9748414504,312034.713376511,31789.2970353561,46357.1967849402
"P03499",360156.028330302,14372.2806568074,152419.4952138,4649662.69396039,29181.2584650314,204427.064013164,23417.1368480291,8278780.57775615,16471.2568986029,6589.54542217639
"P03500",2156319.5177499,207138.79309853,20939.2400749647,386103.657006229,17357.9792966289,37863.0970910133,27635.1105271193,74978.4238787799,42590.7570942572,92279.2587863238
"P03501",216875.462735621,5866.15216489116,629497.169244239,8411531.03347403,38505.0030406427,523412.705827997,20784.4048456638,29049237.0016571,4632.95463530909,4678.48996097926
"P03502",2375080.07855911,159540.22361461,13669.8105444962,861665.354222219,17857.7753735066,37582.4101441227,27881.9618825333,75814.8574517988,61171.907925885,89473.6556005343
"P03503",4590803.95469366,424048.113057857,7701.94320999994,147567.026977623,12955.5435002404,17068.2456662831,26713.3686305204,8013.22423128914,95782.0144143026,171167.252447016
"P03504",955749.03328087,62810.6244492781,39563.1458571826,525999.173844484,20273.9142827563,79628.9727023008,26686.4220067798,356618.613888257,38212.8121628269,34917.6990233241
"P03505",3020446.87806988,309289.371202529,12122.6179877268,385618.77661196,16474.2456786899,22144.6613815183,27925.3148278056,46634.5069546232,82488.4450537836,123807.209793077
"P03506",2117341.86508652,139116.662679993,23653.5816040255,391457.593647712,20651.7398674768,25275.6593412061,27493.0801381839,71818.9685914695,53919.8513829248,50367.1568354091
"P03507",2673683.54931991,349231.016168906,17550.7239435025,132491.052480364,15951.7300961236,10867.9040480641,27880.1293577048,12990.6607224745,37417.6686312466,98370.0668536395
"P03508",2789692.72167974,306918.402260149,24211.0021418828,92458.7580467554,19148.0704235194,10481.1751626576,27871.5482836249,30039.5519981208,27630.7052535502,40248.3450399619
"P03509",2483408.87679819,225892.914014146,19979.8244418645,276563.655092406,16714.0011254831,25860.5393823231,27925.857915336,59809.3280655186,39000.7167879294,62852.1511778178
"P03510",1223658.98987587,59742.6659193822,53331.4299134623,714238.440722986,22319.5692667381,30121.9487781247,26487.4868204508,242366.630405604,21222.9316632473,32083.8565349922
"P03511",2359333.20322535,177870.736643463,35404.6066686525,361892.356426769,21130.4193987986,37463.7077519978,27594.418381483,188164.040893456,37263.8850437303,59010.6987145801
"P03512",2470596.01681044,152309.433958368,22147.2451607875,988225.305338884,16806.8648633129,73997.230294583,27780.29374176,153633.958087168,60674.8579757902,79998.3576263975
"P03513",2326461.31575564,92209.8448891976,11639.5203602301,1090963.62543776,17273.6226427184,93334.5602393702,27889.1575203478,121559.088349651,75317.6830764361,149810.203036614
"P03514",2226884.50975849,119100.447846779,17277.3547104437,498142.274439865,18061.2863517243,30188.1871643243,27574.5053971769,69878.3953190211,56482.9817427031,94908.036007115
"P03515",4687929.07496495,882398.886449339,5328.57029644125,6830.80786444163,12608.3328652774,530.167094982383,24760.6917133793,407.854603997732,67022.3108260505,148064.330826045
"P03516",2739229.14885592,882153.141221336,8865.04547651931,42949.5041505861,16330.0485899065,2506.4283016087,27750.8814424199,3437.90089274172,38391.9839827405,76585.0525718123
"P03517",2054407.96853756,27754.0987191847,41161.9998871167,2589035.4913656,19748.5595465783,115241.65042976,26717.3590014306,938521.409573514,45452.8873104993,66160.8522915715
"P03518",3746679.85712991,780366.149374461,7898.89314277783,72601.5787990827,14948.5551595911,5684.90151005116,27451.1573738897,8063.52805195827,71430.6003449242,135820.421939878
"P03519",1381195.71117826,186168.653638913,49539.8270207377,169846.8494769,23492.8891087003,17211.0729739292,27067.8897854786,104508.301216326,17246.0134452227,34545.1726276293
"P03520",4693276.44237806,929594.708080901,3135.86210386104,22217.6893900355,11550.4934644264,1087.15036750897,24161.7779183056,783.45559882754,87707.9255523429,164815.068562955
"P03521",1391204.61953765,19845.6252956635,49240.0712800466,6396394.34914198,22321.7750894526,463809.30497502,26567.9763184366,3508031.91166932,33914.7634188744,39881.9432909558
"P03522",2249681.40015072,182274.493408932,17387.7087808218,336605.382789175,20614.5842344234,29401.8848057325,27608.372318061,391644.476119483,42300.7238655878,59143.0478181253
"P03523",4483298.30182358,499456.692588545,2757.39796759843,458421.74304923,10756.7997963878,35108.882528949,24392.2231508774,6543.78660275374,91888.2280649138,156380.073391541
"P03524",176074.672286175,2149.500404987,6494762.40120612,272488754.45994,93153.8881703432,45509199.2447774,19726.8855659382,3333829941.21164,1467.15610818814,2181.76558772437
"P03525",1716133.81929929,70621.0074914538,26901.1919512739,850457.509239286,19028.6582755917,123171.855847897,27465.1790169009,250595.975771528,50051.1183945946,64718.8163381771
"P03526",817726.679672694,21565.5214915054,53739.9281858782,1370452.57480857,23958.3755657842,84271.3203562189,26075.1101221982,845883.432142985,16248.3598256403,30886.7994263484
"P03527",1295167.13387018,88885.7493482915,70103.0194527621,620311.023427196,22094.4506499328,29442.5327463839,27658.9690886311,219922.836670916,26321.8914693643,37114.9181974394
"P03528",2586137.76466281,164001.480430325,24177.3517913031,232052.630724812,17310.2691566881,21018.570163671,27925.1846637964,28043.8828647845,43344.3831602396,47765.9533077267
"P03529",2107348.85517109,149854.987826792,27945.412317893,660398.394643325,17269.7109674623,35150.9696523701,27845.0439324635,110873.920785448,43640.7527819305,78196.213796014
"P03530",2341197.29269028,220786.164071142,39432.8334779608,319628.277582797,18349.836317614,25457.7783176637,27134.1391025598,55928.1275698589,39686.6066485344,44321.8738111565
"P03531",2040603.94908793,204501.354340668,14736.9159443793,470383.297370771,16658.0372715915,30936.8506940171,27932.437404336,17713.0157338371,45773.453141401,82694.6282222503
"P03532",3228592.69044654,213020.485401535,14397.519114368,318326.087640819,15755.0645882753,31515.2592118436,27922.9877258557,18147.5181534019,54303.1115893728,100607.751677419
"P03533",460974.088147637,37372.8094124471,209566.448283893,1071908.66012407,26675.365067108,36297.2925834187,24614.3380573722,547305.654448927,7103.98525237924,9192.82139126503
"P03534",4616620.02867061,861204.148279306,5719.8030167055,61169.7570921723,11893.1802500879,5113.51434122035,25146.8195575595,3524.23622779612,92403.7230623331,164018.935508072
"P03535",206366.601167745,11015.3745192767,856832.76582345,4892760.69829201,38457.3942256094,176244.575077024,21095.5696352926,8706053.14740348,3859.83750584482,3394.80127414179
"P03536",414732.61558655,13048.0096864164,208858.437793263,9713243.74955648,29378.627239134,717378.895199579,24124.8060689836,2818503.69183456,14944.5118100893,13814.800708058
"P03537",614278.430310174,23752.9032880534,137608.906523806,3904976.66132115,26144.5529946832,315621.123612094,23891.6876848704,2410933.03862564,9662.2229359969,14105.7750360675
"P03538",2059620.96649523,144372.466747321,18649.6060926246,588994.49374881,20778.0763841625,38691.2719005534,27366.8322108132,76757.1991184831,39806.1347934367,67176.2031642132
"P03539",3082596.87591094,717102.39964398,18320.2483622354,70353.9825896671,16177.665610413,4078.37664074538,27741.6114837064,3099.50347914873,48614.8917288394,93184.9740398984
"P03540",1218570.00662921,84910.9191465914,54660.4711137645,1092057.58014997,22518.6878229582,51220.7103586178,26869.9103233056,84433.3954373853,27213.8739511599,30863.1211043429
"P03541",3619240.65711682,280189.960284845,7813.75830581504,342568.375859584,13269.1581537749,27760.1379239004,27819.0615169703,22327.5523661352,72048.9631392222,139720.979154613
"P03542",2211331.79787315,366662.204598879,41910.1737473985,111583.365735238,19533.0081721106,7716.42952789359,27705.2084827166,15947.6340804452,25608.6026788538,28890.6747669506
"P03543",4286283.48047646,832692.08894688,5845.57325309911,55925.772000408,13109.4699709479,4757.21635277774,26965.5262534256,3004.71512401308,73550.3101780209,143332.045540809
"P03544",1318656.47603113,143616.493861037,43174.0000101243,587669.866474833,20957.1397513024,57355.9622379441,26252.4250915542,248740.019319221,27522.7879725283,56827.9468614341
"P03545",3927100.95522427,363561.508871008,8326.88773972302,238849.060757823,14137.7195331624,14193.7072757193,27269.3144716757,8193.68998738629,73511.3802746076,155443.880222014
"P03546",2198140.2932196,863010.005011504,821.772051447956,30701.7374612356,4405.29583148393,3514.8834827086,13589.191121539,1176.07498704578,70326.0697133494,183565.410178232
"P03547",3691453.20017888,340676.524024459,12865.6045652838,146573.780510841,15923.7805091308,6929.52294587068,27931.5767736936,22173.3836799809,55984.7207696426,119862.775960335
"P03548",1406005.91479899,117429.058887582,35868.584891406,1369517.35232621,20325.5161820334,75088.56938876,27255.4149721507,191357.195121483,43388.4627360483,65149.8077183877
"P03549",3543107.88196232,192023.410944567,10006.0458349321,489100.156655171,14988.3803896824,50490.6996490112,27627.4302009645,53955.7189057407,90953.318300249,151945.726369152
"P03550",2288379.0508974,556692.540553358,15827.8696699321,32879.9950258673,19233.9278098621,2557.27909098451,27918.3875703709,6978.70139892383,27240.6205935639,42047.9254479152
"P03551",1933569.40040873,208978.708185751,17976.7606729862,154442.588490889,17960.977386714,10385.7848713697,27787.4556025736,14408.2773541808,34773.3668852148,71590.4181768623
"P03552",2875083.57027714,91073.1234687235,17888.4132314462,446252.077782453,19312.1479597081,36068.4415144892,27929.6764291101,239577.264993512,34965.7571247071,15217.8152944573
"P03553",1925658.59410429,291307.271937028,29736.0261761461,160997.109906761,20195.1793472708,18922.4012343789,27741.951344144,96880.3134291484,36126.2137643008,55427.4892259105
"P03554",1762634.07781048,83932.9765411139,40671.4585219243,513912.574141375,22247.3596104855,79909.9294518087,26541.0973680637,128177.917855772,31002.6783046857,58056.9568441902
"P03555",1047479.05952934,75801.1144225753,72190.9582510446,1448839.78355955,23965.2122915953,97941.8328591872,26096.3776707483,272196.525923721,15754.8954552429,38048.0499771332
"P03556",926063.871123223,97883.4896376295,90757.8563784903,159422.879315595,26353.2654530638,9817.13516174186,26052.4890449671,244840.241481424,8026.2420112146,12100.0315431741
"P03557",619280.601419731,24433.7320171177,116668.776459331,2774771.93383408,27275.9390747072,121882.505993386,24433.3639048649,1673292.81493589,13207.3372675731,19003.227221857
"P03558",1436997.6901228,128602.152400005,34047.2075418298,390300.715858411,20631.6174108629,23468.7116092877,27278.6177193177,175639.014344531,23742.6577245926,30899.808260559
"P03559",1412240.20569524,28524.6089142267,44544.4787543253,5384232.50204152,21601.0497691077,293617.103684253,26084.1532190429,2316377.79115585,39614.6542398878,40728.5959830682
"P03560",212220.086164977,9513.14400964554,567878.178334633,4316436.35856359,32463.923231626,189854.466214298,22332.8054096983,6620671.3100991,4770.746444707,3732.6640314022
"P03561",3227845.85413809,670291.60003137,1251.644431715,161680.251309342,5647.26448117161,13218.7090099488,16840.7245800249,9850.6262125549,89127.6840436035,169489.187572987
"P03562",4123963.16818094,347317.408150408,6964.74621927921,148910.161930988,12218.9345917949,17370.2517515041,27149.8628606178,10327.1335818909,86166.0552969079,180854.08359586
"P03563",770547.036723183,101537.347745581,59264.2772226765,683687.029724535,24454.448586649,56105.7956796828,25678.6756269286,76336.7994179126,21508.8481966039,31552.0988112359
"P03564",3494150.10255416,409018.233831406,13403.8394445255,204461.561317525,16872.5114646919,12796.4903251675,27857.9050325224,10560.3510412878,72865.3536827869,104134.198333841
"P03565",248985.230754792,22305.4596368086,320139.088742039,1271324.60517854,31328.2861647287,78050.3762583458,22758.5353459314,4927521.23866178,6642.7717150598,5397.0406828048
"P03566",959203.627876053,56550.8729329482,66784.7567312702,3048117.16879262,21247.8693819139,157898.155584243,26871.3564723625,489323.329713878,33292.0770351462,33884.6539737816
"P03567",1833698.4746405,210559.793578554,39373.9718992708,250297.677699524,20790.8289883523,9249.35313327813,27555.624199395,40906.6289343992,25832.7469826835,40848.5772504258
"P03568",3016218.99119077,140083.999381931,11436.3394386118,988466.331744351,16420.367272098,93446.7497696563,27877.3098977352,206666.60771921,65212.8432086891,109848.020147041
"P03569",4557046.74267936,879726.448234734,9034.91490113667,25517.8587125793,14220.6840049691,2091.96892629055,27352.0003448816,1759.12107788145,60870.142371179,111929.031244244
"P03570",4464569.5336482,488875.93698711,5542.30668627772,235397.106795583,11476.9035107686,10655.4819162245,27400.3312069733,28255.7381986207,97740.0964794297,175977.098549413
"P03571",4606363.49062249,662000.882706288,5773.04350115311,85174.3423194627,12423.9684716068,6130.76202533664,26793.531790976,4900.62880544572,81791.6572093594,147267.8870887
"P03572",164473.437761198,2178.64743982996,5824761.79512846,378711579.216524,90531.9181409173,50488460.7832231,19740.6134523801,2290194539.9081,1226.9668954142,2169.29221262907
"P03573",1475071.4276954,85567.0397642105,25270.4820283354,910947.194640211,22193.2231041541,68042.1397084689,26496.9151243129,112448.210767391,24290.8670062654,38523.471856673
"P03574",4387769.04523427,585086.76986806,7567.99496668235,41453.4875033588,14083.3503073165,2801.83313111853,26983.5248927728,3791.45814793839,76848.1403112325,133048.210946341
"P03575",2174697.39471259,131199.588712367,23821.7558560167,257505.221895129,20356.8933263368,24911.496021564,27399.8636321576,98941.7834576492,31291.6286838272,56580.0510256683
"P03576",4637044.05839679,748532.393513142,5251.83721691248,104175.137372093,12224.3610492827,7527.06924423233,26135.6071882649,3717.36777341904,98440.2835002718,177899.966383588
"P03577",4428294.27892086,499307.614559031,8065.54994580914,78462.3330918132,14642.3058067661,13605.8943248782,27563.1562217319,5895.85125232207,62832.0540356708,167676.843313852
"P03578",1111657.18149719,77151.4071074654,75972.7382827437,1035802.36628199,21564.1887149006,67917.0975349664,26551.8321191068,321483.801488677,17016.7795825755,39109.2333247181
"P03579",4640793.48599074,689575.942795702,2920.78385002356,137932.640631787,10235.1832132392,9859.89364507032,26088.5302305228,3430.93854272888,99374.7927685547,185922.850972446
"P03580",434459.474138309,19927.6190048956,105010.078532294,7019255.0286107,23874.2818350203,437916.226369645,24267.7393376719,4132634.53016852,28520.2874326674,21401.0185481228
"P03581",2461742.31257161,125816.352278906,14766.4665329495,541997.102119752,17999.3840367997,36806.548520333,27681.7807257411,38973.3879675837,77279.5772599866,125305.248115216
"P03582",2390690.89066657,443106.742648313,22373.1638181264,136288.930845138,19496.578200617,12540.571900555,27924.1141821395,11910.4754648002,35748.2767656687,52582.7822630972
"P03583",1930104.53858495,67348.8163932941,53777.6308192952,672667.10707978,21116.1945373953,51063.2797890808,27687.0096387755,460168.37068252,28261.3243924118,71369.3122842596
"P03584",3593323.71166987,66571.6472657055,9066.3713886079,3394021.03169272,15773.9629960624,356985.475815573,27898.0361043431,1223474.02845082,80933.912450832,116446.374292412
"P03585",665440.144465693,72091.5374287761,159273.44283898,598153.193752961,25255.1397100638,42092.2035715869,24597.2577925302,387113.948442766,9698.55828906572,9522.95254431481
"P03586",741655.587290468,15147.0054902159,64076.004613347,6364415.2026119,23344.5119921395,754768.405740126,25673.1567873602,1697887.83043612,33340.5239951931,32917.3797829568
"P03587",2111856.20636282,173677.99543681,25862.3214594572,916030.911545663,19828.764038017,67971.3624360496,27888.0491966781,65896.5065100249,43936.3348543801,89979.0177988295
"P03588",840295.582120374,59911.3750242671,85716.8960469223,542368.642231512,24358.138089329,47177.3409657097,26709.3707020607,283294.601990312,22755.5088506056,18120.4242130575
"P03589",1670742.66465172,151558.623961947,32999.1571071164,772692.302797486,19969.7279647984,38813.8303921024,26968.1694701112,181159.325998858,27673.1330720138,28740.8750269181
"P03590",1118098.50431923,57404.7958842345,91217.681091386,875527.021853686,24915.2532479918,35841.4372080831,26128.2401532158,163618.029526669,17933.0530072534,22467.8887361737
"P03591",1046419.83200517,64402.4172338491,56722.6297245435,1301022.16240827,24055.716719283,43898.2586284211,26297.4315129769,298443.602586846,26660.5810785235,25500.6168433704
"P03592",3682304.45901691,235291.43575324,10213.516534361,149299.162407407,15416.7351772751,21813.6429264642,27536.9136769219,16344.0181606525,56245.5008458158,123753.003412277
"P03593",1623825.43644732,73190.0557694105,67673.6046679191,711174.850734783,21080.856126921,50963.6269171369,26084.8519782556,406354.202834898,22889.2286105107,36827.3918347427
"P03594",995420.267738085,128237.998237445,35351.8411697512,439488.830206042,21587.268751586,12662.3999468695,26868.2191233149,246632.444642928,27353.736769243,21417.8270033311
"P03595",4681396.08505537,604452.010718737,3998.90032429127,152472.514993183,10783.3378370196,12691.518305259,26600.6820203023,10665.7137333031,87654.7493378836,184478.737760125
"P03596",2195381.9832005,543197.743081315,21896.7752180545,95356.7957548196,19515.2641058698,5552.5537800962,27900.1031845696,6078.72996418249,36377.2959051783,37014.9527679266
"P03597",2391292.45641958,83032.5699351119,14953.3767994152,1289824.21606265,19581.1596558422,134202.696196167,27295.9140145617,362393.501848313,60072.3866977226,115796.969994472
"P03598",783815.808353905,32750.1686036611,91859.0901295355,1982496.87026207,24053.5966732706,128495.311001297,25466.6889737133,1117962.97430908,14527.8408067406,14502.9812871588
"P03599",2674686.19421726,240457.695502891,17822.0019862538,248111.923288,17322.676820584,26290.9789463377,27926.7407585949,54732.988814333,57153.4073222143,88488.2363231396
"P03600",1382861.31465998,248595.907711651,53610.8669149401,267215.343151167,22405.0441034035,11846.0476340292,27327.6763667237,55541.7778312234,27801.5725266274,48670.4093577183
"P03601",1157079.01221546,146588.065271209,28663.7074383615,482700.925443387,20712.1216908872,42261.5774846606,27149.2460317903,153675.388838894,35294.8570983418,35440.0034374934
"P03602",2287095.98581751,425221.742202885,16585.5190718071,128506.54164596,16947.3972573133,7699.62833408229,27910.2980032497,18723.4098523608,53498.2664323557,70009.4692260589
"P03603",2705512.57419967,259667.514393669,15193.3420722052,147979.007639918,18485.1434047504,16857.4860901486,27840.3126724288,28312.3972204121,53976.5926399643,75528.5233675531
"P03604",4697137.58709627,930509.690663071,2754.88043693835,24390.6826377086,10283.3752870653,3092.47399002143,23957.6771245057,957.029683253822,89601.4546100823,161479.549900304
"P03605",912621.832318782,48372.2737865917,71627.869892653,1547649.77675928,23208.0308545074,85007.1239604104,25515.4169777679,424058.142157777,18660.8984743639,15464.5775024785
"P03606",4415471.24867551,626083.222632057,5826.51027441829,64810.5466867287,13170.6140121548,11056.0271146889,27270.7208812668,8307.94150477542,86722.2634458571,160914.013800616
"P03607",390972.242208627,17585.7532694494,350897.623242704,2722733.90676526,28420.3956648315,138030.9248501,23513.8185857154,1009204.38319702,10869.042946685,10910.5211832784
"P03608",1839525.16995774,196105.686177023,33534.4039647133,301530.851397495,20713.8471997303,25145.3743034938,26656.444338533,46875.4723619327,25524.2375360959,48739.7365128259
"P03609",382079.545716553,6729.71189235803,247556.523003042,13950016.2594206,27462.8650478604,738924.530584617,23778.2527343138,19770292.4059459,18173.9817849577,12601.4389098697
"P03610",2295848.33621726,418590.895121553,23984.4900876423,86713.4373266378,22237.8401277231,4358.61416579582,27932.3868333873,11692.6108704277,22030.9303633228,43346.1206527331
"P03611",1529753.63797932,137828.92522014,29724.5688138716,529496.97171404,21620.4354054049,47403.4337963706,27479.6201559817,224349.376701663,32773.3606293673,35201.7429101412
"P03612",393641.038659585,10389.1775759194,235276.162793124,4366535.73850549,26863.6174400238,248639.332133489,25648.1490324277,1798028.48097525,11021.9887451811,17820.9096509284
"P03613",2153501.40369284,88588.4145902769,20176.5951102191,1330147.83671335,19182.0722051955,114651.091417123,27475.6912659658,140537.454211105,59366.5848107781,71068.0066487752
"P03614",1864258.27598297,151549.462141458,47751.7596073299,344737.696254389,22673.5029669058,21013.655858678,26620.0831818152,106738.072959952,23045.1208764161,43449.8496388754
"P03615",2708185.75127823,315721.529638158,8388.70040827689,215595.905134279,14956.8313985182,9984.36486604397,27924.2614801567,31029.7743563882,60672.323474858,146884.564990697
"P03616",3162072.57156646,322162.264832321,11751.7713934592,510546.034178122,16076.3130763855,31908.9350352783,27928.7664539119,20291.4459622165,76212.5662263781,145974.802561435
"P03617",4439906.32941606,775552.159695514,6528.77435917004,64304.7426718769,11729.9670209828,4702.44417908992,26243.8109101276,4168.28648295014,71484.6889434611,153457.388889743
"P03618",1417915.39274501,192173.522625228,38185.0800026683,514787.332681457,22236.4170715208,25456.1763430586,26703.423245853,60068.3297479789,25273.9486318567,34576.8661018902
"P03619",997967.295016556,258502.95250142,48962.547911731,155514.03831307,21257.2015247619,26170.0114093953,26804.0513466399,58247.281447396,31793.9730695728,31195.3037972276
"P03620",2762974.64212142,65038.0852141867,13151.9715385607,3242780.51377042,15520.1540098446,315528.826259649,27791.3813541962,687725.3019712,73045.9693257482,144504.144938669
"P03621",2373181.11952686,337066.688560242,19513.5229954234,85089.8484466653,18658.0478184405,10101.5525221382,27772.4525269612,12282.7277570339,28942.4095592076,43866.4625944769
"P03622",342502.446987389,55214.1922649205,236763.232789304,400158.317006827,31120.2904109945,23169.2920492792,22945.7395437746,231272.833302615,4362.89428021307,3856.61704889158
"P03623",3142372.56879162,348629.291243357,15501.5073592021,120961.095980269,19164.3196541937,12024.9447107842,27932.4222787131,16394.5406343925,40677.5098165169,73677.0608813954
"P03624",1523361.57475283,254991.691883539,25486.0462703622,135752.391941064,19731.2494879149,15044.8975494377,27794.3637677978,15076.0745162991,30543.5981698657,48202.879056206
"P03625",2426664.90660976,383613.82290696,17953.1457515935,75311.895033947,18700.4400530887,5348.84051241677,27922.0143555345,24640.4073461861,25738.0850386014,64902.6874812683
"P03626",1097396.51966059,35601.526017193,61437.8043296247,781949.06751981,20940.9612931605,111512.519476025,26302.7631978316,624821.890232206,26763.9964602398,43316.3454775697
"P03627",3784952.84980875,208816.86444462,11949.7116962143,159648.037857176,14563.4148747844,16959.862109964,27433.6389541417,32797.3597260763,56518.7812222563,45811.2912512371
"P03628",3668134.65182963,266837.616655809,13704.3553662427,195518.348475124,16090.0227644277,14817.8058151457,27906.4009769216,37375.6419935158,69029.9749339854,118091.742624
"P03629",4698014.81660322,800634.695607066,5399.22547262616,57506.1367350804,10359.0844181795,5217.81052835403,24608.8968195196,2207.72523495928,99112.8803135492,185994.923142976
"P03630",839607.589131998,73859.3260261859,63277.3414527142,1021401.7477276,20827.4173432448,56210.633893866,26978.0030205867,243622.113411713,21735.4414721487,32462.8054348034
"P03631",4477441.19564421,908760.041718408,6768.84074119366,25409.9649035565,13644.5494506411,1252.15564079141,25880.9911826999,1355.05353217003,64073.499949004,118102.907890255
"P03632",420924.274940222,7557.68791879961,130079.228447292,6289273.19343275,24015.868302777,294817.481875816,23566.5671345069,17080264.82705,17819.8771226171,11669.9855811122
"P03633",2375954.73371985,48005.499387347,32781.8023876703,2261302.66950523,19805.9105834246,158609.554260012,27594.3089292955,453091.417991327,57774.0122796312,64989.5752246455
"P03634",3741018.6514695,258499.03884717,10664.404411956,269890.845956273,16002.7724176572,15677.5458669287,27931.6026200351,23398.7220820516,65853.1111303112,127875.013416636
"P03635",1534206.97623983,34347.9824850867,47087.1035457547,997668.352290437,21563.6795563025,76323.3921473633,27549.9548070281,939250.237338177,18876.6529632507,9914.0056710304
"P03636",918119.864337468,134448.855823372,94664.3340229285,359694.940494649,21388.2138993381,22316.5093817114,27010.2429224867,138214.919047252,24124.4502630858,21080.0351365883
"P03637",1567320.57352254,57025.710045739,31053.1437657697,980318.162967226,22413.7414174173,104776.53484705,26626.0582095887,245242.926822858,26762.2771002298,44196.6316072781
"P03638",2697231.26743394,69760.2224052582,9548.9920423608,4714038.70013597,15385.2132787385,238438.573348924,27876.1830736221,229123.763825964,91587.8727158705,147937.082487237
"P03639",294960.880610212,9133.83489228431,746993.380581616,6756159.02893871,31456.3566010017,412594.089518854,23643.3647441577,15669883.5331449,8513.5219647322,6656.0067801898
"P03640",709545.671632856,41216.8844205047,108071.340619375,3237883.95344886,26506.9707032901,93133.7837125519,24487.7051014293,841053.592787696,15208.0959262151,13757.0485109242
"P03641",662025.187539406,24351.9830766247,65134.6568709613,3150189.86970781,22144.8337129564,169238.074911121,25831.9068672196,2339871.83218547,17763.917226469,25455.3289853387
"P03642",212480.010777435,2493.15201689694,19030012.113631,1049529654.91711,138436.185587028,121278643.674044,22194.7600739611,7146933687.53563,1053.6337512505,2352.06792281541
"P03643",2610564.83210158,111208.952566609,25675.8459982795,841592.401105691,19971.4177532263,50539.2746050056,27649.8638731844,83711.957623345,56796.6073424907,102896.929308817
"P03644",3163555.83225816,438698.335681591,14688.3823490167,107486.925495091,15546.5124018737,10400.2576630425,27929.5174064332,7332.74655713568,54091.758898278,100667.972432648
"P03645",226519.685907509,9461.07944834425,700579.040645528,6361831.86508982,33600.1206190157,303687.381261505,21495.2964611299,30189436.8241507,3901.7542880001,4901.91402499913
"P03646",2078394.45812104,73813.0288318595,11499.4566965595,735859.050347542,18059.5724916723,53859.1391728578,27929.2809971646,104190.605677202,55056.0429363034,100996.045361937
"P03647",3503331.79781601,21687.5285211185,10967.2950819303,6166105.36926761,15353.9230510967,535574.481754522,27925.5282841769,2381175.7763002,74199.5761776074,22673.0910509027
"P03648",228649.479410095,7205.87227904707,536837.307170638,4105430.72709294,32892.9097878095,214368.320003695,23106.3589382574,3113654.48102655,3875.83754683805,4849.22303203043
"P03649",1535117.15819947,50173.7842963575,50231.6199171887,1620325.83141857,20794.91492642,88578.0491061486,27070.7195336705,578020.218379125,36494.1440213804,44846.5557719331
"P03650",494451.41243737,60792.6495460076,101276.967357275,769303.552379393,23872.7350935197,38124.6640192729,24742.2647227379,516854.9664126,15871.5909645152,15994.0574403982
"P03651",1168525.4261177,32342.4713886547,67103.1881942785,5766030.71034095,21582.059127821,374940.123731998,26435.9759939918,2743690.09610364,33933.3610097065,59690.1783801699
"P03652",2059723.90534497,144180.122967974,35109.1538717673,579354.50654664,19120.8247331801,41675.9086269678,27818.4949383674,49261.4416193293,52178.6315004355,67374.2575253131
"P03653",200534.866322409,2138.64160505508,10282745.2085601,234785799.954389,116215.430447007,38001304.1133274,19541.9269385983,1976338750.67359,1061.51157492905,2212.89456326837
"P03654",762675.30272416,34090.3966742023,87789.6538761967,1771124.65490177,22494.3819047371,149041.703385967,25513.632958022,737472.178918896,24235.1034834154,22838.1027933822
"P03655",3789377.42206818,292739.656651769,1771.80931438094,830842.226415151,7066.23131760594,38855.084567511,20021.8227950678,81098.3764334142,92645.9646467789,146878.562021457
"P03656",149727.845176829,2138.32360210378,6249581.86155795,185937899.815067,86327.6030999019,12159269.948687,19632.1459940125,2283992326.55589,1175.75154014584,2164.76589084949
"P03657",1904868.61298651,381299.080846019,39825.0374073889,146448.798329379,21176.4184252593,10732.4217356765,27605.878044053,40521.0429993851,27333.0910207521,28388.0286550754
"P03658",741781.822927972,46723.4927382595,82361.4290401757,1128045.08294738,27404.995055136,68263.2449690649,25876.2616079466,439110.795722601,18574.6865424657,21037.5670548287
"P03659",3599568.90765351,613987.197839269,8728.67675576632,58434.7105062357,15763.0855388042,3226.86304894667,26797.9060037259,3091.73658358215,60016.9293782725,110328.549178846
"P03660",149567.83664024,9758.14732750421,1698154.09010678,2976857.67183199,48270.3651087118,125591.988310957,20339.6048336432,4955640.61139056,1912.22861129222,3735.57960490042
"P03661",439191.411224492,11006.2818115507,262185.5637595,7446807.85305929,26696.2889561567,341017.551531312,23422.6535481168,11468746.4510429,14527.2443192324,9417.22698316351
"P03662",932865.583191395,23270.0932575736,61063.9070347415,4716009.91694632,20806.4782904378,288007.189138392,25383.8236888944,1741655.90920929,34004.0151494922,53464.4470074507
"P03663",1935474.88171576,79334.2218799278,34291.2467732917,485704.135686076,22007.2339507995,43139.262245817,27180.0568418662,139895.243465345,29898.6674889053,30948.7143078898
"P03664",3542861.44434419,499939.37302447,8673.75505523596,115874.515287589,13877.5691410632,14760.5330313397,27759.9329960205,17901.2628072347,67537.7398337291,156319.971024792
"P03665",4328024.50792027,377008.751649235,5460.735577678,213150.391822996,12456.6690826976,22724.2274165617,27403.7281174413,9328.35229247685,99667.3142789809,180705.575869647
"P03666",3619824.82532328,449454.241301318,8656.47339499243,139423.468153114,15494.9123048934,11939.8100872358,27738.6270087618,6720.3109916501,61031.2658160892,146154.822941669
"P03667",3041876.54215163,618255.058726478,16445.2168027661,50558.6707258361,17924.5416814268,6876.34411447358,27916.5341643148,21476.7816836945,34942.5630262153,61881.5749027592
"P03668",2223773.1543017,57374.5300237637,17390.6554130778,2577792.5240891,16732.730486062,172331.94858474,27916.081144912,333818.582402737,77691.1220952928,147876.154836859
"P03669",1413768.31255778,228062.770264945,32834.5513655365,228100.99408278,19796.1943905674,17626.7114170318,27564.3247502703,55808.9875678479,44121.0593073386,45732.6083838258
"P03670",400552.440189626,7584.29736841624,245033.428359025,10662387.6490295,28938.5391002188,690412.224767656,22257.7249836419,13302168.8364797,9670.14026575598,13339.7844903658
"P03671",1410136.03558713,93764.8118345367,33195.9753852471,574882.775759107,20757.64686742,68206.6542751294,26190.8903570963,137958.420191779,29859.3861700907,52335.6257783556
"P03672",169405.203070222,6665.87977739538,1548407.27498346,1630436.44388462,43260.7528323242,80906.274698151,20058.5368508329,5111575.65035773,1676.83960800183,2444.66539362643
"P03673",706525.345531436,18858.1175537908,64245.0199898401,4293717.06484784,22934.694729672,158273.998840765,25013.7359511256,1598539.20822976,20714.970577549,23097.8265951804
"P03674",3140870.36574066,386532.634506617,17490.1300821635,155354.790836805,15734.5829571185,10558.6183672101,27916.2911814777,10175.1218639147,54028.6834994589,108453.788814641
"P03675",368417.716940867,40980.0090819827,178139.189108896,981986.304580659,30360.8525606185,65201.6130929571,23781.9152466008,1686091.54994633,5876.72070658372,6264.23935704011
"P03676",2842862.28003371,327481.010085095,16404.6388444654,164555.772860356,16397.3997744911,15040.2040889707,27884.7963406278,20274.7816534656,62581.5203585251,103344.01958957
"P03677",3885298.83992968,666918.119224257,7959.97172464584,87570.0718410616,13235.8424368158,7048.16791092115,27643.4072129518,3714.28370938014,65638.3778009229,150769.863440884
"P03678",3534892.50294215,928422.796528222,1804.63611891108,26708.0797949026,6287.07834597008,1717.5416096358,20026.5802140464,1040.5153090275,99510.6841004362,182511.542312882
"P03679",163958.845985105,2199.18761494535,5359911.68196632,380455420.505366,91560.830366353,78467871.1689208,20314.7836804766,3360981880.87043,1527.90367710304,2166.08662921213
"P03680",396629.061481896,3442.40339802566,299453.219746158,39783524.2521774,31845.3093636785,4449600.36598041,22126.8435354031,91344615.1001044,15263.2269058007,13419.4360851114
"P03681",540847.74882638,23882.143492543,198966.329239684,1516444.89631389,27929.0578614525,196806.684109552,24442.4643825359,1446328.84484965,10383.8846230304,8453.40694011264
"P03682",4296689.63294271,908180.759021988,2050.48106801525,20104.4192981593,7447.78459371633,1969.25320110696,21300.0272881022,915.977060975402,96940.4867392899,172764.80309861
"P03683",422047.893919881,47582.0759492318,235172.260742729,624819.850000858,32255.9225021645,56412.8793899851,22576.8495653844,717507.477902794,5014.71989251739,6280.04736075128
"P03684",2381861.86201588,295269.942852709,15594.4778054547,100842.713970726,18305.2114659415,10397.4037786515,27932.3358266885,24073.3101339298,37921.5461106772,38413.6185823565
"P03685",244545.147245914,6343.93500508759,392640.037996448,11294648.0660754,31825.8462117748,990798.037103096,22487.5648937213,20483722.7745866,8936.59161833773,7223.99480123483
"P03686",4036362.73580452,640906.9307846,5218.49614115637,126989.458546652,15185.9170901837,7810.40202629646,27169.583679359,7673.32247471875,77967.6398651873,132988.719430007
"P03687",906549.76419131,433415.867465303,64001.1378570658,215550.919651703,22196.2449475566,12337.9355110246,26479.6552670816,9476.41996319725,29261.9763006845,156366.369566765
"P03688",896804.351102243,146706.63272012,105097.908229059,387411.256245035,24389.9308249629,18029.8152807715,25413.1988573903,68051.028599856,12626.3173117844,11654.0737156293
"P03689",1530761.64089221,77266.5367482792,28813.6431501099,547405.188277303,19969.5711886885,45839.643928902,27226.4616136994,96996.2566496689,29471.5214493036,52296.6995743011
"P03690",1965871.93248679,194497.633483981,18559.2501204912,498845.022188058,19801.9925917731,36547.227649329,27651.0095452976,84622.5971357513,43571.0179874785,60886.0164256342
"P03691",2219695.96804486,159549.92943197,26512.6624287096,543926.56892247,18625.6214839591,51680.2398314015,27289.1741729953,168013.78543811,52733.8480493616,93908.0850592461
"P03692",185610.718027145,6650.16238698128,483399.249787026,9641124.67925414,38140.877835087,561584.580789363,21216.9795359737,29371832.2486503,5187.14788847991,3973.23181859028
"P03693",3914778.21365129,154782.827594533,11686.9063418154,369750.908166491,16218.5783237248,50045.0966106076,27785.5640784617,89782.7322632936,81647.3467335695,147455.689373877
"P03694",2567168.61248962,502453.86911257,21894.30129833,98059.2983142501,18112.1791531389,7327.91424818336,27927.9659539673,17996.5340991361,43965.8750494455,86979.2298223033
"P03695",4665010.5504377,773918.760530042,3755.32820471205,82160.1903767086,11486.9255616283,6679.47449901932,25396.3549814278,1920.34260928354,97476.3087520278,185857.675977329
"P03696",326951.704161574,22448.3846973724,308533.752394443,2042027.81706599,32116.5088096008,108808.119755848,22638.018965591,1048404.27643284,7914.36022486167,6501.22671884886
"P03697",1797453.9822949,233547.717564448,33971.0444662924,220967.774378957,22215.3911834381,16156.6420021156,27664.8940200344,50405.5609032522,31461.448445381,66250.1492914046
"P03698",1407771.68524788,161939.772164588,35354.5754096031,398058.580152526,20286.7190574009,28107.5478542532,27393.7446420369,61668.539454185,30604.2545808963,25762.5944124845
"P03699",1270836.95827047,181011.659369651,33865.8590647611,149324.026342602,20433.558980675,16373.8448666536,27191.0545140766,41641.7267195054,19973.3938793182,41366.9834259297
"P03700",1080061.55053937,25427.7984257078,77145.2590917276,2395865.36796863,23341.2741649891,140153.766862233,25824.6418226427,1440687.7582129,31968.242805668,22750.1472816346
"P03701",2298096.38786126,145333.763600374,35710.1915324798,385521.100882346,19606.9534085621,27874.4203434185,27697.7637922345,83374.484886504,34375.4441924479,45800.6039268859
"P03702",2107444.21983379,60183.7853981781,21838.4355356523,2522348.55181649,16880.5188945198,125794.580485632,27241.0665496647,1086722.07741651,51577.6474370479,126009.737336215
"P03703",168893.979333361,10550.1373744889,1520452.31146086,2338761.79975605,44005.8686607318,118146.822879067,20421.7961679023,4163407.54186387,2199.45452822276,2452.8978985675
"P03704",4678290.42092421,916934.612792755,4444.6834589697,41898.0382430023,12401.4349081542,2963.13769554258,24440.9602241368,1458.11774267747,94601.3212903867,177562.737767832
"P03705",4635750.4924075,399990.858876874,2604.73732007634,514943.443065324,9923.79801365523,62501.4915987187,26406.7459378363,41715.7542767652,92414.0007483,167527.153058336
"P03706",3695198.50927998,597058.114379544,4249.46612009308,85938.4824203177,12443.3197528606,8647.4437555856,27507.828909766,2339.97603492696,83101.8626584019,154770.44341861
"P03707",759801.200490378,40617.268099119,95573.3137089548,1197521.09587427,26333.5798109091,58474.7870873402,24671.6906746172,644318.5057141,10146.1558220252,11023.7490124911
"P03708",909414.94867385,44892.6272243738,92033.4117880401,2321675.76195287,21229.3483199294,165551.606199457,26037.8021916614,2260557.42234799,24737.099382586,42185.1903223457
"P03709",561697.142645378,15610.7475708891,191369.922711813,3340685.25726682,25907.2179493303,278214.68852514,23337.2603637336,3514964.19383927,7932.35958089977,8820.48177662879
"P03710",3608885.45154636,534880.032480789,9395.01670663645,103980.988264927,16166.5802838558,7091.52562694222,27495.8315409171,10217.9339216881,55054.2858395353,111839.182287202
"P03711",584753.895792391,20503.4406410903,100697.859404862,2254024.42081601,27831.5286737945,153763.430877412,24398.7630178857,1305064.40802637,14391.1815395137,23098.5785988567
"P03712",3584281.86189184,292917.893337557,8234.76329283956,285561.005734047,15527.6557249606,36992.9645147997,27791.8261713997,37961.5658750015,74782.5629754806,137999.840844736
"P03713",4531859.32967087,817282.856760715,7477.13047444969,44211.4438075009,13243.4595645482,3013.21421509114,26325.5602897798,3033.06711822076,78569.0363840877,145173.31923795
"P03714",3344390.00578508,555316.783554736,11933.0492732974,70779.7922935061,15220.2695826011,5550.31981178152,27608.1624561068,3805.98747452264,62181.4072044642,147232.891780829
"P03715",4695764.35805094,444466.593401521,4527.98104157242,261253.861991767,9975.78480423837,13859.4486230322,24864.8012447763,9761.65544213387,98396.1465227637,185896.511460141
"P03716",860918.105975979,808203.213360529,428.145832977513,107406.639784656,2431.74061450518,7548.61972149293,11288.6557588591,2628.99491759459,40353.6756266493,171688.179745728
"P03717",4167825.81623636,528776.758365924,5410.71040832802,204750.588863898,13652.4160199893,24409.0851977267,26989.2702708372,20250.694925458,91767.4219610398,169888.136384256
"P03718",1273953.57509831,41668.4331798493,25989.8534110688,1002152.72187415,18562.7331422424,117648.787077717,27705.690054662,133117.386569921,34465.537687027,72507.3443914183
"P03719",250026.236540882,6753.22772859619,550933.339064223,7714957.65828131,32345.3720465517,598041.37913476,21656.1276016862,22985318.2630565,6325.39323849831,5104.33414854096
"P03720",2606773.43661131,318853.00364708,21044.3306380113,457510.771611031,16573.1846442319,33426.2067148073,27874.6840392384,23343.3282396331,55795.3722322905,119162.365349459
"P03721",695552.928384237,21084.7157862941,46151.5582097606,5693013.96870269,23645.3380461929,335721.581888541,24702.4855363671,2333101.06413443,33768.7220756164,31500.5110301387
"P03722",145152.868750511,2131.05204440862,2805216.44667748,217340621.5019,51909.0695814134,24678007.54822,19270.8315386139,1630586884.8146,2013.67160633396,2565.02939482551
"P03723",1407896.49090841,242739.913690432,30837.022995771,302044.203739009,20817.2071475558,19487.7380970375,27244.3108987301,56391.8963014503,27650.1541818162,36531.7993241539
"P03724",2641537.13225575,543652.644856645,16121.9117405236,79230.280991279,16691.7585251267,9077.69613716142,27885.3150559953,14845.9813634351,55494.6497887747,94563.044069154
"P03725",3736784.39436485,435615.866357057,8056.23932396996,102969.265566549,13988.7799375554,11605.4100521556,27477.7570222756,6795.77993683861,70555.4122838471,132584.224677788
"P03726",968516.226918679,29960.8388364655,104602.64851951,1445949.94690857,25423.2397095044,124064.882700782,25182.2697471967,764578.486917819,22805.8751409079,21163.269330087
"P03727",948811.515465961,84781.5717104437,134346.123859324,437991.940639608,24363.5323884985,24089.371069706,26167.8837591217,75669.8562350697,11231.9476508496,18590.6819665759
"P03728",1694547.20726539,49373.8734405361,71256.8608948587,1575803.39628302,22055.0588852404,71484.553386488,26332.5626191184,416434.034362254,26865.274504201,34198.2214873673
"P03729",185469.066528991,7072.8161932927,1422572.55244328,9543100.94780715,38650.7479858808,425705.466023285,20945.4853101031,40662478.8408005,2718.5393244293,2701.23032830212
"P03730",486946.008289254,79347.6980296848,162472.625489397,1378239.17075117,26983.391348643,52317.1775349909,24093.2713188767,467277.01492665,12800.4827593856,10577.9231527108
"P03731",3635826.86094078,485041.967096102,9475.5300529952,129224.761205777,15833.4742063654,12642.767468009,27767.9461183167,9237.14202618537,69208.3089578021,133154.558354909
"P03732",2329171.71339246,81508.8187296097,32452.3536915877,451564.915954559,20261.9270115742,32666.9121095459,27923.8479113524,99354.2989692004,29232.2500033679,44260.5521369405
"P03733",1428319.29534025,137049.346399361,42800.2888769521,449969.424692147,19601.6679946196,23940.1700564488,27226.3815614596,52483.378698094,24060.1350822442,43020.8356596734
"P03734",3922798.34750414,930924.925850062,1824.93765682506,27323.729498906,8809.06405378754,3013.29271156154,23544.388751685,1222.62017238582,97763.0069587703,177335.015039982
"P03735",2676892.68994036,349866.759776909,15821.0705522181,326058.261657229,17144.1423500611,36793.649620559,27850.3690265161,70092.3212268411,63675.7485045896,106967.394615518
"P03736",488582.795132966,45878.7838071198,136650.779610731,1538155.63598588,27366.8115544018,48694.7622683364,24744.4702067096,574709.689796591,7870.08225408523,11908.4825163556
"P03737",1030405.33038243,16024.1516799928,52605.8427105897,6797170.9071102,24812.5153620941,637196.598253807,25480.3412171967,3619077.75168667,34343.4684627529,35242.6443896194
"P03738",1615488.25731363,175022.607345794,78932.9714216673,298035.626022927,22589.9284848677,20168.6187848527,27400.5211140296,50329.6287567943,22307.3649613523,34553.7087717926
"P03739",2486421.32010303,118291.795659447,18494.856643709,589577.898526712,19491.5876384216,52886.543940819,27631.910133291,113985.759270085,58372.4718392405,67699.297607421
"P03740",2445095.69164458,138535.148175942,32023.8982590124,443238.764630428,19650.7686764604,36525.6253069081,27690.0364554583,96767.8183102507,53144.9020566004,53130.9605052992
"P03741",3082148.4458905,416484.536685504,14070.5927838997,119384.238864103,14598.1941942258,11566.6367219806,27634.1632524292,11126.9706034018,64146.9420072424,99142.8249965317
"P03742",3840269.65399224,207295.045252329,10479.9825628473,659599.350896509,14752.9634537163,75744.4396035629,27855.33207533,79047.2792162356,80428.4111430949,158444.369781321
"P03743",2976867.21623941,42135.2422104666,20565.9678073528,2389847.97636367,18380.2131133266,147668.5966015,27750.3999680149,851687.99657766,63961.8288356793,97744.6468160801
"P03744",4422825.79585233,837409.775817905,6752.95958224916,39445.9496405545,12860.5494991718,1722.42496471953,26926.5960636261,2407.33191493458,62897.8927148482,126974.387996432
"P03745",3369610.30034358,454269.295722681,9934.52296184684,97866.8811866644,14797.2195071589,7164.74763696002,27916.9575444284,7231.12290609295,63142.8443817577,131929.413808412
"P03746",159915.657618858,62205.3763163502,1239604.9700747,1276243.32626577,49868.5420741544,50977.1345770232,20478.0264295401,516028.781947452,2962.85182222205,28114.09622537
"P03747",2002470.58094055,49170.9755169531,34254.3001600107,2089506.54633935,18185.7380694387,188081.75201464,26880.1818578785,794563.73682963,55499.8459695556,124008.721799636
"P03748",589834.88440883,39316.1167149401,122482.959682436,1675173.95786407,23685.9522448822,72179.1050546852,25247.7772405808,2139905.68147055,17233.0084482442,16748.9829304411
"P03749",1840929.16922361,273153.749504895,25912.991686328,232613.229750848,20054.5358299868,24679.4389184999,27776.1578102602,54592.7782534715,29510.0275718103,52061.0678109477
"P03750",1922752.70995816,239977.248449238,29732.0634217807,890733.013792627,18661.0641226131,49838.7543170004,27670.0210603641,217794.620153691,47185.1308962108,85407.4168570793
"P03751",4546547.97786122,915840.23342122,5438.08884518148,24621.3961139044,13178.3662097173,2566.66438178438,25438.2069209654,1623.19058619517,67408.579894218,154639.844329916
"P03752",529646.03357221,12848.6377577798,192296.012065851,4007522.89411796,24654.2867766747,129559.502625952,24647.2525057823,2521790.26218428,12245.170844585,17700.1686300137
"P03753",1274322.83415224,46922.987534743,60592.7001091309,1044680.14906424,23643.8094440127,71765.6991027952,26229.0051803571,330308.532035478,23996.2684127936,42779.710616074
"P03754",4655196.86743836,682304.483177014,5308.10931740903,67354.831133056,13242.7877589279,6473.98687612832,25620.4273507099,3876.32359431708,94218.498993369,154350.576329428
"P03755",2446863.52193682,213747.609236056,14002.44497801,519733.452745739,18763.0949437425,18328.7741880856,27596.2894195222,82727.6849114897,53801.3515837924,99052.7825122394
"P03756",4263182.20170627,867315.987326503,7391.14611414945,38593.7901622446,14974.1206884028,2782.17612894563,27393.5477756878,2132.47688554944,72633.7288341445,136244.523539645
"P03757",1230551.04984275,43303.810528935,27066.8800215042,1098528.78591164,19474.8169015616,154049.520751165,25974.2878490441,967107.096158771,46507.5463626877,62780.043396152
"P03758",1103862.45267087,101877.913431607,43152.2245970882,852380.294154328,24398.3864068635,50693.2432594603,26778.9625033788,216450.48825404,13873.8790447198,23338.7651155507
"P03759",1371578.85440703,19494.8233693054,41169.8088754093,2137520.39691243,22068.5699401247,390358.664144307,26834.1386519034,1434236.27420175,44551.8786532645,66018.0671192937
"P03760",3440843.43904678,555203.561903229,9029.11225100429,52036.8088248259,14851.8891219563,3893.03608453903,26948.7374337196,5020.87061808783,58444.9711113549,90005.4879306
"P03761",3840484.11248971,513628.736938239,5410.79443683873,135180.483881185,12764.1914670929,10195.5021192143,27205.7156421573,6938.79906305826,83664.2955180732,159466.652408125
"P03762",2556879.15172829,221164.369959997,11943.9483835862,295971.889463206,16790.4566522825,24990.8565986485,27923.7741123987,41965.2261373755,72430.4768639079,111302.077807066
"P03763",3294746.44835813,238382.355148015,8890.0088316143,542787.634120348,16458.263746625,28538.6652271375,27909.8582560858,55187.7703820176,70426.5150676723,137052.031616344
"P03764",4174151.73403932,425761.480130745,7006.79032289271,183869.777539435,14189.1185413484,14612.8053253692,27513.8231032937,19049.3763343493,81677.9079765048,136808.130646873
"P03765",1235795.59821621,171698.32781206,38365.0773311776,320992.797932003,20589.3843886516,19992.582725,26949.910862476,57545.0152491117,18360.6887249203,30638.4635767461
"P03766",2296955.04126005,428554.82996635,40573.5325915638,105270.295437585,19363.8061993188,10307.4200199277,27878.5338707355,10224.0462717159,30020.1898529419,41492.2041659587
"P03767",4218059.91185633,210584.810196372,6011.55436303608,977014.17583523,14220.3945867836,88262.9638246618,27541.027092588,92408.1454677937,91178.0143347504,163005.217530841
"P03768",1019745.21701112,79273.7613819751,121514.29308297,533684.185289055,21122.4695744606,41496.8725177859,26051.2807811049,306743.571390259,19358.0736222121,23045.0272419223
"P03769",4540232.72404418,839450.641034597,3289.47331489622,29837.6280932485,10474.4378673505,3412.1584117823,24481.6667731755,1419.96336596364,90443.8726643109,159764.972179571
"P03770",4638789.24156161,931216.111942302,4274.64827641351,21376.9886032107,10002.7716679123,1599.08596440142,24177.2422555455,646.904345782457,86993.5823915656,182300.444844023
"P03771",922220.585869562,19356.1736571834,97762.6657104795,3192165.71742037,23351.5346469406,224473.118502048,25349.3473425932,3236708.08689333,32572.5844685322,22170.1837540132
"P03772",1699666.8640232,205133.927036473,33356.5369826106,126890.071832274,18173.2707561973,6877.11027192279,27867.3134040147,21120.5604785973,22098.2339057375,28147.0292869756
"P03773",2359816.48407199,149401.389689837,26926.2356651861,1473373.98543648,17672.2125600419,140557.060660346,27406.3638512846,455554.452295054,57838.4685503686,84914.6464094033
"P03774",370277.690942226,5366.84909308309,193947.776622234,28032156.0653692,26341.7806400686,2940576.47951717,23994.2996210235,34055986.3465439,18369.9064313222,25696.1128855887
"P03775",3408134.77524093,197059.043720712,14242.0302962072,275339.876738296,16229.3674834334,17447.7615863481,27932.2686824234,25152.4393574446,53806.3793337531,127675.32029611
"P03776",3745682.77300593,212510.408226477,13843.2408853383,534704.609490805,16015.3964336771,53641.5830114635,27861.3419170515,29866.8286802002,82496.8121140727,149887.585824704
"P03777",827016.780976046,26942.9628848738,72669.4211698854,3262626.60529063,22856.7701844519,183001.635561503,25740.9248038751,1930728.88809685,26695.4892396052,26311.8261691906
"P03778",3220778.65502265,394056.898246273,14299.408192534,211395.094774721,18702.6921041005,10416.3270270715,27909.2179047428,15427.3004802348,54294.3334164145,97595.1225808927
"P03779",1986294.02279003,149717.484791383,42260.350312717,471329.975112814,21542.6782864748,47097.1134374018,27615.9047035504,234865.518629489,28648.1395728118,52002.1007414683
"P03780",3748598.67986031,441302.158710206,16840.7405190297,315668.855843717,16755.4461365117,22171.2404941398,27906.9123840091,23272.6798613624,71697.6229294163,130151.250792881
"P03781",562158.402242163,40935.3673131926,114372.931494114,977876.318944151,25070.3361180033,62503.8510817521,25913.4403464365,238672.754029932,10751.2639471374,12110.1584674046
"P03782",299110.228365711,7108.29793700527,272008.169682023,13590006.1262906,30206.6178922318,1706488.66498057,22926.8941573348,30953507.4339443,16650.9395449739,16464.1133014946
"P03783",2249754.91864593,581424.163399481,32527.5298760345,26053.7354014549,20309.3630143417,1533.31866541295,27873.6062986169,2481.03912810948,21342.1041092888,19346.7524269746
"P03784",2116865.61692182,218760.601426024,32965.1990735642,192336.196282458,19450.0518379031,15952.4270024959,27681.0538059715,25983.5974911027,35691.9955674184,46795.3631785363
"P03785",4543263.62854907,392482.76227188,5497.54254165598,297837.518682459,12307.3936757676,21091.1601447605,27263.762594035,13278.7729361647,90748.6761953394,151336.826068073
"P03786",4685581.21543955,907375.143115053,3037.90920842463,44758.9536285324,10677.6414795183,4456.95047105503,25369.9375427615,3721.70891775106,96006.6296688234,182481.584628748
"P03787",1957575.00193308,450495.531341948,32671.6552083482,104309.993728828,20781.7206140858,5700.49658017601,27884.9041376614,21855.0372815882,23549.9144122061,43167.0981692876
"P03788",1300606.06128797,60224.0839086474,52273.9785270301,990806.776730635,21959.1206155686,47397.6062457219,27036.6176337938,671141.444771771,28023.107743344,42036.8790861753
"P03789",755697.529215344,97858.7891670621,63667.4531033842,901144.985091921,23493.3077600224,48017.1610772328,25769.0900158315,152045.05973088,17021.1849109595,20009.1135004687
"P03790",366445.013982131,29520.8656300822,301050.357654209,952275.28963714,30641.7140104616,44183.9848564665,23637.4821602203,1473462.6454574,5845.14850920572,4030.25090670327
"P03791",894745.73632244,67212.6334744886,56701.8714213303,820326.359705314,22278.0108731043,74377.3061069868,25647.0138842077,423446.875192802,19435.4941135546,26489.7362620196
"P03792",2031095.96142582,418289.239915735,16038.7729979037,63863.3145407206,18409.1974709422,6238.13061389141,27916.2942419625,9226.45292182695,43049.4961705578,63435.0664039934
"P03793",586984.34317817,9304.98519731136,161466.512689053,3945482.99108108,23233.5661330322,306876.489556245,25167.1877079115,6929706.68889889,18154.5814596576,23628.9772858159
"P03794",814192.809689294,14756.5885071418,76880.9108211164,3206256.1008679,24147.6019837397,224241.072920729,25198.7170093627,2895458.90895723,26744.5586204059,38765.7932538538
"P03795",2798894.21330969,77142.6704154025,12761.153930601,2220445.78741867,17177.9709251265,100233.694864403,27845.1940932865,205117.323121015,66517.7297410313,103198.841111869
"P03796",1336104.42514587,276321.989960955,49562.2938916695,133712.903639225,20447.7363216968,18669.7079993797,27200.219295591,43135.6877769909,19164.9707451459,24117.6232811159
"P03797",1998892.15578369,98505.9375448211,25600.3090083063,531723.121943874,19511.9498232866,57676.8198852754,27439.2659225008,137829.576435799,38208.452684103,55904.8273318074
"P03798",4296447.11202557,632096.384887967,6591.53708575254,89588.2572479762,17465.4255660618,7924.44626008861,27556.219967661,10346.593670375,75004.5310522569,94978.4511275495
"P03799",3910979.94835657,489716.120457786,7723.40345352769,251033.869270397,15739.0863984852,29752.4495087761,27845.1976001064,90538.7729126485,96444.9503084728,156421.167008216
"P03800",2665317.80190579,229861.315852313,28659.7788948152,139764.225493206,19464.6069993752,5558.08965935103,27929.5450072872,5620.28895030677,36041.1478567189,52192.6559688813
"P03801",2685546.32550703,24205.1545826971,11704.1639514724,3054670.44838266,18127.0140303995,147144.88500099,27685.2970729609,1255631.24159908,63133.6183471185,22108.9653394599
"P03802",2276203.90447952,215960.907294929,34269.6684002003,147726.654725073,20713.4120616292,29179.4843225882,27813.4918627253,95202.0291125929,38560.5011021064,47703.2977152508
"P03803",898085.274053539,30044.8099842198,93780.4839247763,382961.810144695,24818.8384976079,38692.0103907136,24861.616509978,622629.77522438,15708.2300872684,13497.3473186124
"P03804",968639.005559195,80593.1374291158,73079.663375473,888156.147472708,23518.0046104917,58914.6048059481,25475.9535197118,432397.936097013,16556.3361444754,22371.5680988748
"P03805",2388879.92633466,230701.508315196,16944.7010252594,211790.240112968,19807.8032343245,20370.4449762326,27760.3819678458,20501.0072897406,39980.6171788433,67918.055152887
"P03806",1079796.47822725,177412.535870498,40831.9019860566,544746.95076366,21057.5755890031,20861.0591604138,27143.4484229206,110529.810637232,21446.9205008463,32486.7035477255
"P03807",249043.331284163,6814.07640758905,330785.896992222,5413093.4067072,29357.2519307714,431591.746157558,22335.4075069434,11523462.9831527,8100.0210472933,6796.44852649932
"P03808",3765023.48324898,365151.416316899,9878.36390894481,520869.366249659,13037.2181284229,44748.3793764605,27932.372000242,18121.7627171922,73030.8198216014,138958.835675462
"P03809",530124.605147336,101455.986345233,89217.0006223167,354420.399166659,26166.4103413028,14040.0806187702,25340.98988741,182371.295971177,7253.42245230723,9477.0703905372
"P03810",4447376.95196533,836735.533898519,6344.33424115277,60964.5066441273,15199.7701614009,3319.11608744573,26806.5483692155,5708.31165010225,63533.5054086844,140088.56988245
"P03811",1086404.82979579,21406.998510929,50621.5077563012,3012917.25539743,23822.6065785569,334546.853904798,25730.5012510173,1624194.45104434,25062.2476849326,35709.7499374761
"P03812",505668.813087625,24524.1005393704,214245.616679347,1654802.70695686,29535.6039343879,120600.444620549,22891.7388405481,689843.810517939,10348.8518428624,8833.08327758064
"P03813",971764.452171925,138885.706924657,49447.837365197,286577.378578903,23047.1438338635,13111.8566857069,26580.1014008803,91945.6359063803,17101.1044850401,19376.9415150609
"P03814",246810.318641219,4128.7516966631,395447.640397283,45064689.4314803,34200.3570142428,2780433.02016648,21127.8231582136,74953317.5562529,7695.83700791984,5716.0321795899
"P03815",1199744.93260261,46130.8580524345,62130.0162788259,2851279.83515397,20667.3465116802,226699.997406144,25428.6121460388,520669.906627361,39504.5737884159,39752.1221135451
"P03816",1510146.59971421,209575.975247176,41350.3286050871,429593.037446886,22055.700314578,27307.4877314298,27006.6416261432,78022.6648515369,25600.5329161016,42632.1573723718
"P03817",1301399.20792324,27383.0637466784,37154.4243924878,9102462.03710149,21611.9769764045,476827.103322445,25692.661299742,2710704.21861045,40998.7485819799,80668.4832053915
"P03818",1431003.23260801,125552.619143279,34974.2617814018,441409.594093137,19001.6177455003,22517.3268523311,27636.4602945427,86330.2598420126,39115.1030288785,77767.1756301555
"P03819",144898.070116929,3101.94061319892,2244203.73941207,15056879.430012,67863.9313423304,656704.666228658,19389.9177692561,67434893.504589,1165.72238487688,2182.65419518769
"P03820",638773.846110264,89847.9883977994,147932.326792552,478106.350016129,25832.2084683268,29692.8634043087,25609.8030214429,153739.957903703,11061.932720341,7381.85821051391
"P03821",2064231.75318643,131324.983620707,25127.2030780588,1315028.51078291,21035.1966178033,113588.199321473,27295.8329208345,216395.311248701,55951.0257043231,90715.5146084792
"P03822",450269.054253892,682054.516496778,193458.300342698,47977.142892792,26053.0732940292,2415.1972692468,24848.6244922758,2860.41325848362,6532.54507691287,57389.758300354
"P03823",4698061.13008343,903494.366301787,2563.43785753577,53508.4059295493,10640.1945488377,4766.77271783067,25116.9025697816,2599.62383865781,99376.3848833698,186045.154747355
"P03824",1777251.44699231,155858.857491225,35821.1225359058,552591.138071673,19494.2962445704,26321.8482652988,27413.042539603,59978.1907240791,26719.4311021733,46766.7139174016
"P03825",583414.968642493,62700.744408219,94139.326919194,681476.013481761,27237.0883126158,57657.9302116355,25507.3067159057,401848.490159292,13910.3262490808,15347.2706974202
"P03826",616797.440125869,35392.2198145744,131324.915842877,1438215.81608373,24235.9305370462,117798.662818569,24834.8363527006,1947411.08905796,13149.669414199,19477.7780664326
"P03827",4379330.38174891,716958.422400834,3777.35414289711,75426.925278125,12951.4398623826,10428.8277544733,26653.3238820909,9786.23861061221,88517.3403075748,141968.117469573
"P03828",643923.204306419,236763.227164055,135125.104337584,98577.5240414173,24626.1656081846,4642.86924671571,25946.1323950191,34682.9291648185,9012.92136228877,8475.58593334415
"P03829",4116209.68278023,661618.538764204,7473.09352132439,51857.9433950635,15007.8556791963,4018.51454383409,26876.3498017708,3287.63659609959,73913.1212385403,107332.929826939
"P03830",571760.181118368,23999.1243920386,155727.360266859,833121.810138451,26959.3835495133,66739.8357688309,24468.5143348763,1333720.62377539,8892.33199121492,9857.66994584808
"P03831",2132363.54176185,217988.130401115,17641.8206850026,197113.270331564,16215.8167544875,13045.0204490945,27789.3412495118,43563.8199124181,47024.5225902237,86339.0417381085
"P03832",192380.907480843,3605.94266824843,636698.82456201,41166483.8703706,37228.7314428996,3340610.77198757,21626.1909234803,68659232.9858018,6262.30669749614,5811.57873203931
"P03833",438438.536198027,29672.6764447636,119862.943886268,1265087.91070899,27233.3461094883,72659.2100188871,24598.9418382015,691900.507367314,13848.4281934183,12201.6896823506
"P03834",524822.492926549,26473.779212371,109248.867472782,1435251.45041309,28626.6292094682,58312.9753839158,23740.5364084132,1322014.48328663,10481.2223849072,8563.58799862839
"P03835",561353.309977424,14202.1053884886,89744.4118984802,7217931.20366485,26512.8901680485,321267.86623202,23999.024343577,2514436.95218721,15838.2261544719,10766.7747944486
"P03836",1545329.55545486,173068.404404476,42433.8982194201,897549.660353754,19202.2032777313,37560.0288860909,27338.6491628983,57842.060101612,51479.16297886,70858.1205215895
"P03837",194392.357873331,2538.27258713285,13827273.3671339,796676662.786449,119148.952169502,114405408.886356,21484.3973133817,6581824652.76276,1008.45658324797,2201.68848374419
"P03838",468474.438763056,5263.85860433076,122915.321011288,24732078.468714,25722.3947879846,3117563.11059306,23117.5828532418,40549758.5689283,19775.5488557059,25166.4358964839
"P03839",2674386.93492252,396905.743812239,15579.8644581324,121671.172309497,17468.8599852416,7440.51930852943,27817.0521346386,18391.8497121188,43396.6402553199,55828.0252412113
"P03840",879245.069948482,73188.4504075097,110051.624640545,637987.066915941,25643.3627679209,41046.5257690975,24915.1907130373,410873.715270658,10890.3731282167,13426.0439778977
"P03841",4368840.97521177,928972.385605751,1548.32958283086,23315.1758686438,7708.37886858361,4228.42742051874,22391.0001741045,861.052224705169,98185.3752595115,157106.918525515
"P03842",1423050.32534842,50172.9383487868,31459.3782887885,1794306.79305024,20327.4287547913,67244.3699822565,26873.8388805247,201152.994538151,43115.1869224029,61232.3787737727
"P03843",2173502.67562378,21985.2184364863,18296.2283138031,2084440.30642561,18833.6855552444,170582.681838022,27440.9482295631,1527058.94203859,36770.191811483,16364.857184079
"P03844",254344.018804147,5191.34972265247,484695.446344339,9268043.66892609,34363.2990303537,516277.238416411,22041.4847798612,17080342.4497496,4268.45268666397,3773.53417448506
"P03845",900048.238042895,137572.319097261,70426.5083768749,592208.406890557,21529.2846743528,25770.7085441151,26504.0557851582,90292.3291081881,11581.3900118571,15435.911887804
"P03846",1740650.08396502,146301.116365094,29563.5448680785,1371380.93448962,18218.9890570604,96625.3239009411,27715.5199307923,361745.164043575,54092.9457256375,96558.3789829283
"P03847",2919710.12072027,135248.475697182,15181.2649027457,524588.100597468,15831.1368105642,65947.0850675187,27928.1944070896,20365.6956670411,62951.7337171805,108870.754162925
"P03848",145201.951356406,6390.36666127343,2185654.28847192,17842305.0360997,49467.7577566675,933432.071325581,19273.7531406187,44820406.6571546,2727.4033934326,6043.58855127845
"P03849",454583.252044627,9322.45882485193,395100.988757618,3030014.95942496,32385.4725729038,252561.799129119,22232.2664873645,11257222.6575299,5008.01660020212,4484.30932907722
"P03850",4603805.11102596,747174.417804665,3445.99168447913,58760.8480309313,11107.5673420459,7162.08568714175,25735.6354865541,3578.36659616316,89338.4949144667,166815.012479285
"P03851",2159527.27997285,258907.801096808,19617.2149582865,181009.855691277,17846.2594419683,11895.5449278615,27731.9387528567,28945.4022203699,50732.2991904016,59114.756394852
"P03852",601621.128662618,26340.8554749363,152929.533451718,3008402.33957844,26357.835962646,189094.764465811,23877.4215504678,1977635.53510836,13004.1810078277,14803.9868658488
"P03853",1264858.28793041,117095.611359204,36573.4309186304,295024.346189567,20608.0836787538,31354.3121992143,27530.5505675079,55272.8186074626,29915.6517133495,55150.5629941203
"P03854",387051.124444392,24821.3241822108,151555.538058805,2316435.67126011,25572.2693535713,129268.908761739,24806.9776773873,1283257.28879801,13120.4357937672,13219.7777450551
"P03855",2289558.68029671,155107.580965187,12647.0331136544,669981.354229572,17176.7774317154,44298.7625573235,27930.8578452221,37197.4236113432,61463.9336613472,110086.926596275
"P03856",877243.853888899,176512.460033456,108354.028177107,144247.26244245,20533.26139206,5774.98956372437,27110.2828912728,47043.6492606826,7521.13827686953,10177.5917820105
"P03857",687082.294896325,46529.0909951199,79101.9262911812,1280826.62557964,23088.5638700306,91788.7047398186,24628.5967872683,319361.3672494,17092.9690479291,14367.5998012396
"P03858",892079.368360209,115821.804530431,83745.2988354938,369698.961059169,24204.917995823,7621.09917050311,27100.7059728594,56656.9681315966,16898.173144423,15988.6449743679
"P03859",4529204.06077895,914391.133178496,2233.14047208857,39283.3290300416,9450.47741605911,5553.39803330721,23540.2656985237,1313.43867372288,99630.9157657954,181555.099114476
"P03860",218327.48231033,10349.391164477,596518.071343633,2757567.29063836,36499.2368716598,145211.455666995,22256.5584550746,7819861.22062415,3587.75485816525,3474.95982689494
"P03861",787999.776274445,15793.8197169526,73926.4918155095,8159924.85076188,22541.5645858637,524068.670169513,25545.232996242,3237428.86236685,44809.5396134197,46159.1892696954
"P03862",4229616.34007956,699241.834646744,8920.92619169424,160865.866726993,13234.7051211989,6445.64604687673,27760.2480510571,9581.71063445366,79697.4747026176,155918.187458049
"P03863",327266.61781081,12634.5364926974,204333.248116388,4694234.92908366,26641.7259132436,158457.450057636,24552.806776612,1456289.0553864,8102.35900693878,8951.101093765
"P03864",1274733.72115293,74500.160512629,65025.7284083745,662192.353376139,22995.3282434577,19517.568561005,26831.3158161591,49451.530317855,19049.1013515637,22219.1447022962
"P03865",3923682.02726256,379171.967613423,15681.2016929655,277534.282110827,16174.1179704615,24639.0938290551,27825.7832414772,83494.4579775643,65388.7698299718,135938.286873018
"P03866",636723.737340364,43759.2649246091,87973.0548450882,211780.408128695,25154.3218230534,9509.6165486108,26159.6290818401,71245.7895093158,11503.7102613672,10692.8510086398
"P03867",4670057.96527595,472704.352214055,5696.83990643535,105446.563476507,11278.6053821247,9696.9920493462,26299.2277236417,12296.8401029575,90659.0894449829,181887.517059732
"P03868",700114.160821149,57029.5857085504,109852.325103763,1184402.25573153,26301.7200211553,96723.1359541199,26497.9056555232,495731.508143106,17027.5678642299,20479.2017270179
"P03869",1374057.47898435,240053.274085928,46665.240634825,86954.864985721,22509.8577572256,7655.78518973907,27762.0641409271,43054.2241571506,13916.9578716217,16984.5990812442
"P03870",1489991.90214875,59503.9832026299,46829.8344666059,635826.202253931,21182.9746261868,48246.4392079084,26802.9388973706,142767.1768115,28173.0458009311,53978.0985561358
"P03871",1826557.57010315,114867.607715103,18705.8389628785,1461946.35938485,18412.3641395698,87502.0630794025,27721.1287609264,204478.761213829,74816.0048720428,118755.479995876
"P03872",3520414.86093604,616333.781198221,16358.294740288,70125.7783993817,15691.3239720261,7790.64851494661,27912.7623072983,8466.19043406041,56198.2727908066,65801.0791142033
"P03873",434476.226236035,6035.05013613358,144692.703059025,13518055.4118889,26639.3403877522,1087487.90708829,21771.8678596331,29347487.1837246,14315.6877444814,9125.22065383359
"P03874",4635801.02444809,627792.010236476,2448.66003032136,127355.346301336,9519.56476732976,22121.9500510677,25237.806726978,8527.27554972434,99517.8731778763,183356.527131557
"P03875",3277928.39812182,236506.985509165,19484.3653680058,107421.068601537,19148.9046702647,6483.67066311134,27923.2278248568,12784.7923378895,38219.4845620209,59838.1691013324
"P03876",1738171.91462646,36449.2934545462,33435.6630997787,4917517.64518491,20826.1995568591,352090.162926876,26107.5390525908,1054207.16684203,52313.0516034414,55328.5697220432
"P03877",1036664.65676008,168095.607402578,80224.7153219332,228435.077812822,25109.9348249742,12070.6760987041,26778.6865067887,34298.643545386,10441.3257366587,11281.7157182032
"P03878",4615081.98674835,893232.361079535,2323.28463408188,20055.8200078784,11673.7276649318,2207.69594896403,24166.1432164585,728.409297125104,92315.1474803453,180384.821512465
"P03879",3959078.85890726,616641.568487396,7081.50814059327,105332.582098912,14356.0349665667,7601.99845666016,27471.9339218144,11446.5097190089,73814.305149748,162774.452033204
"P03880",507113.783950503,28090.5934298509,161624.595698481,4160343.10973864,26913.912824958,305939.242440692,24084.9467561414,2008150.74211245,12370.8391953091,14185.9027567832
"P03881",572357.188414785,26236.3347778932,147992.823993003,1490074.67379795,24564.971383669,189600.200844324,23710.1338224953,2035334.16815706,14203.3455363121,15554.8048315208
"P03882",622350.29898568,28734.9121780286,87495.4062560534,3403066.96570932,25593.4701020886,151206.782878095,25628.4148531084,712575.43181498,21466.2431263669,29220.470441577
"P03883",1928377.96272658,104999.176165052,20019.2573464969,966874.483819503,16727.4217768588,78316.0314460952,26882.0815495604,67555.4308372431,51993.713043273,88408.9509870594
"P03884",3977682.18673915,452617.215519907,9307.39961961276,123437.636688231,15203.4188647895,7361.61987692278,27722.051707409,4247.29512330737,75991.1828532904,143918.143148985
"P03885",1241193.78474647,92364.5509788887,42425.4284286905,862035.132740254,21698.812309955,98918.7225075588,27582.9940825161,507212.999379212,37196.693617856,35251.0708662934
"P03886",4565511.00497037,927580.028760705,5273.54468246681,15578.1030839894,12103.4630214014,1495.05214830978,25019.3919216005,910.93856359758,72851.7933852495,150003.536166197
"P03887",669891.302288969,68895.4460610312,114579.225960139,956097.693649361,26124.6492568961,66800.7233739831,24744.7373699413,368442.434703053,10301.0479073733,10214.7510580039
"P03888",1479250.30972389,157833.449819044,42070.3586166527,487511.20643203,20052.2915933949,38038.2073369934,27624.9774940308,130370.289455642,40458.5900376866,69532.0185857163
"P03889",1814297.33975742,85275.9035210401,25549.9764465923,1444257.97820897,19373.6410657515,91833.710052264,27064.5817058351,230052.475656614,46864.345469661,54437.6552961867
"P03890",533889.783055037,55497.119244808,108836.133536384,479697.95278789,25699.3417397929,20990.9991286872,25277.6543019295,192810.795559647,7738.09303629279,9671.39994868518
"P03891",4673653.53970679,819488.015458165,6427.46067522667,51049.7379647326,13456.765108314,4038.00443969089,26371.3052235244,1781.40942820287,80980.537595414,163177.663387694
"P03892",1588550.77361466,83735.7215762302,32779.1068264189,845732.730283094,20083.8472307083,53884.3047890745,27394.1348304088,181943.720966683,42987.9259059268,53547.0729600716
"P03893",4698188.6812639,872973.891667345,4000.13088608733,37759.2541656486,12090.1292252492,2105.49520088978,24925.1825528568,847.470999222352,94777.0282431452,171351.227483354
"P03894",1075599.56342442,43725.486692303,73771.8063102872,1153859.05205072,21083.203602062,53108.2210975021,26799.4596788997,360036.665835826,31607.2881321308,26924.2664908046
"P03895",225476.326996367,5948.4918898716,764902.241023075,14354892.1440798,37013.3704573051,996257.117077757,21365.513221985,53153362.5558704,3941.44837462338,5205.90353487218
"P03896",155326.599806166,2132.26904977214,3690176.82965464,279574903.697265,64488.4010674106,23799076.4446706,19262.5033793238,1529115481.04675,1885.05101875584,2249.08098385568
"P03897",989040.407641454,20022.3024735297,103293.770238895,5711149.23623489,24354.7245832856,304001.250386894,24447.7862876299,4735604.26333712,21604.134557422,13497.3574921391
"P03898",145148.471962381,2508.20222893059,4605603.02703277,22512093.3194758,74094.9363790194,1609032.41783573,19299.0077787342,320456515.507127,1345.88939276798,2161.4691165633
"P03899",574879.030103145,37295.3993608311,146678.401380352,540281.639797371,25485.9535835585,31253.1254007089,25573.7709647485,329782.424479135,10479.3648614316,7846.35077925198
"P03900",673673.373083186,34975.0620556218,139192.573664917,2717241.87170954,24356.2650363053,109795.625007784,23510.5546405073,721807.2769323,12698.6943106237,19890.7274530082
"P03901",4494313.67692433,898561.970594656,5625.48834072405,71107.8724943128,12273.5571765302,5441.51198903783,25014.10729803,4244.97956320814,80959.9558971974,155627.995942265
"P03902",405531.394913783,58392.4225364611,264204.968807222,340658.587669726,27818.5295947863,34891.037668041,23769.2488957716,784396.215863258,4967.59192212284,5996.79626822036
"P03903",939393.590891576,104759.000228832,65908.5555833972,417490.633804572,24493.4490530645,27545.1219133141,26976.7877826476,168821.571859107,13259.742623838,17235.8083100991
"P03904",679950.572648325,18346.7525213665,76384.5789218258,1561705.04056543,24960.0188268043,148988.657423276,25757.2113564976,1729716.13295807,14338.8364230094,21190.175176529
"P03905",3831154.20944,479110.46320017,8551.97133464579,139553.083421583,15251.7130358498,8644.94921227043,27688.1712129181,7764.36828385089,69338.071682459,125439.654742402
"P03906",1299286.66161756,181652.511253648,40853.8050563465,216576.880859206,19586.0743027641,26786.2246307146,27240.788015739,24970.0795736199,30934.4756051249,40745.7603293233
"P03907",2559731.63065148,390292.174048222,39670.1309325764,124465.956622638,19429.7562633037,10060.6575995766,27898.8314865068,17759.8019728009,29614.6585388269,50135.1790288236
"P03908",4131858.0254298,397840.796388139,5806.83463335581,259567.844974066,11911.4704525975,22444.3668637889,26999.7443269675,13673.2542264665,93862.2197332784,173638.58078894
"P03909",4674517.82754987,229675.513118688,4924.80755253,1033250.21534648,11069.3009683113,69769.8414921298,26905.2588506311,70965.9357625181,99544.5291062175,185555.372928308
"P03910",2631012.8867998,234849.858231412,13892.4985477688,325179.049169985,18657.9982836312,21344.9017070689,27525.8406271401,87631.3763320798,48277.5196200089,124556.565519212
"P03911",1942628.11276034,252582.543052311,28177.4260185458,517929.390602125,19404.4629040208,36239.6161100205,27880.7183737924,26851.2252621337,39903.326461952,51925.216155715
"P03912",1494969.23665948,179029.11370917,56606.8669180417,477527.328323231,20486.5203005563,21193.6932837713,27602.3649277179,97262.6090311108,41410.7549508148,42068.2762654474
"P03913",2731648.45825789,410744.780112651,22251.3829847169,117313.992522401,18715.245899124,11835.304365288,27911.7409230258,10356.0630643299,46923.1046165733,68996.8675218255
"P03914",4463518.59331772,536147.732195567,5460.75438127848,245760.384384621,12757.04497755,17229.6253275701,27369.8796977571,11253.5376723714,87000.6638414514,176898.906062736
"P03915",2859535.77587762,151051.690121237,13422.4148748204,1085324.5319954,16017.940914582,49166.6770888486,27586.7387296989,95165.5135263323,60862.5839338031,138170.420555718
"P03916",2689186.00638982,202394.116887999,14981.8062964772,250914.720634007,17275.3224307188,40173.0826132424,27847.0009275322,57001.1806773665,59050.51998013,93493.2329037001
"P03917",175493.496366766,2144.01334466816,8738182.38827551,204035649.830296,121981.923502323,28892266.441428,20428.7888882851,1955100309.58996,1110.30601761743,2191.31617629166
"P03918",4378793.91309773,638024.835538975,6799.65031160151,132992.702054903,13126.1258328236,14859.1091535741,26762.9934510625,14152.3255991561,85297.7204466145,154619.001878738
"P03919",4609230.65838026,652768.273319216,4451.46810285251,130374.492344531,10624.2158136359,18611.8038664235,26233.2561728942,10195.754833583,99315.231200479,185131.109122639
"P03920",895401.7399275,119356.070639961,80154.1009158665,265814.381860078,22576.0227983651,17141.7891174509,26643.8344056456,108427.147471815,16917.6030196192,16789.3481221446
"P03921",953769.034705099,44838.2057570191,47019.8314022395,4959532.57396959,21647.5549247253,355841.812125377,26279.3886324,2539809.41264542,36801.7805797847,46391.8502373889
"P03922",312811.642515685,17428.2801216356,369901.278593934,1761035.50422955,30923.1388639247,214975.649323593,23237.929353515,1767882.81913447,7207.43298922147,6691.01602286763
"P03923",1131562.7807622,59017.9651715103,48857.2938512325,645857.453129235,19293.6041409116,36267.2209484511,27222.2310749391,121033.7335832,19741.4757635626,28165.793334324
"P03924",4697744.7486274,489745.759372938,3036.34108843804,63775.5147101621,10942.8450570465,9582.56058906746,25847.4201834032,4330.92401676612,87086.7496892258,171964.03035445
"P03925",1276706.88723452,137219.025133588,29524.9292099922,377559.230588819,20504.4312686806,35975.5222025307,27458.5977785102,145430.691955604,18611.867388215,37501.4191775125
"P03926",2054786.94896454,513364.700706473,21341.2041544322,182327.851926749,18974.047210222,6702.65784850228,27928.2796154281,10898.6800687343,35065.4311050068,37890.1019490728
"P03927",392887.976790722,24215.2385024128,241331.042285242,1636854.10888387,30706.0259682941,93159.7513210599,23714.0574495062,2172277.9525083,6551.06918758848,5802.12828815436
"P03928",4686035.25029079,675520.774101408,4426.12412274655,105158.976836883,10842.2868723151,12423.2359632892,26166.9010798338,5300.8765373919,98553.3983120083,184218.14861193
"P03929",205660.392858484,40795.3209390223,722418.892301951,725707.667725043,34123.3079283498,92689.0615432187,21379.5218056264,582699.82040562,4029.18623915399,18712.0103354796
"P03930",145244.116504749,2263.59177928481,2642374.62478158,115533097.251521,63747.0865299553,13469086.3244997,19268.8427025542,522173601.057937,1706.74014604127,2288.97347921754
"P03931",150922.100715845,2134.59153208353,5857962.42802692,138487464.929113,68450.2019001416,20706988.5570387,19394.8084722853,960537798.515758,1348.52162008675,2186.49808434687
"P03932",375200.763444165,11210.9018778048,216006.249831781,6698579.30131668,30804.1584450112,371777.719588964,23255.6446200096,11119637.0839469,8871.8539128693,7199.34889823119
"P03933",166871.893611222,2304.30746527547,6086060.00284105,32098900.981438,91862.9169137151,1548341.81164271,19310.9337512992,310656812.547504,955.52837171089,2401.93922628515
"P03934",1429538.33279101,83318.0085927585,45570.2106990243,1648432.86568563,20072.9779370587,98103.7909621627,26315.0102966177,1102984.98812867,32323.8454554584,36158.1646499708
"P03935",768997.191847426,20010.5210310405,121947.486115737,2137406.00081579,26075.5131066244,110183.867570531,25120.9311821201,3731955.66773759,20907.9511853493,22382.5718087167
"P03936",2858760.9026801,567960.452662376,30181.871842874,65612.9363430099,17946.0878225217,8055.90298975278,27912.2034858261,25275.0440750363,37666.6232180576,47165.4534240575
"P03937",940826.129137335,62110.9720520506,134127.946460817,803864.717001638,25879.7320351543,37473.2626770817,24701.8502386692,1182538.26495118,8387.06132335617,10827.6603265571
"P03938",147378.777239499,2246.76863769829,2884703.69340862,189975886.772112,49537.932122707,20623492.7726446,19333.7891981216,1015015904.87669,3023.17391564135,2750.42924490148
"P03939",1469183.11818739,98638.4860059026,46329.7135929569,1222315.7110534,22986.0016738745,82502.9599497568,27062.3425701628,121992.457327016,36799.8828436276,48659.623670779
"P03940",329411.749453479,24641.9991040559,388911.97346203,939923.602777504,29220.1835459369,49712.1494099233,23807.3526950314,1895855.84494271,4348.47356611784,3914.064355202
"P03941",1813752.25332754,192922.769053585,45829.8585924333,734836.159118403,20619.184045676,29673.3754000872,27122.614175887,49299.190469281,33110.0377878737,45168.4234281578
"P03942",494087.146954877,25655.5881342122,135706.659451527,3221019.0491466,25514.7194249866,143003.264119928,24956.973687604,3433766.4690555,10575.4758679913,10291.5341644652
"P03943",404562.994478993,24215.8264481505,259089.620372614,2799266.56819523,28584.1028297687,133066.987137712,24249.2632407267,1440922.71876175,13541.672589021,9863.50355219538
"P03944",3751325.54004091,375689.814804751,1536.37078016312,219005.919678927,7266.09197835256,31137.5326343656,21163.7358033018,12071.5845792182,96814.7614346886,98808.4354184536
"P03945",156719.793314483,5149.00463725563,1904112.7519974,6776926.71409903,47708.2888464916,254538.960896157,19863.3279367879,20780729.4728716,1508.8517936316,2252.53130010562
"P03946",880319.465291083,28875.9546172917,37594.0161738899,4190223.29021368,19477.9688702686,306516.91161915,25791.4345177082,2125780.33590429,57496.9371264891,60693.4101825033
"P03947",157837.942703858,3455.94301329416,1167457.98312995,24777397.7074268,40670.0850578747,1056357.71411283,19898.1445553434,87133165.1702713,2416.92970488854,2586.07097254837
"P03948",347787.744328954,12553.7745217017,455215.238314578,2603483.48122732,31412.4021183244,134906.973443476,23394.2706485471,11953492.2602092,6414.63484795851,8750.5699365255
"P03949",571237.614731855,24095.6552990333,168767.166907615,2650152.75149871,28345.8571066755,130063.494676151,23758.2330092998,4505042.85755917,8630.38485758526,8362.8240567146
"P03950",1806736.89451613,64178.6231953805,25620.8418425489,1215920.35368856,19352.3353514882,69266.4212304348,27041.0327085376,93825.0326325466,42723.6398992527,74489.8284298088
"P03951",165882.453604835,2135.33255644619,7632481.97243107,146631906.50457,102852.19822182,9103952.25564582,19965.941722241,2169590756.78737,1012.48830305444,2340.99378194292
"P03952",1785285.98845926,181629.268318558,46085.20438791,443121.984764423,18830.3133525615,32827.285846572,27117.6501066283,72743.6758767779,34134.3368467522,46081.4786249438
"P03953",1148207.78813712,250618.367115326,48613.7169588332,195553.779827601,18951.5661757955,7955.23363942708,27401.4095116475,35693.4753951938,23214.4202154939,35376.3489145127
"P03954",928171.417685131,71571.6482783653,43502.9913763601,1181077.85965136,22541.8164354579,110199.895910104,27031.8582610639,218518.609666136,20953.3565032838,31761.2810901913
"P03955",2466293.57917228,153874.991199912,13060.8816973374,420002.735102844,15281.9495830963,34118.3366717021,27909.4847364216,30574.5319099991,64314.4387346247,99333.7355316683
"P03956",557766.201943198,28161.7875018317,160504.591960845,2725065.67851092,26960.9501346474,153930.215470433,23983.6781065972,3774960.29737504,12844.0733708409,10712.0174296661
"P03957",2877011.9824227,270732.67944754,17416.5814475904,98349.8924738747,18678.0432998501,8052.47865008159,27928.8663172579,8724.33520645233,42589.4129644846,85730.4573951187
"P03958",1088398.74441499,109842.012967547,38968.4309624958,581685.900785557,21748.780753373,34919.7421092904,26269.0386286534,74989.1157298273,22630.4627453358,37178.3384913659
"P03959",3329847.36637875,748708.850554037,13037.7639279041,60567.6589199345,14640.0633338418,4501.38590006892,27770.9263732626,9333.96172431428,43450.0656098524,117404.185122507
"P03960",3102340.68283085,580402.669764544,14832.1419298676,82005.6042617529,16963.7885643277,7493.43840971715,27782.917617198,10820.8861815109,52452.9113114605,76782.0184325592
"P03961",1856661.50240834,140187.900212913,29060.7002538753,433369.248144355,18594.3017383061,33386.1441544444,27725.0754301614,39060.4204443938,37764.7996616012,50908.8025253702
"P03962",1355618.74680556,120645.411443235,37964.9740856825,572856.498819804,21027.6709447004,22326.2455726847,27208.7354626533,100180.636135168,25201.5383369905,61090.5437060366
"P03963",272577.841147197,6903.87630525474,157735.882747684,14988363.4532102,24463.4463805483,1166585.64682043,23050.906207214,16579917.5547916,14308.8324375185,10601.5805505624
"P03964",2711972.22141469,131204.336672534,17477.5019651604,706753.424402858,16840.8008734917,58103.2836257007,27911.9589869325,50325.1951472322,65130.1080803665,129085.607980454
"P03965",695784.490110209,33177.4504319669,73622.8444146319,3262651.26847995,25207.0679200379,135422.288503642,24879.9421752902,2245304.97514484,22061.7993678281,19343.798342823
"P03966",2490956.09505062,408973.450196531,17042.3132426219,314588.459746803,15545.3096906643,17749.2263014487,27752.1122687339,13018.359560457,66739.3082970309,77212.36489111
"P03967",3439584.19117526,471627.075981247,8620.9748472661,98616.4290529838,15909.0579088851,6200.81588247634,27554.7333937801,8616.09737491528,55086.8711035252,108532.502870508
"P03968",427922.953786699,47377.7554358948,295967.075710175,1534110.12763268,25513.8394790926,106137.803364541,24382.5596879266,1857938.30784639,8462.41887291104,11177.7875982899
"P03969",3115541.65369666,784048.894569082,21808.9615810526,64405.8584286219,17136.2892929912,2899.2680306343,27724.1493229736,2438.66109906207,43925.8882039004,175273.05229164
"P03970",256147.603473387,11188.887496371,373259.442443916,2019751.02321539,33029.4702451509,67697.8569644575,22404.2251804778,6365294.26234534,4355.51343468919,5155.55993578464
"P03971",1722235.72011327,237549.732304648,18451.2497309769,119000.448241879,22347.1824580228,8289.23089484512,27186.2631401224,25087.6716670808,21687.0502602706,53073.654673305
"P03972",990162.918135218,32380.6860262182,54469.5949876452,4054122.59625843,22348.2794968301,313415.27624091,26397.8197015739,2741756.54723663,35248.9511533399,40817.9555048857
"P03973",2604046.58596266,266977.18836396,16673.5920941927,374566.537469321,18313.4637445772,26244.1885689727,27916.1151571872,56027.665409634,65488.7122230205,88387.5079823291
"P03974",1747810.21513835,66588.8196846215,38246.1769505015,872053.76787974,21264.4116585467,79301.9971670437,26646.2258250787,303659.348162141,46479.5363368364,71413.9208470394
"P03975",2473369.77595969,412673.172962186,16255.0201421143,126128.289878899,18538.1271008673,7626.94511480258,27931.9665881696,6180.94096309538,51265.4794416357,85835.9847710185
"P03976",2677202.05964247,253042.032718572,11414.6588896477,240433.948906539,15814.5286182736,21199.6382062601,27830.7906143995,11928.3905207389,68690.6814655383,116988.691696816
"P03977",1091114.15477976,52873.4789241159,54832.9464204417,957350.811795676,22658.3889295023,59619.4361452844,25788.5525845413,239671.238651986,23870.6860255726,26704.9026866496
"P03978",3464114.44760537,576942.539661733,6590.4327666914,254647.30730518,13848.2685282224,9547.32238769438,27679.5289917608,15319.0740570361,75385.8181326007,168687.959080255
"P03979",1441075.92773642,111339.703636009,34231.867068677,343867.193649422,21491.0114821183,29091.1596295408,26683.3875831041,164063.806981257,24247.9984579103,38489.3294897185
"P03980",1126404.78751872,310070.587293362,40074.0753435788,104342.627729377,21999.4736072061,9922.92330023427,27152.656307204,34754.7669806817,19051.3841720348,19363.1193766284
"P03981",3144580.76593545,415859.971059525,12807.9496316952,111736.679556422,15645.3214862712,8991.47551580091,27758.900552112,9806.27234272711,54223.6073182449,126554.956074046
"P03982",4659545.72446,918496.228776099,2974.05642143633,70020.2337576677,11370.1550042613,4717.47122387598,24859.4750915961,2214.39849105904,92391.122747781,184681.008598701
"P03983",150168.963893105,11063.9684474888,2213467.19042622,5040921.47680761,52720.4343886105,180280.315147412,19663.650119674,13627536.1598892,1750.75462369394,3657.58578340378
"P03984",3606819.76896123,480286.819944741,5831.49318659495,151466.999296708,14339.4413837327,17518.4969356018,27708.6565931542,9071.8353313646,71719.2419409426,140318.914874587
"P03985",3053981.09460583,161785.763852318,13446.2089617948,1057116.8802674,14835.5008940209,196775.273203888,27802.5688335026,129084.483728435,85608.1004789942,130005.433049188
"P03986",4684518.44618678,923626.72771145,4034.19140305736,19020.5350253558,12213.2514181509,1129.48640454868,23041.2080166018,571.773989857333,74999.0249441918,152407.569031318
"P03987",1302065.23722132,44345.3913447836,129051.009705668,1711879.23238966,25167.3292652639,80666.2235182898,25372.0083036277,456196.86810965,17987.9005260911,16678.1848916312
"P03988",706613.404719735,653297.753868182,191421.140376745,33758.6821060631,25188.1413378628,2620.27392409295,25560.5204421505,3610.82892237976,11557.9932698469,70026.5771073868
"P03989",1152283.67922638,72651.5524100636,79687.8995391014,1017117.14429551,23654.8846077754,83224.321793176,26009.8434434214,152309.226384768,20126.0473781294,20818.4105191764
"P03990",998875.94039823,138753.196537202,56931.2743505512,227095.664823695,22873.8119922907,13431.5997507118,26965.8557918332,33618.0421721516,15128.3098602186,18453.9903101658
"P03991",919750.778526539,155027.830322328,62747.1761436482,394086.285349112,23094.6261388099,34069.2988312526,26490.7817878195,142072.578767024,19729.964013056,17245.3153958047
"P03992",482721.254433838,71909.0538964999,106755.353496683,262439.345450026,27067.5297530753,17073.9344222152,25800.6236470491,373103.626908443,8677.44768934481,8133.80347644623
"P03993",469012.874955743,13997.0026904461,126026.312734954,6977909.45106121,25029.2667915389,455919.062345695,24532.0002256086,8055691.10219745,17859.4386653008,12057.9668692382
"P03994",671080.5569049,21048.1654224816,190450.486169984,3736297.51738275,25058.2189378542,280642.295829501,24474.574911675,2414037.94832392,18045.932782656,16681.5685937789
"P03995",4414615.55438617,556541.621861652,2492.94607434097,317643.308256663,8737.91572804404,18899.5403434938,24394.561818597,5573.77839083403,84425.5454648725,159275.084410534
"P03996",3587675.76684126,555087.078912249,12228.4065796341,109890.518521417,14729.4700842638,12598.5693018961,27578.3915898389,13252.492084483,61302.7934925815,97463.0858336386
"P03997",2677965.11537363,413710.193658483,13157.1949650425,82532.5457682249,14938.1441705795,10597.5947062237,27660.723702563,5061.11076399918,54455.4386825372,112427.382439407
"P03998",444836.175519279,29176.0699249767,122942.699214711,1875734.96454616,26928.2542377976,124906.302506317,24493.9699425375,3669563.28268768,8891.79995719834,8405.8076800814
"P03999",328990.087919966,12420.1583939052,224638.551606126,6942529.06625346,28916.3926192373,489429.193753982,23861.6904356001,23384396.9662519,11593.0391206021,12238.8563649669
"P04000",1330944.79301335,150331.824637624,52269.9885352701,365574.454045488,21298.9430682835,15398.9888020178,27022.3355351346,49561.9585971977,26989.2297561391,36505.9665867594
"P04001",4692007.78659115,568809.05561419,5372.70451731349,88015.4202764926,14410.8852345847,11662.9215968158,27572.8564907072,6701.25448955061,76694.0616154804,163519.717135269
"P04002",4695838.12514852,690872.069511721,2971.21758334539,58475.7996029055,10783.7082391726,4878.63176087727,25019.2584888572,3105.07439224105,92885.3175637332,186038.992202924
"P04003",150276.461706969,2131.04289087199,4326950.03204309,308043127.554756,65909.9696335983,58554412.1591392,19459.8261662478,2009127225.97734,1658.52305876613,2202.12975869576
"P04004",668596.135786099,18907.8218790277,125575.064035963,3821777.0532986,23491.9985012849,303016.897385941,25461.7274329028,3284075.33227095,25562.1168501513,32347.067832403
"P04005",3720250.09849147,477036.819223701,14121.5011879375,188629.956869635,16131.1113703628,17645.8206694036,27685.2458207773,12866.4692552455,66597.6666001273,119346.96558134
"P04006",159532.771040318,56010.0468451589,1433271.11712757,634951.562197537,46144.6410982649,36743.6865645449,20418.5491768274,161982.110446608,2863.29453878452,12242.7552705843
"P04007",787540.47896574,41275.4649400046,113508.117607424,2498521.76094603,23064.0456666375,166599.818565186,25499.3219608075,1136636.61349389,18465.2584936111,18091.4430550928
"P04008",855162.575794445,35103.3567470155,72547.6818866208,882449.788238964,23193.8730895253,81734.997181119,25690.2203234968,940911.347878463,14789.3712949855,17043.3448833422
"P04009",4689242.51604839,932255.206363757,3500.57252078236,18103.8961044794,10074.8727458212,1980.7721741491,23324.8458134938,1122.74070055218,95972.8405133492,183695.283173552
"P04010",3539782.90568537,903624.995095444,1883.81393838631,81126.5661349316,6937.5730313395,17103.7866165907,21958.6421121024,1936.85836798264,87683.2420298078,137342.831435506
"P04011",323204.019154813,4429.66745354745,182199.658429993,16255844.1627154,27572.5410094713,2033323.49822931,23365.8255868985,46605536.8965092,11770.5158988464,9919.78872845913
"P04012",1717293.31742475,101606.048021578,45725.2992663405,580032.608663714,21815.8401876678,46456.4863611448,27557.9307205542,184264.823844423,32087.091581249,39493.2595353003
"P04013",1902139.86863149,280749.059127808,24469.8223797079,183467.260314165,18789.5926001567,16652.8053416887,27931.0941474871,30115.6261762217,38453.0658576629,63122.8942959309
"P04014",2918011.06408089,468224.278693529,21717.9614017632,93024.0357976276,16150.7830759319,8090.56205215588,27906.3689650834,6622.47346222292,43801.0731624653,51201.8097663655
"P04015",4470452.12978186,730321.67230943,7309.93493528555,57857.7911725563,15776.9115242502,3746.67584168791,27597.3250846207,4987.6307304812,69667.6248871318,122175.188494931
"P04016",4048433.36693808,312504.171733287,9033.28696761167,306494.08912114,14626.9360474344,29204.6938931218,27875.9788434449,26277.9534630735,72145.3764370923,150255.172958363
"P04017",1421166.09394399,36802.0742488901,33491.1757925485,2108358.20195717,20278.0304453439,148611.032178131,27034.6075053726,408056.78023096,40090.4077451628,59549.8863748902
"P04018",1748334.2563835,102202.628909066,44833.7100888949,1947068.33110541,18709.6367038349,160803.284745901,27433.0764307675,737622.19115856,32054.8404141522,60240.2266916608
"P04019",624711.758410768,25272.3777289199,175435.805428147,782912.601297306,25532.4955920851,54350.5863660697,26033.5927874783,1083430.75133983,8602.98974589071,10111.8781056135
"P04020",4600342.81866509,599195.541004786,4278.44572331829,97700.3880217764,11684.1798948171,7630.96938256751,23658.368288897,3821.00372460569,94553.2617896074,183311.763344736
"P04021",862174.802117138,31261.4817340833,64511.9561858442,2414016.89074369,23182.3723343961,169576.005513169,25330.147184678,889922.580033864,37490.5212405568,25567.7379885707
"P04022",283878.475325961,4953.57542873669,294504.815738943,8685108.01999805,31270.9919207065,625585.140043361,21777.0605937501,12098095.763383,8002.67087538772,7592.45207353357
"P04023",1941256.15147715,73953.1611056519,24652.7169494805,1261786.47211559,19280.6950821098,106326.67686102,26972.6740420104,670077.955820774,48664.5546878843,53402.3770425305
"P04024",1721802.75880904,166690.649080073,24149.2995960208,728637.293216963,19104.3974028335,29773.4107802166,27525.3876188235,79278.1562737789,34852.4950693954,44575.3640256428
"P04025",3784398.53979741,374634.231664064,7847.58078560439,315047.387718801,15429.3974092707,17467.7155348102,27884.683125986,14488.4437609383,75470.9227342734,141796.727666783
"P04026",1646618.63963941,250663.863931468,31685.3077243576,408724.058947491,21810.7216147957,21511.7763403031,27036.9255719297,51347.4628908725,29490.022939173,20753.473473287
"P04027",2402981.89821732,260372.609823327,28235.5059637554,187406.114685229,19080.9469651624,6324.12083392543,27142.0513459102,15742.0434171662,38015.5657257899,41170.9581581909
"P04028",3604895.65982916,333095.51475584,9912.53344029563,149363.646279244,15162.1511471618,11760.3481896155,27533.0794820428,30346.2385792037,69145.9905409424,104625.704421404
"P04029",323239.1140781,8727.716713025,178947.319632868,7850641.2224655,28701.1727797638,659556.417062941,23450.2320729487,6867619.95563963,12177.125467662,13825.0406147453
"P04030",1983558.23914291,49948.3222818642,37793.3282267507,2665814.74364708,19740.2479042761,343912.911283044,27409.8946783403,1475634.92322625,55139.2744607999,81428.6351889018
"P04031",476751.145913335,10547.084943666,135601.25746887,8678384.05606337,24965.4113688332,632635.535428972,24915.5735417683,6816177.06894706,21731.2263279165,21137.3049693679
"P04032",3409495.31202609,466608.32686729,10215.1617097616,111821.773783135,17513.4798800037,7511.3306966028,27893.2737222494,4458.46874962563,52543.7036977517,111037.716658156
"P04033",3483239.70522015,401622.392624511,6160.24058053869,199012.888160823,11743.2834950703,33537.9109190429,27318.1513652408,23132.0675653202,93865.5545802307,179319.230875527
"P04034",476177.755711554,56457.2275057695,126572.783191711,649889.277074969,24555.7652817652,73138.9269380369,24856.2754342409,1609374.79216031,10980.3099404206,10630.0996806153
"P04035",2942850.42677927,233654.30283894,12306.7506377801,344823.524409378,15147.2818726755,29350.4145273214,27892.4220572035,40793.2942492323,78325.4822427898,103329.293144414
"P04036",3077581.33925463,312351.178001322,13743.9288594949,135967.312528918,16954.1881608753,16790.6728331121,27732.4970714518,23009.6604018076,51355.5291932415,115760.595409612
"P04037",4664981.24441366,807544.969298175,4168.30428664724,52731.4881449861,10806.8712907575,2976.7793582525,26224.7709483493,3104.36969473428,94447.4346890216,181827.7006421
"P04038",4227168.50864392,406062.375068768,7105.50716444849,104489.460788752,15470.9970113292,9285.21274663548,27159.6567050321,12000.5459353668,65172.5407309483,148760.925044461
"P04039",3891004.29337812,75714.1254252073,9376.68327068853,2712654.28569104,17055.2344589472,430000.378234283,27912.2185227521,490777.274022495,87021.5853274406,161184.950256224
"P04040",525120.749627189,11834.027309243,166342.791084496,4190164.83471677,27545.7731030263,451325.748328235,24285.3039755728,5207563.3521933,16651.7867660622,35502.5024359845
"P04041",936029.278420178,49285.3814989514,83806.3650278994,732069.51023454,23582.1723614974,46986.2362299684,26875.6027814365,147654.561478031,14931.6571347933,27293.4723673833
"P04042",2218430.02384898,359570.302120428,27003.0099607219,78229.9371863944,19131.0056919018,3485.84288296971,27278.1184003946,25133.6554827352,24661.1982063603,31573.817660325
"P04043",144861.653812626,2341.08555265658,3657768.70095206,70757517.0053462,66773.3988783887,7625028.84926547,19292.4160996061,490747546.544864,1372.79129865476,2253.79709011323
"P04044",1025004.71476253,28630.9673507882,23240.1718023778,3526616.47273866,20126.3852856145,410036.809723972,26628.7993790088,2057548.90190403,41428.8313280554,47043.814366472
"P04045",1359535.79130038,164933.818272272,41262.3563956049,675930.707873055,20298.8084863339,57488.2786019996,27386.9168112453,440140.354407627,28149.8252771636,34300.1059069921
"P04046",539658.79946825,31581.1679259184,84696.6584555209,1403416.82157895,24098.1763812478,68521.5383777033,24846.4620960717,1086794.36956866,13595.575324712,15931.0846687328
"P04047",3316896.72192069,233355.481526175,13079.5380016516,702020.402111543,16710.9480246559,40948.265798917,27821.7231881445,71740.2378516706,78808.2205306237,156635.378125324
"P04048",665449.921249981,10412.1867715808,81459.8933307805,4427978.73297894,26061.8559196875,254421.993679035,24408.7634664592,5384661.28377833,13725.4186149596,16469.3995370846
"P04049",1858904.28858128,114452.540494755,15117.6947333862,424852.411693577,19660.0030822394,43467.2988267604,27682.4194253481,70886.6963894961,49950.6241501788,46201.7625211069
"P04050",1270910.88175589,84598.0669115433,47137.1628805658,811700.325980821,20898.6061173846,65863.6025884789,26924.1045911042,236153.961984137,30495.0866953786,34620.506351866
"P04051",1029462.22798415,69621.7136333831,43445.9358138106,782009.880162497,21160.2476749674,68739.5085759483,27061.2397486086,647558.552173712,35562.7464133943,37852.3524346116
"P04052",145918.335623771,2375.8992507097,2695481.0294871,138408978.178306,56030.5855631668,12795930.8450106,19300.7556877047,670445829.628789,2690.52318559512,2657.50488430749
"P04053",180815.044391274,2170.818717672,9933796.13878319,225927039.350378,102566.543167874,15123820.0601305,19527.7846556417,2035656473.63288,1010.89315544162,2173.20256645406
"P04054",4690506.6481352,787479.781736815,2963.99404435435,84776.8129670944,9689.78459675281,11878.8658292902,25201.5564046415,3384.44968352669,99350.6239176978,179746.078414106
"P04055",610826.752020852,15367.7927896497,155066.559127627,3886390.17211431,25729.3816262116,274685.669568008,23956.2115386909,1553631.60409369,13281.8907817575,12255.6429524572
"P04056",2263714.20421753,173032.211524029,26204.0731089895,700136.926748902,19861.0878086956,35537.5765810678,27411.3343537216,74731.8352692988,44067.0943663748,71147.9301937234
"P04057",346002.663187335,25065.2561168061,191131.326876711,1621607.679912,26904.0489995835,149802.834614846,24419.0488251204,3924913.38061605,12264.3656303302,12753.3832887597
"P04058",4664348.11302801,800432.419231999,8870.3049991009,30007.4379522237,14459.9475501735,2517.47619078688,26878.7002842049,2257.61101344699,52702.2703840161,143513.83871726
"P04059",374793.426235617,9135.99152113234,132976.127390845,10424404.9259954,28373.7835608642,654702.669974828,21952.4530515353,16647657.9501121,10080.9347250035,8533.246502256
"P04060",1162808.63524514,106646.685200815,42137.8186958884,581547.336078565,22808.5789723948,42548.4764539906,27159.3154506732,111210.259939222,27981.4955213515,34814.6276331266
"P04061",1201998.79439716,176972.936536409,55195.8119101672,221140.660802273,22141.3673004642,10559.0286823462,27551.8633554656,56202.8056857009,28618.3245487455,35418.4188262518
"P04062",3330494.5979158,320246.679430251,21994.5841696724,262267.651332389,17558.1376183655,14672.0052998577,27891.3146288152,16992.3645456176,50889.2191291761,88891.8892665465
"P04063",414491.920961652,6100.82808622152,282792.943515716,6037580.01575219,29928.6686847885,917422.617123006,23645.7061771591,21294850.9130578,11140.6808483277,13334.3678232911
"P04064",374402.013224532,37640.4890361029,257784.66866724,458681.847119843,28379.4707433582,25850.2974658494,23898.0000179528,579156.012558905,6954.99278188484,11584.3241671553
"P04065",1716741.4256341,320716.631656328,25002.132597963,65545.9121132509,19575.5091997881,5180.21076978506,27926.9717856849,11636.194565078,25377.4691561978,41783.6236331341
"P04066",222335.473593704,7320.77426006292,446200.762104333,9718692.60577325,33599.5904156255,486175.177271887,22123.4065109151,34861968.0492985,5801.27341489956,3969.23254355356
"P04067",1299503.51697433,38028.0244286648,55675.0785930081,6132612.55999654,22226.5463268147,224437.45665346,25994.5958103538,1663759.15669703,54149.66570593,54341.9177619947
"P04068",944999.15725807,43229.5734096256,54985.9555512775,3360006.81417171,21662.6134022049,189975.201077614,25249.3523746943,3744070.05231851,20960.8247219401,38525.6794117877
"P04069",420592.945228083,27736.7451096834,352437.214858273,3332980.80341485,28948.8410744899,204113.081634747,23155.43376039,1143082.17923318,5394.92931806233,6427.23765083173
"P04070",1505854.83074512,105476.421092079,27721.1783803932,490985.813780377,21643.3234352862,28426.6175118266,26940.3363119214,155002.001158018,25206.0981926362,31277.4351276684
"P04071",207917.155528178,3438.3614695894,638666.373900984,21158554.1675164,36512.1295653638,1096939.10975429,20567.6243186779,54858071.9487887,4936.98547731422,3819.24797518203
"P04072",3526142.95936816,220687.243527644,15443.0348669548,483247.684012619,15481.6482651174,72497.8800505164,27929.7569182317,39771.4701268142,75192.4343770473,122129.894233672
"P04073",3978571.95225866,841297.585570288,3455.64697009541,8218.97047470637,9685.68165040616,505.201177862806,19760.9845638353,386.256194479253,84016.1614362667,185616.662781249
"P04074",355316.554155955,12900.8958719848,138874.490241735,3838478.54606085,27881.6854906279,343862.311656244,23501.4161280499,5754959.92634967,8561.9177384866,11080.241168564
"P04075",2211216.24701432,84959.1996203536,34623.2347986527,988876.765178891,18448.6702491004,84378.7017832914,27246.9617397896,242035.944682349,50564.1885442108,69511.4112159267
"P04076",1501994.98894217,63794.1661819896,45662.5233234679,1009775.72020871,20657.6966365882,83815.4140199125,27230.2376601701,302900.588215747,34929.5603603629,52202.7366215477
"P04077",3935284.39024618,477599.496708091,6793.97736622489,122893.806205821,12486.0487496807,10133.6276884533,27720.2396704966,8740.55839222214,74127.874169068,147947.546309896
"P04078",2467021.4744777,758685.053712555,15826.7628121836,29432.1283801916,15294.5542895436,2205.65422447782,27666.9603921985,2630.80907749169,28438.5749655533,82850.2050065809
"P04079",2535610.95796505,644743.788553424,16508.3523639536,36479.1607509212,19219.2070525333,1944.29327955614,27860.7872773894,2601.22787333347,25434.1280693774,47738.9798288699
"P04080",1701268.17446852,102197.30977916,39904.3881455096,213444.815109612,21355.2218147237,59992.2898751099,27487.7047487585,106902.62349847,37880.2346489525,50096.1172795001
"P04081",1821859.4578777,78593.9326632734,43940.1867053997,968853.525051294,19056.7999115035,89744.6369196389,27630.9555348829,289715.945967142,57367.8448372052,89702.7306306479
"P04082",1738920.74096636,413101.288391646,44434.780789311,108584.351116648,22119.54177278,8120.98235831618,27709.0720787176,27080.9092440274,23744.1029486834,37647.9709383822
"P04083",2446669.40464321,381761.780904141,32445.6718568226,116604.186279492,19922.5383816172,6256.60828878027,27735.9333218164,17847.8816738959,25988.2049009614,40069.9702743696
"P04084",2916788.14000074,647271.585700885,9932.32684504938,38271.4192598663,16195.7399647759,2569.52972503148,27666.1461437004,3341.80441437257,37412.0649781838,85980.5578504308
"P04085",2090050.60271276,392246.209231681,22595.5099591724,98350.7813359009,19225.3251628198,6210.05002398722,27932.3856308132,10965.6021273398,26859.4921675479,35363.3086390852
"P04086",2468038.14750748,156239.391715482,19063.7293575401,303452.282888976,18688.1613742851,28536.4086235688,27750.9192937734,53338.4936393204,52496.5839934508,122613.406550755
"P04087",805632.359983202,13922.5646541623,103018.100229566,4359005.52302498,23897.5534881383,624109.545878658,24251.7839212529,5048373.38473243,24880.8971021225,27739.7443041808
"P04088",4507783.99319787,537197.904922492,6594.64132966701,223204.919769648,12510.2443026687,20758.747286204,27606.2017473233,9794.36176822763,96826.9821391616,171728.847102796
"P04089",1029892.3608667,34134.1317287811,55351.7230739152,1109789.33320239,22658.7616333187,66541.9435218312,25628.8619652179,1498402.19766759,28508.2008677367,22044.9624594795
"P04090",820583.996944699,50029.7039362903,67366.780838243,1417216.47433497,24512.3235322902,128763.8570921,26400.5220333149,433834.779270767,29733.394150509,21134.5578961028
"P04091",908999.796151826,78615.2044616657,73545.7573937253,2392062.09986767,21984.3586243789,225727.612128774,25956.844040623,654303.189946968,28593.8674030136,26746.52278081
"P04092",1786926.62334045,83532.5561621118,41070.7517313138,1105897.35647181,20592.0141364429,75409.0534447274,27115.0478088245,212121.37264415,52309.8058514338,59932.9273271175
"P04093",2782064.2715095,152564.065169076,24413.4896009902,707704.160814615,19239.9627553068,52698.8672188833,27451.7058871239,81545.2408025917,55141.1660691968,80240.0086992989
"P04094",3565773.1278174,640558.479440678,10608.0583702851,73171.7740671135,15423.3913481398,5915.05738702672,27814.8692156505,10993.7694450445,56400.6589618503,119995.459090673
"P04095",425237.491520177,34903.9179191789,192023.459186566,1695601.48848144,25262.6413440324,98502.6277563721,25286.7044030674,774055.860905333,11104.5638422117,11006.3986996125
"P04096",3010058.41058622,149894.786879909,10789.0377149134,592653.264548872,15669.0962385425,60068.8104168376,27896.918577529,73293.7108072878,80975.4606077151,139624.273788194
"P04097",369004.218696137,16274.4489121565,189363.494812242,6634054.1377332,28065.840805699,563323.715090815,23087.959497173,10269068.3376846,14018.896409371,10221.2232742803
"P04098",151146.622748493,2131.82895729212,3994678.85743808,442738096.184384,76995.6771705978,66750179.9085283,19286.4535728989,3570626290.58013,1973.0501669919,2394.86528400953
"P04099",3611625.5544333,542156.28438291,7001.97172744249,163228.995530861,13474.5220542914,6162.13214209375,27608.8328714807,17140.5407475813,69008.5234705003,111479.733777629
"P04100",4328687.39076474,484544.62992359,6521.02053162065,165500.136065237,13523.3121738418,17141.6968454753,27516.1419985889,13358.4699782241,95253.5894348809,186034.771693166
"P04101",2907849.33710732,591385.687201943,1190.3095323817,81028.5255804114,5996.98305752103,9204.47707712659,16316.575912029,3811.53066672779,95771.3872299695,139681.326307234
"P04102",4159880.63865223,737369.822509261,8056.32982002964,55434.2629236181,13284.6035893811,5704.06224725804,27443.3495396744,3414.21913404919,68792.8877339033,147254.157511804
"P04103",529493.40351309,7147.19808017307,111432.995501107,22539060.0805961,25392.1691781827,1556568.36088099,23340.8512538023,19933624.6594522,28309.6158104829,20329.5510043362
"P04104",1823641.06875906,141093.607242081,40857.3947160549,575784.57049629,20266.0855961661,25517.6221376112,27544.4377525269,75077.9180931619,31600.9227272244,46387.3526411381
"P04105",537313.003471988,38346.8693266238,128112.335001432,1578454.07496393,25684.970307549,83481.6350960307,25232.5278106066,734238.069985285,13753.0845344034,21108.8906211446
"P04106",158427.687839726,2133.96447195028,7395402.7791798,403520185.205176,94588.6510969665,34570620.9344313,19723.8547218077,2623226232.4344,1193.46530932953,2164.64748146386
"P04107",1342641.8017907,88315.8035036355,53440.0336151928,1372563.16487729,20699.5075968629,132852.600893588,27540.5719555585,777431.789973367,47128.4918932485,55703.7737110987
"P04108",3628272.63695111,360688.812057365,9465.53903430605,140080.496312053,16486.7763441182,13132.0561575884,27673.7740526564,21720.243513216,61450.3773517624,109530.267947501
"P04109",1446284.19682657,31428.7625046793,21042.6784664379,4537455.49325568,19744.14465684,259773.902753403,27200.8333204586,755240.290939432,57305.5838224206,71391.0852127426
"P04110",4696863.16116592,919629.839247148,3352.12720377401,20564.1553675862,12580.1134603441,1932.14623104571,24711.7602940087,1499.17785086279,73320.2756339492,178547.625052036
"P04111",909056.285595216,36920.0065956748,53389.7772731813,999073.278132118,21603.7873805368,89145.4635720832,26341.4080482887,245341.891433856,17942.5043417593,17537.8219981216
"P04112",2465059.48095048,78331.6689798678,32438.7203402655,1093912.45976995,18816.7242315988,51778.5725038673,27382.2788932988,130975.970455713,45508.3877555273,76716.6093280301
"P04113",1911383.50886225,398415.593878672,22702.2871410895,153790.250748385,20829.1590070338,10087.4865822322,27720.8498970108,15467.058300374,30503.2503144957,62134.4869990976
"P04114",4585367.465605,624727.180375973,3791.52782303842,102639.138844055,11809.3437722031,11272.3738972414,26485.686688049,1856.98086304903,98181.9233052957,185739.79023117
"P04115",1048484.3959036,58110.7086972145,84199.6252023214,677062.982296104,25320.6087838866,30189.6537957517,26247.3506380605,656048.498366901,13840.4184572819,17690.8672280892
"P04116",1785287.84382155,131429.142268908,65420.8649355189,208245.481751541,21115.5999994113,11899.2326253713,27264.6732039295,33847.8196729782,26466.7663414231,27968.4178413942
"P04117",3368135.67737296,293957.757224327,11014.9461736133,138365.125698356,15382.028906193,15148.1653793406,27813.2636554145,24457.7066364195,54182.3124231418,91115.2673234063
"P04118",1000247.33420183,102370.105102875,49507.3995681847,506203.537403113,23716.1078822484,43461.3995801924,26524.0678596181,218101.303611628,27878.420833929,35540.018410562
"P04119",3899870.92587722,594376.598884589,9847.22905580386,147002.794508032,13761.1825818771,9711.79531013854,26885.0126784846,15348.261433789,65723.5547075158,147207.970824552
"P04120",992582.363835206,6058.20034457202,77650.0600130882,2936686.26277511,23398.1736373319,210951.726221499,26292.8289070092,11474369.8284001,10298.6008975615,2336.44281292022
"P04121",1262331.95586899,118055.037790329,55765.2711844549,333929.995105057,24394.8404956517,11222.1057564778,27253.434038361,82267.7871882691,25191.8743751911,32575.5749915407
"P04122",4398521.31809278,609103.220586719,3684.9107561677,114293.099209292,12815.6005785698,13833.2772327357,27019.3574898705,7826.06544768705,79427.7956634486,175795.903903608
"P04123",2203329.01276604,227268.378255843,20575.0569278333,488207.88836723,20806.8617878672,38743.7635514509,27717.2536095853,45800.9427354526,44071.9226555053,60015.8122571273
"P04124",338892.958912211,7126.59612755638,250245.618002489,6637004.86786651,28201.0116738814,706649.164793162,22959.892369667,14323638.9055991,10128.4540754062,7563.44772636632
"P04125",532997.864139258,34655.8782521529,188688.948710532,608543.408895295,28974.9006486875,41799.55847069,24895.5176420358,386780.984641203,6910.52322508405,8984.66357053497
"P04126",775926.053203277,69067.9604479949,135020.186425011,345541.907347833,27807.2946164568,21889.9517374606,24678.3975101465,298412.582715371,10278.2775318407,9624.08532163088
"P04127",3351800.50784116,632607.367280044,13206.2732921962,114036.874113617,15029.9779752195,8131.76421024224,27864.9862152445,9806.49861757991,40424.2150685206,119674.933560903
"P04128",2930164.83768723,858385.465473359,14571.6393027661,32134.9660000288,15973.7539694049,2817.50563279184,27838.3266597679,2664.87295880991,48371.1179815803,56920.5633048012
"P04129",1618459.76669017,50615.936814885,45142.152989082,1640831.87370868,21461.9783192158,100010.970592704,26918.2333319577,735534.897638647,33666.8182872443,65406.7839989162
"P04130",2827970.871877,440726.298121746,13219.1603849207,101021.8127316,16753.8584781354,10335.0721228373,27819.2538836473,6219.75996007249,45218.1465635197,104877.077091131
"P04131",932756.372952332,72197.6012495506,73106.4711990396,944513.292506239,22320.5550530591,77746.3999489873,26531.0975872958,312811.219317151,20101.3065360919,19405.8735399642
"P04132",2855889.62988127,266177.56033954,15907.8539548923,300447.254799881,18013.8877717704,18433.1029345799,27689.1222048782,63492.8944785557,54581.3266590294,85733.6747570172
"P04133",1647612.81793882,142250.851023895,23441.0190902414,2379785.96124098,18888.4306590439,67926.1174421265,27513.7967413379,101352.420890114,41512.2412973008,69942.2538791752
"P04134",2511056.36710011,125395.761983164,9997.77081414407,1160424.80624313,17434.2247348319,78744.7669631013,27927.3803990559,283090.823389919,74882.910285145,145081.074598801
"P04135",4278720.2137907,663127.851858033,10323.289586681,66506.5075299599,14661.8168340454,8736.74824441751,27654.8010458587,4409.66173242511,62827.9564289916,140464.446940409
"P04136",3451272.55418318,497639.136320661,8351.01661798154,87494.2343655291,15064.6125597436,11806.6949335043,27918.0584004218,11509.7643029656,54979.4348772335,124632.751015067
"P04137",4622436.67462783,918987.87004989,2812.11287604127,20491.7166270051,7362.03145092073,1816.37528842725,22853.6729410804,721.79293891686,98205.4656866173,185393.723331478
"P04138",540536.875951031,24874.6966813386,187855.203069851,2409903.54739403,25659.153397161,111389.947307377,24503.6710894824,1329541.23957856,6173.57420741016,10144.8065126914
"P04139",3338588.94419083,112428.798381704,10681.1349316806,2641466.82535023,15625.5020460096,82087.1713590733,27896.8459618296,354515.585158527,72641.7152710897,131436.073526735
"P04140",2568260.57425091,230189.715490458,27309.0697450465,231015.645020063,19396.7382211526,19909.2733360962,27912.7034839089,24296.401226136,43280.7908391029,50076.8316873231
"P04141",4487122.46276786,931647.559795894,3651.01393407029,27414.6407257545,10193.685117818,1682.23976740593,23758.7491304303,853.977004288289,91361.8256541991,185640.234201119
"P04142",2100396.37021911,477965.903647209,21375.0149577857,54537.955218728,15425.435562215,5853.91297213771,27615.0306082393,9841.64026275734,43739.2989532155,67222.2313568265
"P04143",3653876.51683567,649230.114286398,10083.8953366793,90503.6154202068,15407.5169692578,5636.39205158899,27102.2642599716,5356.71409943876,63847.3090205018,126394.392950781
"P04144",2276117.63594004,103519.405219943,35187.8251527798,365875.974535408,21192.358558978,40470.5886810769,27455.3086107847,341363.255631575,27297.810232911,53849.0934823197
"P04145",2254837.14401596,51699.961501598,31109.8857426842,974971.704681466,19797.3164047215,78033.6571224292,27113.2111475375,366730.033015599,36168.9618148817,42246.4000919515
"P04146",475179.22115619,19917.7709806824,157112.861680624,1519365.17493896,27874.6579190122,139634.207006971,24776.6729936483,489583.114657208,13921.9610205094,15826.8607066376
"P04147",3485761.98536533,733118.195758597,9435.61474093666,54857.0315260723,14529.0269428636,5568.85217919778,27649.9681546621,4957.27135346663,55062.9215235271,95753.9438125783
"P04148",219037.800569998,10770.5205464369,386397.15567594,4289135.31902136,32452.2794837051,419198.771367534,22280.111431594,11204000.8650439,5961.25181575738,5571.29079514703
"P04149",1189520.86202325,44136.5351969693,47426.2197095158,2265100.3230173,22273.4945775504,123450.390388292,26194.5243336613,757545.651531643,32210.8177444073,46957.541418841
"P04150",3010837.31850493,387490.125296492,10818.6807658341,154680.855391766,14176.4613521832,24137.5455938973,27269.4940928271,15515.6981448189,83972.0915861926,158307.496920431
"P04151",757632.762880041,81230.2845393124,65240.8450227924,291457.534347988,22753.2074563055,31888.9904770937,26093.0955206331,163428.640726567,15227.164563973,17692.9513747627
"P04152",501711.483656794,8694.44580414564,185119.632485726,9975186.07289478,27152.5850313723,843932.740202026,24376.5981624366,15345928.2558974,24881.6542417698,21131.2869899197
"P04153",539544.789064157,15502.0786136488,157709.10029326,5713906.67695322,25797.268496391,476308.103506248,24484.5476423738,8086475.93192539,19145.4620486175,11281.0505727847
"P04154",3297777.84474659,215706.553735343,10346.4416032394,204799.966085357,15839.2677645704,24760.2567451139,27826.8937793708,43401.1534012316,70272.387814779,131014.881305319
"P04155",3729936.01503107,259901.075191392,1965.40292304153,236664.750955484,7512.84372839041,22263.4199854125,20714.8485846324,56150.3957996709,99624.0162494889,85546.2696437134
"P04156",4536458.38179068,202927.504897179,5427.29897327204,171775.572615957,11254.3743740689,9002.38393075025,25652.4617329706,15749.7648180472,73751.4693790519,52849.6745783916
"P04157",362201.935626983,23589.541470657,246855.399723485,3344440.93063249,26273.4667624002,134975.103349672,23793.0359265838,4817245.84035856,6979.56130780466,6692.88334567999
"P04158",394097.983179377,6396.09015438838,218627.921998722,8487795.42647554,28766.7326047265,656829.144401016,23333.2376910003,15117985.798637,13200.7691894582,11426.8083507318
"P04159",4504533.43200889,571871.821568847,3390.36823026546,244995.701299546,11458.0685930015,51496.1498828646,27014.3272528638,11349.7638569386,96321.1676123129,169585.965935155
"P04160",1080499.32305981,49012.0609373473,77172.7526587979,1867342.62560631,22305.6953966961,70646.1709295063,27223.8591719643,1398340.41160753,28158.46808809,45954.5562551322
"P04161",405462.097330623,15874.5852195786,359477.85306722,1725869.36905933,29746.6849017312,140180.698781487,23581.2310879513,1175198.82605057,8074.11942111537,9396.86622910609
"P04162",3760826.8580858,364331.997847158,7447.9760893488,194502.52379342,13336.6086075523,52618.4769634919,27135.6492681261,22072.3780660063,87828.3968756751,183139.580984987
"P04163",3787978.85865621,497738.874399483,5741.70063540077,169607.213521227,15940.9662389942,11849.7378811778,27371.5923116793,15712.5065619757,80147.5521486988,149877.472755477
"P04164",4655457.50550081,579259.970432369,6633.98273234516,101891.251923778,12340.9065002419,8902.34768068211,26828.595575093,4671.53122948721,89030.9650951112,174052.016143706
"P04165",2737098.77664206,414925.534614712,9033.93895706467,117812.865867889,15564.1878162113,9337.21900017029,27889.4365145312,13784.4286046224,62966.6021237329,91064.3109142176
"P04166",1736999.74138741,468191.026693606,44985.6155603556,72369.2198366059,21237.7460540277,4393.67435271506,27865.2635490255,8615.88072946148,29633.8781768686,28661.6851887185
"P04167",752513.784077685,61829.5503828184,139116.899544027,1532590.22775628,24676.232141105,95612.3700601266,25511.0008847444,841291.809678797,14243.3310071917,17331.2862191543
"P04168",2486518.22705682,571308.55863524,23611.1574935975,51063.3622893303,18853.2645149742,5886.49529577005,27926.4878311538,11820.2269307565,35057.6052400603,51994.1930354373
"P04169",778264.486670698,63839.0724084766,132234.850372469,330882.149319832,24466.7778085601,17671.8914283983,25411.6078870759,75026.2616242207,9237.495767167,9253.8963654597
"P04170",3539915.26921931,522305.70719616,8164.68074414982,250116.018032436,15470.4677215056,13148.0798026716,27893.0310073702,11976.5543364945,67000.5960304663,125436.69839996
"P04171",335799.167776265,18708.4040968351,233166.265452953,2794313.36581589,28409.8145018713,236519.466150221,23234.1664967685,2369209.47682363,5613.85327547936,6160.17974052736
"P04172",3563223.40421819,532123.009882092,14432.4229207513,41852.9735650715,17288.065118641,5620.96039218646,27876.8916701415,7194.39691334058,34689.5000532045,90275.1057263015
"P04173",1308983.84309731,128165.018802293,76009.0879040118,282586.11024594,22279.0910743612,19374.3972099403,27278.8906853392,214407.419959633,16852.1418706675,40677.7427580775
"P04174",708513.164704031,45560.9640368782,117220.694371213,1895477.9013209,24798.8989399203,86942.1323544841,25911.1794111668,1233099.62893242,14928.240261342,21370.7814554068
"P04175",1603322.85320837,44479.7948786755,34768.6844630066,3992255.75129473,20326.0727317442,456803.605789177,25944.8542510487,3734385.1908214,53678.0653504861,65745.535542497
"P04176",653605.163702665,30157.3743714254,84297.3808219434,2450258.4755069,25269.0078770741,276468.576339966,25766.123707799,1552875.12083719,19483.0094934563,14161.0202800582
"P04177",894061.562813653,10537.2492962311,83245.1847184088,13926113.1024494,22974.1835208998,765890.242925197,24341.4675641438,7308835.54966168,38630.1587025403,39741.3963397283
"P04178",2193569.01533285,85810.789070634,19246.9859929406,3130759.10484033,19124.5358576997,169872.781434477,26919.0449260619,403396.421856764,60847.2381262342,72346.4721240965
"P04179",1175245.03583712,102151.39713374,45093.0189815317,691023.625180725,20014.1273667591,49790.6367890962,27453.4861918932,772749.73162727,37724.4056478197,40073.3498878813
"P04180",2168652.61537253,326143.737555025,22551.1469250539,137427.542254306,18311.5807557599,6585.96965760514,27931.1592425155,20793.3104441089,42938.5201638804,78136.5524002263
"P04181",3389727.91350708,447654.627578726,9194.98500003336,141120.62083983,15415.9267032389,7808.86447304358,27820.4331060197,9506.57085579477,55451.6982789519,115820.118945952
"P04182",363188.9414021,25602.7256308879,263212.96611654,1753145.62332736,29879.1003111437,139281.153151769,23675.3715389291,4788656.39435437,6745.14413655623,5972.80603325467
"P04183",456842.961236287,30586.1608419284,209511.336194251,1229105.29673984,30399.3272742236,157239.455375383,23269.9325924107,1811806.02304351,6029.79588400805,11200.1234102
"P04184",1366357.15987787,425391.937917099,33594.7097054339,102526.648458578,21668.9954676157,3598.35552334155,27670.5367315855,9908.42632099867,24934.5552912686,25619.9149586779
"P04185",401085.260404939,44594.0674317688,191769.998381889,600014.30651374,27150.8238597938,57191.0958401871,24904.1235126477,643911.844067485,7029.2219707034,6722.79681990895
"P04186",4163287.58555209,211311.458273293,7659.1381031065,1411606.08409082,12527.5152419386,89822.8512528226,27835.0155971108,57622.7810731283,99655.2059284672,185416.718813149
"P04187",1325999.60070861,84625.9432539305,64895.2580776922,374905.691419944,22455.4504518421,49699.8991234274,27208.0820425924,354042.813465165,23746.7705624764,29989.0051882579
"P04188",516663.74960301,32394.4951232227,103034.686045295,2562818.61990719,23399.1457293233,93642.3939258447,24780.1800483245,1143231.57701592,16502.276428152,15245.8701729422
"P04189",760288.174910316,117161.638199837,116623.969666897,729898.288719232,22616.6741965739,33690.6905223707,26115.4152190776,396138.414000925,19954.1970646737,22559.3879177213
"P04190",851399.336343725,102560.822939469,39207.1489731168,1058634.72351501,21173.5153266174,91179.0008031093,26919.871794836,364412.785568545,41847.6035514918,43902.1728812075
"P04191",1202387.54382648,48703.0508254005,73361.3785940748,856719.154084392,22595.0693732699,61615.7903030026,26427.0601510528,230706.847210364,16617.8770779497,13381.4117576578
"P04192",4324456.27457472,867434.390710297,5605.46968260942,48213.6261931689,12077.7482150696,3263.1363099824,26756.9783184332,1283.74747966794,69982.4257787005,142889.732762307
"P04193",833901.299145212,38953.6388257217,66031.8352953754,2925352.55998312,22264.6500690999,125971.471226068,24838.3245353459,1495059.59820434,19923.6543667111,40108.4278261001
"P04194",4681780.88591476,829486.999199547,4610.39806486884,63057.1625134827,11199.2386388948,6425.74002144166,24221.7364465827,2112.20759604723,99081.0446415489,177293.577221365
"P04195",353701.320292341,9357.93846384494,404283.978944271,6454604.00252115,29427.825076401,458274.553374863,21912.4306335861,12172083.8186273,10007.5470650122,6726.14355745119
"P04196",1622860.02879373,57086.1780380873,24912.2401650724,550704.03986901,20090.6667785056,97844.7610058227,26864.4744272649,172268.149817141,40321.475390859,61748.4361031449
"P04197",258374.572444091,5336.42341072234,387405.653668718,10974537.6362639,34434.4985043108,374327.136450076,22385.0440481083,17811089.7153931,7237.52190337456,5715.40080509775
"P04198",2445565.86111515,385117.350511941,14539.4571169711,130017.870721706,16118.5301476406,13315.0209614366,27929.3758515518,15765.4858865611,43514.6566957183,77322.3339968721
"P04199",2415647.63462778,264945.485500527,14682.5547426767,194381.861714307,19257.5730221667,11681.8574221549,27887.2069966885,16457.1403969793,34956.6011227893,65500.3727025282
"P04200",374463.566977771,5486.07251415783,162255.680912077,18191908.2897046,29130.2612766063,1389536.62542871,22227.857227122,20661144.196833,15710.5221102792,17970.9340443599
"P04201",305014.522995339,25743.8345181183,198288.92201393,1034220.95698013,29073.8260711231,47631.7493920989,23290.0924089259,1162992.38485545,9414.397153263,6967.05024800302
"P04202",1022048.18822734,177437.905666185,43601.6034804877,207141.430222799,21689.2505599618,11645.0710923485,26754.2707278821,146837.796950242,18969.7332331426,20502.3837528594
"P04203",1699818.94498777,63276.1061648906,47386.3000873012,809532.335083977,19505.9558716262,59340.3555974108,26761.1785924734,584768.571374412,32844.6756815818,42583.8166581111
"P04204",196911.457187001,21858.4842605167,581935.011993099,1284745.62278457,34937.1220459428,100467.766451796,20840.7112223267,1136720.33788222,5222.47096033192,27483.0431326084
"P04205",2513493.2447261,66214.294620852,44508.2090517483,1234815.39419012,19229.8911602755,182363.709215832,27619.0505495262,438817.906266333,34798.6437315543,75083.9539237315
"P04206",3364951.83987184,366442.072006928,12634.2536189414,236842.760421535,15503.9997517608,20147.4213205826,27932.3375018442,30192.2395553704,69592.2051339079,137549.236680971
"P04207",474298.927175999,14211.2051487329,385484.796059776,4115368.73610415,27950.5925740594,141801.159353466,23447.5349342231,6599900.7485505,6107.40544946457,8221.61168480575
"P04208",970538.117161739,198716.487439093,48791.0928198772,486383.261381653,22632.4315063928,15951.3139706378,26108.6419807971,196551.788885271,19227.1815758136,27451.585806646
"P04209",395346.323271352,16497.4517099558,228690.234697284,2045166.35241368,29782.4410300471,194857.986800164,23741.2060060975,2800939.02499815,8521.13728600291,7546.35468316247
"P04210",550295.941500749,105322.5831679,157582.021944654,464281.899946113,24083.1761656244,32382.7723258034,24924.5839301084,150774.690323026,11202.9045908601,10706.6033067605
"P04211",4421308.86858205,592036.544997492,7554.90408985781,127892.760503279,12815.2347531363,11328.3415887336,26843.3052555824,9084.19874350956,87916.5762078054,165769.755010911
"P04212",1486035.81723034,57447.2248321906,53344.9441296914,713356.9871491,21524.3384690757,68078.9833809877,26564.7131106089,161423.374175928,26102.7058227174,43285.9735950272
"P04213",2928365.28254453,111751.674326802,28425.2954398128,1329164.88725777,18010.168807682,67095.5738323633,27757.1902409783,235596.503421041,62068.7212345138,112798.631764545
"P04214",1794047.56714005,117527.749848618,20131.1346697461,687676.70984483,19852.2250830104,66556.9670914788,27930.6745215786,127569.326635692,60445.1417763076,95124.0798304733
"P04215",288960.29646614,9821.59874051828,315571.734501161,2318703.46412163,31044.5595632312,149058.773503106,23071.5761251359,3000485.14938415,6709.83743758932,5827.47413888132
"P04216",2164189.2456233,289093.413732102,21985.7733238318,203996.813622527,20117.7836083606,14335.9896676903,27791.0124253619,49782.9300741109,32993.5308325493,59060.1745279384
"P04217",1974506.15551196,169492.434822671,15842.2296988511,450276.120170263,19253.1924793589,38231.3700133522,27822.1949116892,205152.858988371,59661.9628689994,83474.0957759443
"P04218",678455.282468376,38518.5228826659,75085.8507184859,2202069.2460849,22879.2977767117,125831.593165171,25334.1178754906,1704583.28380364,22244.8662612003,21486.0477370182
"P04219",4351266.83740909,315186.74147445,4386.96554491524,239899.083888005,11461.2031328306,17465.3726072238,24513.8262939943,19744.3708736951,92360.982295657,98257.6391211306
"P04220",528999.208073621,7090.31006915268,204693.503088735,14556739.817013,26382.7839094931,1226886.58028508,24661.0854477656,25046462.9436009,23067.6949365154,12646.0227894854
"P04221",2179152.51896463,58803.6208117182,24431.2732446852,2068261.72772182,19420.1632633674,174294.437009714,27053.5201468382,830676.717330908,62713.111042075,98408.5604746157
"P04222",4689314.58645685,923022.5681887,7141.20750604398,13300.4405766314,13601.0113366897,692.590297622339,26320.6222230795,537.211474251725,57273.391132433,89862.4954054956
"P04223",692645.682170491,18335.369786377,161246.576943141,2199677.79735786,25484.9161511586,184124.760860391,24929.5914835756,5830646.11808501,8466.13943410308,10123.3554758334
"P04224",555743.403505692,19181.1662156635,129171.465850801,4451889.12029729,24480.6251922928,225870.681186212,24028.0334678136,2802297.40664504,17038.5059900004,14747.364558786
"P04225",2075824.27484322,100319.361450688,22791.8570346847,1126431.07072168,19633.6145367817,96669.5398986508,27482.9983021723,363119.629466499,44100.0345392147,85708.5930673332
"P04226",150255.030083769,3221.16919411886,1848407.13515012,28586169.2356387,43380.7159398174,1186055.57944796,19950.4657610699,74636169.6593701,1960.34938052841,2638.73535137084
"P04227",3607224.49362216,643643.309798025,9189.19750458932,62712.703735777,12391.6356233049,9330.12359106263,27116.4087489157,2787.2162162745,82782.5246971271,150288.267768858
"P04228",615759.643506044,29660.1560452495,168777.76208194,1225553.19817318,25784.9215376536,73315.6498799174,24949.717664309,1212696.18035142,10883.5674444321,15621.3155721008
"P04229",528884.241749562,59972.5978483163,179849.389335375,911498.874858113,25868.7032682611,35622.5799434223,24587.9095503432,691943.776703202,13853.4667791234,16354.6568012882
"P04230",3839199.53914992,155982.348129486,10714.7186747385,515465.918044344,15228.6465965323,54858.9993867274,27912.9335391785,32339.044400483,72053.8272521463,125518.948603186
"P04231",4094330.28743418,181198.018204061,10724.0756165045,872103.05708132,16402.0987487364,72370.9354860428,27559.4798852777,122237.823335605,85749.898788338,155900.942933523
"P04232",1471157.15764313,43992.6544699002,52054.0720387001,1915731.47671806,23488.5065846131,142960.663830455,25930.650409596,231737.49898645,30967.027553306,28068.6385602208
"P04233",2568671.05663667,258421.095584445,17561.956694979,235908.01956112,19519.0017656106,13936.0610272077,27538.6479381431,19499.2691369937,28845.0042853346,50799.4683825343
"P04234",150250.723801279,2874.99853649275,1484132.18580466,47970389.2233148,46781.83291364,1685261.07085995,19646.379729192,84200729.3721648,2510.58291913796,2766.62672559977
"P04235",3622057.41634776,238730.607924961,9514.68526389932,980876.555609213,15260.5112598583,116734.782039364,27932.1618332111,165357.234874543,84153.8225671255,167110.67556554
"P04236",1768588.44634872,150050.61517195,35098.6855122505,277028.297706252,18561.470211994,30610.1654621172,27173.9403235465,95084.4658859635,37529.143869042,65024.2168941056
"P04237",3222698.07721292,771118.918134013,12984.5899917799,39383.9833749163,15825.7966622166,4066.19431395178,27750.0884370958,6095.74795458508,41719.184733978,44062.0356858477
"P04238",4431680.76744872,779890.764814396,5224.67756071506,31001.4978120932,12109.6187898942,3980.94481696,27024.6507409502,3724.99011899651,70494.5954962301,157926.849809537
"P04239",4365169.48720957,905891.654906189,2187.24050855932,43434.9325593702,9479.774356382,7883.90212531608,23176.0724115067,2668.40656438289,97811.9343376325,180194.507315128
"P04240",546944.145248732,17091.8041815484,109983.96863062,6689267.16803855,25390.5856647212,310248.581927181,25369.1501561488,3233554.49037318,20788.9649325223,26331.3000041239
"P04241",3695035.96503033,41406.9318381447,10358.4100743064,752276.756699909,16698.9110655097,74960.0708520417,27407.0904302335,181628.988083991,58752.2659649334,28406.9766684879
"P04242",3064907.05931303,163113.256345787,11807.9473104728,1349091.63431768,16991.8560929136,166227.755499008,27707.3413635341,304466.677419314,60545.5857299393,120016.144085349
"P04243",169073.475823977,7084.85702611377,636386.531276516,12421746.6245426,38964.2415826461,829985.557116205,21990.2804429051,31660903.9681658,5790.1795771767,5621.16619034976
"P04244",4678367.97927373,915420.213963776,4384.43892310245,27157.1933494714,11613.6730600777,3257.10100400293,24897.3090438899,957.210172334508,85157.0666359365,158856.871931002
"P04245",1256988.0361098,158380.561379179,28767.8050948884,289394.305141655,20953.3882244862,12812.5244109137,27550.2005380649,62024.0436910552,24712.3221675781,55562.8850348729
"P04246",3692924.31512351,417509.100033472,10373.4443410535,99511.1289983875,15911.6505164293,8605.81917634072,27457.0999255834,13144.9244617513,71843.8436986132,164199.933960541
"P04247",1653319.70708087,82675.2202885817,33066.3190402074,1009365.82920683,19650.0656511058,60373.7249179889,27176.3844977931,318379.377167396,37465.0180366235,63966.1561670131
"P04248",2763322.54986434,712618.280359604,16176.2693101546,36835.0349859895,18534.155724955,2051.98425303144,27932.0138615715,4821.73425194538,30188.2499909838,57162.8362402852
"P04249",151341.367374716,3973.79439929397,5797953.22045961,16527096.6234557,88174.017641324,1297188.07426212,19656.6916410827,35350728.4842232,1436.66988162577,3166.60587603433
"P04250",920452.283556487,139210.345112215,37258.9112557076,626621.959296684,23061.2662046835,27499.6343343754,27050.6269805789,268908.132006894,17135.8313101974,28846.4479846653
"P04251",3109800.6634744,197675.659561464,16602.7511342106,240567.243288282,16137.3593324648,33610.8806032041,27932.2549994456,25611.9768033686,64993.0758809071,112232.842712661
"P04252",159272.959432679,7544.3030842438,7095887.11339375,16803596.8409934,81890.9123365334,871163.336648254,20028.2446989585,25310470.4968831,1639.25786465725,16461.5660565921
"P04253",4683203.01194778,395174.409224364,5033.14224209612,167951.169303486,11700.9412323011,17790.7466805605,27269.9677063681,10930.0738484104,90855.1743324976,174995.931873101
"P04254",281544.754553125,21449.5757651042,577003.046306218,1894703.20881624,33726.0266413945,139410.865794599,22467.2421917681,2961493.94042416,3483.53136182139,4263.79724913089
"P04255",4012528.6860278,775084.09298042,11448.7830161717,39472.7886795846,15311.9979495661,2879.92318345319,26209.33757066,2110.51143556368,56126.2014487533,135505.535446106
"P04256",164072.436891227,4761.41875920723,1818761.45577791,10323997.7883189,53486.2733081332,370759.629989269,20240.5373762822,53868167.6869765,1879.18586979178,2235.05891217778
"P04257",871786.531069628,225986.573315747,79754.2171391669,143111.891412647,24152.221989334,9756.01042103228,26906.5297104464,60235.9822223741,11172.4711152441,14816.3886850967
"P04258",3607986.40294816,672512.581320192,9515.27680204325,64281.6770848987,13030.8024879322,4521.51153520679,26825.1169676176,6811.10806573398,56860.939459364,133197.20516152
"P04259",4697087.92920246,777150.22570892,4971.77816142885,62876.319382144,12692.4644371961,4530.62338117243,26370.7349062285,3491.9529272909,91532.1962414172,182955.872279962
"P04260",583137.251281181,52664.110568645,171660.352458253,495616.160505118,25919.1910179617,34603.1963817552,25456.3169427576,789683.939692236,11150.2968034964,9504.32131167657
"P04261",438122.027786072,19119.4203265205,268496.115880284,3583719.83702194,29512.9213195063,169561.40106696,23771.7876487582,1895867.37005285,9908.18048905815,9087.44569917561
"P04262",4527614.16470293,661146.499671461,5498.3846527932,77585.490375656,10481.0962272775,6660.93312036636,25290.3986756285,3772.52131519262,93419.6202820385,181372.840260346
"P04263",721766.451671098,19970.9726371522,42714.9905143976,6053775.48642318,22045.3736364704,512918.869812013,25686.7795280986,4208142.14223043,28638.4289361607,36836.902404469
"P04264",1492137.98756805,210504.207123747,36666.7273167257,130541.909808866,20432.8637272044,9467.70308326032,27617.8483135479,21367.9318684523,27926.3381111838,41201.2931180576
"P04265",3802101.92011575,287404.549010656,10053.3499827502,528529.503688685,15040.3881291595,23966.4646519083,27083.6106387885,65460.6066396403,86052.1242146908,136930.656551394
"P04266",501838.120411405,17042.4528249862,138435.454628154,5567699.91865294,25583.5336948617,483333.106731326,24373.9960928751,9587260.81035482,15470.1609732681,14951.7185878908
"P04267",4618290.21765741,930105.001247843,2594.4680821764,25798.4841137612,10058.1462679571,2858.72970868667,23747.6284486948,1167.33950561835,98084.4606239467,185856.725058865
"P04268",1481306.15215528,93502.8990958591,80242.1740253446,344698.458991192,23461.492359368,31722.1459310899,26272.0381697955,294326.065491549,19457.7703122253,31679.1539806787
"P04269",286771.896202907,6346.50922689571,441340.845169604,15358042.1137959,33655.5594238807,1190884.32040569,21080.7272553807,44231202.3327328,6491.44751346954,4966.90115033179
"P04270",2830642.93566529,552451.872291418,12472.2049427842,249577.918769289,16024.5173399743,10523.881229982,27722.8274214569,19325.8514167293,52321.5810657442,106633.797527602
"P04271",4088893.36066969,568297.732064631,19542.8032315756,70851.8652207947,16726.506732144,2980.08882568126,27568.4157190941,3185.60121070254,41750.5636472147,83127.4495926957
"P04272",545570.354135856,19432.6354417153,157401.180412419,3282904.17238487,28863.1551649824,154858.145065131,22885.2659504686,2178976.56072288,10497.5382792193,10644.8186343868
"P04273",3769875.06767605,51227.2189884827,10400.9649949972,1095509.8943183,13770.6509564925,74152.3647028792,26268.7394435528,161896.464038497,78911.6268894273,24725.9082745261
"P04274",1216808.63818994,47481.8500178487,56535.4552720391,1782007.32207523,22727.3310805072,142155.665412135,26124.4302626832,567688.172706882,29864.1855522215,38662.7883039857
"P04275",2608594.36654572,114373.087258593,20340.1653255529,420046.723156526,19258.1995033971,33310.6838990515,27474.856144916,20575.0370519738,54699.3491311059,96120.527545822
"P04276",484781.65085994,27349.7721656062,199987.030992032,1192746.33498932,27403.5566578419,48521.2923909995,22872.2464926035,943576.642243993,6759.20472356531,6173.47689173752
"P04277",3472409.63044228,600223.286926788,5668.25388574334,151392.139815869,14999.6205961601,8835.0175612165,26464.5903018815,6342.50311977963,82723.6103871924,125835.715445882
"P04278",4188692.86896427,311632.323230569,5503.75111410969,620927.674453185,14991.6531805633,50043.0142272699,27890.3467858189,61379.7115527121,93743.0315048844,170778.241756213
"P04279",441235.02824784,6255.13296323895,169293.873329499,13171977.9579555,26774.6159496131,1557636.63268265,23313.4526129578,12119106.1720397,12329.0920722761,15804.0424257358
"P04280",3644168.8815908,584243.077329236,10932.4726288741,93486.1533681197,15631.0058859285,15159.7230666047,27739.0160194956,8751.95376579523,50759.6316181408,126318.868190252
"P04281",1713528.5643879,95148.4593843246,45310.2724759109,750450.126224015,20895.8338009274,76818.7640913437,26758.2353715688,600311.303833561,38560.3034620586,53986.6665624681
"P04282",966905.732476578,154856.878225079,32141.6527337707,266672.31857508,20727.3984338477,19969.6841083616,26852.5193719386,73315.3503635535,17877.533888525,20732.3592196701
"P04283",2976603.47966735,344948.335605557,14716.3292696243,262609.507898847,15588.4267265191,18773.700588381,27864.4551497323,16059.9248737598,54109.4091554668,92924.6711447491
"P04284",3708627.33917066,644879.065302581,12117.0222288753,53925.6506459077,15072.9378917973,4020.24725162442,27562.3409501245,3500.67411931951,61726.7326504246,89471.1669806343
"P04285",3914723.07075402,438344.455735053,13736.5919237379,172002.528888323,13107.931080546,16033.6111685003,27890.450562106,12496.3843386565,74397.5070204911,117926.129458492
"P04286",3640106.74643163,345646.030028762,8642.4815481615,275450.276835772,15834.0895372256,26861.2954760227,27783.3814240587,30029.9343847656,84191.273147669,151192.918076889
"P04287",775373.589858553,13935.9316168504,114842.311725742,5037783.81911008,23452.7931129381,910629.047272402,24924.0388589626,12200294.1923462,28971.3632021462,33888.7438569961
"P04288",1486172.68524457,125574.630110535,54649.5592994789,501695.84975545,21790.9131316471,28884.5346113277,27187.3140080675,234446.310480231,21916.2330596273,32030.8408297422
"P04289",860824.947101171,143066.09412726,70780.8608896839,304552.063255768,22750.3524539784,19957.5769548069,26716.8982163681,159892.549693987,18848.9636756924,23619.4702246573
"P04290",529343.971027998,26758.3070915596,213746.671127905,2567878.21378125,23946.6151699339,152617.256627003,24614.5520936619,1265240.00186045,18732.4955673671,11392.7629468904
"P04291",1064054.19573311,144460.287587713,23499.5734331958,415549.602119729,19461.595038833,16381.03944277,27525.3797500622,133472.926961136,31363.4127204301,63319.963517544
"P04292",1533936.62312395,70442.7274261633,32712.5554274571,3514918.93231829,18486.4886989262,288842.316742503,26487.3531700266,1189393.2442324,40114.8815773928,48947.0118537885
"P04293",653655.68290407,24774.8351262751,104382.998727242,2306275.25754918,25026.5576382381,106856.885860981,24867.8217084882,2230929.24039791,16174.3587577546,14981.8605297337
"P04294",2322492.75569626,240230.496583091,26770.6020586303,204404.254466602,19331.0739752469,22568.6680832325,27600.3847501361,66677.1531109616,44817.2279406056,71439.5639864802
"P04295",1858551.56515535,343550.201801105,13698.0603671586,288686.798311043,17679.7084307362,23922.2926085047,27742.4672196759,54272.0896127675,40453.4228889086,83761.6145389084
"P04296",2768303.83309663,531656.18642036,14800.8376990736,55637.2247985725,17785.006165115,3344.37108516887,27907.6418778297,3906.200429316,38131.4604930049,50209.536023946
"P04297",1650060.50391731,86750.1328519097,30747.1854166503,742756.660996091,20644.5722317816,67872.535221166,27179.5792941458,591607.07593293,44663.2987775748,41128.2910264896
"P04298",512138.52140113,30523.7883083234,233390.460904479,2379403.32306261,27979.5695117932,107012.743106858,24481.0529766256,2289652.08945623,12943.3529848471,9275.24744441055
"P04299",3243883.9787743,79298.313164872,9268.29222997343,3103683.51206195,15583.5761837531,164851.660742873,27928.6723402061,533201.384787438,87238.5824103134,157392.271924095
"P04300",839448.952716164,27605.4350751541,101394.297125823,3227009.7917803,22846.0396982279,232462.13901912,25870.3325412604,1875017.93775804,31150.742567736,37410.0498839559
"P04301",503276.395217872,28436.6494806691,200816.218093046,2043294.9780227,27476.1014692786,121168.705100175,23906.063741436,3328973.48583039,10770.1954299537,11017.7722575262
"P04302",181419.053215261,4355.3351321456,856182.517267793,7872779.34251361,36592.0612973161,432687.539137557,21194.8943231825,28004975.6844186,4060.47556855898,3230.71900797219
"P04303",3082824.09725722,116750.434925054,14891.3432582813,1184662.02393063,17156.845716016,115078.347438497,27932.3783020221,238964.610787222,80640.0644730877,121652.514520489
"P04304",320988.848434316,11434.3318326543,587553.475725926,2657514.50119888,32448.8085800648,240117.047916486,22852.0651541085,9750278.1024073,6143.51978806682,7271.40146072426
"P04305",1529743.95256232,116381.178925712,26597.829869802,777198.971142186,19033.3775039328,45011.3227737757,27651.5196681808,146137.987554904,40626.6401724941,64851.8446056757
"P04306",4310423.1213614,684275.816005037,6084.34146769411,51784.3130356303,12810.5065043872,6500.08731182853,27026.8375611072,3133.71344032885,80435.6207378558,168087.66080009
"P04307",853224.975290508,50941.4134432997,56040.0257272852,1445978.62908164,23422.0429768031,188968.038603829,26156.4797587325,606202.865015852,25330.2752694961,24609.9524183974
"P04308",3298763.43311836,285718.335345891,15377.923625905,146628.549265524,16999.6779192543,13950.4561405079,27888.3317748023,25683.9734775341,69669.8820018525,100721.122757735
"P04309",4647006.44878309,870125.128475464,3790.60895980586,28610.2196418422,10214.8999740957,4397.33244798792,23339.7563301239,2809.35765002112,91254.9769462189,173012.904286618
"P04310",2948799.5638629,783922.249048266,18649.9779410567,25655.792362769,18827.077653036,2187.00508317469,27923.6788164985,3299.44531957286,21900.9495828868,39245.8191642746
"P04311",1515749.18232971,177808.113514038,29875.6694691798,289678.703926416,18620.8270747207,19970.0438965288,27689.3278813705,72939.3041449896,37796.2860424033,43761.5625692382
"P04312",1701987.71247283,174102.709582716,40870.9465068231,708121.221435765,22378.2257212805,55207.2246768911,26959.9717995682,214743.535101785,34070.6626939856,49685.2826608253
"P04313",2772305.23975338,366972.894455729,19606.2032929598,146428.338511912,18450.4679405174,10109.5450217476,27890.9610775556,23872.1989353385,48386.8023393843,80016.7773618617
"P04314",180518.505546412,6084.55715044913,1001525.47486255,7175011.32634253,50111.3493994233,456405.486451084,20535.3053400389,58638812.0376814,1728.09922548615,2493.42876077144
"P04315",704875.786271722,68138.4080329053,54739.9763099828,1716928.02388624,23573.3756378693,163613.645656554,25564.5520114281,1020253.01109189,28450.3398733142,19392.7137284559
"P04316",3897708.6207581,665048.251739308,7491.96034950081,47179.273909737,16360.4407079399,3426.4079278869,27673.0542873529,4582.53781859777,46857.7594174438,117949.312271263
"P04317",1911470.60626283,181710.446336536,20367.0001047583,316966.796340528,18441.5660577453,37929.7746722895,27647.9632146081,100037.233016434,37349.525549824,73200.6366515673
"P04318",3249468.41004304,613686.476164832,27845.6796337765,233790.872558148,17015.3213979265,8566.94189690609,27891.9802271663,8990.54319026341,43376.5368584595,75414.9719805267
"P04319",850570.990690056,84180.6837084583,120688.965715309,265293.284569616,24292.9972813116,23413.0482940966,26334.905908212,58094.3082152781,12265.7955163466,19437.1632060886
"P04320",1766582.87816277,434900.519774812,20306.0116393194,70140.4869448685,18866.8501497571,7389.24766846568,27724.9475935346,8868.01657134784,26254.9001665172,39397.1323456709
"P04321",2169816.55458061,159945.276836286,38446.0602500164,639576.046320915,18679.9934181915,41920.3696281399,27694.3251083411,328864.847793181,40717.8086788186,53172.4246015748
"P04322",1619454.30777212,47612.11376932,29327.0023823702,3242842.84389094,18965.9360428835,290686.137732042,27056.1981839134,783023.748766996,50459.2066917424,75068.6117204153
"P04323",590488.866439017,23674.831688728,118300.27869522,1714854.55499613,23842.1885327408,176261.484821822,25826.9128746449,4329855.67338728,15677.5809812345,15166.8845266764
"P04324",4131156.01752825,178327.678266235,8373.35998104546,552194.915891877,13274.4750928506,63388.8455636515,27427.3048773917,47765.785234334,94422.8421736035,175584.677108354
"P04325",3405738.93751907,704635.607814686,9056.57395673053,57530.0639053869,14776.7122499033,4106.42440446687,27847.3007728548,5402.44450749718,65363.8289152544,133997.409898074
"P04326",2284579.92782735,269466.138734874,25633.7322765157,169204.021085273,17057.1126171424,12794.1952269971,27901.2107285245,28735.5462314345,38810.5017787667,61158.1875865735
"P04327",226004.075779973,6061.09324581859,474970.489377953,7484848.88828814,33007.8038288994,387150.570807339,23103.7068121123,16913724.9415473,5387.82542655234,4401.76598824215
"P04328",711887.065885587,32448.9156476394,93795.1150325605,3029225.20929111,24496.4594680193,161334.095190321,26040.7789446742,752131.071324736,15160.5399007309,22044.8618257266
"P04329",3744887.9048007,927809.259618907,2126.63281368,48592.6331998178,7566.76259067193,5876.19480540195,22552.3192698716,1122.54323790257,98246.9968442521,179429.408203224
"P04330",257151.677596133,13456.7052994943,644377.941524149,1490857.30928963,36292.565844536,97855.569670621,22786.6826270862,4978616.10917626,4362.58426793763,3641.09012469951
"P04331",566765.602595253,20685.8215027179,103606.798256293,2130807.27960496,26260.7098648327,111364.435476636,24810.9297698943,2229307.41083467,14721.1568959806,21122.3176934128
"P04332",384323.78222123,7751.90661873771,272429.886449761,11430101.6550068,27469.2010830304,689839.950998568,23307.2527776338,13702435.1999882,8714.75694291178,10128.1755188501
"P04333",1407338.83494486,264451.024356342,50940.3122624654,335592.57021459,21752.0944131036,19944.778754363,26799.0465376051,102694.344993254,21792.9682526716,23412.4119136101
"P04334",1646937.09335345,156311.809078332,34637.6762499292,771195.490997885,20076.0806391279,30883.6869347749,26826.6586766234,91228.6859281053,34871.9171581629,45124.4328008753
"P04335",383211.192410334,472469.743044671,247365.384607449,53749.7678770752,28786.8430371215,6648.18016846407,23494.7090710917,3230.85904587635,7790.84583425071,96374.9802304707
"P04336",4377766.78330818,886018.482472552,2053.78895122259,25241.7121561058,8482.95800629697,5628.4020451732,21083.8712935586,878.071774793278,97925.4191682583,178302.277130056
"P04337",3191186.12430146,103770.243298473,7720.47943488238,827337.698000852,15162.1203017235,77559.6909197756,27852.4836052628,137249.862370784,72189.9951962432,161138.731479658
"P04338",263928.683141493,9070.14112662317,459698.893796224,5884463.66595768,32508.9591778966,366923.564803851,21909.9561692994,6698290.82779604,4620.15167271724,4988.48245288327
"P04339",4643583.64198392,751635.498697441,5320.19056978301,74759.2201444187,12346.5215334454,9106.69610176,26234.7603745,3633.42086576816,83086.7353527937,164740.143583118
"P04340",352006.000576419,28163.0921309023,227787.768276416,1308941.957246,29218.7383859494,67545.9483773588,23522.2365489745,1173953.56847542,6149.43624738507,5359.51961307654
"P04341",4418979.68617927,467181.433893075,5040.02270543626,192877.445343056,12355.6686204743,13420.6355821688,26983.1371590061,8262.57401326772,89650.202468924,173791.873420301
"P04342",2568828.29832351,40281.4812216857,18100.2173762997,5387884.56676442,18365.0038367568,254368.64832433,26889.2072726559,765850.936061571,67697.521924661,87181.0179078393
"P04343",2536484.11386354,81868.3808109543,53815.4501633452,345250.101667143,19570.4899786702,23992.6419824205,27890.9572169231,104863.47969735,42112.4387847607,72529.2720847716
"P04344",4476429.8756153,790691.02526441,2100.81287243999,84035.865337753,8450.55177489564,5620.10398529812,23686.3060292444,2713.48674099354,96485.6498326165,156914.703114782
"P04345",4327906.19289143,566027.079631467,5305.32723483165,162866.534450879,14359.4817357796,17692.3800402961,27250.4054605591,11033.2839380308,88800.6414859519,178659.670008366
"P04346",206357.347114363,7240.27401414916,547942.523383788,6184271.70712561,36362.7139597076,259034.690309013,21109.2627364678,14464485.5134396,3741.40640874216,3247.14525185657
"P04347",1327971.28916388,126126.23847937,39293.017798163,240947.030899753,21088.5045042784,18202.8293540437,26497.0926243373,86078.1742723007,20434.9987398261,26939.259369812
"P04348",3937285.7004692,188825.216270031,9177.05600665205,227029.278821458,15851.7393951208,31521.4788962067,27931.5416863351,74137.4312915513,80044.5084008419,131826.958014714
"P04349",1431375.10326656,396323.373232169,23519.9264195178,108718.80444155,20052.692526405,6587.38586873647,27859.113367721,13244.1044954235,27193.2376295312,58449.1891635616
"P04350",1384845.65888502,187444.764323238,39114.6417496176,227295.857160009,19858.8472990189,10914.1028590965,27334.7709542792,18397.4227251411,27197.6631296777,32038.6450597389
"P04351",216612.040989425,4074.49143537864,445892.032442715,29513475.7694997,31200.5400121112,1888038.451584,21235.9004689525,71857474.9081493,7404.49649104257,6176.64397738692
"P04352",1177553.39538212,55480.8755362771,65039.1650343744,1188603.26661872,22419.0456975938,64206.6325047367,26341.0057335327,188629.446826885,25389.537575554,32899.1621390055
"P04353",712969.69777859,52123.7830304748,67868.2347289449,2044003.54733427,23772.0349806167,86747.0731367761,25772.5552932971,1980989.5828621,22509.1803406991,21406.1973059162
"P04354",901493.82581954,28624.7498592102,92605.8876868762,652739.678836413,24696.6758962659,41125.9229644038,25626.3693116361,257007.509082271,16001.0127112618,16394.961814433
"P04355",2379059.05113573,442412.313370632,20655.2326730895,106258.828895713,20374.9265146414,7075.41644103068,27812.060311037,8927.30103868415,34205.9777980779,71541.5162993071
"P04356",534980.016081803,27332.5288734423,98306.6179024553,1329670.8357649,24632.4887065202,62143.227451593,24859.366862164,968262.176736116,12046.4910728423,17323.7272428179
"P04357",1607939.31862903,30557.2591258994,26877.7567966787,2227285.48777645,18348.5790898143,439527.413814567,27593.3391826465,1226024.38636027,59151.6900898034,122003.379753053
"P04358",420167.234807185,17664.8528769754,136133.638106601,1658959.7912911,26163.7425907305,140498.253040766,23856.2754428939,3446455.86759383,10739.9574035733,8718.14768001565
"P04359",3151296.98558873,523173.608588444,10311.8851492076,84702.6721024982,18512.474341385,8510.97292853793,27652.2389523451,7038.96276667101,55357.1876299731,79566.4578267069
"P04360",161646.200129162,2169.48288966499,5414716.97362262,410806456.43923,70803.167076041,48403541.8558746,19396.5913771119,2675127877.78793,1841.12470905293,2245.65016978225
"P04361",385217.151596102,12986.6064779247,184904.268659125,3526584.75326355,27269.3507305388,218318.416522424,23823.4596894832,4322403.68698445,9253.78139700983,10811.5454257854
"P04362",510229.61131221,521956.493611272,237852.412787295,23627.2198867471,27518.0940521458,1056.51343055159,25564.6340328266,6437.04870983891,3337.49352562554,4780.77721345833
"P04363",928619.475685251,71804.1971457792,37272.0581211218,2164862.53826637,22516.0866635336,106028.42743955,26905.3286815345,645635.168251614,23338.8012431132,31384.3307137216
"P04364",3670698.36359178,211297.285528839,1252.0241535159,142816.156928816,7506.60458870539,13061.5509297239,18960.0477502263,31292.1137383311,99543.5398817261,34927.1122748085
"P04365",1637204.00832182,109084.149889122,38782.289148831,686475.434269495,20453.2527918829,53600.2591127746,27068.251424431,157026.961033896,39240.1191755873,60702.9312836044
"P04366",1522420.90252698,77096.646649637,31599.5172065494,457317.763439529,18924.7608390058,79173.2315300011,27523.2981371887,401892.400801696,41168.0289929668,40486.0715241941
"P04367",3283011.57265782,628584.922563037,12462.2690685612,70165.2083721791,16491.0892063521,3721.01239408304,27809.4859625991,5304.3199761597,41368.4146812659,91233.0282978193
"P04368",4199608.56790818,918576.021242263,2288.56906211114,19181.9030654068,7958.36783749666,1827.23180464445,19971.5459811836,804.3047749783,99665.777673218,185933.056285382
"P04369",1833048.93438378,189211.324821207,25871.1678614088,272212.65576329,17832.1484771408,20653.6177842356,27919.5832770932,126515.257560172,56304.1798854987,106897.439009648
"P04370",1032425.03089766,255273.856387143,51418.5801138871,66813.0997781488,24211.4977889864,5076.4114246854,27077.3922220512,8819.41270567284,7312.01913548516,8168.09684000955
"P04371",260503.017357161,24063.3850777554,274295.32103427,1595570.93825143,30428.6317251321,105281.195925378,23526.5789672704,754670.985729476,5960.72136948316,4501.24848648049
"P04372",1871935.71321496,222235.148776957,24159.1513390264,256072.242294028,19514.2297782953,14708.8147480344,27810.516393776,35740.0790133816,40104.2400602328,50825.4050773665
"P04373",547202.972264842,12306.7062032687,114562.33414008,3101358.34311822,23718.6906655107,235392.84470264,23875.2121170013,3043500.78438666,18829.6576413812,21356.0227676142
"P04374",2657131.28593183,189940.388683754,19138.3350906894,438840.565136126,18374.7556619314,21467.6024163915,27635.0936646163,117143.167773729,46421.4128972414,72872.0114032566
"P04375",936700.132595696,61663.3009965081,88461.059770184,1487473.20621517,20562.3893162433,80653.5553595982,26040.5117293904,698178.434738056,23984.5177954764,27699.9440636024
"P04376",677856.384672676,21320.7103672057,75158.6174273001,1951364.77950706,24414.4174996477,151908.749904699,25728.7241622943,909909.61533456,15898.0944258274,24050.6223527603
"P04377",1144974.63130752,237484.902746367,71336.778040872,137675.877190101,22535.3958293934,11748.2223515656,26979.6813441659,50124.717615375,9432.18607441437,14370.8570266436
"P04378",676550.345459369,51316.5436737719,112914.627345988,1542972.62288926,24382.6883046767,133339.459417348,24568.8653386629,1298633.8168056,18232.7664952942,17074.0220887615
"P04379",2130377.15373936,130323.4772293,22195.4712615311,662261.562103197,19095.939090318,65115.1934607806,26856.6317230468,34761.9909525794,54694.8757847274,67861.0632461392
"P04380",2373376.0828489,195137.257459145,26224.8924104229,365302.233940938,19316.8331958911,32344.4837191884,27774.8841768442,57087.6984362847,32942.9663576842,75966.5767053761
"P04381",442352.3215936,10575.5889648189,286873.082049059,4114383.12032162,32509.0834964955,345971.711725967,23329.4855155066,9235271.58222394,9041.68012813432,12820.3552512446
"P04382",2276281.17199483,46183.1329947363,23010.7985572206,2951685.79114058,16573.6366962051,146527.823367823,27678.1800648501,680580.350055323,63187.4780505146,105434.652809013
"P04383",556749.042406291,330957.80201732,216471.839309143,67720.6119019112,29264.2449623097,10867.6798874684,24935.0274865685,8130.37008582681,8721.74351685878,51716.1553151747
"P04384",175565.975478486,11611.8748336578,901585.096111314,3416439.29447439,42050.0246122051,139317.561952443,20985.0461119895,8315743.56781655,3361.48698511531,3041.14034549822
"P04385",283577.230575261,25819.5367201256,275900.182802082,2374573.08518178,29451.0066030471,109325.350671231,23183.4957489666,4716074.94776676,6236.09302080495,7467.05885878838
"P04386",1140662.26321699,36683.6610543076,108135.354603062,2727150.64055491,24203.7779919301,167488.790100681,25710.8511594237,1071049.49558399,26213.7923298536,26082.0608459579
"P04387",4181424.99726183,140715.296956175,5490.400731366,459758.234593279,12323.8194300256,39782.4971524228,27663.6279168717,102635.450690723,79137.1628980461,41561.390947151
"P04388",1696345.25185309,311638.709200175,42069.4785765329,137354.558514517,19252.0521355231,10839.2238159395,27238.1690431201,40020.2794586451,28762.1246276207,46308.043288947
"P04389",193385.912628669,7118.14433635381,677924.001481744,6762835.33542065,38492.6597641105,346668.623221911,20783.8219744746,8353225.41737806,2788.22131163687,3090.5008321749
"P04390",762645.516578032,21963.6499829776,121770.149207777,4169465.18285266,22519.4169999716,276476.571157542,25180.2936889359,3338667.52118471,22413.2542747585,24195.6731739797
"P04391",2408082.71753485,396288.715561986,16327.1425777991,80025.2971599682,19943.0967453557,7444.63875678447,27709.8701598082,23195.8780960061,29534.2065556964,41673.5940458464
"P04392",3316965.11459064,932342.3725647,1481.6407954062,28618.3530486638,7180.20634746018,3898.05674655077,19123.3977498525,695.449910522188,87564.7132414249,129078.091074268
"P04393",4331320.1984668,165823.001231419,4391.28141564819,3119289.05835126,11431.5389715959,326335.955000499,27482.6172402217,374491.733296573,99529.9236186793,184812.137582842
"P04394",658218.289716996,25424.1191806406,156376.294791399,904793.902909775,24089.2771649498,72094.3752882112,24736.3668360449,1191164.87407464,20950.8916269638,15590.1092940309
"P04395",649139.865400631,51867.437596247,95064.1122574089,1482451.39637527,24586.1649458688,63419.025894954,25455.3764545332,441448.448114787,11171.9766099453,16468.7280873093
"P04396",4697583.68111413,929490.944279563,3790.96754061275,33921.9546025898,11626.2963892154,4032.10209586649,23966.7571393891,2727.39785508745,94587.4115332692,183995.336282143
"P04397",3625580.3184232,244009.314180875,12385.0479890656,186919.291442035,15638.1036119268,20566.6641786676,27930.4118914631,19688.3254734737,66693.9690434498,113338.800142962
"P04398",308434.701812545,43161.578771006,243191.877090509,611273.669109949,32398.1624608484,35245.958568003,24215.3273631073,718750.298571094,4518.64681476459,4473.30483975161
"P04399",767512.821978562,57898.6753349314,91364.8962509979,739335.543170154,25023.3146740015,80427.3559622259,26587.5810313088,443338.311908394,22227.4154748833,22941.8514098811
"P04400",4681066.04018669,909241.198128429,3936.64442292916,58474.8895421156,10242.3639308049,3976.42654747134,24104.1692596455,1994.98104956183,92086.5377189033,185129.296045345
"P04401",213816.580022671,6973.75796860378,326281.148757935,11682808.3000325,32946.40995764,393705.012544491,22040.244497093,8412336.56388124,6157.87020959847,6373.30348201362
"P04402",1544707.48638149,83430.2035590169,53987.4106290592,558387.730332753,22083.1418940454,31755.3795778338,27358.0746230799,68633.4582620925,25086.0836953163,26251.3734503452
"P04403",4236502.58127051,249574.390355085,5015.08145137315,797961.219295868,11662.9711714387,58552.3817673778,27387.444351503,50409.859284507,98844.0437742742,182421.048754329
"P04404",1469692.10949393,287115.959652642,27848.3113550545,299023.009944303,20301.9432624681,11853.555736115,27533.8415175079,60610.7355095754,21531.9366697609,34807.8343853086
"P04405",1259631.67333436,104193.031611477,72783.3585208128,443376.204895965,23110.8422702568,34351.2303578685,26462.7779145329,258498.804177476,24191.50122143,25363.1086182865
"P04406",4680258.64573212,558868.107610086,3512.2528013064,112746.357209571,12079.1614077224,15619.6965237628,26743.8178509352,13643.5859332761,99647.077452858,184391.157551575
"P04407",4695094.67774433,930956.119968729,4579.70191032911,25389.894349008,10549.157500477,1541.11770827938,23691.2049502071,1042.80599548142,71574.1653961736,159235.010290135
"P04408",539924.802912034,29490.0703001599,114199.205166539,1622637.18898396,26587.2032591232,114890.238445466,24685.2584820475,1112660.6286862,13423.7671808418,16693.588194354
"P04409",1562587.25957561,117728.359309524,29090.9008638233,927636.03934985,20512.9942186543,38551.2566346499,27258.7376337266,154750.546754497,26218.0935886901,61501.0465590931
"P04410",160102.845069159,9444.36487264363,908652.286662451,9839161.44529859,45595.4825570246,625709.303460569,20291.7640094888,11991424.5604123,5531.88312289827,13982.3629067729
"P04411",4257326.81520126,517838.52950088,12626.3093571586,118215.692996412,15462.0200224583,10782.4048490602,27317.8406142999,13504.6569136884,64935.2925167865,120584.964416411
"P04412",2048079.1670794,78443.9175577084,37039.2036496307,1246803.76877352,21281.3173525078,104848.279687171,27737.529722131,512066.07340124,28855.2777143172,61434.0828370943
"P04413",1047460.47085883,167801.454838658,102725.302913416,248919.161149439,22421.1503343601,19145.4259873183,27078.7128585928,104832.326885186,18518.6830959838,20715.9138106559
"P04414",412295.288920762,16598.3623200419,204881.34826978,1985398.73856062,28537.725336785,160094.684569601,24508.4452079296,3325704.64969586,8316.91407490616,12228.717251512
"P04415",4394470.91539434,903307.247409139,10494.2671375905,25300.984686342,13477.1607214511,1600.37401294513,26674.1814997735,1015.51815342422,65045.8064152213,113432.955904325
"P04416",4343964.1057208,920826.148203975,8372.63994400076,15798.7005423433,14469.5099178322,1001.67325926592,26721.1516289616,880.354106631776,54545.0756629284,87534.0617761198
"P04417",411580.838692518,18738.3252018766,281131.880016832,3441428.69413197,27545.2431766151,200447.208980482,23823.0308396176,5061143.67208321,11557.3235748255,9943.45976167225
"P04418",1279635.2430203,43799.2312007666,72023.3285520905,1199720.18710625,23332.9883252703,50127.1389761816,25463.6723201202,809682.904386387,19149.2106881516,21255.7330730346
"P04419",1983381.27256075,421413.691402364,20764.67933559,93346.663057886,19671.1085194493,8803.100511479,27878.3364106436,26541.3652955973,32140.8597274087,50488.4760210257
"P04420",681229.488072622,215387.042862627,182809.723706879,533471.889517981,26691.5786984472,28966.1753884293,24468.255772745,48581.5394082528,14710.0209310081,96890.0089159139
"P04421",3881738.78659262,532516.758345374,11763.806178592,128950.597544419,15905.8777285829,7875.80089741243,27893.8081725807,17700.6843508502,59669.2110149465,94072.0681709782
"P04422",735794.846170717,114365.614341404,98283.5328012068,225584.538154787,24342.1288014831,17240.0870683036,24573.6898852086,115413.099917081,8173.70751263655,12191.4343248207
"P04423",4050981.60961986,200340.208650028,9572.17099765523,901077.313965819,15028.2218600736,55968.1571896419,27929.0095366961,25148.2788336461,95339.7876982836,163521.269457647
"P04424",1223814.64411691,123118.958927237,48039.3949479325,415149.932258864,21090.3651032069,33856.9880831983,25857.7168817462,190275.34267478,32031.9610077464,33594.8709067786
"P04425",1794510.31638749,54140.854612064,58308.2548685586,2914138.17647875,20549.0661258593,237976.341277853,26911.3630073416,563735.235861418,47828.0707814529,59649.4738593741
"P04426",2642706.70910776,137028.37066805,14016.8319381244,693524.510301303,18848.9909263975,67864.800761202,27759.6127958449,77111.7109413998,72789.2465446946,92544.1268868576
"P04427",4419153.94053283,59139.900320119,8199.17172791078,753108.495201714,12783.0599736532,66133.0405558568,26594.7637426782,887530.84530036,76863.8522159375,20112.1691727172
"P04428",270097.972103426,3856.99040310073,520139.841601307,29018698.2609259,33219.3283143406,2150678.42954468,21739.900089872,72143639.8808312,7077.21094647864,6060.4941274134
"P04429",1829687.9200705,95359.927205792,29667.7009975946,348288.500482022,21435.7147631943,26674.54338055,27092.702127953,94517.3822542138,30339.8057722873,47621.7074126308
"P04430",2048425.82290567,60842.9475061157,28789.4393775907,1976099.46595328,20171.5651694702,134976.951079045,27414.8965325079,385873.683636326,53043.9030045662,42669.3806186085
"P04431",1833011.9289258,154064.907612834,17444.584602531,220008.340305419,19492.9385841457,30566.6915946496,27742.1520415774,144399.201017157,33732.8870938769,42758.3796898173
"P04432",725044.074780438,20247.6753127958,70629.4618361763,3498564.79142643,22783.2627585353,147895.524664926,25922.1237142696,1827593.44409177,23784.7949947472,23064.711672383
"P04433",505020.484228392,7961.78826419221,136824.468763487,6635076.93402355,25641.824395873,481084.929067714,24552.3448829275,7737892.16420163,16497.8876920021,19273.869593482
"P04434",325442.980051316,10101.6461230213,259613.923404277,9070586.42648813,29091.039936875,328177.216724074,23387.8820073577,8257347.27607031,10122.253531594,8677.46362846116
"P04435",571095.964378591,30114.2272111182,111025.224883802,1140603.26962717,23764.4255322891,140852.901547341,25017.8953806343,430817.340706993,15473.5329962795,14920.6339453114
"P04436",770200.231368132,21856.8382388616,68612.7467101535,4396591.3286655,22391.8118900675,202045.80411994,26047.4278819119,1485179.86079189,31665.5178646662,42723.8718483566
"P04437",2170975.31536923,256229.121434072,43410.6377885375,204631.543827307,19769.8387005371,15410.9948391804,27635.308260229,36209.7217061738,22568.2519288507,27865.7706481219
"P04438",249054.097366751,8260.67891797338,605812.185933499,7012615.50941802,32576.6003660784,330078.448112587,22361.6204072699,9854594.14450765,5292.07831623157,8104.78515398458
"P04439",610231.336520474,39579.4467541589,109769.062305452,3074596.49315638,26815.427038578,155808.360394749,25027.9559034464,1607964.72412112,12973.6289276591,13691.0208808122
"P04440",180360.214929737,81258.9906776285,578999.740076416,946117.789226094,35162.9938031455,41158.6153183169,20849.1042875562,324818.606940077,3335.24953545015,13929.9299233936
"P04441",751041.276954898,136436.259568842,122437.363419655,123385.38970684,24082.8520271954,8695.53733847563,26103.2646944374,94944.7782354739,7746.24195530909,9252.17571335012
"P04442",799156.831383392,53074.7522051395,122109.290899368,549863.187717744,23128.3554819263,40874.7219264024,25962.9789136064,214346.373444595,19386.8287010273,22583.618516219
"P04443",2960966.06517105,115139.587961918,15154.6494146649,1200498.0409044,16107.319487153,92864.5175785349,27886.7802877959,162172.476501294,63956.9289175415,125037.055338208
"P04444",1175349.91226057,21900.3927486255,37321.4249356424,1794163.81988813,22090.4601691243,100345.537414908,25546.8720541725,409340.547003063,33937.819396955,52442.3431886759
"P04445",183751.580107814,13238.3394862398,892182.359076665,2201539.80720186,37805.2985020693,93822.0886354078,20851.2184196002,3553322.63391902,2416.58987493234,2763.10562506584
"P04446",450636.898618237,32631.4009626763,142200.111292097,2370101.85659277,26214.7537458521,83532.3652598244,25130.4765338811,2649557.18423161,9080.23233582837,10535.6685562392
"P04447",1910968.22288472,157923.509514576,47455.1327986781,367765.31477541,21499.7049599213,27913.3497321323,27049.2828439355,84281.8836902304,36786.5138262348,39764.1264003587
"P04448",1683717.56917387,73401.6942756502,89153.5110695468,689427.052283389,22019.3570641795,54834.4579594757,26451.710186789,303674.214046143,22450.4782445053,34053.3111400772
"P04449",3423907.20783228,175042.168810023,17430.0019724665,330886.451596352,18019.0590037556,29325.3453785474,27890.4036652629,27199.1808807902,50669.0948853218,99328.2550828119
"P04450",3862597.33230752,925033.054954723,1262.0374712518,40834.4589693967,7029.0509240872,4045.00769016121,24089.3630538514,1069.80520476944,97788.0545230065,169377.926765468
"P04451",1911216.55796289,213533.688415328,41096.3086987241,217237.842618412,20948.8825406123,14688.896632683,27392.4625933742,44901.4573272494,27779.7420119376,40016.7769348521
"P04452",3665842.51677183,716220.096823059,9203.71589276941,53591.5748648573,16592.8575833382,4138.85822587194,27918.1798137115,5755.05604188073,49126.2846582223,97758.5932239578
"P04453",4577337.37381231,774335.023343243,6879.8802497076,43991.2955620377,12355.3981901145,4381.70354370408,26752.5345033758,2830.56229835832,92474.977441686,167826.071256403
"P04454",3369890.16254174,540202.15200119,9485.1732124924,120183.062105609,13888.9312761735,15440.2796406778,27560.9992166477,11679.387655107,60216.6901812348,139441.446159893
"P04455",970113.307881108,193059.809210791,85948.5618555308,218518.209337969,22561.6863815931,18122.5300205823,26760.8404379324,33857.4393358344,13346.9809098689,22012.5457143167
"P04456",4654455.80259152,867706.084949267,4572.87888941553,56337.2067898257,11426.7298202581,4490.16631691135,25340.7259696229,3055.11331800812,80659.3454635332,172191.128024759
"P04457",1433940.3598515,33999.330055386,29918.1003151039,2574452.63134543,20327.3365260439,242575.079304433,26556.8404512723,1219894.7236256,51451.885559488,75736.606111528
"P04458",3210537.14760266,421672.345081638,18285.9627969905,150944.631328533,17380.9258174672,14261.6604879607,27760.3058370319,20888.2342694112,60805.8044596086,102924.685860281
"P04459",910713.761366676,81114.649576086,77443.261280069,620456.466500475,25043.2532726161,28262.9735810785,24924.249407652,94510.8128122074,11750.3754949413,18452.7055082287
"P04460",2368409.53347406,419594.416347534,31041.6085994606,118581.394323358,20449.8678752,5561.21307484715,27826.3433704282,23459.6042606904,21935.4075803245,44095.8783735419
"P04461",145301.197355056,2130.98717922068,2814753.75019071,486823267.919517,56185.6552161274,65600891.2215704,19283.953561854,2473755161.2478,2995.72407468698,2792.37311577819
"P04462",1817315.51351126,420321.71833618,38814.7707029727,42433.805593093,20371.5129768113,2660.9599504088,27437.2603829596,10556.2191908365,16007.6655961286,18881.7528441675
"P04463",462144.963169582,24612.6454765438,151706.28955908,1265006.97574579,26989.335416417,54334.6136014909,24999.2553609672,548836.453995153,8950.84906527295,9173.38960299432
"P04464",4274117.41096561,922896.742092885,2391.46958188601,20857.6555783143,10284.1971330283,2064.98376530571,21023.939032326,939.311143372685,99468.9612153876,185302.255112557
"P04465",1901715.78912754,245400.298992923,18335.7759261851,268596.391832038,20425.8787918222,25367.6828681281,27724.4779441818,40137.186020343,39113.6596468606,49387.1387532584
"P04466",4400304.50935438,767478.273656981,7993.4077749473,65045.6241859571,13866.6059147685,5259.30815680117,26915.8899690328,8875.10417257658,79313.4069088625,153605.131634001
"P04467",957669.965997035,71813.9976592618,91749.7277584562,266101.530497801,23553.4939377228,21045.3312258144,26191.6288956126,176610.989255212,13309.2870166736,25263.085473998
"P04468",346365.595556294,10268.9718952969,246195.734081435,2267210.99955018,28585.2211048345,158700.432689666,22879.9147542051,10309791.6859008,7482.05819786421,6183.9939623245
"P04469",766706.758358058,40951.5201963384,77175.0736021851,2669881.283281,25662.8588474364,143169.247488407,25670.8470666173,1405041.38109548,20589.7685739199,23914.351177973
"P04470",2847310.21946103,254761.116441739,11755.076847589,341406.840067279,16367.0931797014,27128.5239041683,27929.3015984057,51805.9247780456,58622.3624504153,149759.383042404
"P04471",3104656.41729587,319305.596901684,11587.0998452829,217427.126778199,16135.8492901459,17212.296385687,27918.8378737307,37104.7932470659,72870.7940760451,109622.801118343
"P04472",947790.826474703,27196.0083389682,45671.2113741688,903605.488418149,23981.3250155192,109180.701666945,25936.7835407511,474805.751082636,21508.6846399777,24771.434789413
"P04473",567197.941312822,25225.0469207123,129457.496960303,1200834.18365726,24865.5033744916,74880.6984028923,24702.7416854591,1326335.87000304,9481.88873453098,11922.1178344711
"P04474",1033743.68984244,124622.635392898,94076.0190014747,412161.804508189,22993.5290678484,27848.6027463544,26952.2146408393,185728.957367492,16853.3217323788,30422.3810704381
"P04475",921949.10712901,33345.9669315864,115010.581328664,1927069.29299406,22087.8684279893,206341.350466411,25442.2127198557,1706267.32596614,20086.6040894369,25768.5873748786
"P04476",148799.619304233,2968.05030341361,4550299.07401893,95762062.7152698,73841.7436772856,16103731.6325124,19456.8534605295,97952980.2475833,2057.81254358187,7402.23105604645
"P04477",374137.366532102,20940.3396338809,353766.058550477,1021964.94634566,29690.4619993321,86164.2017956288,23593.8454793009,1226784.52520511,6783.1570326152,7659.40898316589
"P04478",4084704.32762057,351417.647870314,9200.79490216925,170803.312672758,15305.6627712967,27626.1740918082,27491.218307572,24885.2537194406,76763.6784379208,165493.029300943
"P04479",1058413.5081032,28849.5044963458,69636.046627098,4621546.26473407,24527.5200580593,100611.439259861,26663.6094902258,664711.536911796,26485.5785962643,34229.560893588
"P04480",1809057.47073497,55512.5579469416,32521.241371078,1555526.81590117,19698.7113278422,122332.371777688,27315.6606694253,254234.360769676,52671.1073904141,80273.9549299442
"P04481",852996.126531415,41378.2782809427,63463.2888370799,3164611.7074694,23538.6264435981,174777.044676669,26041.3032407914,1655178.53347083,27705.6361655912,34946.5075685375
"P04482",3107259.18929337,158891.614475757,13061.7963404664,807716.674302734,16302.6541162495,37978.3203086819,27886.8603897913,123857.5296806,52347.5053492759,114815.258644449
"P04483",3126508.68209612,122971.62164865,23812.3317000875,452199.741964436,17189.1263090494,23743.1617949379,27901.3292577828,25014.8751353132,41773.8904275926,82956.3391428157
"P04484",1741631.79992507,198001.480636481,35105.3106836886,251416.279011299,21429.4933358685,8543.81865608603,27251.163902996,117578.710332257,24001.1659280832,31579.0758009449
"P04485",3429004.51574869,564187.153888899,5542.8962957012,89623.933400772,13232.1307200416,10711.2995337925,26717.8840660355,6893.00251010192,85380.8666912677,154496.860425064
"P04486",4334222.0073639,250472.054878774,5375.36084546077,138904.095261908,13022.3480549284,9377.77892068251,26621.3855355978,18444.3158091263,57108.224630871,13015.6804580713
"P04487",4601343.24830155,907701.058774872,5094.26570620501,13290.7205945721,13291.0987249279,787.510664684032,24375.651492624,553.887792579241,73711.130734113,140394.371838174
"P04488",2117200.50676531,173554.190896667,23839.7400924425,535836.510318253,18841.0568505199,39317.068301709,27623.3715417739,226246.963744957,40556.2849189557,85052.4122016579
"P04489",351979.725184522,212729.207838476,177987.091315164,134537.971178166,30051.0572685494,11510.7421537913,24139.5642699345,33277.7219317416,6562.28684802095,16611.0118205954
"P04490",1074508.5188537,92287.1437906908,75137.9394374883,458618.128114387,23762.5442094712,31108.1620616226,25493.4398224487,84379.1235115653,17114.8308552279,17447.2400203882
"P04491",1678413.22460619,236151.468485222,22216.1403905995,279829.832095117,17048.0267619735,33622.6076772616,27910.6707281686,39694.3748881157,43648.98728937,59563.7674890502
"P04492",3286852.07279054,177167.162627404,13511.3477398737,511641.546384407,18281.9193490486,71250.0968281179,27921.2303975909,98071.661683082,70831.9079163381,122326.726232693
"P04493",2587567.94276832,308669.355347874,28955.0619783226,240189.647587371,17308.2395055531,12563.2526759933,27931.9018468636,27342.6411223338,37768.6195732321,63543.912026893
"P04494",2824837.76270226,264128.697784366,21869.8482317377,255129.016981272,18090.0471307491,16844.1935048705,27930.8622996353,31155.4367525483,41605.1026816221,97892.4714222883
"P04495",411959.32756871,110255.070550912,149681.749819995,441205.209606423,25489.9753731614,14844.1927350073,24926.9616475499,376350.807523206,9678.94523341514,7319.22102144519
"P04496",891529.692783052,50808.1789827333,138997.509997026,1367343.93380954,24984.8487805559,107043.05399848,25969.9921253834,2364320.77460863,20210.3183297518,21933.7420872052
"P04497",2173011.26562616,160966.357338115,25360.4356149501,354564.43752053,19952.3773766212,16133.5911276796,27809.6974806792,124044.818016806,30372.4570425704,43152.4177660847
"P04498",696449.895634381,54640.7274394405,121109.740837708,448508.373321243,23971.7040432067,22606.7488656048,25489.8503770531,365494.266331731,14750.0935039157,20905.1368304777
"P04499",4555073.09915408,874243.496608775,7552.65917605455,37350.6915880274,11972.2088531411,2742.87104102637,25844.4588280955,1337.87803913929,79304.4612177188,167111.744622914
"P04500",4497248.66405759,917375.581400049,3710.23224906309,21928.1584875694,10004.744001917,1666.32711843327,23293.5977997681,1394.0635044854,99059.4724205468,180033.542306159
"P04501",195121.858081749,3622.31297070941,591611.12894319,42157238.6373955,35337.124866746,1847044.61531167,21486.5685559597,123004782.169962,5649.96469053997,4710.30392234648
"P04502",434918.857504405,12525.8237091408,108547.702756792,7214663.96233563,26749.1353327245,481733.674494861,24012.1435135922,4672516.06722253,17362.6739126828,12035.0188052673
"P04503",4462322.02986657,763552.871065231,5365.5154418641,67899.1131753337,12705.8304328402,6396.01872320151,26361.3571116633,2209.77208964762,91447.6710151193,178802.364071013
"P04504",3803483.74628168,570545.897427725,17556.5247133879,112202.24005752,16078.5938250812,12085.2174246714,27654.8126933435,13321.5357164148,58517.8931766293,91082.3912153895
"P04505",1858213.83342342,42316.096652474,22351.4920154105,1034402.1526776,17690.1422710243,62132.9773938209,27889.9837555627,709063.212476863,35611.7313431585,15755.9674089375
"P04506",2226512.7447408,202248.416264927,16794.6677804692,331421.271455291,18662.4914788701,35026.2098026392,27854.345112819,34120.704179254,58282.9412515211,95882.8952840669
"P04507",1839631.94534988,108131.641641496,37322.1905148118,639253.863878743,19014.2870151621,54405.2635530337,27240.9234335643,125672.149598279,49138.8622924356,100533.582576062
"P04508",497340.426717309,54003.411618172,168733.864650439,1329564.42407853,25756.0310383086,91412.274808631,25396.1430153508,876916.563681602,10527.9975171544,11763.039701798
"P04509",3495234.23097908,802124.381911133,13413.1530795618,65909.5762893418,15342.1611548518,5821.77282850168,27878.301119081,4033.54374628163,47924.7981369933,105018.638263819
"P04510",2954086.52969141,503109.890859037,7271.21980014753,78502.4910850087,14824.6676287716,15688.0556070833,27737.9070957006,14947.2875225303,64913.7021506034,103522.572996123
"P04511",3732378.70117848,385841.851762031,11107.1848115155,82136.2277071834,16182.2387952985,5831.7113939142,27912.7723011638,7450.68082819718,53580.585919077,103350.022802867
"P04512",1599619.06769683,88615.3018740759,32897.0493241357,998297.587358768,21020.9274732874,32925.6738137264,26911.6810917098,248785.925737267,35518.305417222,32234.6636558227
"P04513",3882079.42181138,829021.421885256,13742.0698559279,40013.7065647481,15133.8765713256,2755.14237394582,26720.1684745337,2127.42496004511,49441.3677283087,61853.3495820579
"P04514",2049687.24236989,77796.9047802,30104.2358808299,737675.579587471,20161.2974458113,37827.0909374889,27549.4090379689,118266.428833584,34626.783264385,33361.0857430293
"P04515",197884.036702168,5783.3885586813,433804.743211389,11013032.9718748,33385.8343548279,516241.830217635,21729.105456656,31330940.6014415,4439.98112989278,4385.96403217897
"P04516",294267.374357869,6904.91522736783,357140.487823197,11870938.4521849,32727.2709765015,1224975.00174612,22923.6422223233,38759078.582175,11169.3096447114,10026.0925448663
"P04517",360726.852515905,9935.26476471403,311472.787456984,8928796.63744638,30333.5195519427,1253028.62354631,23436.3197475378,28560001.2706968,10325.5050906825,9335.00827127465
"P04518",372404.307165723,26470.161704234,158192.806188968,857693.896339971,27775.5579728236,60400.1399118853,23957.2717739636,1057794.07711686,7856.73046741116,7175.81500350829
"P04519",219990.638835476,7697.01145185619,667290.919770502,4959355.94684073,36053.5819699202,171403.260727359,21118.0268886009,13955926.3108468,4072.35251392122,5162.61902886807
"P04520",417533.259124028,23329.7279032593,212268.95918912,5289480.91145589,25880.5156457176,189214.815879273,22984.0988792878,3775916.22762861,12985.6763184889,15479.5406962503
"P04521",4689503.24401212,631497.604897711,2678.27731851272,408806.258364414,9178.34317388286,28640.4655326703,25904.0210638268,18866.1469365087,92083.9356285435,174013.053506507
"P04522",4494738.9727832,907958.513940294,6537.20797567561,42851.2862282384,12944.4884151221,2882.31756920663,24248.8192255227,1550.17859633219,79314.4388868696,162339.478573756
"P04523",1138588.00493937,164568.799127862,35677.527817434,280117.459337262,23372.3711741518,16292.3155143052,26625.9655791505,63494.0965687077,16850.9640805522,18258.6633198915
"P04524",516709.393166301,17339.947695197,124862.498844133,1782241.52976079,28208.9830691129,173596.87651328,25059.2180502752,1291324.64835179,12517.1841752613,13734.7110189069
"P04525",3411837.91204612,220244.689942539,13264.3098771202,224356.00229162,15571.1286798143,22576.8992254369,27825.219327943,36993.9730799862,64473.3619408444,137538.167060291
"P04526",518048.137656214,40601.837204214,166989.490702926,413522.171181593,25619.0700029074,40325.5427111002,24444.9968664238,276713.658458585,6415.08593735078,7760.83605241981
"P04527",410129.179671209,49600.9014849731,211165.426065759,706609.364656694,29130.0877372966,27479.5536540803,24561.3193259841,1184595.30023952,6618.30158595633,6393.68633150022
"P04528",4084780.23457868,454131.630943899,6235.38369051827,252170.732621342,14493.1279696296,21922.0971586744,27344.2953339138,15071.8947066592,92517.0143269666,168963.025647222
"P04529",198179.00877901,2221.46868412796,10652875.9791587,500379069.077052,123262.184202568,59395311.3100153,21529.9615736922,4124274837.11495,1037.17125766371,2308.85349434176
"P04530",1259091.78057219,116201.015180274,86268.7968862141,661962.621069919,23705.5127934646,35840.0521196479,26470.3696113984,120094.100190041,22139.0024310142,22459.4284699591
"P04531",1645584.60508744,40714.5812675816,28415.2080072015,5757959.73209491,19031.405339107,278809.597911165,27630.1403489446,1014586.45246706,76754.5196375524,80082.041517301
"P04532",172364.259654449,83702.6156276059,1038043.15657691,606643.716486435,46335.3479795206,43704.0717644661,20552.1529290209,696358.957736328,2343.54905925278,8893.36248114516
"P04533",624072.465343892,41687.9386249843,159978.747545837,626127.060746478,24375.3493621882,29930.629099658,25446.9422845095,740557.60723007,9583.42874792795,9527.50604157641
"P04534",3338639.52156016,291047.484670006,11993.0898457443,748483.255404339,15003.0077529894,42719.8332204327,27912.7025611488,70558.5162055901,61172.7823064114,113685.621908167
"P04535",2428324.51382398,731857.588639184,12310.3609874913,67688.3962598511,17457.0270153382,8555.26849426043,27909.4879060108,9616.66946263326,37286.0614762013,83230.6292013156
"P04536",1562446.1792022,247634.517184834,51583.4856604013,159408.523319181,22012.3547605674,9715.84908471175,27177.7043253759,23124.5498551521,13008.0496095726,16831.8717026148
"P04537",211439.475032223,16435.6814558269,477870.745857451,3337892.01195574,38850.5997304761,70510.8821026287,22318.5143235152,7307633.35521324,3586.0887620407,3911.22136951089
"P04538",2794346.42741064,90867.7444561017,14275.8309142894,857542.719849895,18206.6717339187,87094.1705776795,27930.2197139904,245012.477482772,68464.2300953755,122519.350663136
"P04539",3504286.69274557,484849.871723099,8046.8038176748,86801.5614271485,14308.4457397155,5855.72584148868,27743.3077153335,8042.3067997671,63224.3306647689,105139.492001214
"P04540",3803569.43597803,524657.813907858,8581.7205356625,134547.334637649,16193.8442954335,6665.83551258212,27601.9094922892,5777.4745866674,60279.7543137508,126914.946886755
"P04541",4637015.46873887,437380.170592752,4601.14329141798,197159.976746185,12043.845567242,16567.1482682725,26645.3165408281,7418.99488919318,90107.7668797631,181319.265945316
"P04542",4147268.08565944,480301.542695458,6031.31573770049,131078.207242942,14629.6954940812,15736.7728029529,27383.2536087627,15877.563589234,81684.2023707736,171751.290863459
"P04543",1502970.25603193,109135.259221873,71114.7441848431,897986.5566009,21315.7863430734,35110.8299777229,26578.1368248811,143150.304607072,26818.0840532035,32474.9234060941
"P04544",668960.851150162,21447.6504115247,84250.8598647265,1406437.25794323,24268.8898709633,198841.932938453,26125.8069461108,1334599.06077798,20098.0490551289,15764.7770065167
"P04545",3902576.44313404,741323.777247085,11947.6184399207,54250.3991715901,16662.721231956,3533.91143330093,27783.6722588293,3142.94373852852,54791.3388781507,81843.8215149555
"P04546",1777402.93483753,57541.4895005638,34514.3543853533,1565551.91261053,20999.420324773,138554.237521018,27266.0734821567,547768.107000947,45792.0886207863,71260.8985800635
"P04547",957523.715397435,170797.694787477,72184.9778835542,196775.014848531,25437.1725010128,10269.3927663103,26299.2602246233,40106.2669181023,12416.7830489834,18729.4530177277
"P04548",4694310.7364696,901317.184197164,4528.17525502866,65424.4098952638,9446.84337826279,5828.6422690243,23950.890310523,2217.78968019879,90248.5582759702,185080.465798519
"P04549",3611520.2780397,116770.302835223,8767.97865398975,899811.659131467,14668.0014665252,73280.8796090727,27929.9479803148,82552.2259979286,79300.4171649591,155060.979787402
"P04550",179132.023195845,3861.33082368076,8616109.17723746,38714445.8128784,101187.663451391,2183799.1870383,20657.0845878664,92772441.4040658,1066.21879856473,3725.77339549964
"P04551",1810550.44557038,48746.3602174784,25342.6081458934,1398261.14005115,20641.4170100696,140581.602820722,26772.8384699091,148492.77052421,38058.2700905718,69716.6874619543
"P04552",676562.501542878,38646.6329519013,62896.6258799217,6542486.00161734,23534.2467143719,287455.618732647,25045.0279476552,2432710.40290176,26018.992971595,54302.5221265007
"P04553",222387.004199656,3527.19859636432,685315.238988752,37912386.7873842,33932.9045133796,3162709.76039824,20885.4932274004,190470749.820924,8676.64016976774,5542.16883895498
"P04554",581333.602088367,17297.0738062679,140844.404133425,9105342.92456752,23789.6873366819,395479.436734275,24288.7974881256,4679577.32261331,21759.2627753256,15922.9349985055
"P04555",3212249.24139487,735377.380039071,756.005736837404,56915.5872567223,4669.28992044707,8788.18031287963,17161.790257448,4976.57205817767,75902.0296086606,171499.385523012
"P04556",3920537.10669725,928891.763738775,1658.10019629374,26667.6573363084,8795.12517880357,2622.28931594879,23891.388879947,1434.36013980507,97651.370193039,179482.177347564
"P04557",2984767.87114289,382275.248170105,12800.8626393373,115026.763766004,18241.3387590305,8719.23569543425,27929.8801214449,8093.82959752859,31952.9533979338,63516.6849132921
"P04558",183136.956336022,2263.15300650649,11921171.2124471,440120581.548042,97096.5067970554,64609440.5177734,21520.541959551,4036911395.19132,1099.45460680084,2184.75193126677
"P04559",4580820.88974878,110192.600935668,5127.37364353755,1798219.1206267,12147.1153446934,71589.0663557179,26954.3098993809,315644.127049368,87480.9077820779,82394.1691692164
"P04560",403110.560649264,33035.9787339301,218010.403745059,2869800.48664932,28274.5236486735,164731.568213126,24017.1044029825,3502020.46947318,11349.3865580311,13003.5953130344
"P04561",1313893.96817114,361134.84133326,28386.8501252993,133649.408641941,18800.4850936596,8238.56324624572,27810.7381205309,14644.5675993567,23967.9477357761,31162.9971942838
"P04562",817705.848120832,17361.3242075689,121957.706891244,2520368.02079351,24312.468016439,195218.448381138,25260.6920320562,1802063.59928805,23252.4198627632,17314.2400910567
"P04563",980119.637791815,39597.6847597417,67700.7608406055,1347950.36230159,24886.5204685921,52765.966833921,25276.4045658527,516243.483686369,27069.1417699326,17667.3473469587
"P04564",4693102.37138777,922734.885683031,4449.33851563404,14744.8002545476,12766.9506045606,1011.03434008997,24737.4091547698,1044.35537078163,79326.4002506948,171144.257548716
"P04565",1311807.82603951,119825.909515548,75201.3307464508,292373.542398294,22521.2494477567,20533.7732215617,26649.7929134835,183873.376443607,16407.798726571,17074.5671832628
"P04566",407512.136509078,20310.954547518,129302.187982607,1039185.57179223,26320.8394541494,77614.5570797252,25543.1768850802,894547.319171231,11346.9992779014,13457.8851856187
"P04567",4697675.7254378,921988.895374187,3026.14775293496,33004.1193338336,11505.825615742,1747.3831839958,24124.4123087843,1371.60356031155,94245.0008668324,177809.308673407
"P04568",2074859.04811587,238100.230307071,48722.9877648329,290316.493385733,20350.3325085079,26195.9706647098,27320.9200744232,348617.289463022,28883.0094821795,40489.6036072449
"P04569",2677475.98326125,310544.461477309,13939.4388042711,221512.51535641,16312.1723764203,24676.19053124,27883.7682545795,13447.2082181249,49146.0255132963,94965.2412556498
"P04570",169008.780303987,2177.30216830285,7639731.8899946,219277953.33632,90664.8249168531,17982400.6063511,19645.6179730563,2521948476.93233,1178.31904904753,2160.94741559312
"P04571",620081.520201105,10608.3705375195,145583.917058333,6943327.69677672,26090.2263212053,427528.658263568,25617.714343722,5949471.69752994,15815.9690637199,18999.5371369476
"P04572",4510423.21496814,803345.005795414,2952.39860591169,9478.8795877776,9610.03227994994,493.248535985633,22736.7262477428,472.287658015811,94100.3674696869,172631.370367742
"P04573",1369168.96412807,36979.1428448127,47380.9801895212,2832635.90413829,21705.0359666457,483135.050267619,26667.0935140984,2298335.45260161,33425.0132619087,51403.3669476257
"P04574",3795634.45009797,698368.31060502,7249.0687334448,134315.838184352,13692.1344646337,9196.2596917182,27089.0292186237,5635.97493506386,86878.7284882943,161672.782238352
"P04575",772142.029518454,64397.2592633819,70363.2731576461,964759.652054721,24472.3879974114,46898.6563611879,25154.6528246162,391358.721527806,16525.8098751181,14432.3981043514
"P04576",703207.683833697,42470.615017851,78794.7485998852,876040.917576182,25404.1440187346,87245.3203534931,25470.1593327018,347437.611845288,15495.5693861244,15734.7327380035
"P04577",3480637.88507713,674904.482384529,11441.2868073407,73023.3721379594,15659.8814405773,4202.16172345047,27075.9431285302,4521.59725313762,56757.5033368158,114530.356150688
"P04578",4094681.44077488,258167.61345072,8106.50650052468,2143033.18866328,13677.6783280509,51003.945413735,27905.9519177573,69509.1946316832,88866.6958703058,164215.050279016
"P04579",1200229.38177091,66724.7892874409,34338.498008541,749042.827848567,21120.0499784141,85780.199098167,27188.9904138762,786474.87395575,31142.0509344718,38672.9661189647
"P04580",471523.078056261,106456.026488049,144978.921602813,399725.196425702,25800.802059322,25382.187630111,23837.5888161915,72414.4885531922,13648.0830377194,35208.1876899425
"P04581",190118.881880555,2216.62647889934,11379698.4932013,295952541.160922,109660.948818995,34391138.4675349,21157.9948538821,3126832004.26561,1050.93657126531,2213.41475264624
"P04582",1654803.44172952,122413.050429968,53570.6069560761,671159.207247013,23732.2187611658,43041.9512639066,26034.9514757176,193798.659383279,31420.4099029242,25722.8933547753
"P04583",1729074.81854569,254623.003562894,25778.2079428526,241292.511122335,20620.2814563911,21473.4086616088,27231.7686864166,83985.4471732619,25210.9276840606,47180.3125697762
"P04584",464211.973112917,25594.6570463847,210551.122421984,3420329.73178849,27291.3999052811,117682.569283216,24332.2924180063,3229508.94286918,11958.0012861668,16097.1183886571
"P04585",4605149.71318048,215289.650181501,7613.99513817687,850418.814468106,13616.1415110819,52426.2727229229,27307.9030448725,62135.0631253494,88897.1642720711,180720.794614489
"P04586",1943549.46568961,213631.487005523,23639.5531092363,121635.248426289,18628.9631186259,11984.3105061357,27914.2395250346,18424.384982368,47568.0080899601,70871.1296872333
"P04587",644155.990406754,20100.4448628589,133160.859469976,3927331.44245587,24782.3878461246,241084.947619831,25921.6933329326,2009726.44668528,23793.9116306848,18378.8642913509
"P04588",968564.611664809,43776.4406999885,118393.874153031,2035561.88929315,23962.8781873434,115504.772798079,25733.4175755199,1018699.10905855,16305.0919854211,20457.1387686548
"P04589",4633272.64814395,561036.44027523,5754.2861585498,190530.900999324,12633.3859212104,10327.3595976864,24731.4166498702,7782.41154942257,99404.3939911029,183643.130481983
"P04590",4572176.74293009,781332.587457197,7312.82556925582,59208.6260089797,13825.0183853089,6088.34779864837,27283.2286383787,2390.30988183415,75441.5766085256,149629.730137606
"P04591",200664.357056096,78726.6896651759,460865.008254077,410949.558600901,36632.1232109343,37043.3147129401,21204.1968917974,243690.26325641,4146.48579856023,46076.488381193
"P04592",1766813.69804148,448100.410720116,11226.8251201077,91230.0769268544,18461.7084080548,10716.8066539316,27772.2126803137,11730.5809826636,33143.9069622678,55893.6657108736
"P04593",328654.247203254,16376.4134258728,396591.044097198,2144701.6150491,32848.508754013,74701.5086087521,21996.305224316,5050366.94139585,5055.53883229589,5431.43857085546
"P04594",4001793.81204155,691557.198168846,13210.4089526529,33165.6562116808,15556.7141836883,1799.00063178179,27613.7547635523,2896.81064065486,44154.5374397765,60473.9099628569
"P04595",3482089.99373624,635231.544156636,16874.7311149938,47231.8709318247,16801.4088326073,3660.30748043192,27718.7423158095,2828.69276151364,38243.6405581171,58666.1518616345
"P04596",1221791.60727806,54803.709460342,55374.385990893,3811183.98912248,21118.8302212257,343426.396008536,26594.7646053043,906964.2667783,61322.9602602267,90034.139662888
"P04597",2264342.47745297,250823.818348148,41777.6223495803,150501.461997677,19987.5151371388,7729.00233751389,27532.8901098502,38744.0133067225,26231.6265598432,54729.4183625251
"P04598",552490.249867745,13439.5796140834,194608.290680472,4497616.54910213,26043.0415520424,210003.218341772,25213.0399260265,1685105.60763005,18106.7846835429,13644.8113952881
"P04599",1643398.25913299,168090.066568529,34836.5250611018,318726.213371139,20074.7371748505,19315.5870083106,27849.2914661578,74907.658105775,28843.939690779,59292.1715967447
"P04600",3112789.04039373,265937.694437186,11728.6043830744,949014.559809112,16400.7383144253,91773.3677080106,27874.2998741931,99855.2123087671,80833.1023840588,131421.012437772
"P04601",145848.357653217,2228.51805596004,3574838.46050011,123190728.885297,64662.3851240632,11571440.382373,19282.988182068,539629409.663074,1842.59697473865,2293.05226902409
"P04602",2468668.76179792,235841.330247558,22535.3628719546,1188140.46292021,18699.2787994818,91119.5771323033,27807.2529916522,226996.911556941,50464.6555605688,95898.7361161557
"P04603",144922.806618731,2413.04850360962,2646109.7992729,85115599.4832926,55534.2920638212,4281508.33412145,19268.766862973,361261202.047942,2079.91190430702,2435.91560093528
"P04604",905183.072639251,50246.4354458782,54073.7110805744,1151836.46048562,23112.7892557256,70945.4878165815,25172.7369569088,1624151.3402361,15042.0771044543,21807.3458919118
"P04605",4166091.28836632,69816.4455556193,9750.63135261432,1286758.41139182,13077.748607157,71734.6187776654,27608.7900443834,515785.539385641,83005.60805783,38534.0367795647
"P04606",1662705.54609931,135994.102433702,33964.4540585728,633731.093332529,20513.8800490661,45659.1570196181,27562.7381747524,106876.55664631,26699.8171284437,44786.5407408393
"P04607",3514391.63823935,502079.255141295,16347.8012976699,143949.293317793,17487.7797244261,13563.1185645888,27926.985885176,10231.1552998692,63063.4463626557,106746.052301565
"P04608",467304.098040138,16344.7328999753,227119.795092221,4756522.59179295,28003.9746566335,199225.613188361,24734.1492072928,3411884.30723827,8219.64094709414,9504.61471118097
"P04609",293582.865831849,15598.4128463238,226068.932699941,7287021.20868638,29136.1652229801,387845.992185546,23020.8267591155,5823957.07696065,8375.90514572214,8709.26263113162
"P04610",1407302.59621431,56884.6332883227,44542.5769002381,1688075.19728278,20876.9393252406,92644.4443926653,27553.2411602752,89311.4018150185,38343.5866277706,86672.6427512283
"P04611",3494779.19027536,220201.433137043,11161.6528311627,707907.708134823,16446.4016552684,48062.8305800273,27864.1910371447,36986.9771649602,77231.2569633289,135360.792896491
"P04612",1164664.22879226,38327.9766746685,68464.1573262657,1268189.98053217,22901.3788405542,207641.527873365,26859.5740824889,762639.788680386,30883.554100939,29796.8767586456
"P04613",2715118.35891436,267623.598179191,34525.2598781347,190098.287404487,19591.8075933618,18725.068418786,27634.3943621312,25835.5427711808,30884.5285172575,52651.9378525157
"P04614",383219.518627237,91307.9150516893,374311.535003832,152391.896755451,30534.7923529218,5644.82775739512,24101.8874395773,166774.389468898,3985.96388320169,4476.33807258845
"P04615",1376776.78248483,97438.3475918921,49120.8944822175,504628.618552337,20689.4025143871,42991.7858664907,27280.8080147445,72180.391001626,27164.69469749,38774.1932283425
"P04616",1784467.86837359,455416.468438366,59907.2440958355,71789.2060789582,24459.2973835376,3410.17342722535,27420.1716064435,27014.3034135078,9636.11729703028,14600.7777260568
"P04617",1937485.93243539,30111.6923056667,25134.3268666146,7003645.26949752,18686.7470366816,577520.7205087,27435.4565299106,3333563.2487844,62135.5772401446,92380.1102579572
"P04618",4119700.46110317,470834.026661502,5107.75665688615,242105.352281018,12688.57926138,17359.8866966644,26667.2558005397,8825.67766993526,92598.5417305645,179337.123226456
"P04619",1918429.79956513,160378.954978099,25963.4573352717,488315.022897936,19965.5774926762,41145.06666079,27888.0221133791,164629.342175041,52220.4276216027,62496.834405906
"P04620",1640256.3080624,255578.440856498,50795.6699379879,230974.248868904,22341.8173104215,26806.3811562122,27301.9414671689,29304.793235261,23340.6003916453,33055.2037461186
"P04621",1080297.71906404,89645.4465087486,42958.0038190366,847843.745330286,21497.5957290842,70686.7223901454,27137.8985337338,424893.259714886,31935.3093795785,56974.5906508308
"P04622",669083.251587027,16742.5743516094,66696.1104451313,19173845.1429728,22077.5708115492,1091362.22924914,25671.8773508906,6880909.24325032,42163.3142676198,48588.6294466258
"P04623",169375.730216156,4684.48586469808,1358851.9351529,10211586.3203103,43507.3094121217,616849.456859641,20420.9357850491,28091169.2458081,2774.49791082983,2507.95955622247
"P04624",4000580.03234551,242865.112736091,6249.90628946697,985743.232075019,13270.2968213934,83007.3021541382,27712.8542756245,44612.341836383,95390.1880512907,170486.39419903
"P04625",560923.551258776,9588.72360914115,113791.050043154,14272048.8442135,23550.7575503991,953963.154709041,25600.8666460668,11525862.8848543,24613.0887573716,23887.6290053914
"P04626",4314690.06709727,768209.487949536,6573.27819642457,77914.6064166308,13625.6443237874,6076.74490960757,27108.5277143076,5004.09374343376,72045.3185492771,153374.71093497
"P04627",182041.990907448,5931.15032749212,824617.070253658,7196289.94358334,36460.163040256,234209.560827103,20724.4633861517,20512082.2386658,3323.99300735111,3112.89716531417
"P04628",4022271.6274335,647077.821029529,5956.78782989583,192437.768694597,14285.6851509178,19320.0223257075,26341.1050662483,11344.2115308809,93065.5483927168,178922.320135534
"P04629",439915.860235868,23870.4558047637,171225.684875053,1376506.3718565,25859.5613807234,158772.029416098,25335.1056092097,790993.831585104,8608.16368195262,8671.04142400139
"P04630",465497.848152608,37086.9984247716,109606.398037442,1611536.0149351,25632.2503311766,113554.05157283,24826.277452725,1545705.00790252,11751.1994654422,17675.9277814944
"P04631",1223549.7332806,75975.8582880312,82049.9993913621,817519.585243082,21458.3358744418,98958.621655137,26506.7294064589,740031.368275254,36533.9909736312,38653.8711558642
"P04632",3414237.28298335,278271.387096005,13590.1210577486,740040.18841029,17017.9289947981,82437.2480197561,27866.2425609939,74143.4160790449,76710.9661856325,118689.037764704
"P04633",4321887.30438186,192281.520361166,9691.31580375542,588949.739734106,14146.6556899823,34042.4180173005,27709.276441784,43470.2004492133,92054.0884857744,165913.708292758
"P04634",999906.970133256,31873.8262066282,53414.3072015197,3122989.29767751,22929.3482674182,325905.802168186,25681.5868106353,2316855.92863556,28328.4239887242,37027.0358538314
"P04635",664334.062850052,11309.4986912596,106782.510552393,5593696.75120427,24153.5429814223,480885.201308307,24547.6179154311,5267097.81737831,23305.778614837,19132.3560116408
"P04636",594749.312761179,25113.1472026367,110818.94706017,1445430.67011794,26487.1729575364,72081.3928693978,25321.791635769,677201.949073618,13449.0973783119,13273.1201037437
"P04637",1120176.54331469,44620.0419041113,59996.6779928614,569072.953378298,22544.1624054439,62030.8725895923,26485.66309674,377894.70954636,19584.2705944967,33959.2026428662
"P04638",158292.981503525,2132.66148412379,6204726.73249331,201262836.740914,84291.601932612,20469628.4504636,19421.5553928988,1197256060.11979,1366.27878080254,2170.6268890507
"P04639",735059.800008775,34403.5196925718,171434.896823047,953982.421692962,28356.7497249644,71527.3984036212,24539.7695426706,443553.431241724,9485.29592710035,9437.63925502342
"P04640",1487430.81136971,53097.4820792475,37723.9285549536,2724585.21197387,20993.0844493998,188942.752736701,26227.902783075,2029885.12732285,44581.4023388476,43302.245965697
"P04641",1891490.07207214,325863.995600601,25513.8611591589,148945.383648944,17895.1980453055,15434.7085409156,27893.511971762,17329.902856879,38110.5528465749,52260.3236903198
"P04642",408927.39377101,4143.06424292462,282465.051288596,34922559.0864944,30411.2802243338,2642129.77489877,21918.7872151054,52821726.4842318,10752.3742646102,6858.93734010241
"P04643",589411.221463677,41778.4619240212,190274.878539965,832048.950083601,25970.4821238817,62378.2742432936,24528.6669093915,955340.043220267,10452.3562121119,13026.8985520273
"P04644",4690185.82402241,832741.798435995,4817.48510631483,29360.5673366128,13424.2603739159,2523.05728569838,25075.7107789871,3077.97641491057,82001.3928634653,169533.225676368
"P04645",338411.166648681,21713.0410077742,141628.592336417,4364212.57845713,29296.1151745033,200269.178553488,22913.9145838598,8453950.74600204,8547.03666378208,5575.58846801213
"P04646",4639993.60017655,932657.29143019,3683.67259687115,34834.5084193202,10505.4728509573,2800.7916193762,25454.3466323784,2114.84788376804,95256.804052656,179716.866938252
"P04647",3440409.60284904,286575.611984317,9212.30721067493,688727.777236499,16180.8527354409,74596.9494714123,27855.2074590655,72723.4725169036,87798.6561289024,148721.401187137
"P04648",210967.97551269,5772.35574893815,462627.138401911,9023805.3696442,29789.6362043952,1024584.70452128,22858.8339513401,21636888.9261264,7760.82373738442,5762.02061899736
"P04649",3604730.21483417,273838.276599166,9954.59494421254,382146.421681255,16465.991789505,60868.6464801786,27926.7115654553,51203.4620162599,77393.635714834,139642.601928415
"P04650",2361833.00321603,63794.9348100344,25905.8244815266,849911.211915776,19503.0439697611,36225.7498097991,27384.711885773,122955.874212436,53137.3741107105,58575.4258896879
"P04651",2162233.36330487,215059.528873717,24959.3292529893,234345.084791717,19674.0868825808,10711.7942424555,27707.5281640621,24429.3451505765,45454.3973635472,43537.1235981779
"P04652",1095467.82142005,28758.7589361105,61098.5863922375,3378804.39408681,20595.7406431002,97005.1204388515,26998.0351408727,767521.574012558,31409.8094577191,55340.2341303832
"P04653",2851537.20403792,876240.862215532,1254.77492777209,146869.488289192,6143.82456284974,14145.7362476963,17634.9853522963,1852.80725387265,60278.3451342739,121799.146323697
"P04654",4333161.02365183,577372.752354051,4146.14489124446,280020.56379138,13133.073111873,22061.8816345117,27634.0146641867,12892.421861639,89351.3748673789,171379.901607465
"P04655",2412601.23449873,220256.702597524,16111.3800444178,732682.527512396,17242.1152486161,57886.8301167907,27630.8434007432,172309.037485872,59727.2913854561,100927.130151462
"P04656",2029145.86634005,170985.156734951,43111.6095000445,673228.276100951,19579.9055334911,26322.2997644434,27562.8797369148,74183.9469475602,32037.7850099046,39356.5927219681
"P04657",168161.263471744,2182.8221620675,6929484.67240789,533649524.347343,92053.8858131416,136496410.302076,19918.3568613822,4660816459.11078,1441.64885191078,2160.30043818465
"P04658",1723094.01535084,115817.267711131,26083.7223481356,900770.292235218,20018.5742168941,48590.3441599444,27456.2712664639,129047.582510225,41376.0194477741,62772.3943634724
"P04659",145603.466273359,2152.15914345887,3199061.14899291,459074416.820317,53495.6888699227,93355187.8022481,19331.7647344022,2342983825.91141,2984.90575390527,2580.96240441095
"P04660",1136839.10854886,189645.049350762,52245.5307571301,229863.284436813,22313.4445129237,20636.4949829344,27482.6713304012,26758.7137505869,24476.4242951209,37495.4224344545
"P04661",4591934.36416849,877020.946442627,2935.44954963692,22773.9282179598,9597.56493751877,2479.27952219552,25589.3724724814,1147.54014228807,96181.615071772,181854.370818831
"P04662",1597800.41024897,155060.919464474,27022.7886070416,374556.846179265,18882.7485989561,20594.4680217748,26929.218060094,35776.5120575587,24250.1096484341,32392.5863135875
"P04663",209035.852376547,7794.77116362054,668808.822144192,4317814.62245599,37664.9646250366,260266.157636889,20914.3083609954,15248857.433733,2944.92673227396,3758.56021728902
"P04664",471905.037664452,66241.9107678876,136083.716883654,468046.026538047,26799.5984023853,37582.80663195,25635.7443388242,908874.770433935,7260.07450735694,9782.59027603475
"P04665",1618478.51210907,288877.948165796,27809.1008102656,173936.925834944,21137.651529826,6832.75478287661,27375.9948445348,18799.6608057893,27892.1205289977,55878.7773241459
"P04666",1069856.7677467,4089.87378949069,62137.2870546396,29824226.2746154,21400.6211083357,2163581.56775686,25689.1769086755,97205066.228189,34013.7694795092,5127.06405622188
"P04667",4665847.21924587,598745.720296721,4131.22205598205,48935.2421347916,11064.6749036623,5090.40985182398,26065.4082974573,3712.20090406305,86993.6377906667,177589.323048731
"P04668",517609.051104375,26561.1783942456,126853.644635751,945345.170999658,26079.4282523584,82136.2387486344,24390.8268661163,1023611.57512413,8526.01259059097,8403.09823473877
"P04669",647207.26895618,25418.1650125505,115550.509671078,3853159.96721118,23033.5229035706,224253.258114296,24469.9963347642,2873709.03690048,16747.8654515383,26952.8437057178
"P04670",4083619.42762552,498985.86370488,10585.8415507258,148755.652615009,15304.7277429408,12708.1846981792,27710.346200754,20404.9103611193,75485.3476855208,175006.464465084
"P04671",824662.743315073,96694.8017443407,142899.881563769,460223.20385311,25567.4126410356,38536.2317930347,25167.9708086927,231047.100580118,12011.4639587986,24432.890316302
"P04672",215965.048323891,6459.4603344898,503473.191573395,5848547.39268582,33733.1135824211,335165.68599559,22861.6901800131,18324408.2688446,4605.4883141015,3842.47601217853
"P04673",4671329.38298385,786100.667564597,3752.74565427904,92128.108753747,12317.721870568,7686.29410047549,26072.3306472696,6118.54521405903,95401.4039781162,185910.225629607
"P04674",3463710.83683612,372690.106768638,11626.1700565214,137512.282130544,18216.891290205,9036.35982581641,27478.8533072566,10097.9425213518,49759.6874754211,59377.1849734144
"P04675",3617549.10730822,525531.72959765,23923.4738341746,60153.6654264404,16786.9920428598,4873.2851920198,27831.8815541817,7115.89261148838,47872.6052416822,113117.071741869
"P04676",1296022.58460572,75625.3832926772,49862.8088395227,857374.694420848,22269.6415949152,27891.7949659053,26454.1369576591,183706.616583298,24814.6722607712,33743.3095670405
"P04677",691152.112882844,16480.0183683499,110123.277573234,2465217.35332683,24081.9997528101,132414.566616142,24942.0751196647,667663.269867369,16819.5174950418,21448.8626349285
"P04678",423380.850602527,20393.0518303021,302013.409299478,1862068.707722,28887.4903649942,103190.176991585,23206.0704054022,8315770.97314516,4900.24443053326,6372.52257515845
"P04679",533326.671495737,10197.3440549779,127246.328669114,10012834.1228286,24005.3125685072,1015331.12949297,24214.4425611276,7841782.67385422,24091.7845166645,23097.4028667726
"P04680",1769049.08958985,398704.522582813,28044.4668865254,69639.3935237227,18767.3199314402,7916.55677135467,27707.3836531108,18517.7172895889,32871.5238204587,63207.1379580392
"P04681",2556748.61522232,201711.338426753,22620.4002603563,354778.783303603,18109.4915095986,23017.9723453984,27931.8036147016,55562.0299490256,46647.2379241352,63757.4972033378
"P04682",4496380.97122315,820610.019955645,4986.68841752316,27432.6304907563,12328.6269896809,3501.47387869632,26072.1082048827,2166.31781366799,91911.7076989301,146516.500804215
"P04683",1439121.43751792,106428.924848152,87990.0928345003,413083.954161431,22007.9368204408,25819.4004530369,26471.4775940494,113719.370509263,18466.1735099994,16070.3918678633
"P04684",4530735.97384095,517470.116087172,4477.41922713363,176991.822495503,13809.0577669537,12200.3341210613,25019.7491623101,11456.3719330883,95054.5974846167,181460.82117069
"P04685",2293313.34028799,107788.225092856,23399.1066336908,955347.057496363,18104.4930080894,102885.172296482,27801.9112517466,433306.412422462,59191.7842301045,137293.24959615
"P04686",196608.116359688,12031.4171548769,736326.179253461,4664673.41660416,35205.650198804,256423.348230649,22025.984766056,10129052.2670485,4513.54873062364,3518.44750321758
"P04687",3499657.35079046,592080.710209984,11000.1274318714,68966.2465548903,17631.6366932518,10001.7574824747,27643.2958742626,5394.41287633527,57486.8431679572,117659.99229584
"P04688",173948.898556504,2790.60766444042,618357.135416702,89726032.0990291,41653.4616504015,7999132.62219473,20528.2230436768,301473296.941528,5276.99723233245,4638.49278818778
"P04689",4032195.49620524,515000.189924777,6002.88887938727,109999.186964468,13328.889714234,10543.6275643602,26898.4981173828,13686.9881774709,82921.5784333052,175608.478779027
"P04690",252471.855796965,4676.14449194653,580220.595273323,20579909.4309751,34098.6148610052,876479.16429862,21409.4836607133,52146747.1105884,5890.29718288189,6163.859536898
"P04691",1429191.11951568,239341.546241236,35331.0941845885,84945.1939057478,21298.3418116533,6951.73137804985,27648.0504324275,11434.4744037352,20393.2181964667,24298.813734522
"P04692",4446966.86653437,932775.834241331,2287.78119025982,37118.5443889851,7535.93786846438,3092.50935899332,23527.9502189309,1621.04169618268,99613.2997562153,183351.002952539
"P04693",234759.421713432,2271.12233607128,19582052.7230584,302675362.107859,137319.315044557,58775670.4311604,21555.8181403553,3851637332.70901,944.372248309295,2552.71483551637
"P04694",619561.828741141,179339.453057888,132369.215999581,341399.474934369,25166.1979606679,23557.9821644546,26036.7681201488,225441.328988496,13379.0591318844,12362.8988543433
"P04695",1957468.84662477,289657.642199024,17390.7948974851,447632.146292727,18000.6799763338,49355.5094128969,27875.0987549585,111174.028491476,57784.3327274792,87454.0918898903
"P04696",2169263.88027505,277856.887475299,47901.1078107384,110280.912723199,19518.1057495488,9147.54127038024,27128.836877007,34632.9007463613,21899.0248422073,39430.5577429473
"P04697",4688741.46875949,881109.275763075,2697.56863915555,38594.9275230401,9047.36836884107,3221.48151945657,24580.8697297921,1436.74983907267,96420.5525589313,183074.776144063
"P04698",437247.383546587,20296.4408939709,195585.134358715,1090322.68787518,28085.132798138,64333.0460060244,26018.5988643967,628375.858807217,6651.60353991896,10302.4926160412
"P04699",4320598.50193285,539908.109145318,7076.35483354442,85848.8593271237,13612.7115641302,12155.1181405218,27073.9412403584,7850.76651765787,72534.6487426075,149355.685574398
"P04700",4040820.59904506,358678.23066874,5610.1237232652,92883.9822525291,15926.0235386412,13896.769152807,27268.6376181076,8782.52780001408,72926.7719849313,128667.316801391
"P04701",2966221.12395088,539041.40624716,12949.3641135205,67495.9857306105,17868.0404401328,4818.67007682943,27902.6255395164,7014.31582849815,42772.0983857614,50382.1088022195
"P04702",314682.843091289,3226.98528664051,226195.014201303,79230764.4983471,26760.9371725407,16745610.407542,21783.319866863,283104503.782383,18055.0567626134,19611.5003024662
"P04703",2974453.59171879,285527.909999622,16272.4390289217,164990.425818201,18041.1817659927,15292.9902191961,27929.3028027756,28583.8197565919,53296.9983181382,103285.984331565
"P04704",322781.468766628,8030.1860948971,268868.201746334,6852784.57446639,27793.4294513751,750178.955715356,22657.105183256,33470024.2345637,7692.80909383784,7762.10625457553
"P04705",2957041.7176513,470443.72988247,20720.9635239886,155963.220555267,17326.7327116412,9815.15211092513,27888.4265045179,14093.8475564218,50791.6323194511,67529.9127240799
"P04706",1948604.99481076,123307.065781455,20056.6843525475,319859.136309321,19997.5881353755,20723.2418565217,27666.846099993,67403.9722430925,30666.3728553407,50993.9608159947
"P04707",3010996.47697938,309102.479871806,9949.76939635735,225056.002198691,13675.7900759526,18720.4196393264,27712.4866433976,14816.1223365176,74443.6119771462,131618.722820932
"P04708",144859.887668929,45276.9498583778,3226524.14391267,638703.191490286,56880.453411392,62148.7929886461,19431.2981774271,965369.866579482,1718.64471590261,12709.6039086131
"P04709",228504.475137915,16881.0432336932,568880.992880618,2115804.72672792,33825.5739393279,52479.9413727223,21543.2630127477,3431833.5503025,4409.75489585581,3367.53692978413
"P04710",1348269.08014188,35087.9682906981,89537.6970584611,884564.74356406,22748.5539799357,43728.8664575647,25690.8910625163,281824.363374762,20336.5673100742,19971.4969960274
"P04711",372335.324413115,44185.1603536996,137864.118299794,748708.006197628,27960.5707714127,35842.0902682762,24991.7711667894,456817.378512346,8117.71056672165,7970.63836970267
"P04712",1129715.58571248,67420.2666893695,43901.4520273215,339849.465878801,20560.4321554373,45070.5101340712,27049.3311941686,416856.875124442,20627.9399624616,30569.967997421
"P04713",759181.512390291,14806.9260129452,88893.2035809696,4501099.25355989,23644.6568644059,332457.620790857,24964.0332760927,4834209.23892715,23258.7581113576,24602.3120890936
"P04714",387030.717715699,21488.3652255104,201301.595697496,2789375.20696007,28597.7260444749,167118.077850857,24045.8097960258,3429212.00095518,12375.4660999319,8577.81667500642
"P04715",2165261.70069603,112767.534958689,48258.1741271956,491458.461663257,20211.4202275608,35570.7394317545,27235.2486551301,126485.715686634,34728.3889911089,59466.1913014182
"P04716",3524562.67255555,173651.067572498,9417.4025166964,777285.515870806,14963.5251046085,36926.5731453052,27926.2819580217,68639.1989790995,74519.5675593595,107910.469027769
"P04717",2583501.43844534,238623.663522639,15851.5628554376,365076.351340369,18440.6995799623,27566.0450918832,27901.7361260614,90521.7749640048,48890.1077970585,97377.6691249623
"P04718",2317195.77743903,73245.3477339614,24020.5648895614,480688.783102756,18742.395723821,82603.8796398401,27632.6781816704,68722.0316626361,45575.7381178347,76185.2630912275
"P04719",3632935.45051295,237784.44532625,15358.9425586759,462811.870313728,16994.6860515686,29143.3648962417,27925.5403237671,49331.7418475658,74770.0568778199,107521.284333956
"P04720",3618841.56297169,84184.3838843999,6518.28763416247,2756985.74552326,13480.1221222188,205142.049975603,27848.9644883888,195094.265699919,95339.572376871,184682.995903512
"P04721",896389.819905248,128801.519895077,121398.006496486,344766.774388744,25756.0171607767,23660.1042087456,25050.9819789091,96093.420890345,10189.045382137,11961.3060416149
"P04722",589338.07750447,187040.257087049,123348.955383529,294183.19432295,26096.8669680699,16977.2521064776,25224.2491885857,124622.659427948,10100.2466695213,13985.5983116821
"P04723",3061119.71073491,311797.368864631,9851.08698184424,169340.149299406,15216.5259850021,20440.470842486,27927.7942906919,23444.9512919433,67671.0897118727,119334.067748757
"P04724",590149.83724622,64485.1425427426,112865.484112654,1135985.16889312,26487.6694548495,67880.8441258835,24422.8180075035,778361.819759165,12440.5141496682,9000.46601233923
"P04725",1235371.60916811,112297.578424216,38444.4900846467,643670.661272545,22004.9641455277,37697.635679589,27027.2588856798,254841.415021838,31744.3756601497,37276.8715811101
"P04726",570016.220274246,41028.3557298788,139589.180682224,1330274.77493349,26840.2364284792,68574.334062681,25265.4895766106,1110970.34169253,9759.91331383141,9348.51915195803
"P04727",590821.888242012,30369.6327375682,117692.70692049,1326837.13071685,23885.3450376451,59781.2070197828,25427.9397448785,1121256.47825294,15931.428880235,23487.1863425347
"P04728",254492.615094937,7235.50964064089,424465.463158985,10882624.356084,33693.8747746553,458573.351589364,22086.491684112,5045467.88898288,5258.04283421628,5074.84457250471
"P04729",3190279.37054311,350365.991256723,14126.6126324807,167234.935328528,15683.4401676302,19767.3711316204,27791.430756231,27056.6664734521,56683.4759233083,114745.792640262
"P04730",1276915.76246181,80333.9709170408,68323.3711762688,1033879.96677726,19605.8259360078,76482.8506609062,26670.1329113208,231049.394182268,35397.6672412318,51869.2791605814
"P04731",4301563.78716929,830300.449095538,4710.18350831646,45117.8484578814,11495.0943337025,4212.67098823203,25152.7895719536,2387.43635759774,83640.5739160589,162368.684338124
"P04732",2932406.68309021,402585.705242158,14684.2359374797,101060.262342181,17426.4448067107,7736.57223354543,27872.4927751422,16875.9753058513,37657.048074945,92024.3168388774
"P04733",2970002.17794549,482261.638275822,16824.5690093508,119716.554215398,16515.8118162661,7631.37553439442,27624.1517996926,16786.7440631269,33780.7968387767,58506.9330442588
"P04734",2614583.24644538,145935.985862748,20534.4758596457,563051.113206325,18049.3832509404,23464.7820273333,27899.9732474458,44115.0725868271,55029.41020691,75106.2099483272
"P04735",333794.955298841,23760.8311908323,498731.014771143,777960.579165747,30036.3245605488,63974.8531023121,23100.4161131444,3249221.64490115,5815.08738466736,4102.55020557939
"P04736",541357.617418602,28153.2845591675,152912.140713684,3048334.95422131,26761.2109648238,124540.876859137,25002.4288448962,3318735.58911087,8976.47606481487,11417.2786500798
"P04737",574933.05390441,40415.4214931594,120419.679258298,1470622.9132918,24017.8006432118,73485.4467501253,25588.6027765558,622839.493809903,10843.7254051237,7099.21585972838
"P04738",475387.910908209,62736.5881586774,162932.430728534,863380.01358441,28094.9186598347,26892.0508658364,24209.467456887,299433.935767257,10505.9507051629,8802.98014206648
"P04739",3204969.03733718,591747.972802143,14710.0958565607,58708.2646276491,15036.5201788858,4742.1834552513,27471.6470867124,3392.19113581011,49723.0112063496,110810.703554548
"P04740",724438.23547606,66164.5823324438,125290.459214567,1198866.43055709,24711.009035252,59164.6512756807,25171.0990145866,534902.957073451,11181.4661809204,10359.0321704465
"P04741",986578.252138325,40744.1193159942,53755.146322023,1005254.48525959,23450.2850283619,56820.2082611903,25815.1024844732,343098.65040512,26859.4345160612,20908.5611189311
"P04742",1963731.06831466,488803.66114872,17234.2624576528,112373.755600819,20115.6215756775,17750.909614526,27924.2077974536,16117.113287033,37820.0335127938,82502.4417224272
"P04743",437451.994205978,8329.6544557789,289056.029627683,25948114.8798242,30696.240308551,1096902.13110081,22560.4228875558,33745472.5686735,10769.1334433867,14017.7736877868
"P04744",2477662.71188583,367487.830174275,17473.6575069224,129963.572926109,17644.9506858394,7490.92880314639,27915.6290448635,18544.7408572093,44510.2195585551,96949.1143110516
"P04745",3410044.19732307,147279.172858953,8565.6460556905,523025.188437695,14703.1439344873,47827.5333143734,27798.5601989285,60198.9182335887,76876.7039918745,145679.920371454
"P04746",2793324.70246893,331033.197014269,18622.2534150703,296884.113624551,17553.1036346384,14258.4790000954,27932.3784182664,25691.6960153053,62716.3252768439,105034.565412765
"P04747",4231625.23300393,337951.166439875,5592.90188452991,408441.600755812,11180.05354244,38559.8940482255,27002.9035235491,18655.8196543231,95761.3363815179,182515.233165447
"P04748",367582.719395817,6300.20198996428,208279.149885153,15859167.5140427,27068.7990652609,1321766.68793512,22663.122768861,17760123.126544,12043.8615424659,18078.9895818119
"P04749",541506.613721683,51345.4308769161,156930.201408124,760628.783081299,26307.384660678,29366.2644186391,25765.3807739389,173214.780571034,9081.52656947182,13691.1668197101
"P04750",510082.089497516,35765.9407309963,165829.255164886,1204077.70804721,25419.8041674167,93137.2100312077,24440.1061275855,762447.982404795,12357.1655058446,13045.1012625717
"P04751",1514988.01611472,194373.894915441,23285.7581474691,466307.764317077,18380.5227609253,26745.6095569096,27749.7401594531,89667.2217003067,48192.7943793528,49243.0183962222
"P04752",1373696.58261337,219448.051896123,56362.7480120449,178826.014770725,22790.3687172048,16972.3243346184,26582.4810879326,26205.0378239574,10877.017235788,16487.2700595596
"P04753",146703.922178068,2616.55302059809,2084125.76041633,39299461.188194,53058.8189975582,4329847.96141233,19474.180677313,205612672.56372,2421.87373564634,2519.95189619507
"P04754",4665506.47836802,837220.283189635,4996.31543955738,62768.9754727139,12096.174335631,4054.37459036278,24902.3876214057,2768.10173397332,87302.9111268318,185693.556520934
"P04755",2880383.4408722,810189.066483091,12514.2383881079,42798.5250676119,18708.3639276892,2613.3193481332,27889.5985063898,7108.84184398354,40553.2459575533,54871.4802308245
"P04756",205112.263191324,13854.257773768,577409.442479474,2874854.00521293,36150.6555442024,159652.220700357,21764.7273543488,5065693.91887056,2853.76319006355,2794.3611024853
"P04757",1930032.43678362,53937.3474563276,22673.4710855194,1235284.49745347,19621.4068723505,71086.5700586258,27707.1366024402,369202.075451438,56455.9732876338,98447.4464930694
"P04758",241980.855098997,10933.5824663059,430601.279592502,4055657.80688948,30994.8643407725,237476.959985934,21163.2189169572,4880714.69942969,6107.02432811543,4459.01964584599
"P04759",2875884.481089,513310.049618499,10924.3179167162,133622.612031531,16715.484065503,7295.6666984391,27925.2196347937,6289.36199862122,47521.0132302226,102809.090784959
"P04760",3260771.48740302,915895.152997443,1616.6715147688,34064.4546734767,5465.44281786308,2774.71954468209,19420.0304554355,792.92080090155,92116.7655186817,126829.351276125
"P04761",1435535.89742881,70712.6973106214,36714.7694637802,579828.709991013,20039.5569541905,80895.3825082885,26999.6620746566,236630.622743049,36690.9558965717,64037.4102415649
"P04762",4545283.47362597,869095.420066185,1810.76419542517,15191.3361790832,7248.14555241355,1002.82994669354,22109.4428537494,501.279900446565,94357.048803335,178484.486139506
"P04763",471286.733057675,13017.6843932893,195515.112649463,7841988.90910688,27471.5330086969,235253.594309673,24168.2702125774,2795968.17340514,15621.4344298027,15240.4295138754
"P04764",372799.854429788,10085.5171051478,90845.1189797555,7299771.19009689,25181.5340072902,411452.119898955,23512.2016363803,2326645.26593519,19244.1741524788,15775.693810987
"P04765",3401294.70894664,916011.693873264,1817.69767006379,21257.8277286957,7820.21356732442,1128.77911182515,21439.6553377436,640.467619124116,98851.9099156472,177795.432363103
"P04766",1186238.3173179,110618.463208932,43194.7585272612,270519.832586452,21465.1765203606,20933.7632267115,27655.6294368136,64028.5857503514,30783.7555715832,39563.6594432665
"P04767",1609890.27968476,66180.3751619958,20102.8737841302,1112417.03451032,18629.655524421,88027.8576242708,27452.8103122962,295778.407539193,49476.5075955853,60495.854690804
"P04768",4696950.63574336,926524.992607701,5205.63725160966,30105.7323426948,13012.1298583842,2292.89382474618,26049.0477776261,1686.92346353476,85769.9395518489,162442.633558969
"P04769",2748768.9117955,319796.020366512,11329.4039292987,297594.048790808,15562.6124816198,36483.6298100693,27912.4971983,25083.1964208639,72428.2345821677,144828.784118883
"P04770",3499899.49541816,906585.636147463,11669.0397781114,24328.0013635553,17769.5223635451,1851.83838261741,27616.8126704116,1644.13899610042,44847.8505577371,43585.7333067818
"P04771",968156.69592169,55390.1014813284,46657.0879651516,1207697.98781072,21554.732176593,101886.169316167,26676.9704231163,408910.465734839,34388.4044604986,33700.7615692936
"P04772",3635689.83896308,446744.640371649,7079.23801364606,154833.365783694,16537.1233063705,7147.02763803975,27628.4174711128,4113.92223829983,57514.3996097927,138299.10937816
"P04773",160799.2136972,2147.88862782666,4743657.38436803,92734264.6261351,78453.6212920967,5504717.95573394,19351.0872446247,401110529.494759,1134.02571483269,2229.08671464741
"P04774",4584361.40303421,881920.523812012,5905.33839199032,47117.4805465291,13493.0142018034,4295.49723873551,25857.2388751402,1858.50620510999,85377.507535396,174600.7250202
"P04775",475690.877705495,446197.262176542,131880.247447277,215572.025259123,26357.1158882171,10705.7173650252,24210.297638423,12173.8135034461,14799.127880724,116576.05263959
"P04776",4461132.83495508,685195.742374728,8924.86283307647,41820.2718579277,15149.8857121843,3861.70985621088,27577.6409307332,6085.68889951685,55046.2963589412,108301.77750036
"P04777",1415094.75984223,92124.9034561326,45583.6875445884,612219.951116655,21319.9018138084,54772.4967379431,27236.2441908384,78776.7222313239,22696.9829779105,29847.9477405333
"P04778",667236.157687135,26583.6210415679,129904.183803889,935805.997990899,23641.2536482291,54253.1853073941,24896.9804312005,1192840.50445555,15349.6247890653,12729.7864356142
"P04779",4660511.80137329,581546.713779692,6767.74935259754,65632.0192164337,13655.0043787387,8474.39072407555,26349.7095863125,7493.94776020642,88534.1249569506,164118.554615833
"P04780",643566.731983781,42589.0887507424,193124.830776411,735361.723592423,27302.2262744427,50379.5642359807,24731.7123886081,646308.737329954,8763.92240646211,11631.7222657867
"P04781",593411.402417267,23730.1783808731,230429.386643906,1618116.4364015,29135.3167396008,161816.845022987,24157.3069213668,2836350.23311072,9624.14134667209,9238.22183464763
"P04782",2422786.55876232,112302.493410062,23077.4585337405,1843138.24755503,19935.8529436571,124355.808951254,27241.6053691801,482431.685981683,64534.0693765573,94795.8114911443
"P04783",392660.967828328,24817.6062910727,281358.488931936,1267743.40695542,29723.6758718095,52705.7479394768,24147.2469546255,1913736.73137688,6095.18124784737,8892.00749770901
"P04784",145366.509212828,2330.15106054901,4287489.77622481,155118138.157696,77031.6343835478,22312914.924649,19285.488938695,677376261.428097,1890.27286944321,2227.07828752912
"P04785",3350130.52526424,295535.185852214,12762.6835270244,146727.801169246,14980.2182498877,27405.3150882443,27806.2475443467,33524.0127814207,65142.1281465116,120566.750658735
"P04786",204402.657598321,24069.9422680967,508782.451124242,4041959.86143583,33441.5654252099,361206.409775067,21327.5151825776,1504759.06709702,11189.4287037098,59062.4836880044
"P04787",4505923.76844104,612257.144748032,4564.26693561056,57860.8108950174,12699.4958415356,4630.3024331515,25224.9678153793,3822.74634566789,88397.042369511,157022.27744837
"P04788",3604081.89308939,366632.540829869,11690.8992886948,149597.503690504,15563.2211803364,13903.0953770875,26849.6494951597,20601.4469756043,63171.62889485,115287.615545267
"P04789",1048120.56356766,87120.2788048338,85372.4792265874,266759.929405809,24275.6354660996,16999.7458520509,26666.6388059827,75369.0282618009,9832.4544673839,21308.3594750407
"P04790",936247.507657674,14064.237437851,94340.274326336,10653968.5093507,24551.335415775,529105.934207459,25118.2374705713,7620549.53226495,29113.4061987462,43387.5558092547
"P04791",1902363.61987303,57053.3938970549,21707.6845603431,1184317.32148505,18650.9981233771,167294.511922245,27652.348652583,556915.058001586,53290.9950983173,68944.904639464
"P04792",447293.377832762,21322.8688833727,112045.730415354,1565908.99872482,27373.1635739354,165892.487510749,23755.8316455486,2699133.98101976,10494.0555670568,8840.03655891978
"P04793",4313783.7852925,834695.256214737,5940.67071178189,41488.2406974257,15419.8626961588,3861.73733869217,27182.9100362866,2601.317799068,64724.8129871014,110383.492824891
"P04794",2406828.33909591,240236.290420528,20493.7842815829,367949.500963374,17218.3713901824,31972.2197038366,27864.6146791281,59913.2905462431,65323.6565928221,117405.434512845
"P04795",1423065.33070338,276951.685842064,47215.4155279897,103026.507390144,19715.8703998148,7841.37270518929,27756.3956788281,26383.4369939025,21571.7667344604,30745.0317499779
"P04796",2770959.196386,671636.863564437,20298.4225140994,35993.9544047098,16869.3625626357,3373.00154685456,27782.3478911582,6453.66343198255,34739.9031218665,93615.1469979089
"P04797",788514.130143708,13151.6350336858,80434.867618439,3800030.02471951,23778.5608628797,290248.310533959,24939.8413480158,2092653.01316095,24033.8060273057,27740.1683034775
"P04798",853285.651666891,57121.7024172369,68376.7223402593,1212109.47292653,23214.1875003161,95246.8105984625,26134.3761859266,868515.198353793,25801.8804877188,32649.2583978931
"P04799",4081451.07301555,929720.239079458,2994.79711353256,46710.831828254,9016.93667466145,2910.25072336356,22214.7808989669,1579.1203508476,99457.0618191427,182819.861799132
"P04800",3616687.90593743,839268.531220792,8360.01604482854,44574.1589141055,15161.0141155403,3914.46103230432,26953.8539318578,3354.86824011422,46167.0552862754,87015.0867038087
"P04801",4432927.43725595,542241.257627743,5523.07666160317,183293.284517515,13563.7580586916,15659.1560937298,27690.3386793833,11937.3835413249,78562.5594297125,168034.766534669
"P04802",275028.686998076,7214.65066845616,356800.735787316,16665106.4094286,30118.6855616413,680350.77834159,23305.8832279512,21375884.2425484,10543.1660414245,10245.9778719361
"P04803",145176.258503504,2148.69271387127,2552425.80910322,261427773.060216,59252.7642333893,46416161.3414516,19366.4262091296,2290370402.79275,2426.50212124738,2651.03836713669
"P04804",212960.837107198,6727.65231120986,518233.239781808,11628446.9472118,33181.6760594641,460746.944264686,21012.2296751018,9538860.01569859,4972.79751552805,5735.41322932391
"P04805",730155.89053062,66824.7956610665,93620.4420503029,739032.579630165,23680.5441968966,38990.0988806524,25404.6519936126,143524.335208327,10826.7448049518,26347.5824820885
"P04806",3235021.91689905,310907.185164954,12628.4673275974,204579.421636628,17277.6468888215,11528.510109188,27684.5061946232,29775.0961434116,61244.4618117659,105752.875373319
"P04807",4695055.68873926,918650.554273817,6496.40012988046,16003.0472375036,12873.9465296719,802.965525957194,24530.7043181027,714.839354658128,79263.2128646309,145422.663089595
"P04808",3484722.83978166,296968.225302008,11615.6341307736,600294.334675161,14735.2570281184,23294.696645418,27926.3744121858,24579.8245100342,68279.3258348544,139250.236979193
"P04809",2390379.56682474,204012.300234397,24809.9284317731,533104.014632899,20063.2506893262,27043.4415968851,27919.1583360686,95266.960330915,40659.1548360354,53809.6021896614
"P04810",3536132.0930732,139856.815285055,9390.33841898049,1109487.89013738,13235.5099824623,134162.858176104,27877.4009331761,118493.262890517,81835.3594598073,174307.518792661
"P04811",930667.760627641,16526.5527540716,80975.2881387769,3504692.49026301,23358.5471912157,280178.934216193,25865.2790968082,2331204.4859895,21400.8121650592,22045.6326912407
"P04812",1854748.67588602,206918.464105851,29789.6185524221,182116.300495229,22224.0650704864,22207.555241919,27362.1785848965,54220.7385119515,22521.0591240278,48316.5035901118
"P04813",237093.523188466,5728.87508110252,403436.256367175,8809287.64963038,31031.4616153084,422245.851032635,21469.0964254098,13450245.0258208,6110.52078213335,5713.67794916301
"P04814",1364157.83475166,54435.3900864442,49406.8680213654,2469830.48869335,21321.2753401539,199037.59587627,26761.6173692029,1998547.41419506,42909.908658976,63181.5514377273
"P04815",145934.158010649,2473.25375056905,4047393.06806052,85503887.8866034,75340.2329004346,6808262.15100987,19261.7346515554,587485010.862371,1704.70350114931,2243.41050260241
"P04816",4618556.12628847,889097.726880899,2401.82050754257,64342.1467099748,9470.81020581643,13266.4924949505,23789.4890109556,2958.10898114335,99126.9022877801,184009.30865916
"P04817",433052.540246249,44485.4280603108,95046.5997022174,1003768.04989009,22806.414859071,38010.7733055874,24784.2026067129,474950.558904617,9324.86588684246,10496.058464644
"P04818",4201562.76559234,407092.251218344,8908.32854765598,243105.866776751,15777.0354451552,20932.5837264488,27928.5219597563,16592.1021908641,75500.2727755484,156045.83900467
"P04819",346800.702283317,18233.4259927919,380481.536280219,1817403.10558986,29822.0152377661,71491.3700399432,23495.3031209402,1484818.28037258,6190.38406613245,4205.4081427956
"P04820",1707390.75994879,163105.839146193,22799.6394909607,998564.389471974,19610.8764745282,91085.1625956252,27456.5775272368,141816.913989648,35738.1536353183,69355.4889802539
"P04821",1724731.09052447,40645.7838102009,52867.5780313461,1720010.66496502,19660.645339436,156035.036122327,26997.9723454194,998765.809845798,39488.1877443666,34882.3017473145
"P04822",1958376.68226323,136496.483081806,26286.0159310787,260766.920377523,19014.7118650177,13859.4041909204,27708.4076679666,35052.740409877,36230.5943418864,57909.6602540218
"P04823",3672553.05407524,391124.164014989,11835.3252559481,109202.656481043,17682.1952466202,8259.81815840989,27848.3332719557,10275.5899441529,60390.9874147834,89325.571134265
"P04824",444538.755023026,14002.1317204702,253679.253955786,6226023.60574588,28350.7833846949,176261.405375417,23676.3586554408,4685019.60477329,10575.8714797322,10489.6446328832
"P04825",3696390.20473815,865925.03511188,11937.1321951916,29478.9880325706,16063.0994499956,1502.38316456004,27148.5442449753,1548.73542394839,34036.8056355122,119419.389481138
"P04826",533825.479260632,12908.5249097835,214209.515451557,2153421.3155874,27941.7084215528,161719.224263359,24216.4818405684,1462661.20659762,11136.6668665999,7990.69758787795
"P04827",2941969.05539844,159285.61044877,14750.8988990976,554706.883955686,16346.9178192387,34241.8062191921,27686.7393407611,168231.294385599,64661.6373426767,113010.013584675
"P04828",4405794.74221544,661082.957462282,7383.08152606144,97777.8272992202,14698.2170067938,6736.65620441588,27651.0324707195,3675.92053846431,73484.2689674341,132774.922138469
"P04829",2723896.20893038,250043.621871239,16131.4419790217,223899.93070875,16279.4720148863,15485.6245781509,27728.7712665875,30697.2972053283,43727.9956973575,62753.2321408059
"P04830",670640.570912987,40358.1403798605,83021.3346586768,864546.780024679,24929.8437477176,117609.742546586,25092.4294107889,206346.001321325,14922.4334932562,13766.6700312905
"P04831",679626.665511142,39023.8149988712,79481.5715565103,1400177.54769421,23591.9686669431,76926.3626260156,25532.0724824097,1876513.57592085,21162.1714742017,16422.5594602184
"P04832",3295936.78101452,334197.958183773,20434.7673195333,195970.756971035,17818.9407598632,13847.0897085248,27888.6459252326,26584.61475906,64747.6040581395,101430.213806915
"P04833",4618709.37427969,608150.086895363,4385.56488371282,87189.5186372861,11645.3507628755,8754.05074051618,26535.4684172165,6419.26179267244,85992.715208959,169620.012560867
"P04834",291922.665343256,7734.6303943763,458850.253937249,6539993.98648262,32100.2297294891,705437.636092389,21812.3271095859,28666418.9138278,7462.25338677335,6160.38815585557
"P04835",991002.599958408,34887.8751398341,95097.7300399367,1284451.75857945,23646.863222269,141490.747368209,26075.280951141,2927775.20775997,25005.4081453639,40695.5151692084
"P04836",619701.496476711,77943.2278139585,70134.870970904,489190.105863712,23986.4402419613,55387.0854683,25813.2646929899,392886.13194054,12188.6467077822,14173.4065968948
"P04837",636988.884697136,39020.7529963846,176442.129682766,1337630.21749705,26453.8727091988,53280.743314949,24154.9636008239,1207013.56985249,7902.31768812839,11557.5329081998
"P04838",3717233.8813278,419880.978378933,11141.8868191982,269620.385403589,15578.5631627553,18770.3984123727,27713.9560055997,18381.0320672999,81563.9055143428,153346.983272627
"P04839",2132180.82417433,438921.860775575,18583.4568539816,171744.525344461,14762.333292273,7274.82692301789,27932.4373133025,27477.3414363005,56235.1251568004,91158.9191812882
"P04840",2126070.98911368,318010.317210929,22537.5811297557,340930.184866274,17046.4963413347,25740.4016008667,27930.966381817,43285.927205927,47919.4115689066,90585.8977832283
"P04841",4667048.6348172,289432.382783966,6928.37623548549,971902.684183059,12255.8631200165,63464.4173677122,27579.9248767632,51049.1628735911,99655.8468046874,186048.442569688
"P04842",986514.141443075,66520.3597184784,76821.7146131098,808180.607095855,22661.1530555667,27906.7639424676,27040.3121439457,261674.816857692,13746.4473638436,36319.9002665989
"P04843",2517129.43039268,81483.8080348709,36707.5727182029,388409.661364681,18521.0771027963,64104.297519985,27422.5185416855,192441.396855222,32344.7897755555,66944.837037662
"P04844",1144985.68954442,60002.7759568195,38818.2629161349,1449549.45247485,20478.9457755565,75764.0950761375,27287.2405554309,235376.20032592,39993.9541340039,51685.763731176
"P04845",3153222.68625851,266700.015233178,17578.2932813992,359315.091296722,16582.0538216683,25279.4804174526,27822.962078748,51689.3477248328,50371.085454703,108023.363570551
"P04846",153111.472925227,2136.98005334275,6661835.63093015,240239338.711344,79001.6957773639,29813973.4737324,19977.3657351325,2099868461.43654,1305.23116817021,2181.08765378922
"P04847",2825900.21613513,366424.164708749,17746.5899039995,271487.494873171,15686.681270784,17282.8396318592,27850.6911086112,19841.0438288772,51760.6592162425,88282.0868295636
"P04848",310471.496028202,11174.0622796713,359652.141177836,8541432.61130098,29760.5265206835,233597.806261691,22767.476076934,14249631.4210608,6962.49060088298,6449.70467253222
"P04849",4386678.03746021,291651.373196567,4942.78890959234,129104.66753621,12545.0459528575,12969.3208779159,26484.4192403798,6920.1081721906,76782.7995347361,159967.934668226
"P04850",2246457.40209966,268036.883975014,21575.8009610967,181081.976151165,18167.2846290122,10721.9907396121,27927.8090445455,22387.2665047865,42296.3873139093,73984.6058396062
"P04851",3176563.64642621,283243.99860955,12732.0374138212,516593.489146331,16757.6542376321,31144.7662513186,27912.8382919026,49268.4047192284,69885.2110904932,116595.691860364
"P04852",428132.187166436,13748.3918031081,274275.066980113,2996674.6422321,30404.2936857531,373711.007165648,23189.8850489507,14513346.5782389,7703.03566602679,6903.9158094192
"P04853",4539792.39031351,383570.931465109,4901.81920372013,111811.705011976,11353.6600315173,11955.8854535726,25352.4024477532,17411.2563444138,84819.4549784819,66326.4122837208
"P04854",2120403.62208565,213169.415593225,24800.1124455493,658317.745141848,16582.7735571244,35863.501869389,27823.7988722736,91938.8582884001,41640.8953150514,97401.7867326071
"P04855",3745065.85483197,300997.416759201,20756.8086091494,234456.481046114,15453.1369756789,21007.989095202,27796.5520416849,25986.9473628212,65867.0862614437,122773.899873307
"P04856",4620132.01315236,761576.325754356,4709.38981143306,98987.9331311653,13222.081491991,6311.83554038687,26688.9691195494,4736.3907979577,85280.35187415,155566.017651335
"P04857",2704381.90118013,288617.368760222,11847.7885380912,1074557.04416952,15646.887100004,75252.2783528357,27910.8643675341,217159.696977298,70405.5277739026,105291.931558666
"P04858",428481.370378579,25459.2981143062,275728.722731242,1925457.04506545,28930.6699852531,117249.093442859,22730.2798171127,3300845.00985633,9963.2684169816,8692.3472619328
"P04859",1129208.95064475,57763.2450981945,69921.8202271173,763088.011441538,22624.815762664,82482.7335608512,26656.4025777727,434226.081126102,19203.2949389501,18796.2972005525
"P04860",1386873.02599372,132731.541695665,46475.1279792209,492906.929752396,21370.5594608984,32915.079870179,26965.8778178933,139060.567055347,32514.305539578,40217.8231351415
"P04861",3236114.55735456,220798.631234064,12793.6338679278,343001.227671154,17327.4287102449,19558.799262958,27932.3941583459,34696.8986747421,48856.7457276641,96824.8171693766
"P04862",1578029.60670777,161847.070654031,26495.4443730924,202183.607443666,21487.0581806807,7565.8551243349,27428.8754475215,38723.2138414619,24144.5889761193,23315.3966078337
"P04863",1255665.87675605,256819.262622233,74654.5217855957,187583.930241757,23007.4993805928,11067.5725042969,26511.8577061496,50332.28467908,15641.1633284396,23747.1471374887
"P04864",507645.127351866,32522.496058593,181712.95085113,1050231.07199388,30258.7515049497,43934.9346341853,25557.4612105724,1190799.53024569,5394.44024318898,7798.1369769503
"P04865",160589.771312027,2158.31388976147,7718449.15239167,372931214.170994,88393.0500369827,59319745.2819042,20006.1505344862,3511038454.86092,1310.71965916484,2181.69512873917
"P04866",2997676.76976467,723950.891674566,16800.881611461,77253.0994196907,15860.9582196493,4610.70387025269,27884.8988562012,7835.38178764572,40341.4632604861,64975.8115912053
"P04867",2868655.93332595,240600.294794366,26756.2366577179,345525.896389435,18687.9996652213,19762.9529535712,27025.7756801029,46296.3667207766,40939.6755930976,82396.9280168642
"P04868",3507452.3489382,834524.484421013,1708.93375483254,23261.0978987915,7518.02565389405,1662.38940084258,18972.4084057847,732.361743296924,99194.456558457,148766.874137315
"P04869",4633887.15462911,431141.946063204,4594.06101324055,208690.149751637,11738.3613990166,19259.6620520551,26969.9912790254,8975.96339142199,98263.440301836,180365.136019624
"P04870",4688484.56473338,895496.737552625,2496.85451846123,51736.9778222229,8988.87441103098,3247.27815344262,24593.4769656349,1500.8352214842,99652.3341805286,173183.751745673
"P04871",4451406.33121021,464472.386312914,4436.00688097599,113578.988624334,13081.6861564151,16829.1323395052,27373.5958133862,12663.7986553341,78791.818173377,176118.913410701
"P04872",311860.016529443,57481.0613529001,355409.203117641,364927.309116709,34624.9997326238,16672.9433916114,23860.9126577167,169558.481876407,3503.24533425982,4071.05171427805
"P04873",278793.975211352,4035.14780856412,365135.984589008,23848570.3224687,30231.2799132109,2410603.65295365,21516.6200649265,131873351.829533,8776.79562843919,5404.25156860487
"P04874",4084909.18279642,925024.394019584,2667.45030584114,43907.0205167394,8329.25820644606,4473.0600385817,24641.4339032942,1736.70180510143,99469.6501636398,181960.596160905
"P04875",315744.659667205,29645.8478031421,286975.291208843,1072380.14766242,30852.2651277499,88106.4056023821,23912.5729521734,1216129.76943794,6465.12022409306,5711.38476435008
"P04876",1284538.76534868,92013.6050521093,26425.0661887897,526770.556916994,20954.0255513992,41991.6671258166,26818.4311772203,130535.933312129,27231.9389398097,34398.3751874017
"P04877",1768484.89557451,73490.7898676863,50842.2877046669,2445620.35537454,20150.4368855716,227964.578377453,26168.1087265028,581271.286775311,34160.3744602557,58630.8258838609
"P04878",239882.570699594,3403.99027763852,232019.92923226,25098296.7388151,29753.3479117223,1960384.34294419,23337.0955031694,52613088.9877001,10641.9097841052,13412.8723895683
"P04879",1369598.74670175,293519.547377612,37196.6235411271,169180.135734469,20682.2006910856,19265.2737575739,26938.2740939941,41807.1145154041,24578.0702536956,39220.9888044647
"P04880",400257.549855337,29496.2858897304,117952.612719465,2087434.64882393,28607.8079309732,73709.4926815899,25079.8660887986,1472950.7158982,10595.4882937282,6929.45645035788
"P04881",2029166.59918759,393380.262936058,21878.5598921618,108626.866503009,20485.5113219259,6728.27879428007,27924.4564415578,22820.4395374883,33383.9353682093,49398.9993177687
"P04882",162684.865203376,2206.5023494741,6240153.87873867,464659258.947454,90283.4369529516,63472100.9171525,19488.2685738442,3363625770.34462,1620.32515827117,2172.12380528001
"P04883",1868716.56973718,412935.402503178,44445.2048198666,59737.9887298472,19100.2122635511,6638.76019263578,27663.0263902748,14753.9291646435,22402.961142252,30418.3499773463
"P04884",1049246.67089298,532015.725819474,39033.6186767982,85923.7953584841,21491.5789723303,11575.1256860873,25196.0674594551,7260.90779657086,30655.8368321523,161606.695489829
"P04885",1380334.09372667,267210.781923962,53005.7746762514,191693.770385665,21519.607622573,8873.574230563,27318.2454621334,37601.6324487417,19960.928635934,21614.9420592274
"P04886",1748994.7654032,126077.6214594,29948.9916210823,483453.155982288,20030.5926989966,30957.1451681172,26642.3984722759,90360.4781553393,25137.8886174838,29533.0899453362
"P04887",2399918.671304,202181.878628423,20543.5568609844,375480.543541756,18252.3752415681,42095.216923425,27453.4858375451,59025.1903248821,42383.1794408096,72915.6750337231
"P04888",1092042.68640254,213291.96922993,101524.677132865,196972.410932478,23864.6100761613,8734.29097525026,25534.8751460452,17727.7266426425,8645.37210480456,13078.931518288
"P04889",4659848.27383974,760652.210824672,8119.01451969679,38413.6281673381,13862.0960708944,2678.62065084877,25992.0053788239,1628.66881422786,74094.4727908333,148733.964512195
"P04890",290105.110587073,8910.93818041289,490787.466807322,3169792.49779185,35589.8782415639,136929.273518965,21484.7430105416,10396593.8242913,3798.05541537646,3877.61487367704
"P04891",3133805.72848049,313784.613140531,11626.4036246876,230404.982305279,16995.5075435755,11136.0605017358,27931.0553221718,21963.6675612862,53664.7144821833,95392.2595878919
"P04892",4383738.85159079,702399.282213914,5890.06378073102,42156.8742611608,13987.3747471811,2107.28529464526,25994.1422206194,1611.05424571976,70210.71194929,149996.580124741
"P04893",2149655.57169517,244406.89210455,15185.5551432245,572869.134946256,18915.3436953436,32233.3526395691,27905.6757676876,55213.9297328555,56765.4984191925,96485.4987185597
"P04894",682057.767215312,36209.4511594077,110552.996001275,766713.442042917,23372.0566667658,47146.5615260541,25589.1622461969,736581.483441077,13232.3021634098,9791.2872704375
"P04895",1340483.29878395,119030.526623004,54035.6430989795,539773.567188158,20845.7263787845,21684.7979612452,27267.8108973484,70494.82943158,16793.0935861462,33235.0501704814
"P04896",4585957.21712175,874327.526359865,2722.95821715066,52715.8621354625,10961.8689189653,5739.37776910942,22456.3038158076,5247.55631618057,96051.4954609218,185551.172477593
"P04897",1601109.30341693,288717.842840218,25729.4767125831,191443.414221934,20143.8832171332,17117.8490182626,27797.9060798132,61599.4904756317,30490.1460045995,38839.0414802443
"P04898",691388.424620469,126932.264164038,158654.723242498,246386.967092743,24672.0428328824,23835.6323799397,25797.4909811101,239928.683397451,9999.57792382778,11247.0500321203
"P04899",1445875.02777409,73397.449392652,36050.170399895,682119.961942795,19497.8906422287,40640.5308465563,27228.4112115536,136554.796586127,31980.121548237,31248.4144812466
"P04900",4332221.55135768,757409.447777275,5282.36044001488,88236.4311445141,12559.73863694,5153.57801482713,27122.5239006281,5072.88066585764,86112.598803644,177249.583945919
"P04901",3116690.9159837,5597.4160279621,13725.5554710643,13881947.7980971,15040.411168783,778305.716573858,27850.4532304912,31249154.8342062,74841.0193753629,4909.9372070555
"P04902",3672646.52370769,435292.837902184,16304.0726045759,385968.155902569,16153.8781637989,30654.91073327,27856.8240245761,25664.6674260116,65761.3066807759,115220.263479121
"P04903",2422689.85233652,163507.207378121,27675.2797263959,232476.814425238,20092.4104334204,19686.5284524967,27923.6543845268,46898.0926994483,33220.5874312661,45736.2569120314
"P04904",1079965.64612177,20306.7575620195,90292.4546544442,4282465.76869062,22242.3155110475,425472.732114488,25825.088679462,1691354.86536781,33695.9428937024,41897.387823074
"P04905",3450263.42875731,90478.9551414067,9735.04867164676,3249323.42715029,15697.4984711722,162331.284270575,27759.570991871,636066.859117021,82665.0429959729,146454.492489257
"P04906",2069876.2867257,151868.113798145,21649.7456229301,349798.689584722,18827.7093078853,20426.2059314135,27915.2331843797,80275.1466319196,47992.5563507293,77912.4741095681
"P04907",800523.892730292,36678.2406323032,49909.1912584468,2515378.28626952,24036.1709584383,157322.747329987,25871.944161737,639971.773972402,25794.7812923429,31631.3712604502
"P04908",2039796.35141009,307820.850851425,24920.3279370941,148708.341489614,17629.3062874318,12282.9370803846,27927.3046195905,11146.1367943544,35670.2528255572,60096.4592516539
"P04909",2878864.63748655,281626.383395831,13044.7829621798,292419.73341386,16061.6023080948,41836.4795560111,27931.2090457526,23584.39156216,79674.3363711607,137989.747177157
"P04910",451450.325206499,87481.2625503981,164695.303004056,238969.175867384,27576.2533046789,33619.4390659955,24530.1361984574,654696.968178129,5854.78805842329,7529.87069429282
"P04911",941850.786172546,48300.5898860552,107346.304266487,1466994.54497033,23521.3866588001,110027.218057476,26299.435796986,573683.333323589,19681.8141912359,21497.5161702955
"P04912",4536547.76776161,829604.556231338,2340.1426757953,73327.0091458487,9116.06168843279,10349.7382690341,24443.6518604239,4468.83116375197,96728.1842910155,181519.10569557
"P04913",145063.672407576,2284.96504729875,3788355.02182959,36702761.72688,60603.5357539745,2010519.25761775,19293.918089947,141240418.288345,1542.76344685073,2195.34540946486
"P04914",1301394.29473787,138516.936845955,46327.1593410121,1142995.81654196,20931.9470650775,75289.7942134569,26688.8926754222,349072.884158686,27619.3148603764,43582.726448803
"P04915",1474400.34297431,71273.4724290418,70098.8081903828,867371.869168662,23284.4846013224,69319.0988887149,26730.9394241978,254886.3952866,17213.6289441043,30571.5144145691
"P04916",3926322.15441655,864811.75862061,13016.160719317,38341.8774812701,15240.9268004372,3403.4141041577,27688.1968426947,3943.88483519356,39379.1258503845,52682.12927143
"P04917",1065493.72555127,190181.928000355,102821.767450171,356550.855501884,22772.3142452712,16167.0982203251,27035.0311774291,39131.6675957694,21277.8767447245,33971.0667462771
"P04918",1933747.13987561,149738.585417834,28140.673821977,812780.105116776,18682.9449827801,91556.2495186904,27354.5048081039,135580.944821782,43067.8113463311,76515.2689222778
"P04919",2622007.0592105,412622.835690178,13033.5022990878,139251.186092118,15728.2026001716,7504.84674088186,27554.6716148498,9219.41187280503,57513.3283828434,81225.3447510536
"P04920",706811.216954495,12890.7959317554,154472.319809929,6542592.49508376,24492.0378739197,586898.080867902,24666.8403230958,4192929.50283689,28635.1181801415,24019.4460199583
"P04921",4185601.65647638,556718.280888565,10590.2321612423,87248.7260167011,16369.9989371804,6917.41703088498,27601.7576129767,7307.42031030284,56060.3894576026,116966.854559321
"P04922",2879323.73207101,915753.102767505,2049.117448413,21016.9112480464,7213.38891229412,1141.99985696963,18907.0980253656,505.116403774766,97650.0497966565,166942.666003685
"P04923",1539448.92415514,207312.891877142,36458.3506930482,299560.68556476,20128.4755882203,23892.6551173645,27193.7640206562,76472.1355876492,23409.1985180736,54746.0932962654
"P04924",2173573.50830778,370169.694056626,21814.4103760686,149299.927993276,18267.1195101118,9774.3295888432,27910.4658647322,18861.0254943402,24562.1864186947,52652.8421327306
"P04925",1222611.57515924,31449.7938652216,84660.8469109498,1854332.55978406,22190.7188064024,173960.553445359,25766.9835057954,369715.78523876,28351.5615545433,34120.7246519365
"P04926",4440826.42246467,781538.704303339,3137.22935340131,8960.86355832935,10612.7913565694,591.867054360777,20855.5448158461,476.873827266433,89369.8892943453,171343.69613314
"P04927",1128089.35806574,64440.5908919762,116966.356737027,840413.617621215,22981.8389030509,60149.3354873116,26166.6639324934,272383.4511687,24840.8158646172,19857.0715033444
"P04928",1386831.7703899,292885.953092417,18176.1515450036,180245.629507065,20802.8822774379,23462.2491977055,27516.1975831776,38370.5450205047,30864.7763248427,51910.6183827754
"P04929",4664040.08278553,803531.7421435,3388.56645846804,71704.2253861774,11506.8381595625,10145.0728263133,25533.9602756464,2168.92799324652,98501.2998679122,185895.687984688
"P04930",1241158.6724278,122351.636842055,62996.3449674293,367136.417601062,22333.8151308595,32861.2248771693,26879.9930136113,87931.6390872591,33501.6526612777,30687.0219249476
"P04931",4659607.32088928,123263.244977604,4458.00059046515,1230749.41385515,9991.41558395866,115207.729911354,26159.9061446475,78526.4585971898,99656.5820500805,134706.155872536
"P04932",2976707.00094183,220276.749596427,19902.0890930513,386437.912823555,17022.5745084497,13227.806246524,27904.8641181907,78122.4931163495,49708.5415973653,74811.7211409529
"P04933",2231518.37781856,333524.155433872,27846.3391994292,122242.881381286,20265.4630524876,19599.011859977,27800.719361583,19980.8207071649,30169.4994404982,54898.0813438966
"P04934",372333.381138,14190.6902437831,248168.626911971,5076588.10593609,28902.7853217093,360598.156980502,23086.3223836617,9048690.47186989,10084.0664437721,6442.5031060634
"P04935",2150336.64726334,222700.933571704,17203.358727813,366052.109171082,14921.8021021068,38633.3037521263,27876.5257892231,88873.1308594603,46624.0661246377,94340.4132411363
"P04936",814584.276700488,60426.8114710334,151916.110768396,1638565.59489136,23171.6682974831,98473.1463551009,25620.7800093922,1807385.92868905,20036.4244462784,11386.8471948094
"P04937",183610.455306603,2936.65626667479,922009.022193872,46252315.3550114,40282.3444114101,4158920.95739532,20475.123566764,295948407.713281,4152.76091779387,4090.79857009796
"P04938",4074687.06731828,457924.020736647,14470.0207052979,113795.46046641,16463.7057668289,7043.21256961639,27920.4284928695,10890.1583911508,62845.0089388977,98414.8331347453
"P04939",982536.02756876,49022.8459959376,67661.4093976365,1810964.11870441,21608.6028004605,100539.268125296,26231.6711641158,591275.050682682,38801.8127994562,28716.8752652577
"P04940",164562.126853789,63678.7060272839,2180162.17727035,542961.250739661,44002.828981097,22481.3470233814,20578.8229782363,531129.809935572,1796.98110016244,6307.33138964895
"P04941",4595209.94882058,796220.878033417,6610.39469484206,75481.6945805198,13436.0517661336,7470.32332007821,26248.066135633,6333.74208921741,80425.0686799865,143954.813926956
"P04942",4138486.6879572,492522.024037885,9583.86885346116,123228.901619691,13275.9624225215,17784.0787977543,27588.7950987096,10575.8514432788,62942.9440381786,150658.094116869
"P04943",204723.398757596,6686.62789914529,512558.149484058,5594251.10807852,38037.4822679716,322081.703691905,20547.2886640686,26220201.9323104,3233.1857592388,3744.30093215488
"P04944",199140.136752849,2342.76885813296,10946472.4016861,462744329.164549,113868.649766202,64974355.8333708,20915.1659569375,5633226913.21296,936.618041461069,2213.35642388381
"P04945",3383739.82210695,225381.105859816,14812.6540423008,167078.245750592,19082.7684146868,15426.8038785793,27922.1046041014,16468.2510448827,63025.7167716458,118517.946117462
"P04946",908085.021882114,44950.919068539,43514.3559875057,1061279.53396445,23465.9823460912,68058.5787012305,25556.7512224403,401119.958286705,24657.677884755,25759.7691003266
"P04947",1125632.19239906,102738.564887926,51080.0937121099,711694.197799689,21550.3519124264,44489.0573898532,26681.9084369314,387442.46586569,29623.9297194059,47668.3647482001
"P04948",1014233.40135143,52973.8167295399,99330.3707373372,953400.179268922,24242.3775169379,56315.5673024741,25545.8153667155,343321.739708022,18519.9517120068,18773.326802564
"P04949",1412953.99660942,105315.079593256,31298.3466681378,665914.893039225,19915.8427276987,32326.2421070048,26845.1997442287,90766.8132723125,28089.844979516,43595.7107815923
"P04950",169688.741179838,90415.2138616158,922151.866034517,421063.116182811,39632.0841043673,28436.5517983337,20021.7850269906,291427.375583468,3068.39976465451,17724.853210848
"P04951",2424202.53457592,236891.890865579,40428.8870957491,117583.103337643,19799.1502708106,8781.28990938086,27806.118273348,11175.210839416,35183.6822492391,44741.571538945
"P04952",2789711.81742971,87990.4628730842,16484.6032703126,565401.038974018,18658.0747111429,77936.0511488108,27917.640323619,90858.5680517557,49467.1457366986,82752.563396484
"P04953",2091321.04130426,175319.252955541,21991.266907506,504695.369303753,20066.5775259791,59515.6363727839,27014.7883400529,73038.8029829266,35114.3854321477,76729.6710618377
"P04954",1375935.48049234,243913.658979556,25856.2376036127,163118.500946844,19675.4070704056,22888.651635636,27829.6012696899,50770.9596410059,29151.3874732057,37221.345025417
"P04955",1065587.7216938,128860.50353657,54732.5483163627,159791.237824186,22504.4955169916,21991.1344679331,26539.2897041708,67706.9076960666,16313.3488396031,16817.0172870285
"P04956",1211214.93244688,133231.499089651,59728.9853017928,326607.940787758,22118.0417304988,28587.7403498274,26811.2890086599,58525.8693981468,22431.8132676057,30937.4526607415
"P04957",3459985.89237644,434782.812261349,18047.3572010772,133576.792122211,16329.6721792639,17204.4423065524,27925.8190332783,12941.7895651886,51206.0832981274,106828.177190737
"P04958",4644312.71144183,908084.515232586,3601.89128361939,42809.9529075729,10590.5523150821,3075.84087911028,24899.0847926724,1933.56732689542,96159.0856080326,182790.943511091
"P04959",1300274.74473859,31028.6299299178,69024.4355811044,1138615.3399917,20720.2017626611,75724.976796099,26557.5764187246,964276.798122249,26037.6089950587,28403.4990408837
"P04960",921733.412979337,37589.7368133078,78188.7585357018,1899843.40689537,24365.3771013545,132170.003170539,25423.8042077817,3394561.2549763,22777.7296816969,19426.7239057149
"P04961",3707172.54828103,309172.609893405,6994.91350618172,595726.203188819,15961.9963292533,31794.616451713,27584.327107598,28984.4830741662,76141.4756432185,164345.687974813
"P04962",2433522.03821939,490153.454401059,29005.3827331844,81329.5909638451,19643.2213245477,10131.1037973081,27758.4172366953,10680.0659232077,38546.2508044318,68615.7954461701
"P04963",3362757.36346693,741389.569385666,11045.9420936112,38322.4182195933,16372.5862114465,2738.10974588923,27624.180608185,2704.1674830524,46327.0761598325,95139.3084945344
"P04964",2497021.98445678,201048.418638077,19031.2729490892,357327.568029566,18907.4931535759,11896.1010689826,27886.5886810153,23487.5766728629,38980.7311086672,68270.8409975451
"P04965",3257276.13682063,387301.148703862,13209.8905397353,132273.009960832,16482.3865509425,6845.67358012572,27928.4492978085,8966.56268387844,50424.1202506345,97391.40292731
"P04966",1565692.09838424,42351.8728345344,54035.857099464,1894080.72467931,21121.0603700126,167505.435083003,27197.3187130931,542827.95436307,36596.154316955,48788.7829402705
"P04967",4134696.8990908,859043.563804024,6936.78030632034,63243.6466405361,14621.0776281762,3047.71456522446,26627.7496448515,3262.76257685858,54415.6877150676,146496.295910985
"P04968",4601446.59298062,655150.600330067,3184.32912164173,51364.6287679779,11932.3548625513,6709.55792845497,26847.3510097141,6255.00529040953,84157.3133773113,164379.918863274
"P04969",3279185.38502554,303170.773696173,7675.79202877017,308591.920483754,15775.6216279523,41555.6742765405,27915.2545842967,15096.7248525604,81693.093926194,139231.230639139
"P04970",500450.056511566,19587.6828488323,140582.485931565,1398635.30314623,28182.2304065417,227571.275994178,24636.5822821213,841873.519128555,10401.4448257313,13604.5894193226
"P04971",2190765.42058895,268469.272443623,26020.0009945893,158257.358595455,19154.9019168085,21283.2628143181,27911.5174941252,61111.9316283752,33735.4741818415,61242.7749639399
"P04972",499633.922956955,11081.0499593801,151342.389451487,5699222.01442063,26928.4256087704,595232.749418198,23294.356178565,3875555.76539201,13637.0368695761,15182.0898598015
"P04973",2365759.81818777,163218.688734983,11429.015062839,228472.203396162,16180.9563601448,63018.8510555771,27763.6646529201,172232.087335212,50053.2424212687,122378.072080059
"P04974",477764.022651967,17275.0505629453,163426.630123064,4570265.86843293,28330.9985767679,339748.788852684,24959.0238311254,2069928.38782481,14543.4308439235,12313.3673828308
"P04975",3957023.15814739,302612.029577613,5546.2630446074,448896.859947158,14392.3663239301,50895.7824402282,27797.7038724404,45008.5194584793,87304.0593249012,177956.208343117
"P04976",1375358.09616107,84264.8112955905,36979.6971531983,575497.126117299,19920.3755478319,59251.4633869317,27018.8262898524,200769.854772071,30538.9667665649,58982.3684784252
"P04977",4152630.9873454,887753.154100224,2622.91977608796,11337.6819349074,7692.64514490417,739.410061689576,20949.3585375148,765.843516362955,93735.6933640984,183991.610393319
"P04978",4272052.11980521,710320.794432609,9931.53669605408,75771.9095180004,14146.9531143965,6639.07726982432,26880.5853350998,2676.94329301569,64010.1995554869,116910.933094767
"P04979",1136211.73966133,17045.2354117829,71836.4700674918,10865409.6088963,21494.9955559433,829536.414695631,26327.8203562639,2433970.3559346,49351.482519095,56311.2413660289
"P04980",1093627.25415142,165078.756666164,69292.545120396,358129.136196244,21924.5875679361,20769.639434351,26932.8964950645,51626.3970696388,23097.6929903468,25256.7106211199
"P04981",3965297.66727679,7014.59230959458,6221.78171104957,15832328.9772675,12743.7074352168,1481583.45876166,27316.9502116814,10609777.2537398,87358.0194218703,22363.1951047469
"P04982",1120343.39984661,16173.0693598226,74587.952846765,4554963.43611952,23296.9955796572,299963.389169411,25543.3895129334,3878855.36480148,31777.8873389681,36525.9275607762
"P04983",2126182.66135457,259267.591757848,860.937742787627,396956.58475797,4096.97841683688,30967.0343712453,15850.7014285615,11798.8972887385,70324.6412967235,180251.265985545
"P04984",2750679.82255064,244670.349444701,25935.3471392081,243320.740167414,19196.6894959357,21781.5112612242,27663.7914448715,31412.7112340409,56289.4399094711,75869.1939779233
"P04985",832924.530507549,87749.6696668578,81709.3413871828,472367.627313265,22587.4742568114,31325.0752428806,26610.5295444496,101913.463757166,12238.0865513613,17404.0783870995
"P04986",1903670.20159106,626992.267080659,24758.9310678023,78752.8020227665,18339.1773681318,2312.33370646194,27877.0834509306,9069.61957141746,17959.6730396721,33535.4573755069
"P04987",253452.397089369,22858.8053143826,662476.469160324,2787920.6564039,34744.7067809148,164820.082800279,22175.0452784252,3540532.37187933,3092.94674526189,3996.8607335933
"P04988",2573404.6455184,520151.57822632,17946.8928117152,45588.2540408901,18101.2982338345,3194.6800050159,27928.7845506219,5552.8668279074,34385.6059261936,73038.6169190438
"P04989",725003.930026007,31318.7230550193,108123.061127688,2254971.56897457,25913.0015731307,99203.2918640545,25521.613765838,1264203.51073551,11261.4429876805,16810.6912417446
"P04990",4610419.48563715,877167.334475791,6153.31633215728,31157.0106147506,12842.728030712,2384.1850074065,25863.9249488104,1623.28714065545,54318.1989008144,122253.353907353
"P04991",2886565.30212457,147292.692181427,16987.6997216867,664502.715902609,15912.9052796364,123976.114616717,27904.298441193,588048.213122756,76240.0991053224,144429.516763403
"P04992",2009922.19646905,209300.073073625,35487.5128908275,322009.937605413,19370.2366516514,11669.7466278809,27297.265335821,25051.3349700326,27602.2429253389,43481.4889581071
"P04993",3573995.0066768,166779.531890933,7718.50314528847,1140313.41356076,13072.049448398,63576.8028131769,27746.7280666642,102975.101740381,86177.7626308261,158513.882614183
"P04994",4304604.53893216,750149.375786134,2098.30537149942,116152.570053445,9282.47441484489,23374.953227744,24050.5156832778,3366.78758056317,96562.5549278586,173830.122948067
"P04995",2150620.01921768,234411.79922805,33384.424058706,103333.92226938,20010.5010139248,12582.5636809434,27857.1627349989,32324.8437483825,24774.2838998391,29130.2559352415
"P04996",1184837.30255115,151981.050803833,48850.3541697964,504327.173684277,22024.3441654951,18368.3474038211,26380.0777350774,46107.607196056,17716.7296929841,20899.4715817232
"P04997",225751.290194638,36084.9717418798,700529.548002739,388672.134052607,40199.5557948845,12537.6768114325,21727.5433937985,610009.599738954,2332.14917098425,3266.14105617448
"P04998",2720604.05112737,261564.566157882,15670.6368521637,92850.7174011228,18195.4116677427,10715.9433273163,27903.7359544529,21777.2208398205,50715.3558432049,116795.836973217
"P04999",2220573.87067565,76323.163801298,16598.8483642117,1971218.499336,19052.6859303636,121231.635008193,27451.3876690018,162175.23288452,59931.0353017391,73929.2479011551
"P05000",3570008.48014937,375926.718862339,8913.65483812559,307225.403178283,13888.8539008476,37309.2215666715,27670.9260572027,13318.5508693801,79902.8819895561,168320.846999395
