"Names"	"Sample 1"	"Sample 2"	"Sample 3"	"Sample 4"	"Sample 5"	"Sample 6"	"Sample 7"	"Sample 8"	"Sample 9"	"Sample 10"	"Sample 11"	"Sample 12"	"Sample 13"	"Sample 14"	"Sample 15"	"Sample 16"	"Sample 17"	"Sample 18"	"Sample 19"	"Sample 20"	"Sample 21"	"Sample 22"	"Sample 23"	"Sample 24"	"Sample 25"	"Sample 26"	"Sample 27"	"Sample 28"	"Sample 29"	"Sample 30"	"Sample 31"	"Sample 32"	"Sample 33"	"Sample 34"	"Sample 35"	"Sample 36"	"Sample 37"	"Sample 38"	"Sample 39"	"Sample 40"
"1A"	1115845.09860372	1200893.36806739	136077.077373359	121688.792150148	112695.243586465	1036760.05297266	72693.2607468829	45209.2896935678	29317.8951934762	6084519.53672534	1476475.53740791	80965.3782866065	166952.836110816	271347.676312706	78109.9117085736	8392560.19411211	3121207.02924607	6595415.52093197	1263632.13514677	706202.757291116	602329.082821864	316340.496781895	594471.171844186	3628437.5379032	664790.79603255	1681986.93662786	79833075.6683841	285784.55332536	633191.117934548	7045776.13159567	2149548.58143561	4499982.97753094	2973773.55714504	115478.344540517	8373644.13894682	54856.8023699425	1573878.86962602	6814823.98002506	10849607.5558762	7220785.20893438
"2B"	602211.690478258	54093.9823516987	7259694.53483912	43651.6415995174	2382781.15466833	22249622.5951253	217681.268123095	591473.417090907	165824.567050899	942135.187793133	1087745.20351653	2141478.91122422	471542.489805057	4036202.33037598	102535.52505736	3531604.76195895	107568.705957297	20052701.1076449	797778.188872825	1418277.95542641	1200395.49033764	1392682.86181989	1285972.98543775	420296.614782892	69128.1017759047	469782.964829614	1881524.10143659	543282.121285999	50975.758531999	3649507.50868856	90076.681605692	6403439.41978743	5258733.1078806	27199.6586605742	8947805.68451182	24942.3193710066	24072956.4242669	160133558.89413	963466.726925129	184393.03626485
"3C"	1728799.61960917	122427.843032243	6079594.45630516	51358.4411871522	193959.749135112	3432574.54010176	388296.915809312	1348951.84958668	627526.902108939	219391.80342211	85522.2933696302	1463506.49244858	7015771.0930775	235240.613933746	130905.327891563	367364.184766766	1352837.15455929	7857196.62472354	1287876.94548671	80923.7629123901	611128.738743479	1983096.28037965	756144.014547341	258609.092998227	407070.057823112	1851610.14492091	3564287.49244387	818824.710649148	135806.424571648	3292045.37833602	5422431.62946469	3373200.70293295	1153425.57807585	322957.353648709	9527897.67336971	21130.6596442561	19077883.5411696	821370.620837661	7215668.26562731	90795.4040075486
"4D"	703469.262987862	238863.878214349	4564976.75155645	306648.514361001	264742.931529711	28953962.4543079	110458.125817392	8213813.39808613	126113.655367561	120934.14000754	339933.191916643	1054247.3471852	476669.132171219	1995149.30909035	30941.7669257056	15873020.5529579	18287046.4941331	44455680.1193896	600709.994117063	202792.120872801	2389468.1293427	42591.274586478	1550095.22636104	102312.420387525	482324.255831824	1864361.72124712	784369330.667185	614805.284364205	1176248.51460167	13617974.4689187	2933264.42941732	2773619.86299112	8838731.84243015	184603.387901395	47901603.8383103	126761.931662498	7244883.85595225	5425422.35088764	1390027.02413993	47166.1445165111
"5E"	4942751.53265302	150384.035543977	445875.755041787	50702.4675803533	705660.161335366	2344601.59669275	712934.676732273	581596.097682966	203674.539914086	247441.041523448	188169.745644697	1816200.17569796	1204628.81487716	7322025.874805	151418.727519605	4873265.93069405	2261093.02757667	2752274.80240544	785471.932798496	110718.961394731	1472991.78155334	11090132.1446719	1245081.23727097	3329510.68881817	702534.485563969	2095614.705121	32416592.3711467	2184321.33660701	692794.301297911	97007621.532833	30588.2608879851	110754302.541679	6855590.86658887	86002.4138752921	2747136.93723851	273438.014849373	47533188.9892974	14683806.1378254	4613618.07241792	185694.144164845
"6F"	176123.751880891	218870.925362774	9765570.92395984	51482.3382842265	806560.603018757	7853216.65220615	155893.976792077	760645.794037854	146357.390727557	4039992.98362684	277110.887438363	1794604.81066855	717794.60834547	9725283.03426923	24314.4647802241	1066126.50213582	2278783.86186684	10443619.3715819	3389615.18629589	659790.313857806	226131.5906031	973774.036428737	551984.013440166	400146.128525739	41317.7727411968	998307.468811748	485725848.188675	254753.852098657	28833.7421475221	187789.066250698	969332.38147564	64554672.5478158	76470.7872767339	110149.875826631	2635148.92523821	231457.464731917	10354546.2059646	843173.031418563	366314.566229141	321493.110979719
"7G"	1837605.86462993	288124.432308584	3303465.79212299	544525.348410602	77097.2216991201	2161825.66853237	687115.022289815	508968.992594231	2484024.79739258	2836806.3151297	338788.212428904	546456.480632946	185292.628480021	198274.431594527	191990.319526104	2877449.5581262	586454.038771161	71803852.1106686	10634160.3577355	32626.0277153573	2979260.8072813	8265667.51387852	1564103.15960391	2451212.00372586	719349.91063839	414474.708956625	87338100.0603042	3136563.87980828	269014.272842292	13863210.134581	1627301.8967429	11569419.8380982	742114.425898448	7418967.07902683	3750166.44595763	157376.060407629	7062007.61387041	2893653.61295384	2988547.04772601	288358.767639258
"8H"	3710470.83938793	113199.775834547	436403.463786198	25157.4429577396	44891.4048339279	10534229.4168856	657888.727966943	67338.2464232214	81755.6128726998	31079245.4966151	288825.844058387	1454911.97404739	1497481.20918939	163916.331286269	116656.020200193	1386519.9708605	1721390.68375585	16483456.6461585	328870.995332009	1000666.40579	283055.91823698	597279.966028581	32247.2976399406	8953747.11216781	196067.525774071	37525266.9610759	211852891.861284	2420928.37459003	476136.99696959	1344517.00300536	876620.137009382	26810726.2301588	1818422.42334527	413298.259930466	4206250.16299162	407204.899192598	9384167.82881035	9948641.3491983	595808.328327311	1372046.36290102
"9I"	306062.413586823	1306682.86186972	239309.135992324	63649.9269060998	258846.265392853	7577570.02492574	1218485.78094639	776506.326974163	19261.5549544484	62075.0392582136	186639.479559405	1510471.26925427	7779144.94118474	7125787.22743524	13293.7153845351	1094950.28503296	4999293.16741611	1838981.33211187	896881.128205093	1467751.9996801	3085252.63497955	2554699.09456662	567194.419019254	85713.9612459503	830091.057689465	305590.028358698	257599835.705645	132829.818760155	139220.405540016	12357650.018211	1646091.48961461	96121143.5507951	3478361.54063579	287329.441878829	9093794.36978189	67056.3252344685	11168054.0027047	3554821.41044532	2302157.01291777	438945.689371302
"10J"	825617.770748839	296869.879770352	7547145.43046058	15817.5968694046	253225.524021887	201152025.1985	39389.3913249588	676268.998939455	103744.905219727	790997.241651718	733686.096580003	17593501.1286013	858063.508620969	6217546.15021152	100178.334219955	214460.700232341	6576357.82848429	638583.3919412	1046665.0645877	95110.9988470158	303201.6194547	212222.804865953	2562658.37921128	914861.237383613	97274.1300329657	214737.027278582	264520895.691594	1651352.44980332	18972.2391543834	1114980.64155305	6436013.49326534	79010581.8513832	9602417.40830941	11254719.3051052	35325460.9835673	345272.966761474	2374358.18608992	5912356.45549349	335357.824518561	812715.987559209
"11K"	8132791.94609015	93264.1791391542	3008017.18839676	200642.588739154	356790.523296845	123511.935880096	1352789.06481234	485490.521773152	496275.14508251	348366.219299017	1995615.99283249	626379.97381115	361360.628506739	853534.226982628	98482.4557522084	1235873.64905875	3213698.8156403	1214718.87012633	207937.521193774	616975.779244518	1202031.92740768	2106533.71694714	1203738.62592286	8226785.47448629	271799.315469578	3264704.54251613	166949118.477214	832892.043003972	1302612.59714592	406755.719070659	2197369.387994	12179305.906427	53048.0711633278	4627629.86408737	368397453.943694	22042.8619934644	27437957.6588233	4797842.07358466	2234667.66326724	2696930.7619829
"12L"	1603995.47434237	175958.850058576	10860044.0303022	117313.39696665	1205138.41827287	7363527.21775134	973812.538773585	1573572.02807788	1718951.97802273	1241410.29604785	216312.10806893	7464136.48458238	1732208.97289182	60751.3357077388	108240.704460015	1357389.81305083	1130952.78667973	1883760.46960292	6500280.30715404	741789.520551791	19175871.4825542	12449563.8756417	177180.204762706	1889359.28207827	70035.1012715416	1362565.73390697	26064342.5617019	156789.707760023	79099.3717620316	3117240.59524228	248056.343084733	13164644.3248803	3453243.88318118	98099.914427561	2385405.72392425	414665.63251727	5599245.5260869	7506666.8521173	1801326.44681549	1421530.00739398
"13M"	706634.595474167	58413.8644686214	580881.282056881	4258.6128151636	93773.2831591682	15563606.0173351	95806.173229089	785794.7222329	447216.249030231	722559.569472874	92472.0175207299	1932256.10571262	1296975.18043302	134787.164390195	47389.5675597223	6111171.12994726	182470.749086608	5155770.05157217	795470.501574709	6146020.90362443	340501.177466433	4427616.28745912	1063304.40177568	616709.952071335	210775.067882671	653660.760276947	9728224.00585251	3676882.06026697	40542.3372568668	11241607.2762225	944591.476614726	4831757.56532445	3262909.90915878	397534.269048988	20730647.8337435	1473219.94773311	1032790.71732127	28242390.2770785	905811.050248386	168686.144495778
"14N"	263520.055387415	278831.523547107	6173568.98442347	804055.148518945	469707.628052157	172266.31807386	253588.975240561	6354054.54665657	53987.8954816134	504102.163508304	352500.045575593	4205152.5364827	1396253.32315203	580429.271893811	123276.192694946	647235.481295699	1085226.50637599	699474.166218307	1627904.07252882	1406494.55760825	3138836.74195399	2586987.24036566	336666.56591768	4198886.34631853	259236.055729798	9179985.52615238	13824352.2777463	942083.653538048	215436.897209951	225918.086241882	2617155.89850584	70096535.3510622	1406836.49275722	763505.328227197	6130793.44339726	9215.59979459012	6848172.1264401	40638096.4332056	4795803.66326286	113697.358492206
"15O"	1948608.07925008	1343166.02090014	2992230.39654375	31166.3500591093	3388353.67027206	5093091.57129646	486876.500032727	1718732.53583337	282430.546824762	3954792.77755699	276713.773069565	2175547.73539327	207039.229085246	183746.329611828	143354.693769298	471395.03964849	341869.720357419	7339737.05280238	1976455.75702219	334264.247794834	34782.4045874994	244510.883319102	138722.99263016	192720.175349061	161098.8401158	4758677.72059637	25725811.8292078	1002916.8828967	89642.6793421255	1006326.92893658	328766.953790026	21456871.6443521	1060382.57105919	395997.127459221	115898980.449516	169593.912534138	2206863.4726058	7421105.9912507	299024.891041339	21468.0546168702
"16P"	759969.454429923	163198.599344713	4433416.57297997	184513.536248276	643963.302044326	636317.354784983	190878.728613319	9696989.51584014	47773.6996889585	2076380.31043377	107778.104445198	1912279.22043452	128509.873488853	675338.357262737	134717.39401902	2161139.77252251	1633288.83463143	1539551.39742456	717596.686099774	604711.786654116	910473.176913424	1707445.63678111	695873.087795457	1946227.0013135	1404430.50555212	3116687.93103166	31299144.8670674	1931084.47366438	817120.106296797	3831987.11739692	4690324.51165026	2796246.59544366	16947472.2050328	352273.309879458	72268948.3124273	14280.6152281904	3412232.61608937	3402678.79927019	2396470.15177746	174167.383928388
"17Q"	300940.222229481	52338.8993532085	12514495.8973748	57335.6053905283	579604.740195267	995992.935124839	263029.583851721	139830.431119827	238318.649537635	3132464.67236152	592693.649102002	365732.476927652	1174791.35988438	569314.466823028	3367893.29398463	717774.634034294	156223.66993726	1291865.57148748	472195.007423846	1356061.15233046	165125.549154203	69230.778217326	131748.06924853	5930754.07699706	515316.722748367	2091076.50951072	20658201.912476	1898923.29624032	59203.1065044156	1365368.93675579	1594054.58261683	12176975.7156298	1584059.13533221	21899337.926039	5177900.49878759	435891.282179012	310411.180165528	761817.951986022	1130011.65419438	652145.384421903
"18R"	99001.0778234932	156952.178658248	12727542.2317492	80459.4099952871	94282.5025067685	1470983.26944433	29676.0247411965	11393371.9141093	16882.3154034044	5081099.67979954	752754.006466321	832300.953112867	673117.080586578	459541.136074193	126004.715744348	151690.616619434	792158.403975003	2976495.76338785	1018867.79388614	80900.9583797785	4673431.33013645	518567.428125762	696232.138293208	167041.846638632	2852045.98041235	248181.242523539	218925393.498168	1804146.36043827	404836.158910268	11885838.0181157	137951.698731152	2301909.62697521	2594287.43509773	270684.859127971	18735325.2594857	250465.170384815	31702329.9503818	21241145.798493	197967.089414665	171695.407136213
"19S"	8235710.61868417	30497.0063043694	1104211.87398586	4686820.86001424	213157.591441273	9815012.06428804	888164.762423642	983118.357622035	55929.6136517217	346891.532368138	472794.108236275	6358759.96215258	2187144.61514126	1108648.30451095	188360.348664351	1184853.0701276	157014.698610184	926926.540356283	2373976.45094358	6231095.64852998	982098.850339738	603633.469385589	37662.0599665313	627650.005449398	1808514.6083736	859829.663970639	31301436.7840961	300952.093762227	482360.32781574	8751413.20516318	563465.49282252	1635853.9469988	609666.501415701	1429196.13382459	76884935.1091781	812481.204767169	2796264.87157745	50584697.2900382	935286.742266724	65911.7282628152
"20T"	1100916.64760516	1629034.32292844	1523179.02512619	3570.48047551501	445013.508475417	203231.984521007	37652.2815801942	49395946.2855119	1017479.68874176	3100805.01414376	4068099.31704227	46245524.6838297	67930.615138142	4322876.88579834	1340504.76588469	122140.566282073	3926807.20035753	3178792.0766782	31141145.3775745	773600.649892475	2294494.88487781	54197.158789266	321805.42678474	2833040.88606028	1153728.69960121	415572.759009693	20809077.725438	639211.936391445	45443.868491757	9949596.18029884	6019444.98631137	43334768.2040741	1628648.26829407	77902.2701317779	12862340.7968065	224358.06603743	8727560.12103606	6735739.35476796	276417.231764134	76101.0654592353
"21U"	4335959.44357037	140741.969050138	6246543.32866056	31477.6604974823	659139.305589254	11822140.0571932	628733.451477932	135717.093227448	53751.4012060406	745802.919430681	652440.638923783	129451575.973571	770170.727230685	5082835.16230724	58415.2658063248	4707269.12371416	2802875.89164654	973867.523954669	8652524.40829874	721213.24720166	617874.219023893	1801986.42463505	366366.308254723	508138.535819363	1510393.0511906	1114882.92787872	53206610.4017068	252505.222814922	44305.4176340341	16965614.6640644	2235010.51101573	80655795.1231414	12633684.3218359	710867.616038249	2557998.20259163	273276.482250179	9843344.24553493	7104331.4027563	1099981.66286911	57136.2211162232
"22V"	2575489.03373418	5655724.17883994	26113813.974518	66231.1194050703	6204479.2552096	6080810.22017368	580319.813754502	2932145.5626606	55740.2580502743	870868.34607953	37671.5229219483	2054928.20108627	420965.450991749	1015224.50799267	25871.740345791	257920.785661958	1439334.22894238	1437076.53596891	777938.82190898	638471.847712477	293953.198927987	4012016.33621194	230859.645587645	497145.602462056	349807.392241549	9668886.04829873	68602839.0041499	5249057.29566755	1317106.07260223	533730.565420871	898384.930223729	16728627.2154907	3017089.23463392	495486.838461003	3726591.91029104	49892.3265536133	19866045.5977734	2893643.67214462	1164067.39481632	1139896.20260735
"23W"	2633460.20161387	336814.171273214	19492365.2433014	194010.596253982	423105.461897474	4189920.57855763	66317.0319642034	3388925.02866871	810826.867399872	28242234.9396355	1430135.17914851	2243992.67149534	1737263.94915043	688322.503692421	88782.3118634611	400952.754409551	1606815.06984443	982283.555576766	2316400.77756903	554484.122762478	1568168.8186171	45161.8611282978	83585.3974276864	774928.138492948	1711946.91797109	29912975.7649455	38524414.7450292	181919.017846709	87135.9382921895	1418329.05036737	1150646.67089152	19830359.1208634	2735487.52573797	148871.03902757	29552383.4626343	250812.206193618	4462231.21098042	11351277.6030725	816145.290113242	4175687.19507508
"24X"	977032.303098783	273542.496614593	4861700.53762088	7110.37251652816	357251.138117038	1126371.55129064	1103780.64183486	214516.745379558	227526.21505321	16076074.0862904	200151.263266517	95593.4517548516	2182091.1070845	279928.822344261	91197.367068475	6069889.87364912	9154458.82898732	2427072.75740817	5094897.44339323	359762.915694954	642660.613071379	787463.838478625	124632.982220006	202986.863397392	2312696.73416757	4434513.29881667	44925092.0286585	7029768.25513119	154700.989871402	3658407.50671308	1613864.4372609	8077899.31020181	7039412.01346081	467921.685991205	16779459.2563711	596892.702898177	3864009.03991762	74233073.6792953	1154421.87628433	295499.673772782
"25Y"	14691066.1907554	55805.8489274887	5750160.71341121	187018.943039092	665089.771325301	1725475.12986773	195001.132106484	124099.020703275	119509.370705776	268817.383437136	345544.626260449	994589.729315945	3494071.22982052	286005.478247503	159760.406505354	698226.832206795	117300.020453311	14067719.676816	68966.2188674299	743680.784085741	1493581.0594856	1793055.11115168	611861.877692779	4877217.36371326	2479268.53631344	203997.368778319	11914088.4231467	2174597.93324079	3150456.07453591	3727876.39333509	956130.153507539	36600154.569768	818971.173850133	2393286.26426858	824102.463221478	39749.7517044402	478048.761883616	2645219.70903154	3318129.47489655	259638.502973128
"26Z"	249939.222864987	691505.124322165	4887119.01737858	118994.285085021	304217.354306639	953179.560158798	194094.180941747	377204.6017809	69477.4108812934	859942.525154708	369602.649898247	2472569.76258358	375060.006613042	213105.054779016	627140.71042173	194169.913582328	4537965.93426746	3197111.86790587	433952.695411814	456659.221474268	684398.660907168	2435627.50758153	564123.46102177	3183322.14767999	553677.57033749	4338068.03246826	382407695.869011	418467.670632576	55551.4276671846	7439133.71691937	441003.671893515	33547283.6862523	19834670.1041867	995676.00313887	266771698.883763	87135.188217856	1567638.95797505	2408541.01799066	785925.436667788	352298.044795048
"27A"	532828.708761446	314956.834942472	2751296.42962762	9687.30860626483	161385.118733619	2756740.429412	902966.128365625	152841.864120589	89113.1631865173	9047957.49658563	66169.2693960158	2627584.61913659	246673.604473085	1041231.4908214	206915.414464115	507649.855236512	2002735.69765506	18866165.8130487	357261.082613353	341546.844991288	1566896.84698508	1740226.01894354	1224301.11585441	876607.965179823	462313.602499546	2990104.91556602	139250563.208934	98050.9627803495	223078.763935775	2203654.96382665	360336.571137762	9013775.44159377	5358305.14685839	307556.148675982	3894087.46947788	133454.344817405	1689238.69283785	7272395.08304964	2360666.07256315	18937.3501793046
"28B"	6903226.95793782	46683.8822283635	148938.686084954	158965.305838473	445066.270904478	14195905.3318834	504625.367886044	24389.3339797384	34058.30786548	5581760.25882798	346649.737844848	6052146.87995984	432883.185411149	14840846.7862915	91106.9608662867	1585334.66790462	978117.280760024	8841151.25071745	2586131.42116052	180997.53055003	724854.325876258	490435.240904943	1101206.48005991	929597.102917998	1407256.3723589	905490.583029479	13684044.7551577	155289.813012545	272102.317349835	218372.577391873	636646.316492368	11346285.1644538	15712188.0659444	900140.59427395	9185150.57820762	225123.630658494	13650152.9057435	19836906.1905738	381045.851577107	482643.269319785
"29C"	11895514.6181034	1159664.43508843	1265913.48278084	2074.55355419817	91256.2296986723	6550724.01851864	194988.556368317	2140050.89291389	44060.8128101592	3761216.20942136	204910.687607007	446754.319419502	5666981.69431249	716887.889297079	11554.8636087543	1997282.91528224	199442.79085256	32757913.6314135	6853215.0894733	140390.337157883	603795.589089964	1571945.42186301	1270553.28020395	8061879.17887167	193056.913215326	10639769.1144587	90547870.2294658	2879681.84627765	87665.6457131474	1519119.00563959	227640.215716304	1587448.64468478	2354790.51511455	170420.558540474	7759536.67808238	56479.370042857	3176821.04448035	8341373.35585139	611458.751782466	413991.474289023
"30D"	614991.405273168	425798.69480732	1000392.61728331	153589.207556241	142019.338400094	513311.296242731	250131.063344213	375553.921801727	11131.1042068349	215754.356913649	959176.586278726	2293613.12325344	484588.121803651	3127706.80202091	82002.7184928418	1370727.64573434	983846.711107809	13636924.7111366	999644.186984055	80009.412388597	364951.108124372	74048.2925283719	293412.642386313	2190719.07906582	258468.079912071	912250.95388028	127405554.320712	362289.52300612	14882.1484254283	63554.3247122474	595524.950747918	2609103.83800225	1533012.19689285	85022.1701430499	50136090.2377349	267561.731642653	20594620.4093278	1266004.17963896	2855201.74331407	821633.950063924
"31E"	618334.02119016	284479.648030672	2473970.95370595	64379.0632424923	2627872.25958845	3112164.23498709	621822.725879613	431619.457228689	754627.763580314	363509.759573063	98555.0234949936	9890996.24647467	4070875.17418398	758615.973724679	33816.4468739746	3160075.61711205	604656.187907752	14189144.6371571	2774819.44360596	1090030.50146445	686223.572103219	86996.195182329	149421.817442772	13993.0547654318	2275379.25639832	1826904.53913429	464310947.702831	160709.797829869	365999.569091618	11287062.5113316	725574.731548771	50166984.9688334	1225213.94570265	30742.1761097673	1495336.19796681	808874.044748675	77135192.1923115	23848948.3506282	11413545.4276276	39851.4450324971
"32F"	419469.277633754	609299.337867022	2736204.74702356	23950.3052088636	374992.955618569	6006342.1666994	31347.4524929748	124935.580627472	607426.777135596	226787.206437666	317654.331150522	3975909.03514306	2329693.5713633	313457.808274047	26280.4070183536	2166054.40563169	13646273.8188473	33317233.6759317	3120349.5966243	2054409.45714926	123669.798779886	5277245.4714494	1291205.44274934	976305.242822267	160583.628902914	1908871.60748304	3458726.98086205	997054.568922175	154828.674265307	746308.806978416	998653.94769603	1112117.41754373	17266423.7480713	6829277.61801547	51302917.4833785	442635.183977755	2003414.2104529	4745112.28174368	340804.043575754	206822.037846445
"33G"	566843.249161966	473275.161540708	1239509.78199492	36299.7128063005	239377.482078381	9852678.54749082	18834.5204252088	710766.945295582	284200.964852766	9901881.00843922	7964943.23838718	1532409.94846999	183502.122561101	236926.702116166	549090.540692894	2310588.05876093	7523262.30553598	3106177.07381733	5021941.29488503	2729332.51156917	1100475.89831871	582976.25680519	678451.083458444	1343061.74537301	832927.354586143	11394747.5234437	59580757.7739382	11524648.7960348	1240478.04100582	17850258.3403806	880720.019808152	56796357.5783563	3561857.19500107	89660.6453499157	93667252.6432899	2881859.46926719	1052082.35405016	40900534.5697118	4843010.7127513	349892.876706743
"34H"	3443311.46375401	83184.7875841759	7467617.50651879	99359.2212090906	50778.1533192718	1071722.13564976	34905.3794439334	162603.011984886	155113.255238133	268409.423508782	1892355.80497305	261079.050217526	239536.728106072	527195.852138798	418888.213353093	2522488.99931209	1847209.59154823	57028853.6458578	738975.57826212	96136.5333734809	3729770.66838547	341248.076863336	1309092.95666823	1376874.15773972	194999.147831642	7099501.17848421	18346648.6625018	319458.362664563	50587.7065046073	7116575.33947588	340114.345912716	2202726.32106343	389913.889962886	2232144.31963872	3339393.00053103	532661.396114221	921307.848919159	25608528.625826	318735.223528767	441709.507062098
"35I"	6383767.07342024	121594.089789589	324467.209945372	93411.0135753181	1895030.79596749	22069176.1521975	361851.897497559	159004.097390798	121876.071156041	1849969.69044545	676930.512306925	140492.560074383	2968338.0383785	183757.55300346	213661.505105846	538637.320862598	152252.643905356	588178.11560139	4883215.08621334	156814.223616811	7305250.52732403	5153263.99265735	511929.26358415	2338593.32712021	76747.7975970948	1877735.8351916	219932695.012073	1644550.22938649	274721.646033567	14244901.8420358	835752.170192545	1452698.87926684	919082.282521229	231075.008635033	5222558.73952476	199029.994090526	2825552.26453943	6526761.56425964	8912914.94468429	696550.363143241
"36J"	1079308.64886445	322130.616790051	4158311.16483578	152869.03279834	1229648.99084221	24031107.4114753	60957.3878746128	37919.4614682586	296677.733283396	3365779.74205975	185751.017562609	7006890.54074013	937676.22447659	1752422.78014691	26339.8535509417	3266013.8307684	1884216.22516294	927490.340492373	1351857.88434069	187980.424760766	188993.409505889	14002.6795756382	64812.5670279337	2611692.71677396	109186.71071543	5563354.75761596	312676164.582987	2365869.70710262	95138.5912199851	2087233.97825903	4755818.96933712	3020047.77108162	1504130.68497939	646365.516762227	38704313.7401072	186870.323221211	2738423.70309642	8803110.12344986	149931.233503665	394459.009586757
"37K"	933478.503601563	34610.9473935735	17161699.7655555	37903.0320524646	120892.795814944	4385390.68679321	266492.616020216	1401472.75225841	471107.130120859	451538.780405305	59723.8547203179	72840.3869791948	4244548.14077104	3887887.81313482	160809.762767183	1030994.44956598	2213453.53753255	6474203.93222638	2598265.10331541	1785696.77731597	2191636.73078709	83561.9445562785	1388521.59630652	238815.665290353	177462.339079212	1986707.2114884	16120762.6880564	1683999.34658663	342525.204997568	512649.590937389	52490.9618023948	6548264.14350106	600521.661371417	862325.487174941	23476002.3934082	1144380.22677879	1168495.24580798	5420233.03395278	215248.95847318	1099914.31347714
"38L"	499469.036204011	1576784.30391667	1603259.46820935	245130.645490702	333982.958552639	18872924.0199268	435372.02039421	753404.678282419	10180.166213452	9327443.57879668	444968.52355877	1561632.42367466	113616.497938136	1509802.59055938	276627.177034195	735306.190147035	3366760.23430329	11473232.6046121	16354703.5466695	147797.668175138	839404.083302851	485597.831615696	345744.853795223	1296143.21729855	173667.269511834	3780899.83433668	374455769.461049	458346.269018361	1180955.88132751	967352.114223421	159334.716599072	36349226.2335479	23751176.1626643	115150.581496362	83688191.4389361	322006.994057257	7973501.32058088	40583111.3518491	756457.982237162	160314.791968186
"39M"	625429.858395382	50135.5041886216	2433938.30960253	34302.1105512376	140102.014587564	115826488.358245	64966.7437669366	8306914.14214357	11716.6931089966	491228.535317829	1373755.10902386	4124672.64462807	454338.789082455	158871.892377136	26972.6463749053	72287.0698602873	1939728.6476266	4747676.39986537	4303050.50740115	2966941.99313874	28842320.9812604	803726.128552216	491550.969242684	122976.4758397	23742.5836363795	1430768.31298936	110456081.547461	98466.9782402891	184756.496702512	2038818.77696191	3918434.14553797	1294320.67910345	105739339.327915	131842.445110592	3921881.49168371	123837.042689446	14826716.4251521	477176.861777312	321393.731542424	763349.19281802
"40N"	748035.209145224	246520.816887394	5548140.5545279	26404.7431480105	304240.686483974	115853515.923495	332350.648388297	1124564.32888831	88605.1895704447	5572048.23386356	994920.741881395	227267.019868939	1149838.81389097	769487.673159124	334675.869079529	2134053.9707629	144544.506244448	1509531.5917211	35091571.6950777	124725.858122018	753864.133770734	583510.540025466	188344.919046413	4982047.70340157	62504.6073190874	10455019.4288823	34069973.9040939	32829.5302179196	96619.2858090179	116141.134843749	370401.858817737	9077517.42060488	2305575.30286733	4762350.81288176	994963.475470148	151908.636522275	12954390.619323	12228628.3983921	65432.1962369532	146087.695250571
"41O"	2471623.84410473	55942.3446284984	24250539.4901707	3027.62586813965	42370.9259482639	2256347.69855714	261992.256479403	613305.391448367	27909.4594861975	296583.064237924	219531.723305022	20859829.2659518	1088012.76950249	272097.539653911	69480.2291571578	406239.321744899	8719310.67510863	243273.238108755	676671.083755804	209110.788052417	1075247.37079945	3190644.25066775	484172.239333961	1372842.60585656	125653.11214582	3954678.89368345	229049853.838721	111002.565992705	738789.365475826	47823830.2976086	2269388.06898764	8177892.21288865	1498965.13988694	47596.0934427328	41883937.285626	662791.562497094	27909542.1056853	4857127.84630446	333529.642635429	3098430.27036064
"42P"	8248824.97016662	7347390.30554371	5404765.65682568	75364.3516538073	443306.885156165	7878012.21378091	5676.88295326369	688579.990280876	102440.103698869	352482.671001077	688617.564560461	4209034.95087586	1304648.1501437	1727149.86288084	501367.920203158	561265.475469882	942665.094083179	1506355.57406501	5844041.50608384	810987.62053355	1778820.61386923	2907147.91659945	94566.9604258651	1213989.6677457	60410.3587932947	1562772.19827122	39605347.8990124	279418.994501597	498592.143458954	1831105.74872581	805002.381539429	5202310.99571978	37944745.5169739	1050394.08548174	24291848.954084	443851.538911003	430720.463937761	17882601.5045333	357389.977007161	655220.047763234
"43Q"	398999.591391624	103214.925996681	6442746.48165026	46809.1656170141	692969.712901309	7430478.45889159	139271.749923658	534101.366879889	141406.450201507	241251.657549776	967380.868613661	8775821.04023793	22524509.7144358	3995856.87798902	86775.4218333045	2471735.13323225	44085850.5587018	19233673.6408975	3527639.91722488	209191.960408436	1746940.76875702	128006.414217778	1010108.58630912	720449.619345875	376413.124199145	1356093.02660977	77750654.8638318	326956.071830279	168153.524647186	208953.799189316	1059153.51623104	18380218.9937964	441264.078180628	106095.791224607	43591188.6208398	23936.8451261767	165065.534690733	2852136.12671575	1006240.05374298	24898.8026635934
"44R"	337311.35185112	60257.6735520623	2359249.70804447	517091.152354821	248861.362358495	7438799.57529468	1035115.81119104	751310.799124602	35836.5947164504	3056250.28518963	1029976.15972135	964644.799683304	992741.252851367	666425.262387562	224659.973470565	5344854.07231058	11947830.2897917	25006810.217856	1221655.86139858	295631.378441573	201087.008624807	5929654.44236233	323054.257796261	1220174.71247308	449935.904199515	1622818.61729553	135257422.254093	12488466.5033258	732237.554635594	1153378.12574525	2218873.09101305	5747071.51251282	20801845.5325977	34801.1650521948	58029752.3330597	527117.314765895	984355.53877847	23460816.3753234	3964814.29746755	8698358.62512587
"45S"	3569872.97087949	146976.982629326	598204.345773266	269943.798867939	24367.1315384158	5910362.50141822	354119.469235503	4213949.84972466	136878.770817881	2999178.47624093	371916.412695913	537615.660278405	662126.41088722	82690.959095513	35115.0245804058	5061303.08640763	5059425.71014812	7083509.85289047	827620.696037791	742842.689507282	23165.4007173502	30940.1370788863	882588.441227097	2542076.22052798	3058968.91876138	7079713.45952622	33379957.2144427	726800.337602029	28229.6876539029	1056930.78420032	2045905.29526467	6859594.48471927	3156536.26280841	2798368.72167899	52354380.6862625	41695.5918026005	2025955.77261626	15705301.5628947	1070742.46255455	8621722.22885642
"46T"	341606.29095098	2209952.33720693	5434604.28611026	36155.4095872623	186092.23788624	8393971.13769855	7651823.79677845	106241.810134143	12708.2244823832	4696092.48008068	3818031.69490927	695115.094131754	689517.436546044	1886148.73344398	343536.536597164	4260373.0623238	20807924.8784163	5077759.34059106	9636668.20524025	664867.002394892	1995159.66262168	4275668.8204047	760751.198122217	179955.534547615	101855.892748122	7836135.3549737	8235584.89479241	41511.6291624957	36999.3563216468	7080733.40576317	206535.663409755	511201575.743396	4649581.15413754	86302.9382560052	5516505.73433777	6268.68204786584	2299703.97298205	29041426.2848977	580243.043962954	427669.767116828
"47U"	2361543.46503131	95666.4406388588	1516716.69166635	75990.4394244282	198807.392022883	1226459.71541086	372302.553828698	1321027.48038941	204071.271224847	1554686.00241441	1475456.17379596	726833.535788261	601008.286742633	5367411.85470411	81766.1781590035	425661.099014716	10574159.9286029	6170527.32847708	451562.156088318	506856.469606328	640289.071387933	557574.010902171	80889.2679778865	2999128.8400494	340379.71347996	2924655.02319267	2314473551.99559	470558.265214916	68334.3017290743	962888.628342612	443100.375319191	4515364.68319967	860475.659736214	473203.007986248	8092324.89594648	224611.589171765	8602029.77222513	15737575.9843033	359700.048794921	540004.876728134
"48V"	1499668.59745286	19899.9954534375	2913939.00483053	34061.3360684493	457888.652865101	300696.887952236	187632.622464727	779508.095165276	288538.501148671	15127046.5055266	1638256.92589339	2396287.51116672	2075299.60124353	3742312.74932661	90538.7813823124	1599006.08299613	66715.9647085762	2116044.78511036	1639221.4800048	109162.659341369	1189047.08033379	588314.961945004	713188.378779546	654428.877440895	223455.299018397	169727.349972991	19952043.4502777	1691396.45996029	173481.108151752	3453273.49284392	1503322.40520705	2921406.41474774	2153549.22754539	543716.898660098	120077527.635153	1496713.49697021	338350.10365157	39071481.8239561	250554.532477162	129455.369850401
"49W"	2870686.18642238	328456.024134342	323208.94333063	181335.028083119	175300.451787397	384943.126698914	17476.8097034191	3088999.6011377	367993.841874773	709789.121999963	520989.557231963	5986009.80661547	5256197.64380554	1695529.25970053	789304.378363491	264585.253630692	11241721.7088255	690104.369631467	7857065.52206609	113277.35920766	254070.214299688	982711.889276071	2024418.61483855	436710.515562951	325203.126441299	4552083.63035199	33640418.4885491	1039518.14671858	56085.8695692713	2514562.7170486	3243093.29298092	103767309.110532	695131.965558281	420136.727589211	83390197.5429388	57412.5676263541	3869118.40824579	3337699.89671225	1542488.74839466	46402.4275566456
"50X"	262448.457975252	539779.661611347	1419090.89084467	7680.42421104231	119505.989158233	19357863.8269102	1025958.08169153	1574327.95470401	23018.9217734501	533927.050160512	79789.3472324381	272637.489374999	588165.992587623	533412.396961317	85338.2826536429	216784.631599487	856641.820452248	1346379.90321732	1484125.01149523	100643.571177115	1330797.81621842	582441.44692853	251451.230952149	5525116.09488628	377158.993730903	1931617.64289694	189744173.393848	1281202.36831198	66402.8468246244	809682.135010718	697505.622999177	274867667.150491	3235790.22797337	3729620.14868727	636954287.341654	25773.8810105423	558739.817947033	2727034.71746506	582339.907305125	539014.587599137
"51Y"	1426405.15665653	38802.861206276	5625459.58811531	18939.6194675756	75706.5137337009	2651418.18584397	84984.5360800501	4380874.12988408	201132.910199453	479640.488028045	369530.52589542	876189.033134479	4102828.72858525	495085.246154869	407436.592061448	2540556.99620962	880700.912750346	1433159.03928709	46544026.3634031	333124.046081474	319685.879450263	2207934.73376693	1300103.85659286	6526531.61660255	1030480.15416252	4478124.1813049	130904757.657646	2345979.68184213	230246.579471886	5793278.21809356	9050359.85305925	55949611.0830857	31867628.3460008	68193.0640252675	16729475.04571	56502.4523451333	1355858.19347857	30425938.6688367	181942.637050112	573942.051349563
"52Z"	361342.47756619	70532.2458358036	1753510.28746281	3592.81306232256	32284.7362812305	3035999.85345242	260624.646006199	841556.269004722	49128.657149734	58832.0269628644	302785.308688922	750126.649509019	388368.706054012	539157.158997894	476997.147281555	79197.5921997801	978507.557805029	5906929.86642152	534709.879541923	356495.729647632	3973261.19271644	1428969.16402437	3679664.36769506	8604197.49045607	515249.603718427	1256564.06524661	37703750.207276	107881.920567229	345336.632913269	2707227.3958133	795359.232641882	15036506.7331975	5844471.54003862	58584.388209426	2903995.45623405	117660.962395457	46997703.8659046	16671986.3990842	1139519.31385239	485531.085971959
"53A"	438709.807540249	67045.7170092129	5268518.38568999	328674.298277211	730752.701300807	33102163.2298235	2228569.18151857	372371.742429416	25606.1918048069	366074.619802632	693148.951366156	22214762.245927	42170.7687033956	1504781.07059016	33306.7917749298	1253803.67393308	508109.072868053	1212925.32664048	3164076.99948718	137260.555689651	2416553.51240165	223541.314938031	767249.997246982	430939.448124628	18567.8484596687	131663.574159913	224278858.446272	5840689.03241112	2611.0952628854	269688.096080461	484066.252307075	27229142.8371854	708828.43181809	1291812.17585653	96178820.3108673	17887.2915244346	20252032.1252204	14971067.0466951	9234289.47524151	124897.770603178
"54B"	1626738.41803087	70008.8898150032	2380190.79426687	27268.1258431734	453726.500219075	6268523.45522599	323285.762841948	70047.3285945922	39032.6781012235	372944.233459693	2069942.93343382	151450.573755668	1374190.65132402	1338240.59849276	300477.346980635	184989.621535212	1697383.86867516	34354574.665803	7100658.61771037	244189.191695466	507083.056754784	83512.8758911497	241502.4747402	53255725.4036919	91944.8371532486	18621788.5572165	196144288.289862	2123312.1111494	95205.5561839562	1100636.98029705	4606338.74023999	29901470.4477044	15049172.6228276	23079.1120775617	20344549.5861504	1288863.96722285	2320384.7359231	1183122.86364575	739062.080683473	68488.3118352333
"55C"	913158.658501112	733438.845795623	1654424.43689054	5989.79116502022	260212.830579343	6333085.88727575	319472.873145566	271501.194777377	76910.1950182819	331768.966683406	1814621.79026404	17034144.563773	831944.361866676	986523.988275637	412261.726072867	604590.942124815	17071108.9730377	57268654.7088293	5797857.81099365	199285.532355594	207050.917371459	616051.512013811	551712.384954039	9570077.84388309	798792.565612292	1128312.03071731	22972903.4247913	2246796.22387982	956633.989811813	631730.105146681	144945.77102424	15996141.6601191	15441835.0104292	81841.3977741172	3455060.76818201	225402.194384872	2134320.93261774	24674650.9771883	7253051.50751617	214667.865703382
"56D"	619400.817219745	141664.715300929	786187.637619674	28661.2616164325	106364.284932785	11091938.3683842	683321.031639018	239893.995806304	2224409.98672108	537864.920479001	69139.3569689178	2960423.20826987	336328.734825256	417680.493140056	256700.14188488	18870289.4944918	541331.013265992	2011204.29151574	1950450.40998653	1378662.29879219	1791284.25628821	765534.70844389	2174429.79386597	2043485.76747494	48126.277694646	2435348.85870133	501676966.557066	672276.412930568	516978.960078317	15690686.7776193	1172765.61186167	4308110.8112424	16098910.939561	237906.002084183	13689825.3373026	200667.709523914	13863027.9110363	9580038.70094464	1840893.53543271	98684.3869591865
"57E"	1149606.66103633	264951.42665008	4804583.14330795	29121.008992635	498938.363403691	520935.77138448	280162.706757773	6161568.31503715	150469.964073679	7009267.29153433	128737.046245779	2892568.95625093	506143.547544152	1766724.63895738	45729.4529059753	5699218.04543545	203648.308247871	12399196.081852	78605.4788326407	132796.156516678	4273082.35822594	186513.181493003	48552.8317103345	545724.239020977	145393.519962481	876974.533159446	8283927.88569941	214532.273298631	516525.486650592	888776.630339272	1245343.90719987	8317033.93352216	3404663.04971876	93525.322454217	38974377.3673877	43420.9661580386	33350422.1760049	4506553.27700378	5275137.6733261	502825.466622866
"58F"	10299664.218325	1177135.67899491	3431678.56590018	92103.4208382112	683144.54850515	23316005.4798996	296149.419901498	454522.741743592	6102790.40321527	125572.728643351	289275.432772593	1381365.2913458	9227911.735118	21612520.8166895	61361.981756709	927042.837190641	563017.298056576	16353957.9202491	4839449.78187252	106026.445144178	1423310.20170157	186491.992411171	306724.306273686	10259121.3212831	64568.9386481773	123029.379755199	10595188.2133925	338329.030618144	47205.9120080093	1995887.34167328	869757.109333428	630552.570725203	27513690.1772713	851581.080856061	46888491.122556	138695.691829119	1187191.86116473	54031626.6257985	16254.2525688073	244804.455785253
"59G"	2196461.54916176	611461.788689646	799458.307689262	31802.8875826126	154538.962278741	57280912.6548388	167454.212575819	1366489.47289031	149341.550835701	48807.1783798332	18012.6313183371	602476.278208902	3061205.06428926	10277304.579133	19359.2567424057	208214.320991234	103582.113559837	1436781.14590731	396726.414645446	220922.392671889	53131.1908617406	270042.537890213	1124822.90140657	1799207.70709817	1428559.92091407	844256.174504456	187600981.591945	1973078.4657068	338410.137906709	19795932.3633999	8148468.56203819	3410874.93740922	2079807.19780551	378455.297337975	276826.309855438	8376.46245517115	1437858.13446969	1565895.50838551	62943.9468265437	4825317.35908841
"60H"	17188269.8386494	268279.143691181	17379314.1253703	523968.172467378	424509.588535657	42832860.9025562	23517791.7986237	338168.071756874	3297.42338744922	4032602.37150016	54582.9806779427	235235.127897437	819784.528458261	674528.759651836	12718.3016695983	2645177.24441388	1453007.92577515	4088456.02597359	944756.3622933	65831.6149716441	160300.209106791	2536578.94671709	307960.836177638	676220.566348842	1037954.83071009	4227027.41264886	356535523.233272	189448.88879815	83929.7647447709	2388585.74466824	444322.479464163	4432276.51576433	1418752.67845559	2234047.23011325	43905611.1209758	57785.5622753545	25136633.9309603	534646.054194685	656545.707518583	3460444.60432372
"61I"	1007147.02810014	29983.5394671702	6150490.43438456	110674.331373873	241820.617996489	29914824.3130533	602565.162418882	960790.094525084	96478.3959025732	13979252.0895325	1420173.43895831	16526004.9899272	154082.531884817	314449.750170246	65530.559529649	674709.054146151	1400726.40448609	1672578.74493776	663505.031608162	1543470.96040638	2719398.99420638	1376036.22131005	761660.125440518	2240966.3376228	348780.56114019	2735226.20223191	23348621.0576605	170664.757303318	50954.9794057414	9347862.23648113	343431.652524584	13611627.4232993	3085240.77346874	87276.5031992685	28864037.7935732	576397.398033948	2091987.68183752	4795742.04805218	1840557.66745865	339925.516592297
"62J"	2730999.04148278	431498.20796362	11514137.3274422	766077.493506775	593711.797851097	4397935.65307537	559302.626575402	421704.037681003	15436.0407420366	331343.188636374	309771.054318244	1020572.22696412	1025542.99167429	721137.426051517	308858.20090385	7243170.6281226	630727.011221088	10786713.6206544	871993.683466676	223507.267049582	711010.476159583	3465690.66515213	1415804.24982061	2732762.30090006	691137.054861355	1001104.08146766	42837875.0018988	1273357.2196099	511710.586096953	328980.64770966	418267.194119979	3233993.5029286	729396.308881382	793871.304540173	13594923.3519699	22529.9203662364	2445974.21302445	27139771.8829425	954113.181206085	112439.654483154
"63K"	2186256.12055749	257761.534735958	1036136.81417592	115859.385673104	578639.371124274	450792.875996101	112280.237697066	1202710.05077621	34982.5173348731	2071958.13896056	694690.35550117	2661148.90898676	3107204.42079708	1695146.81868981	121232.120915791	657430.845891037	790958.66308733	596354.040651995	12615027.6677058	807129.579757395	2402942.02422686	300381.450467222	361986.38153951	2602840.9493845	693379.011059935	413020.256297693	25677301.5870852	1924177.96720662	27597.9864474884	2624492.41117519	62324.529209379	2621285.16887179	1284863.46443082	458002.351017519	4656308.96754513	103994.134068072	33934242.1939783	118392942.364096	294053.123449289	34114.2926564599
"64L"	758787.849302025	2364392.7835898	362156.10916996	25973.0101482631	134095.689997005	7619970.39121448	689086.113464986	1105453.73552148	777038.584801774	1734526.49511021	1361485.79868649	2856621.93292426	145723.758850089	97641.2974470834	148203.483545582	1470437.73678881	1416701.60882688	3010951.59776509	472702.135210423	106037.863726035	1050657.0109919	2871834.16691801	44444.5172957928	2309361.46392468	81369.2628209964	2219335.75501041	21234998.5568776	1606506.42314606	13704.0155376707	832258.118044928	897406.878520161	76713091.1578714	2745958.53946314	347673.75806876	15983713.9619196	3359676.71427695	15742635.3730465	14830660.5547121	951719.734999701	160881.768836689
"65M"	556318.364597032	358867.318658383	44998490.2467406	70345.3652013109	314361.912344189	13071623.1284807	867008.525329518	2595375.76592666	177271.132782402	5701424.73358068	488355.571953949	181912.917538277	15180239.9112861	215931.554221963	93995.5124308867	1294052.27005805	2840601.50659812	1062327.06815154	25993229.7710137	363291.504506813	440140.623064425	244555.951546062	34423345.5405703	5171840.71262447	160316.348305312	2378935.81775745	56875938.4435943	992607.270561536	37518.4977699167	3758427.74646522	2571377.00119483	14766651.9869308	4250058.57978812	23604.4084247945	8999545.3190819	102309.637707617	17958679.4530645	8328922.52464077	3346829.48369018	1842462.82577355
"66N"	3677822.00778548	1708013.23613901	1671990.0271228	94342.7982702887	605466.053178041	925735.837177627	127639.487666847	464963.415685352	87537.8910893441	3628445.1204549	21207.4324553585	3759304.37287319	362965.801513217	107444.938428227	17650.2134317054	169653.08398127	1319416.71436272	2986982.37417475	2441273.14802571	99500.5462315528	823317.134642587	2831448.20423406	8349910.22994856	1275916.13106885	538746.840446468	3810829.43386118	20451759.6743564	119486.74762334	42666.5725202045	3974857.47102492	438181.771632474	26841619.2112169	7583184.68724018	255466.227292527	63071949.4217548	695623.749733036	40802432.4275358	130967994.762911	8240724.19897571	1289093.83012308
"67O"	92922.1531735279	623183.095088657	1793230.06713656	336981.5805758	396965.576774628	7228607.54887855	74710.8972444599	481140.845098617	45283.0544777496	8812923.11185322	1824211.25253394	1328782.0299878	2301981.47886038	1911251.75927918	146004.202296376	2772892.71935717	608643.556419683	4388933.52165714	4465495.34188776	299228.781803903	124344.436790513	122454.61539159	8767819.27109441	198062.116955658	224612.281744628	776294.863725882	13308916.6410044	867582.499191384	305952.180831562	2417074.14764293	996387.562543093	42188525.750038	6980934.58911941	228395.24334912	126505370.142272	139604.821032725	2169976.10219996	89734392.7230142	7803659.74452056	2180820.70662863
"68P"	2284784.66312507	336489.610691802	3070831.07738992	689020.619153253	100615.891009437	2852620.49471446	173354.714107922	3952554.20077092	75310.352479866	2993951.95067196	533688.454653121	9917909.76553216	1598006.45312616	3525098.96304085	80828.5606767801	6299164.21445324	1434860.2320493	6970514.37408802	1676084.46064621	990726.944775929	1218913.42717562	497749.068097894	436314.913009797	2658552.26327885	73378.3810527421	4167809.89942264	461093692.685868	342222.808587823	380192.5699211	911769.987458454	4896547.38378159	29386054.1802751	2244633.43917239	73517.05826628	10321192.8350118	2495505.88920814	2649479.36402874	7535625.06479775	4049947.54886233	303495.777522753
"69Q"	3908589.13257407	171995.352487496	3343735.19998558	5677.32161154211	132909.120440121	18139897.2825617	449908.897074418	391323.641965336	1421537.84595194	392453.611575897	336779.7302793	3478315.0735024	2337342.13473967	115985.267103317	172223.161517744	2360678.44184679	471637.920888154	3441609.44824884	2984474.07486394	1183583.75288478	927581.995270033	5500544.53517728	127943.9741824	5638993.8275568	173506.195104365	12835513.9870433	230520823.313776	304268.708960497	95445.9687620008	6257437.35216656	3435385.19988399	11180573.4514707	2233274.46340673	1502183.04673859	5385906.65970976	85444.7687113309	1703390.83876221	2534995.9526755	3215951.57923202	184426.289526944
"70R"	960625.272228095	53831.2807691614	7052277.37072879	109409.550432977	1000101.68902016	1037728.62553808	112573.661717731	68232.5259459746	350856.65394509	973237.613586511	156395.559594474	1788646.31499717	1947415.62651416	1004137.80565423	25331.7745027251	231579.022016005	6291715.30509719	3013690.60825856	1192406.67203791	109415.192814732	2855513.8133192	205191.523317988	365234.496192815	9538439.55539316	45147.3277694601	1745190.63862421	12518853.7342498	860329.773638801	321194.903753763	309936.136564652	445553.305108033	8298755.60425042	3715300.65153991	127622.934921957	1022594.51638645	510866.188361009	6497068.79836911	14977778.9637929	1141170.13792302	410321.465255514
"71S"	708614.510664086	124143.551165927	4495602.42876166	155391.828603861	257961.105682573	7754976.99819295	384198.881617586	1633942.37969621	2933055.19651796	8839967.51346216	1102821.64797085	838397.875670894	9254161.74868592	1501109.5813209	23604.9600462515	6178124.13395997	1428051.27074755	18431810.7795074	6584572.53086682	3361782.88314695	70228.9615781793	326893.013997087	1766829.54873251	84159.2540149972	102085.167372734	699241.003753747	10543391.3046873	50257.6125788238	51054.2361739271	9505230.06386726	1408582.90141326	49227888.674109	115079.836422913	35478.7077222145	36059822.5608591	166620.271607908	1179966.09666246	22035637.789052	247258.070916292	2897137.72088593
"72T"	549114.270874575	824343.47187175	929872.340153726	24408.7061713824	162337.167869689	5624144.5237626	1070165.24155825	489766.14611321	234256.675970797	151953.748454609	378704.3838621	1053507.643493	15265.9573162823	741054.370532206	97097.0851810184	2336144.90717536	10874.7226094606	19010914.3780976	19252715.4110813	3591111.54721984	6514119.58985177	792662.82105714	1109196.17764737	103282.995770707	382268.417085818	252368.348673333	18254231.3689439	90296.9830815972	7262.20640614989	47815216.7417289	10374181.0954427	23116759.0759238	783058.351937394	15035.5010621522	69813763.0881821	1783024.58488188	1097670.55822688	4843549.50651619	1539030.10484645	264409.472802441
"73U"	1257516.02568309	1210435.96020249	5868659.72839799	33003.5531444436	80843.0436014487	11370975.6712127	280665.22646771	107036.76519273	83306.0011462888	415882.61119473	3555028.88467791	1244028.94774266	1201230.68622514	3049147.66571696	105584.877779865	14467404.6546546	3536829.76520222	3170270.01349393	1870249.45972386	161956.065963897	162816.643851778	467880.764398471	134821.757938626	744563.569525232	1070797.30896593	1806268.18673421	161421787.101204	1261182.81536029	137391.99999363	1683975.12619856	982525.763361509	3532337.66053779	17293437.1714093	554071.821225011	100890474.713631	313224.499230085	51480796.8017245	2943315.9488184	93160.9227729106	325114.66357601
"74V"	2599509.15131595	620764.344496401	1978078.35336012	33464.6133804382	617972.722421199	2319439.2563246	893908.638408817	201232.946040224	198893.269455399	3471767.04279365	464353.413598358	906891.830298474	1010217.39121257	10565805.6841734	1476724.4157726	2290924.01818905	188696.681329174	778675.243398679	376584.519682457	1482527.67210047	3601843.86576196	582140.747452123	29987.9477958403	977481.434676737	186308.215328268	19189588.4970316	166446566.124813	822247.576940988	129477.850889026	393432.524486526	351360.031593989	6179792.10062946	1600251.80950249	240763.558590125	19140325.5280694	140189.321355011	22731211.2337516	11095670.3004972	198983.204217334	150984.379919833
"75W"	614098.576846975	120605.75169725	3240404.2908175	220191.984388212	2822179.90430906	16580700.7244149	119639.317686416	1526414.38059843	95348.0001997606	401072.903224309	40552.2520989417	3574053.66859581	1703310.28599219	89624.8406786985	457166.382723316	515344.541520045	2898974.59417527	1619534.69629422	6253624.62152793	668336.08988417	202332.396250018	682769.376800385	813165.635771383	631295.920635027	85989.9756342249	2183040.63971861	721912272.889392	1229283.09846752	12067.5295967011	7619939.45637188	489950.60985683	1240222.85743786	9158103.51824654	176980.226428075	16825658.5080662	168743.051953789	50449525.7427116	98389284.9376506	144640.805970927	353505.039703365
"76X"	10049603.9220195	78752.1138839745	3761097.76189418	150306.439367194	16212.077998979	12430373.0735875	586278.76925058	855072.345974697	185909.61776114	65560.9900547848	84122.809129485	392602.000065653	5186380.05874307	622855.284744068	406811.254741051	525922.000681034	12814089.1991049	2926603.50504541	2991867.17579156	193370.638101761	649907.166223025	5532976.17951136	1051295.38684029	4366022.41658524	166996.770775649	4032101.29231041	95072048.0236634	542654.432890683	14390.3447929809	413887.347217914	687881.929567913	256711287.647698	3256710.77657749	1112896.61419044	17665749.5515733	168836.497361531	18325133.2270165	18492498.0431624	25685606.6447694	339070.561784869
"77Y"	1573401.79376355	136329.227580426	9069767.57867976	31132.6637312526	291658.880240725	1555977.21316555	989948.636368388	583344.247666471	64876.6856067594	6119736.55393598	599617.51138619	1215562.49268049	832357.088341562	781304.408798695	1692147.37748524	902268.779796073	2761815.83683891	3487753.41524254	26211262.5165949	526294.33485476	6346895.18626949	892668.127748764	660562.859462385	509490.893021788	1844519.00388094	24651603.308819	57605311.1627368	217146.131576938	43157.7722468348	21755674.9096483	27349367.2883908	83056398.9932807	1502554.19814371	280881.607483254	3738570.39005069	116992.549690928	4364599.63628786	8756874.02051476	595554.977944128	464669.382086703
"78Z"	3302072.23520156	30480.2348658426	1908895.55734192	57213.1190937713	130258.588545963	2283631.32276334	35009.8699030588	1690061.03916723	264345.243399177	762597.667641494	57687.7829634882	5411888.93300787	1838137.82645006	769941.584187477	1180540.59813367	2855915.51902715	685963.896591183	1087274.51833641	6592668.2517546	3732477.12548808	532296.490005722	81659.1433241449	974796.86082488	9868385.99783893	54258.845599958	2346684.11186311	8720719.25967526	1456167.4854138	318155.954103227	2841262.39988869	890005.343002209	26603205.8454252	4659192.50166357	753911.65845637	31517717.4596556	376631.26403582	340594.369911543	125806789.062041	673839.773785916	640716.398533326
"79A"	2301457.46657122	285962.318510671	1152389.15410811	275541.141147226	489124.6229902	3545324.00539697	208635.159250302	1138659.64007996	2356992.74932029	282398.05969821	335934.582950694	13584791.8364946	248601.377003917	191578.616883624	517301.693700942	2476343.29573228	382847.018162027	1296878.1139125	2372776.80140626	190431.096196253	139741.367048013	473006.45598601	761007.506785224	1898651.32433217	25189.2650451557	165039.963738384	1623351.44673963	511017.124359795	62357.4088552605	6058597.11625884	5127067.35985011	31515041.4206627	5227968.19565856	697754.617559621	29339056.7212892	1194612.22390059	640549.061467807	1379113.39903007	38470819.1833711	1798404.71431836
"80B"	1812151.70263038	600527.881339892	11854787.9947587	370961.707413551	9281379.20667671	2402322.73827711	80407.418031848	137194.640970738	271667.351340229	283448.960145524	542024.46758811	13081799.7564426	242143.525480276	154653.980137847	811381.916703483	181665.015425798	671485.210052217	4708631.64124554	371797.63096756	433163.46694074	132009.656437164	801320.64589905	1186126.52687911	3412097.19435937	131525.641342719	1949603.96901887	101077935.270945	100266.826721667	264864.022315276	6829630.51789768	2308744.00037148	95282126.8962186	206284.738500114	60887.993373902	1376690.60695234	15373.7430473723	5201984.97375915	1372464.93244075	1759276.55310607	199903.530403454
"81C"	155949.83848239	301104.756903982	3247859.71545378	44329.1922784532	104330.652140693	2169016.73327092	2511425.1537951	559680.079713838	186693.94059968	32368.1410958832	212593.118024147	429790.668090262	733389.318206337	772635.007739424	215678.149237794	4451338.7157364	1408444.4410106	19120976.6851004	288860.413928535	44134.9347287444	4784804.82595748	30067.8970439502	5946406.11875724	4431258.62298658	1121292.1482456	12513436.3005173	98629678.713964	126314.009215976	49478.1991686121	3844071.40959714	471847.950695846	1567802.20443468	950367.71727043	1899406.20578868	6381403.3573623	63589.2189151335	7577162.72035604	6707558.63426468	477037.866140619	760119.205089514
"82D"	298168.629335502	57767.1837996938	4380281.79479401	206537.076152729	197881.674554384	51264104.5544631	621000.576909944	870296.70614695	9507.25116075789	573141.148219893	345716.832666927	1066550.72305209	259703.316369618	951260.585837614	61259.3136213124	2555875.83814358	449395.791738447	866906.883854454	1495791.40887535	1449593.49806502	2027497.59390528	1113974.05940379	366875.416820562	4970181.10575827	158465.645094567	4602081.10720058	241784489.170112	401627.185529409	150056.266317304	518111.862349301	3944820.14148301	24167273.0757679	3070793.5051979	178532.168366471	111039980.19523	67007.4080934835	20719256.2953737	4472872.15076139	379129.829983677	4083416.39232874
"83E"	655107.171143561	260129.425702398	2620258.78785973	6542.14597362812	664634.828843013	9028818.31839651	160271.578302776	149590.405578907	227641.22975367	364529.939402274	4299911.95894468	2210785.3693534	2050564.07115201	169419.915659101	22190.5190936736	588275.431452009	531553.384722256	1853031.2745156	1251186.88108256	159318.320656012	5920897.81608742	1115142.40003739	91161.1959760787	1226708.50807744	295134.834011107	3456182.48598655	9929321.9554151	352865.081850622	228731.191525337	1793674.35157709	374497.856843172	48752322.0271837	4612738.40396484	224845.949123514	6433981.33134461	65497.9624931849	13282070.7926401	1463729.73464662	247695.30666053	12875.167158389
"84F"	451669.852448817	26928.9036545538	241390.352718769	88744.3355779648	196601.128577711	1846234.01401308	58864.0632010256	589902.533206598	127676.445548456	734194.538060541	1432951.67402113	412345.33032847	691361.350929642	2966140.73842789	739063.915629103	2534174.88566056	5868704.69657548	13411413.6756993	3238607.07626324	274453.159104767	4874318.48666736	252353.39059704	282605.721710176	230399.571670419	373511.718733964	158596.400139417	112498844.392376	78594.9129555687	11729.1437772813	3701254.26272409	302522.646400086	22094320.1194679	5806838.77017495	42494.9004643537	12773654.3415476	112791.575481103	3096427.25607733	22888465.0999438	70135.5131115176	2079337.94778622
"85G"	1775555.21202905	678557.212683422	657912.597251358	570718.90760266	240196.326127862	1490959.50682725	3935854.4319046	3131294.55317661	6502.4671312295	223624.018451509	2677819.12027007	1309815.55434072	4055224.98779014	518640.638333797	267241.593844018	74705065.2853178	13390432.2141127	65662.5507550661	56364635.846616	60125.9046271206	164526.397702231	247356.945177732	1382909.56154604	955841.167653327	31854.7119197024	1119581.61645846	24060193.8441756	4451540.5259271	153619.516000248	8624464.89449872	2876441.13837937	30706052.6540933	303411.487175866	1305343.33888037	282936.785237761	100596.670681104	24448439.6243965	5392603.73330924	1398552.49720424	457399.699951709
"86H"	2114382.60104392	237870.548744834	552340.824805686	220285.394416334	440572.250737034	3690747.9755066	205910.201517533	182613.335859645	117401.55385654	431995.608472747	138423.334412293	1231301.25005846	17378979.9948375	1628276.5575899	10910559.2984639	2591813.14069797	3587328.34687766	8561451.43208135	4179490.9881762	15840.9655337908	56805.807614591	1218678.19110676	410830.526062127	532940.546129783	294691.454264303	407832.06862136	55105564.0691653	2778335.68096675	43996.7439006868	1412652.40302238	3131216.33153346	2772497.43544826	4133786.81721106	130414.731576685	24601950.2316557	136867.328887277	18186669.2159796	24118055.7928337	3177170.82106918	782742.557511645
"87I"	85212118.491074	152018.372636212	1036821.25676422	359526.122738126	4280953.18747941	26848250.8409598	129225.933380043	2828916.23410033	21530.3616275664	1378198.14716897	1093760.70726551	3524836.61777564	3589662.78448019	560488.926902025	11011.8639330988	12743780.4224337	1258612.21585486	1264534.03765994	217291.630278711	721703.226734978	4268429.6023925	659681.554762533	1861603.02323753	4388174.78227194	131074.646553996	1795923.25517626	26021492.0129187	101742.868100965	447064.522475423	1785472.24802868	2417836.12181822	802216.635468207	18157380.5835562	344937.0363837	17101979.9879208	179821.332307786	248111.457658883	138305941.265987	894817.88879209	1052208.03828375
"88J"	3038819.34246907	351844.516807836	1031582.06937388	19760.4787091859	416659.031965615	576747.898279295	3661357.26014393	1168545.65764864	49866.196473914	101477.435446342	1230035.8452819	1590413.9717677	836751.263777632	137435.64296515	218738.374923498	2810171.68617413	877255.041195608	6015135.57940959	16442763.6592538	177056.223650543	973974.215965535	2319611.65075372	3005497.29496034	92630.0619259989	343321.639900399	5708649.07970986	6736556662.74221	727055.591342287	214980.130550323	234705.99741624	305634.405977772	2605956.17322629	3294862.9388789	349312.310867367	734592282.216611	607510.245074037	477749.886424902	21259683.309623	481226.569137562	68450.3073098576
"89K"	2446271.73884755	85515.9191756589	5887392.21735217	417843.45132791	6492169.92518903	1890793.36027093	165425.222165004	8024893.50579944	96197.6176332956	474494.42476196	40471.654853501	2856448.01161454	682261.511362433	665113.682737263	92025.5308685715	1150902.41663075	585694.774475296	2482804.7417165	19378971.106721	401691.796124878	450037.291889534	953646.004057745	2400474.60347027	2144361.91118222	378525.15627244	451609.524120601	18752959.4870068	2669173.07728419	131013.359235089	5681444.75327592	337505.195434658	69554684.3560137	644077.528010422	593087.311879327	98379823.0066106	1486158.55921124	7311456.89862739	11790582.1713833	464924.313829533	177062.600079714
"90L"	4920259.27138988	98530.6600453817	12006128.8980805	46392.9346464083	1147725.93890045	11271443.0506781	5915172.65365263	1782089.77374637	32082.1006636105	2523654.91352818	270997.589629165	55884.7396479018	875202.081889502	1064079.69036677	386161.301326622	1539594.59904879	353535.704907504	3388551.59476602	772570.522284823	622469.463821957	1108516.61938829	1635736.26081029	970509.053648896	5654283.5863847	23208.6638473255	4726738.95543426	102098058.999689	17690753.2497653	335665.154997264	427614.631108959	7927607.25134877	82216372.2182301	13372076.3394317	176739.64802932	7725560.05573959	559558.865807763	5792035.71987897	1788971.95137768	666392.517302777	2667003.04865855
"91M"	389344.511422051	60108.4928405495	6428987.43086438	18181.5796383563	329751.98039903	1964151.41440738	502021.939664735	13922.0851665971	44617.2791793007	228212.433541666	165218.578699067	3262679.3531991	33543446.9993741	908662.880653077	173327.718373829	158648.889911644	911870.19616071	6756997.11847055	3291098.15227997	85505.2405714465	350138.657768635	667346.067210541	85763.1495597599	277739.513787366	49226.3773184524	135964.73134214	62132333.1602258	1136076.03101653	27090.8835538412	3436258.6820047	2867661.56826803	971787.965813768	318333.789403848	2313238.43987666	15762932.9486854	56805.6797440698	5169183.47883784	3406990.07570788	426514.257623595	93515.9246381621
"92N"	273688.179150826	312168.171932851	4071354.93171264	132633.430425916	272111.478391566	2023238.2492028	301468.410329181	236900.305430964	95846.5047226551	1295018.79457573	317830.735629926	1323803.29939986	2750754.74687271	201853.953479102	29113.6494498847	2069330.07330361	788483.11317531	1593349.54287094	1263941.53729195	43795.3840204147	17389.7423097417	352474.505467363	444033.735748134	913338.12552752	994712.46539257	693979.39986711	123637824.871702	2462916.99359133	373102.621274349	4781557.59023189	1966099.76926051	24081811.0433996	5499941.58363488	346365.408481967	20324581.1844362	245316.289935019	11862327.8486457	64466945.4943963	2772254.94562366	3976131.86769249
"93O"	865062.114154399	143801.892212087	3097191.3519905	129476.9074116	438865.42906443	5483729.94728881	434100.986015418	291946.002511819	898437.710231073	126991.301757654	950883.878725114	752701.97883977	4327193.91682389	1164473.50960446	104552.692493045	708994.089192616	8377389.44982639	1873499.81423223	7114269.56405433	574141.31357739	284865.611397232	716728.924025228	653372.357915628	380841.980386257	636583.684963777	871349.8226693	16332421.3560476	112625.922192415	46509.4277079612	7626423.60125138	4441797.23463049	12852525.0901147	3076586.28381234	1556294.07711221	9929231.25780163	52888.4986715215	3919008.11097039	23749604.5442283	503256.841260338	414982.147731424
"94P"	4056481.95943754	74778.6327472719	349127.858297594	55338.8580262538	53325.4885808816	75060611.4885358	98751.2011186351	1030786.90135733	226488.663108928	1611448.68786972	172006.757365883	1266260.57975476	3521976.12143851	2065960.98320354	18922.1879470495	519665.373240623	515279.723678415	1388695.17212739	487654.97926657	597921.466711621	388870.829434968	698213.696347355	992271.74582072	3587391.7869346	230392.192257232	1525343.50878157	38857996.2418565	68954.0068556311	42654.5554363505	357799.072908303	769220.43392276	66275265.0586591	5153001.64265036	384937.354461427	4336833.95269058	426712.853669706	1838367.52379266	56118364.5492112	9623402.62575528	171165.578636523
"95Q"	140897.872624049	93553.2972106554	444008.946778785	26880.1583067253	381286.475539517	398221.063658196	22057.460248847	1857011.90599326	19623.0799156947	1374161.89611094	158175.469597277	686379.202015469	59456.816000324	1296358.36783526	8869.17001528504	7485701.93474159	1746461.47087163	2339743.20746964	19039968.0380039	92850.6316096273	3743071.89485169	192629.75237651	278079.203788322	777601.534493381	42839.9073587522	239722.2225095	8669775.82934714	519810.366119657	427431.448452184	1035128.0871398	150633.691717914	14659273.2651027	231274.245400584	1073370.2829333	5957093.87152581	214471.887373372	34876190.2594569	7141338.75399872	158959.523852497	513296.600788875
"96R"	1031810.34074528	2391427.60260341	2958528.80612604	117499.048815064	377480.24218528	3327294.71505215	36457.3660368485	2312331.05663474	58826.1237243566	957395.362987854	127680.022425406	1809211.02177855	3692790.08303745	3110021.66227817	40475.529769308	822241.220805863	421379.411678636	1701550.31588318	1381410.10001727	205123.688853876	410604.301108537	564755.960223577	4018209.99390854	13367553.6246771	85819.5767580798	387181.828335484	96403765.8418874	444736.825238904	855627.694364202	1508218.92315131	2810720.04797911	3947130.4818201	22083307.2111754	26114.3867491734	21335450.0610507	316010.214972568	28054670.7421934	4583799.78385836	674383.429586736	81903.5408738882
"97S"	689697.743241619	389215.055740292	673424.724696599	237463.809366298	230136.3377071	136544.642948872	1549602.13563393	195536.802472652	320718.455691604	671949.077680092	1818900.85881438	15941731.1536784	42673.5982458679	57362.2292706858	20529.0366624363	10399610.2137992	23682725.4465436	349209.338815304	51721414.1749567	962673.543748543	1480691.57870065	265486.670097581	491729.961192174	4583225.05751218	67613.5509276378	37562659.4474517	117832397.905191	342422.544931267	517945.630191111	1780498.67471507	554780.650090888	11440699.1052244	4026529.62727817	65979.7314239279	68783352.2142515	98225.0287143244	323985.480518211	11516326.0800646	282002.781149974	49337.8161934245
"98T"	955552.294272788	50912.6630787827	4482299.64157709	99722.2697282748	171965.354865562	3471172.33045684	24251.3978365362	461669.424342446	36504.5355258887	1185318.75093192	151158.760246745	3758671.36067655	643896.954548766	858292.795143933	314446.745445852	2140578.6919574	4581926.45437489	7140550.52107705	2416270.03412347	940630.301386631	1743421.6432534	869354.337902396	763878.928328392	223125.370026044	58994.6961065053	4564549.1655604	63741435.4555134	731599.167815442	243259.392438059	4751452.33467411	286723.552972374	64558504.7977345	2006481.58716173	146486.265592029	1042590.14745952	11730573.0015407	2720815.08374672	1918136.01822155	867980.888988938	275317.813948891
"99U"	1709810.69057006	40604.6448250553	334093.830123681	53862.1722898863	3959387.81164243	12554154.2433599	693923.035550908	4957284.91268188	22308.3533913926	4380340.40016922	94719.2394412468	279788.351771025	970336.160350593	5107085.18777642	77934.4329392749	2294914.94378743	3759386.48418813	3951093.90636522	20285747.8680344	16393.9689483215	4304486.66733838	1991061.29717432	291504.578817393	1767045.22645998	148795.13763014	1974332.86650382	40126042.8920045	32730.368048841	61435.3430384373	1596489.22820116	5541295.12745084	5753088.08605028	556899.865242595	2789115.19255128	5774599.71597645	134523.01261514	5682910.54509936	26332924.6779109	618263.973302716	49457.9243796713
"100V"	2862758.03055247	204036.24460848	5466157.43784024	235177.52134797	811763.271392689	11565494.7813928	969999.616912266	539576.268727778	280018.350675115	259650.676704347	120696.019537797	175710.39582394	115290.580567445	184628.898538051	128047.368984852	3715945.09414109	4982244.57982322	17435603.2976013	5838244.55170362	666355.300673235	1213531.72332494	122436.311091985	1227165.26179327	947420.657819513	101179.776590986	32145199.6743754	282071993.741811	1451402.51829765	255580.437154389	3968603.49562622	6469779.5919115	137971237.158789	2449257.20880423	120298.408689538	18890101.5223716	42879.1313223964	2846288.63093246	1302754.88538813	434216.328242353	446000.946696626
"101W"	1367660.7877297	13886.8057261971	20886972.6314224	98451.4683441538	3145528.32084372	2401857.33525604	64583.1799924661	8521288.76481194	162987.095484911	3538528.61309998	9515037.78487699	518425.992064088	1357761.89965899	720756.209926093	169516.860096238	6103038.16282657	5902989.2878876	3985458.08786289	176657.900079768	110300.173714025	73023.4493141768	440110.008870185	2743712.75935528	2358790.31076412	64900.6379173778	262932.290880509	30998057.9595642	638985.574902622	2643577.21576927	4537418.83844611	954789.404436599	613734173.031044	329097.962071372	289517.614548646	2121271.81608664	98760.9391461282	1845056.22751281	9686062.8765688	750243.107029481	186621.189181522
"102X"	8147331.27699782	453825.395437368	748719.544753055	246273.597901918	505611.057707016	10785900.9239089	11070.0865260953	201194.054887404	67559.941142004	2676431.90152451	246362.554721261	4964768.42677481	2736262.17959506	337857.450538037	1382808.25031905	824582.279159583	4058472.25961882	41307016.0877507	2959124.39701272	466371.539313868	432859.736002466	2106609.42547623	3796273.16027634	3021149.01029077	652822.154006645	5616850.95409584	11513228.416194	1044034.76570661	60352.1392121158	1159123.15407941	221082.919431112	24735410.7574787	7300486.32822509	708353.561925378	15998726.3680127	345472.179850427	10654212.0810416	6726331.87600031	2024710.79442038	1134314.58195983
"103Y"	2232689.78599444	9935109.70387781	1660065.24999282	271941.848354486	90532.1567205543	11337142.9918347	168757.668215027	1359113.38693101	39468.4191456969	807756.616568837	275803.674007204	2878659.55161774	61118.8481793282	4262094.89959268	28909.1618264389	2338283.34494844	1857001.46725967	4083117.71896472	1164503.58566429	164629.188174898	104514.404678507	4605886.43528476	2972553.86076659	571003.876153477	158634.927776987	3681889.6906656	315438760.531471	1578438.28466193	62886.4468830958	1479394.1620068	103322.191696265	48305849.8597419	2491753.31304271	55537.141081637	95900464.5251903	65537.7007431833	2330564.30208127	22230222.5753442	5960830.37895078	1768374.03758144
"104Z"	8649974.6146084	174640.396466332	17398815.9311812	73128.1429582271	320518.768642454	7653348.9271859	150666.810617971	103739.767079966	40138.8439657988	176697.747829206	219017.841524492	2567550.73035739	130758.689571014	18513.1199387338	472478.112506929	1252006.12444443	4355812.65218593	12135692.3863795	3440842.64089481	183718.036850919	2940759.70077324	172542.822287841	345341.252071623	3082630.3602216	271442.212505222	1645514.51108332	197390286.229625	115183.54238783	171188.694526509	4361911.3235985	219973.068797029	19107699.8977309	63785012.3026832	1613135.64974911	58523123.7405254	143872.557426304	9132521.5248025	1296850.45346681	4073952.46346341	331306.437316172
"105A"	803154.280286759	688341.47499827	439324.970134651	31075.33803591	2105536.90013583	7810327.03019408	334768.375854609	10271953.6886614	523097.009546669	4701741.14715106	1056565.04930691	9082746.55867762	351912.579674592	401003.311390317	167616.739345993	741589.394475054	340401.662981506	16806348.7121753	180465.801942228	105544.6755204	1877090.55083684	188284.387029736	87506.6911292813	100079.301448988	39377.8084702298	6420162.24818056	8179708.88827345	2546200.03740944	52124.6329591559	1589350.75223123	2690929.13040543	3489425.54520982	1468928.95227126	113881.556815373	41922686.0464849	450034.444846205	715204.827879783	25980932.3524928	804890.24988684	873223.828289625
"106B"	1107830.15900885	382989.915876191	9778089.86965437	1293040.70867717	1487410.30942789	10486151.5336065	71267.6743245097	1821384.0049259	33849.7053758826	1851946.36841032	105154.391252833	498106.615603807	847922.801247061	856970.181490869	44348.4569387934	2632177.64758409	1092082.73063854	12510659.0602394	35246049.0148591	960304.10060552	3676152.58315584	153886.417408134	510211.501466901	507639.685955863	998458.2881471	17148546.4162666	8772334.45916887	1789083.95537657	144243.641335843	3294378.86620502	1018688.92846712	46035382.3703812	1193341.54154412	274664.752095525	10223234.0330198	29170.0260464728	11771139.25551	3167918.73598331	7944179.667454	204835.463819857
"107C"	2437273.60560262	45031.7972224249	874006.009738052	13471.3555450735	971026.339957652	1435054.70761705	544964.705942747	412523.583758974	598117.389727341	2392744.79743982	71683.6087244001	7550461.67778473	3930242.59245237	3826788.71900049	760810.54602373	2972255.99178634	10507790.7027004	3938378.15363723	622882.568112349	1079531.5940325	1440418.75268817	379706.222519736	1368690.29333791	2111308.03181687	1059582.1363148	3077143.49810954	22013680.9917794	2503263.36239456	40072.3412477237	1997405.25172571	339653.741399193	1609857.37527739	1036235.23145915	2366104.87131931	17674828.5198402	351498.227434945	7209802.54056414	7274322.40857216	217450.025979693	161784.152520797
"108D"	483095.879313498	236409.153119469	5691537.54269778	17144.0765656517	619947.137375341	3640014.40716235	49225.0249820428	160733.426386953	425140.034055968	140279.595767993	2032292.59562425	2457161.73645525	1920138.51571259	1451912.03820773	231683.598474137	896101.384766193	122058.681620603	1447878.30565336	230957.57139621	512006.981959289	121111.361503942	638975.612183122	634708.566856911	2123746.98787113	41742.8239147216	1951810.37519335	186788628.884721	2524073.57659951	107364.972928499	1017745.52644025	31996.4347870573	2407408.39202398	6956849.77382322	3261584.6390499	8463776.25456426	67740.5531311832	1012493.52754782	462405.18179882	148338.741718133	1380565.69103978
"109E"	5218632.71252651	232052.886772448	2684693.89175938	101040.130018639	1202051.25450127	1873947.80493012	116080.090420245	830743.099560196	89044.6452828981	153041.264733368	75788.8856181198	1371626.44813042	24347134.2733476	5092272.48401294	109271.542209378	1697547.75684351	2667633.09770702	12631156.8077931	1579821.26692242	193153.867426128	819694.787612758	1671665.10776139	2908047.52361296	2286602.79316926	338497.451662194	319124.359963155	58544987.3826628	193338.669125233	454305.628689564	371484.309326645	3611433.29946604	3361805.29834304	3164865.44766486	41914.6393972543	16968046.809944	10118.1321866218	7115367.7282281	45294661.9617423	1203294.10580129	484240.326773865
"110F"	4770266.12386473	260420.242024977	907138.640597631	17920.5613462609	84730.468703327	1157725.01692958	90425.2896556448	1143675.87736063	36335.5510111841	11383711.5986488	503583.042200721	928475.687656011	1082568.28046964	57664.515273575	109432.968555875	642505.331225189	1120382.69835521	1496311.79567188	570077.992556283	48136.4583775204	190673.503163438	547810.462769321	13228103.2906059	3825300.69607653	276109.387669844	6099438.52405491	27033534.2357587	112695.473417782	6039.79195464304	1916111.48133147	2008742.35227698	41015657.052009	519135.913089572	54847.8439136663	44977910.3818363	163247.614297511	396782.514703385	958627.672190351	1473297.70764243	1337127.17126952
"111G"	861619.983884493	193628.130894417	10631878.8608403	181206.433208089	10060.1588404329	42321550.3307379	759635.722881506	184187.341956107	2692.55180686432	6015497.52242415	128008.067243314	492531.321678493	10967891.5218344	248398.737991204	224106.337530382	7299607.56269472	315510.133709946	2777497.23407067	4143949.14016558	71771.1057957173	281976.716577213	1647129.88566997	161529.068013331	13602058.1367489	152651.586516333	9986545.74278549	77049558.7528854	141158.108170921	510926.475473675	259611.573334308	788729.60579423	3469929.48496444	17208800.7949212	337758.46535641	8908343.67275924	63489.6503998477	1230645.13356991	7754258.66057891	458769.170460445	66462.7420679331
"112H"	561797.419045041	94554.336017148	319289.93741702	12349.4716244123	39762.2346393098	4604112.87132145	359511.649509244	379937.294278049	128047.280487323	1970348.98828525	358232.961242551	4340807.57339809	4523284.86168621	2021591.06676164	99579.5371958919	2666280.68680781	1526226.57386863	2367704.39844657	2149191.31914656	35532.9857103303	503289.565870372	932355.953439564	336639.055601189	1469582.69116516	845853.955591891	18037056.0336719	4192750.99597445	741598.45176719	361760.874269767	1250399.61727672	1135936.73375552	25481233.7896453	6446456.00469111	500644.161732943	8211857.7844577	25642.0588641442	1164982.77398114	21084546.810639	461778.444367061	433886.249765996
"113I"	678331.613535886	36761.7956159532	1770327.32842726	14978.2184182648	336967.207655397	15390019.2154119	226774.850126353	2887733.2390513	36056.9656030077	3257205.00688577	1269750.31425484	9439705.33790137	1709555.6204502	2587539.03466328	244490.165274153	548410.732172925	1713526.22296115	3970600.90007111	573124.102170918	102561.312918614	907616.628239289	1034057.04188348	1285524.78950985	3033897.33956445	101450.520014027	10031891.5559377	6018149.45470709	588962.051017871	37657.9426088684	42029651.190959	656834.35469814	30135347.5104155	13422027.6950168	54723.6932229539	6236042.74947238	420912.11085741	357903.828197568	8715246.55466962	217128.834160258	296480.84736718
"114J"	296422.65492082	114478.71643538	309074.462547344	477518.920568636	19911.4247008481	2892523.90766389	2820493.73396623	1902939.89761363	7724912.64498396	576124.096118943	131105.542150611	5454345.80699683	1110725.71494786	5743203.39304065	179073.577720362	1325607.42226878	2159356.50029935	7964652.42643947	8970837.73930011	558947.551088916	337860.675355603	400698.700653611	323098.145794485	669536.263340474	279674.055054385	464223.840983438	5159355.56611883	40100.0411625392	105843.225462459	811710.917427885	1014128.72970015	20726094.0370945	776034.124871032	165730.769240979	18178617.1106605	958067.099312205	5110093.21804717	12887501.0223504	4817994.31947982	824807.684283775
"115K"	1041864.55432005	353421.109329715	3264474.83222468	19203.9845875121	2734173.53960813	1275265.28173457	105440.080513452	1782211.39548358	240340.468462714	486621.937225059	11391083.0540909	1654603.44565632	2281271.89726286	160678.894904171	112384.996763462	1084018.2555545	1337847.12544234	61029003.1124974	17152640.055801	88827.990483677	28124.6484223939	43408.8712045696	203331.708326204	2887390.07095714	588695.840351298	12565665.5842495	26121504.4883008	7136477.97112589	53360.4742287941	1211266.49262711	2183032.34947	5257295.65842812	3787881.71631086	275358.312453486	1724624.14547784	58097.9723108634	7556360.04431825	6030777.17387952	741949.650652319	1101546.32402447
"116L"	9019934.39295585	285102.812005045	3751000.16382827	58676.0487903526	182078.810908715	927175.70861967	572970.695725127	719278.84863754	53883.134591612	34222178.3795084	1090787.60788006	4611554.45837317	316581.604492195	544855.607804059	34188.746021107	1823046.49925565	11337708.3818943	54143606.05102	289545.988341398	1892299.09534801	134962.212781916	99539.6323127697	438319.425159002	975049.800566582	113440.507432157	3144226.84332295	10325305.8688959	46234.1949953942	69033.4485590441	388384.483812678	2347704.46168895	36284840.6793785	841139.161183367	201416.195349517	22058418.9935699	235970.721150979	67689349.9623877	3761102.50329088	2644165.00421005	327237.539280427
"117M"	1049319.06849867	1311522.74781157	1623044.93000269	150823.735928503	146806.22631203	26405568.9379348	241321.748374246	1001275.79488949	330818.958555788	33840154.4189283	184736.150353015	2677973.8953539	672534.550690891	938938.478168383	166881.926310692	1170460.15291772	289704.509199627	3178926.73865066	15287466.3838192	808313.134545283	125132.25166392	1108587.25205474	587597.351583769	39620947.4609632	234856.339295229	2844449.83261309	21912017.5050418	150349.149877799	581637.817175773	3087384.39939384	936925.915939934	3850535.42888529	2906131.05302635	4812163.48865784	822246.982923121	586272.699394012	4339718.81036821	11688820.3561981	2458629.86836201	24910.9230889542
"118N"	8479455.93850842	51883.9927321837	6542764.58801841	295080.425840294	443669.331163687	3669078.49295098	291168.848312175	813875.730262371	176725.418328201	895436.848123551	448565.193477949	863390.381624494	5414330.49656245	559842.75398631	251365.366861092	1859262.71361168	1301121.60149012	39251419.138416	6233328.11436195	752676.005822568	885023.317881593	498815.214458719	182494.478541024	1204328.43797872	3286744.3165051	2125134.99008942	15374808.6579383	57465.2987462299	295843.31766007	1485669.15852297	702546.335903111	52541503.4629205	499230.398315957	1252642.38459454	53215776.6444275	190718.671019285	3764840.02782102	10459324.7275072	1145222.81375787	414168.364816101
"119O"	1385947.40752991	410244.413738016	6773380.44659965	21373.5879281316	207072.212266979	13470617.1842936	209757.535088611	1176844.6108367	1658220.4080199	783214.723050588	335593.83326859	4306759.5636083	5110858.30460357	4002353.6833952	263840.7380583	571327.118586954	149232.890202454	1114332.41845283	33977880.6877895	347549.803547498	1498512.77449323	194291.360170248	105260.994142536	6151508.12172545	681578.237930265	6155789.42789213	85670288.4773718	4329610.97338654	1968897.56620938	7178202.58255531	1074472.8146319	28351204.8404366	2171140.8021814	1731083.97386751	1469603.17431385	359544.812762789	2216910.29278797	1743261.95784427	751982.014815907	1177947.94676717
"120P"	52119601.4395273	421298.710145098	163093.856099229	127732.291453909	500030.512590595	35542464.7531585	264949.123258363	162091.9519559	17500.3020217278	140815.631224422	165948.789828354	2024499.73328557	1633184.31198746	419210.155458191	8488.16151733393	3688484.85592596	583495.820402675	468059.119305531	1044356.74292539	417284.176303879	912267.471081852	2902162.03117608	243400.624992743	382595.267815603	677436.610519244	2581872.07911501	614789324.714248	1217664.16962981	924882.832413715	5133287.36945991	4364361.72844031	2666806.83991241	1087654.41788074	861003.719529876	38593014.8108116	23689.8837804248	299842.617672532	633490.306564198	776571.692232917	129453.889889383
"121Q"	6940037.00946816	698476.756064849	1057688.32955319	13152.3018383492	60863.3507710176	4688148.39011211	636850.707100599	1640703.59249069	926943.94157724	700360.898461336	2488140.03701357	2022075.06913364	822269.954272463	1288347.7800418	164987.417119765	16036987.1435995	2652159.08783406	310410.34910491	627603.46556474	96944.7358154309	3218545.98705698	2670236.27773101	134755.191027758	529122.758235568	12707.4411146163	4715807.62045714	54662851.0290053	853822.198511316	2987810.94418055	3679142.8732573	723426.454959139	866499.474428519	7140126.26391103	644055.610082056	46709345.5644793	19978.9145409909	16316247.921153	5377702.73096627	439163.919152245	320324.828115064
"122R"	2750676.10061941	836547.724585057	1146178.92522333	33043.4627510541	502925.016752472	13460365.0280661	83145.1834336829	2130285.94254051	29660.9282000105	931127.431914648	1310410.65561736	2331648.07831521	1237274.8329936	398075.889865155	264155.545458762	838469.703517266	76070.1014648621	4338254.79724902	4436633.33790134	765310.120081296	616281.048707721	1233359.52935601	2865285.58722084	1373336.02698844	2126732.77666527	403187.322103616	348511417.315284	121234.240231052	96076.6727571119	192914.50972671	537964.706548654	104898111.509134	909209.553687629	170251.106764576	8826560.20700162	1549733.94879485	933681.684224798	42880061.652925	80965.6018849366	834281.90121529
"123S"	203006.576611522	83044.5541010097	3447671.18373954	100242.055181423	108879.408117983	2378185.77705462	197556.665769331	617303.026623047	94765.1318731556	1792758.41222132	56194.406495512	2156064.6878002	5817190.5535134	676906.671672264	340649.593641451	2051204.94200076	709644.238298466	2390157.92486162	1415974.17029916	831522.514534752	119223.817122546	674687.523269283	526985.139234902	5613599.04646281	790787.129298413	267316.70163768	74241079.8540549	592338.265394045	52372.6569575258	3284265.86125303	2215167.82119188	18135518.3878965	11373039.4407131	165523.648383449	22950341.0914855	44579.8241515622	5736747.35210702	9536545.6899923	1291262.74134753	48885.7699720421
"124T"	262323.936203638	192372.330879159	7348268.19204375	12840.4134475075	31182.7769147487	23010875.8506301	397309.254793658	289114.92467786	34953.9008277694	736568.461802109	486017.30043199	1853473.53696207	2233416.48475249	159809.052061778	135646.510864307	487042.304068914	1488853.38870015	10106954.9690897	1741166.83599852	113633.511377491	796729.964456232	1414515.60798512	566341.46917748	2332130.64611749	76045.7820196872	19330205.1336954	23046038.2555207	353003.23212114	103246.283916443	5729107.63377627	1503863.44545239	1044611.84040821	4133216.53055971	53401.0682963329	13270470.6936289	10155.1101746471	557232.554156086	676859.509696587	585870.787398412	664972.696913077
"125U"	1376796.12349159	32914.2782645566	59431.1387720489	24206.1405987016	304061.935585466	34570623.9799637	131145.212435551	2293085.6529526	416971.765550497	94109.7829794711	4541.78230170864	4205786.29847562	2314361.11121886	189013.647566772	147213.752671666	2730953.75624142	101907.746474403	4382684.27050048	2341617.78728004	184744.505148245	93752.1200151975	446155.558207254	1255491.57543923	1047281.5401976	273574.437084319	66206449.0157456	12801395.854691	158440.286716596	739442.626962015	8484234.03880773	216313.941845527	208232.568490984	211670.032012862	28347.6442418291	42477260.6108473	452018.299839977	2034972.28264244	5549872.54723351	3602569.50756227	22049.5601201706
"126V"	1054246.48710693	432936.070325804	2063810.67898456	5767.65603427033	13125.1432925065	10733154.3017486	339267.201453447	4843826.07217058	716398.286895596	3169984.90975181	213943.393511682	347923.881090624	10682713.4090104	582840.539768691	3276.02985437585	4859107.31520204	16049835.0443384	1913948.41926847	3074674.1703715	370556.344335151	222623.275446492	1351950.54527674	1863572.80525778	47844049.6850356	630753.903715345	3172344.96524264	42413179.5502857	497328.813721502	91538.3209419058	349775.312634674	133219.346951784	6791543.80663102	1729316.49491597	253646.606004977	38141908.5419172	788980.130776689	22225933.0171548	22668721.8923551	3741531.25351762	19880.6927664146
"127W"	485982.164815154	353687.255549929	789431.45778987	176003.975316861	74874.0050497796	2752980.66667468	63639.3852403309	3957174.21176476	248021.544480309	1424104.95854083	226788.724172324	287052.928190706	984498.629481764	474083.537871382	140702.502386933	3904090.64074124	459394.926159276	2066885.50693738	6774704.25494947	162589.786906278	551831.293490995	81087.7779009528	505481.554042368	3358827.18974577	199030.692386377	305860.257182468	3166199.32318248	3867556.09894156	13207792.2680942	1539052.59010066	192607.249184916	12594143.5217505	2698308.12705303	270518.976991021	4732306.70134176	59595.844626337	784463.75729026	5863998.69582977	2517345.6767558	353469.35283058
"128X"	5183824.53383151	409067.426661286	1579362.66838477	718696.427077258	338605.978556697	2424749.29848562	11730.0932404314	462202.689843573	28449.4272087235	1478058.77376761	795658.631751381	18899358.2634017	96159.7718614048	530403.564825985	45898.8255158554	2455961.88569354	25936.7871843553	2804896.67072797	5067680.07981951	147449.00817698	153089.917325875	672598.219221512	1182872.20088178	1476417.89394699	1309852.16291598	11288485.4899253	242074826.56164	582662.12331364	157175.349084165	4867179.29909919	4341534.78575331	5586749.07742035	1025723.2670028	764696.210936573	54083245.3597186	15848.5757628729	316636.001751389	1817937.32451492	85271.2054754354	841587.792122282
"129Y"	2265774.90814789	329064.384822897	1688837.24103768	180540.375555889	617681.006141395	9064889.37066118	382186.123368221	555486.959231062	3159415.30332601	2733086.3628489	590619.922643558	4126234.598437	916092.697256978	389995.888276828	8892.12633415634	858306.606273127	1282115.28365819	3481847.04292137	4123172.63856834	1637818.73923833	640221.121224769	7785584.7073178	181410.432250018	462577.188762534	170052.947435738	1997538.18657979	113294145.999465	804419.159659374	410592.500603614	165808416.975681	5501177.79177214	5486706.67771841	16751994.7842728	1170283.71828015	12326608.5182481	160532.072423371	134173.210343773	17744721.7792971	1958034.26548498	178693.919539441
"130Z"	3476759.75735373	159569.698224521	10007165.8364606	44603.2568619819	17748.4144664417	15324169.2566218	73048.420358218	3527443.99932473	31708.5125266873	4167709.63806117	93738.5229449663	11656316.9334558	2217329.95751157	2122780.87356432	62394.2644859334	1156753.59423351	1945419.63493965	17032630.3191117	4041679.64969166	341478.928479941	12598.5087669865	437858.168436182	1727622.07512427	160024.765176881	104214.400592326	1608146.404615	44738654.7458169	238205.217445445	690089.866138161	210420.923698395	101858.348789726	27092828.6717893	794948.595124897	564593.335979214	28053674.2415798	565528.707330829	2136490.96076426	7692718.53619388	315595.93765811	976179.666213758
"131A"	1303766.78146987	20861.6559483871	35651159.1932786	60945.7489035857	308454.827932196	1372910.71945913	419387.187223036	4762432.84864513	23945.9273637145	1840530.1757321	558153.766993069	1236407.39238949	807636.631370376	370477.601956879	116247.778345517	4484473.49009143	7250063.34574083	24154668.2666838	11489405.303397	1732516.36774157	3119188.19545195	2395520.0291684	1037199.86482414	900849.890543679	20668.9438415153	799988.519911224	89888172.199585	408982.679674008	310101.050841365	1108893.54181279	1464549.75603846	2431508.98561752	10096524.0572829	675654.139658287	6219558.06649528	705239.946685324	466698.61562122	4127226.19996499	497443.265850793	551326.700770615
"132B"	1215907.23531115	697608.143010615	11699549.9347538	35772.430472597	501002.640772748	188154.901830742	88033.1305204195	209748.733174134	8745.0114832626	7229145.09442828	103947.033871221	351678.288936037	637087.043876668	879242.676183235	644550.683839157	291626.362934322	753331.022158626	40107716.1764619	2649405.52666995	498963.104641231	90755.5393452053	1511523.44076618	293377.626675915	2618188.8956463	14940.7243457812	3914837.09762202	60404304.0093486	933559.333802173	273754.629014661	4359511.38554095	16265015.3540293	159672453.578065	371687.012451962	105049.86068749	71472394.6940429	26485.8711464333	1594298.76283393	2028647.15774957	136758.091301114	956113.396001082
"133C"	3717381.62443665	50308.5562647004	10654915.2667003	151249.828720945	896975.023731908	15177869.666359	38755.8874821208	1673533.94264845	132467.552115035	1170279.8271601	653569.034276252	1172503.72734389	1658780.82580287	4097531.55808938	32823.2892815275	365594.816051275	257597.913860873	13342219.7757062	40962452.1945942	726737.243674558	358043.492649069	947777.011382864	11250.9753668705	3784342.59817945	176397.431601605	4364751.4221866	18874343.8121838	1703882.32074179	158521.286679245	785654.771459466	565833.246616135	41755789.1115458	23210241.658258	2834093.75006194	1162746.43269461	50548.7638436277	40047354.1349679	18651919.7972018	727949.135490204	16309.5645521581
"134D"	5411585.22512002	233856.889946665	14881509.0043829	23989.4347977541	268567.935693836	2888402.49279192	19291.9896967646	2012172.73543781	479888.978847475	2336460.02739944	137765.268223875	82559.1812668421	3197367.29269702	2326334.0011203	1036004.12890114	2515042.18204864	1640854.14170025	2165841.09865005	2948185.87866484	993555.039810302	2737570.3556468	777604.661188809	211311.326514574	172154.393157182	80983.5535960575	291288.843993464	52361652.1477306	4356349.72500448	168764.090415741	1639705.12183726	623167.953665874	7536088.93769394	253925.276822691	4340635.92768858	3671240.20059998	53133.8920351638	22597544.7464592	2534314.90795984	943858.698474197	695800.623776425
"135E"	4266134.00282554	895574.561535185	20417019.2909172	239623.140177536	742773.775410051	14137568.7656613	158851.078356624	1176123.45960469	689764.842449932	126974.833504137	245417.902428559	6175938.26141486	1007917.4808725	202369.599829904	320456.395636064	97205.8177876942	324265.637968876	38637505.9778731	16105943.4453536	278039.256846703	33714.1187279956	196985.430243333	148198.29792141	8714603.00300879	208781.39312242	32311812.8813249	24019412.6649698	404810.489063686	346385.28544044	2917959.8820077	1762822.30514761	1579201.03300221	1069854.24831504	924426.855364763	3240661.6987418	307606.863378388	46440531.0960774	52244738.0122384	101787.999233589	31903.2788771982
"136F"	670333.742878736	155325.767600038	3629346.88532494	25178.9184289858	938795.718015327	12767763.0090254	53112.9258587807	626360.711390473	28638.7043634584	333175.45439715	3412039.4238756	1169615.90267174	660524.484086195	232138.075430497	113849.72181202	1568861.14708767	27939986.167885	13838025.8860555	93860.9790104411	893843.980952363	697781.733065961	267714.2553068	4518000.56649806	1256789.25704822	539343.071006728	14252449.4493837	4308818.11701955	2331142.06616925	307160.100675842	341717.154314007	734051.219157564	1837695.34093634	7004442.80177968	1038912.63495752	18718991.5806591	235178.290195619	433412.108261306	4273504.29944251	601587.040008836	116798.18822467
"137G"	173593.896292842	27243.5173310569	4622775.65486148	266244.599935966	128835.330578847	217142.159514218	1007625.33045412	727959.601462479	91552.413273607	1174518.39864637	1166358.28669294	6162634.65384723	243636.571103401	751823.07280772	26286.9587844951	595559.900139183	2209278.63386902	4152442.31601304	9852379.82427229	979208.464736648	1659998.33327205	124278.435563887	272418.694919261	174821.774878938	79944.3647579336	7153773.58267874	107012530.739554	4012668.89276876	253138.884301114	3954214.70161708	436528.628484183	8722633.40859001	20348455.7290818	237281.559125229	14560342.5133678	258954.967439278	641655.882676636	899000.942945148	1932253.18501762	11388257.3595068
"138H"	3884816.96447622	12107.2639959946	2305995.06658924	252173.293390796	5180482.31399728	908235.571939041	259839.110130706	1184990.61853631	7574.64913041781	4291876.98995235	2181615.46575206	7348406.01399729	3400813.24036729	2417380.0239444	570713.135444015	2886976.39588305	6674907.23184411	11069044.7566169	2986398.88827318	3929717.17328175	419495.004519675	83402.8107165716	324784.211184051	1375017.30187314	57605.9655439954	2809164.52441362	3489681.75104747	229030.508082358	33593.2972961268	230435.402395751	636778.823388417	12132728.5986884	1944712.59021125	1626638.00205446	99109484.7761965	227261.618985681	3801632.8166185	1817776.05660012	3673886.59866694	2763826.19740768
"139I"	467342.14568602	55895.773157441	21767998.6448846	17009.527572891	413835.183322621	7516371.3281895	47068.9038731865	1518838.60884008	196964.327265982	892861.715440973	44323.390750001	11065853.2814626	507220.657441686	2526385.91799177	785808.672922839	1130866.80909897	1176448.26226884	15145014.5655379	1234232.26179125	112412.448020991	866001.626116386	2437759.67177607	480292.954970446	1212877.0974263	832704.773509131	1154834.29298085	546148516.146516	1495965.18442072	251418.49347782	1309949.03620226	203507.91094113	1549552.3212497	1042483.11001068	187756.837003511	2308919.80540906	237244.98871966	730997.683135265	2854751.08479596	2262765.05908851	64809.921509383
"140J"	3679557.75251646	1714164.49919562	5487845.12598237	73841.8652415401	180233.227876999	1850220.24598141	316596.586717649	1004596.06435311	47514.4551732704	258622.743201775	4143916.80441684	2234051.9477468	1695557.57494715	697802.965591226	25960.3569950517	3047719.74335931	418764.124573367	706423.649499256	5864850.40752882	1180030.03304453	3008121.63031759	1124179.3777309	1147310.94260848	12048750.2101798	2008015.32404104	5133040.69827634	241338685.68018	79226.6962036811	291325.400642929	833749.457384858	113420.035632847	19195482.8707928	2808136.22331369	146522.691973833	262454962.867272	48812.9459985632	4026364.48633138	13405821.3559085	571754.334491003	1181752.33958606
"141K"	1261386.35958568	655680.72231867	2934999.5034194	95713.4785105226	78656.8488196033	504847.999839726	90843.0203828123	7799160.84563157	96703.6079365063	2204392.00376501	2708042.18463414	1255720.75686588	787301.427285848	1070966.14876901	456403.656728234	242961.992271025	315297.736418979	3215773.91122656	206732.989207554	699861.499327793	76541.9498614654	97080.3727161208	1560855.0383339	1125837.00709432	1783322.81713726	1202248.85471425	140176211.423445	1554978.69383599	190731.591943494	652749.778586792	1080181.05753074	1998971.32535557	5668182.1854773	234937.698026588	1488877.22131807	789304.160371384	3248266.06119309	17786944.9136272	4042457.03812267	381271.236672322
"142L"	1707164.2121533	855997.751765856	915504.182694925	414452.522602983	443475.652116104	11370834.1112876	268696.24582493	2634598.01211143	130747.53939082	1117233.52221839	907280.087729678	41637066.6354604	409507.739392294	7832044.6106617	122947.759287238	5315080.96714959	1829252.97434894	620364.121588493	241374.431714197	475099.154653543	17911.0417870281	248004.286253422	662521.467544401	473957.241901527	207134.291073487	1304540.18203024	26443759.7607263	351652.486810371	315680.197019681	3154014.87528742	305907.395170727	1939251.25721142	7840009.42431574	67814.1554954138	9058183.82185259	112401.897816874	1254093.25353137	58360274.1272566	1038487.58959552	1501312.05098637
"143M"	344819.813218776	59431.5146198142	19056106.5441213	66871.4415661894	301814.667364286	8093905.62617405	162926.991109098	3581665.47849964	186848.384685778	937466.984478355	181045.116668946	6822829.71105624	850986.246964373	708768.658263909	36354.9240079704	670289.686636432	2717850.44293436	38015946.6462647	260483.733500385	273818.957538695	1311642.2276652	430193.173259192	545972.975090305	5384566.7687087	215231.80753831	717211.589798069	6995844.11177017	513930.398945244	301958.133558591	5754860.87152397	6671452.34791574	39009388.7861969	1048306.0340393	647375.673102242	26346905.2789883	320831.317532424	27756764.4346071	56911489.3495353	1279658.19174954	124788.476159174
"144N"	2883360.37829014	215663.155188374	3293156.02408838	69221.4099744246	480822.078704299	17554040.2719578	169508.568326989	2009253.015651	104919.322900638	577897.513750427	196230.382501973	995354.556188258	142876.945594175	99558.2381465636	22527.0289537863	11577985.0234643	2829364.28215006	6574039.96886144	8758193.47482992	14059290.6716698	903795.007258601	308185.930408656	371362.500312458	2281051.68012146	240424.2690851	711046.706508097	37135217.6336502	3304705.12615708	491593.205033249	516815.156659397	2118289.00342863	27922582.7736741	6652127.42686769	185682.835655562	78766134.3129341	30646.6513946823	776594.634912482	681540.490622876	6025267.92530195	67204.544232481
"145O"	2213379.56641136	10313.8566223469	6910640.55896702	192223.332867374	1547231.55780123	376713.461708498	12345.7668107249	1997094.82521462	155006.966618981	1155779.03735577	358396.239325111	12518662.2460615	1439571.11625128	1406848.26598965	188029.849917784	1140695.84125244	65567.1795923068	626736.316936935	3146553.05104927	159980.402211267	673802.209186495	5075393.80893155	471195.052724536	1966400.3673115	174134.290417828	4477174.66112467	62161433.1224279	615597.846258126	293518.398650717	1805412.7295781	3220688.52198236	14814950.1663615	6947812.60977909	88261.9141112157	67786142.7563296	296683.693753158	1779729.16310631	8801824.12343358	1075693.0945816	743469.378729889
"146P"	10432951.5096781	778102.424460592	8283191.81469478	134649.197814826	387664.54396089	1371158.79251053	85672.7439148908	1800875.03581917	336036.424556075	4366733.21442163	1120104.14389568	3302904.06232617	94120.5581481056	547147.947086338	3487564.35178852	825147.958712419	2496313.94611981	715117.917013111	373515.604118045	112604.373616562	301220.803495614	956914.593409566	3364622.73285155	8182505.65789786	1861240.49262103	1147417.19796931	218782695.657737	1397327.5643099	369860.933598964	232782.74977784	1613057.14740509	1935552.2645251	2206174.78762862	597574.494485606	18506322.3022151	19796.4486870704	1371593.2116394	24530424.780679	815466.940710488	150180.366119945
"147Q"	7441120.01145027	500799.362720545	19758268.1193096	149038.285229129	172976.945214607	7232529.28444646	3162742.32817351	6506686.12026312	93478.2632651336	1078048.33298358	294550.892022611	346083.773089434	617515.127631564	677040.214496543	9812.67844097374	161175.640571818	1000218.12006118	17617464.7084757	1669280.96301659	310056.68233145	2160050.68444024	1307854.67916409	1236749.89245847	1392471.22931698	93665.0134082884	1200608.30367285	10904790.1716453	4747663.76927404	333102.115722362	16712065.0445484	393130.21161841	6667025.98504826	401594.4730796	1084240.3934328	15505551.4597515	411947.569663512	4950740.27598853	4792664.26593554	1831923.22095429	762453.181276153
"148R"	2521224.24528221	233830.204779386	3479002.93099859	11907.9192755817	145259.197708607	5345096.65315038	4165074.24228018	860655.009414976	10256.4192659825	3804583.07590204	103717.40454571	1540623.68215135	98492.8529435679	2750614.26668329	108686.633244836	279691.265881107	1433179.38568827	1333269.22194681	6313488.25712792	495238.587990321	251573.78249652	543936.874947925	21815.0608648137	1488368.82882374	6278.11674973311	12768545.1919394	57237811.3710506	1484141.2029051	17257.3935775592	4600225.1649479	531978.678794006	14125377.4629989	4554965.63240885	94478.2496648567	62834667.0839219	66362.7552701235	7798445.8703631	3181943.70810376	202931.969627003	46840.1268971906
"149S"	1324207.58825475	2008468.73510382	21947678.4104291	21195.9617313062	689932.124214069	420980.751016064	65593.636152294	261814.539696798	61707.8290156491	101436.8594773	4582921.72579289	7243527.12342254	3381447.09864582	367716.478395178	33314.9592519063	32197771.9712714	10710940.6034102	3661424.0080358	794423.538733688	291506.966048443	187702.955236532	593896.957391829	133757.983693537	3844980.04097678	104332.955388339	25147540.4328078	56189742.7350402	137340.383503871	408640.51579836	180141.289379377	4352004.91400076	11148856.448237	1545170.14475388	45955.5041597169	58768902.0209008	1726.89259152876	350352.828930484	4818667.56257199	1798250.54343802	380241.892700071
"150T"	705026.639195522	422501.057712386	702298.868017717	82430.7951997577	17487.5224959225	1016936.94864942	112012.416226876	162037.011558732	317269.657685055	420602.743351376	100980.903297016	22079763.5360832	1056637.69491457	844739.415885623	117780.39272106	1033887.25106986	2442038.26095312	4618603.04188349	765252.237160388	1915211.22622321	1335972.43341885	4050016.2966415	1553897.48704001	1380202.93204894	4349429.56558204	1110801.08814291	241541790.79499	456390.867362891	51823.3445588623	934846.959612746	138729.032822822	21225107.9723133	978858.356290965	5711.26709832661	6913202.95385906	47804.291931235	2496437.11815952	8696815.92609323	4034149.2766683	389216.096710252
"151U"	1525621.39877059	48335.8634461733	4027897.61306716	106046.733276128	216952.759957929	3102246.89283301	265921.626211661	425354.9827639	105041.079605613	770074.471836681	581825.081538277	25389492.7677792	928813.061465272	1945652.04405094	10355861.3971726	3258611.19433505	158569.952420018	51631010.7868552	1149182.98935059	904748.636022594	467681.802493596	3339404.31538746	213185.81539307	2737182.06969557	301971.96955703	1394281.9304952	63371313.021549	354360.485902059	405408.195411714	2894733.35763871	4925649.04404347	8203048.14151512	1326313.84632431	64184.6345447946	34767718.0093755	253409.206742708	1317952.94635334	7469430.60869595	186585.99976155	423850.872420571
"152V"	2254755.71431426	410985.193250695	1205521.6431894	52227.7524728957	440710.449535596	11690170.3716982	974131.914768283	880342.486241507	47076.9515869569	155257.909231586	22855.511848026	576610.877874008	7221622.43288692	12010783.5615089	43309.9754457005	224834.256182831	461052.487842846	4306756.07403321	41575539.9372489	1291276.83388568	455990.00965742	405123.170177089	902151.657701863	1374233.9859722	1817568.59929317	644927.384656107	10620751.9490995	256724.842416549	135836.319741676	1191440.67491145	1655491.3103352	4610412.91024935	2976560.33457768	3882352.46362337	134859132.462026	738762.722972129	1976676.13143678	49618038.1600016	697880.046468641	668107.221121734
"153W"	1250455.77371725	38478.4175306246	638789.690749329	6185.01825658456	323351.461145739	152760.070457584	121662.167816974	281138.611029857	138995.107155951	406746.187038713	583013.402033783	2056275.41137943	620310.048119376	274515.709955231	108322.730457121	14287318.4933249	3347960.03568245	8682871.21725154	13374942.2742069	460729.174510581	698191.087891222	2660406.23486218	365547.877296544	1632127.59967267	17426.0496522479	876368.634284009	37826474.7112232	156288.654088344	266506.931381659	4020951.15302701	266460.137476155	14497286.5514986	1416715.61597903	128419.066109536	84539717.0080822	22867.7261112269	476707.511291112	33668220.7741885	339742.89747833	336821.290676923
"154X"	112444014.344741	911594.834590465	2727416.88918526	8348.05104003499	218308.365773102	7122829.67881109	327295.431348458	404705.028290031	18690.6554366408	225395.019247822	546380.651432927	4407092.22668912	2532070.22079551	90964.4935640853	78881.9670992934	957785.367760893	546324.087417077	7470035.13830804	4787976.97002471	287800.996933011	34087.5192791962	540532.934170276	607353.277068362	885114.548454885	60751.0139362649	2590213.94166489	67875353.4901144	1473109.0598057	429063.132579902	4514547.5294744	34713.3081484443	27199828.7021143	3898180.5074817	667225.331877657	18918147.3832782	15440.5399662569	635841.457379579	783087.83507197	1604481.14877872	199411.596699711
"155Y"	2374939.38944878	85995.6447462132	6305061.67956104	99014.9959425731	2090773.06451858	12022781.6722478	410857.270805226	205321.407162675	178953.139924158	209212.119401638	45697.2699822434	4465872.98202489	145780.362686208	11746427.8668802	240468.640980773	684610.988181116	9327814.31138112	12305487.6204314	2530941.83914854	664481.752777215	71387.5420960955	5939245.78732596	460361.107109442	7472113.67387519	408805.673157502	2600708.9540249	257429558.905625	207337.479002214	182427.343232462	1390795.66038907	864755.077717059	1825902.35317158	603634.680539801	721463.792193648	54538511.4909249	140747.471526205	373426.001256093	628142.945758455	609702.49124471	7167673.41179035
"156Z"	699163.222834952	463071.326933553	4452250.80547336	133112.685808781	249249.391544533	41274732.510257	293493.096108405	1545012.09650782	26550.1592615693	76170.194448064	842876.626944139	248976.025019606	1274503.27635801	537799.495861375	150098.189629619	26357098.3023737	509171.208367388	24622446.2019537	13009923.1965569	52315.3500187743	389583.452160136	567574.769046311	4319220.61980725	15198400.1202282	20430.3937742917	948956.350131722	100498194.348343	1400203.88734218	52185.964407917	9534520.29107262	618812.591455776	6565601.43153812	4817199.20026704	317765.358038569	5260545.15105396	74416.6826133917	33740475.42968	2506132.09280352	2266580.41924419	24068.9109592829
"157A"	124982.663605322	851142.156561948	1970360.11344554	339607.659459028	540422.149106577	20947425.2551264	673668.596054949	637114.291032837	45398.806871725	3258643.19190474	63445.498509384	3136193.52102888	161479.461453289	1642957.47443996	744161.059588563	3818327.24530635	738721.81295297	2739167.69235839	2957172.10869895	892496.799530276	962249.707607842	1969007.84167075	100978.303187279	2268343.87326468	429629.741822264	2490302.15549575	58716716.907152	252877.29303668	18236.2876101309	468351.034182449	5179079.83342578	4335434.22274444	1677734.33971553	26074.5573477696	12103936.5562195	54388.5822677616	12242039.7026756	9566354.56450248	91161.2667283644	16531.4842630387
"158B"	18056506.0703971	181818.573366235	779179.966220189	986068.73520491	705087.61947856	4189744.84831914	107499.422522682	1242334.22150226	111691.10001496	433032.345106748	22894.7137852375	665027.459569197	612738.647220868	303400.505053611	125487.563112595	2234226.54189518	364261.400427183	1302297.06030842	6934259.95694622	1169190.55938491	629570.743739049	977779.481768282	2649578.51191753	1290061.91393624	330885.109672939	1534094.78967694	117778742.865949	3051160.31310285	3567.32883465633	5167730.35500195	193054.220532668	7814749.40231105	28346606.8188137	208159.122621362	17379128.5294025	173669.937156268	1245195.86227428	7499118.27013731	1466063.61240121	157335.046466606
"159C"	228350.40831128	9444936.35974922	17946006.8751023	158130.101743545	446540.559803057	3965244.7418407	28229.1540417323	153799.4380375	1207345.00383838	1202973.91631464	143418.855150138	471520.2081502	529668.919856903	322330.215395286	76110.5478078761	142609.441552271	1701168.08491951	3659273.84711627	1376617.67132023	729707.870339638	46358.7714702858	402715.152918485	2925774.05393115	311508.91591835	353312.030207483	1338533.87858658	6179078.770152	2913223.39660282	26703.9139778474	2751147.49855781	333604.580615046	36766559.1787051	664479.885227468	36209.4484957846	38240643.6258266	611347.267822165	16429571.6148002	5956039.00338035	262982.625676251	133835.541169731
"160D"	3830258.15239542	2636458.5973375	6694406.88205371	331308.748487022	291306.681394603	2626373.16693748	77678.8008705545	339270.52073286	694687.028111079	9835013.9033765	2093923.62194247	187218.798401786	2339253.58483777	3287295.18946765	753115.445920279	46333.2017770991	218355.049513199	3322906.09994871	1536935.06068873	466874.55341501	6110495.11620739	4539383.68339416	208969.224989604	4510852.66531228	324245.000441086	493298.820549736	277680595.236724	559336.80181354	65048.5579267692	319081.492619018	679644.356312575	10837648.7955047	4492331.92622207	346976.213028889	4635784.39446019	45014.7522042514	15373953.8259961	103939257.558392	15003745.7728058	442731.4623851
"161E"	66556.4265193182	564198.05449299	11259400.8182794	49112.4172235414	1285430.7940053	5903136.55778412	156413.048746544	4266911.60315421	427389.233234877	1333383.13445167	300257.687870071	766290.013422375	747220.711109716	2415946.55979467	309754.617835243	13453438.8137869	3618207.86123798	21027873.8716586	4216528.7095153	782097.231374356	236565.344181477	73481.1857345439	653936.494918906	15933687.2107933	153666.808374192	4495490.04954726	50935075.5144727	207085.702894428	480648.413205017	14344231.3855833	44606.56483888	36679671.7874537	29692007.3639298	61641.029893492	3171161.04399382	694048.054445601	1433760.67705852	4567263.57830222	2758721.7344694	3647845.25844226
"162F"	3598296.67046429	438913.855922719	31670613.7730217	36815.322925691	2270434.31612429	6773089.53726506	384027.656091819	814670.062702032	249626.273037881	2974648.0388247	566938.056204273	195078.144665317	732871.126953203	1173246.75355404	117160.795859923	672494.439701255	264213.139602606	1786289.76159061	2306932.48047632	1151550.46276892	684538.325041307	377563.559058533	5026068.54974565	2084188.28128388	21649.8191124521	4021321.3949105	62857238.8806946	8169293.79940913	683126.003677613	9982630.7449467	448709.142601364	2724543.2821459	3514629.93347671	1679150.11428031	2369769.37464187	365952.008011545	2793901.70590595	6670030.91847469	2281892.94526319	498796.269454383
"163G"	379035.143820452	101972.087821436	23155431.9997735	261958.434842018	2689952.1159791	9047021.55521167	138792.359216492	1901154.53114212	80432.3014001268	513899.631289157	612975.497156827	73477.6581786446	400091.225433874	4473768.86109534	3533397.46591056	882668.047694179	399246.716300112	1930891.22916062	5533303.24762483	760157.818564785	3258265.9158675	9971886.5639385	189345.841752128	12196911.2739561	1263172.1963805	7068202.06319573	88332452.4005883	243023.463220823	79782.065133397	16215892.7401781	2245668.54539417	1941072.70494771	779198.860411178	147630.351935565	12170390.5367959	99038.8082953798	2531676.4752115	4609771.96513862	818186.127468019	106001.462336419
"164H"	1124411.41135409	457739.518484271	211086.265994871	13382.6979760328	26803.7265582575	2667189.86336834	177453.447022329	5818946.91353221	423669.883816382	727489.133052961	606925.842217787	477475.489010573	3760348.29374949	6658316.27778282	141535.789426443	424977.378478072	1040750.40034433	3156911.01465713	3010832.66739892	44028.8795590627	1295474.43550647	4927704.5329147	586086.898037276	2793421.69025051	193607.97716193	5085863.090306	211102319.940102	626840.511325951	455390.354006448	11138260.2975511	674477.386049935	28815786.4062897	5358225.76585106	324723.837574867	118065360.624654	115039.538727133	3145973.86400183	18643855.9310409	77961.5984877659	333411.981398678
"165I"	6951872.5221256	19682.8849082312	14229218.1293297	87793.9565085008	266712.872881558	5162610.92460361	315571.357913792	201181.728404159	38696.4318078905	211907.382776507	364800.424154707	940875.203642351	15323664.284854	1019376.19417615	304471.419884929	86440.81374817	2009543.4263956	14563799.9108292	4481885.49665604	235286.137133431	775743.898490447	380220.815496038	250873.437334604	3680799.2072465	204874.453119264	5022161.66883604	20840150.7678254	510287.926768503	450157.640950439	148467.358364399	2566910.99288559	8944619.19335289	2336923.16643904	9024964.40662258	449627777.701849	489229.815410304	5166796.00930943	4099468.21522066	1256464.68036909	45199.1577731038
"166J"	976169.037414536	153027.952915994	616135.750233533	35912.0576315496	825613.848253073	109552432.7909	102341.143498587	15141848.8777378	325433.849629079	6763743.57932523	9115.18013479923	1691351.22966312	1633477.82725678	840532.468412976	233873.165187803	3909577.66397975	7013790.60141254	6694453.73801635	541371.067151291	616747.400926871	693247.194939729	125111.416875326	10023516.3486881	3272020.75482803	3583762.62599437	385687.680816627	167676097.076843	71703.1538287771	2311873.18845612	1669312.72463874	5285167.26796023	42061689.4851164	3317733.09697423	262508.150204104	15213033.6253326	362109.679503448	3149117.97953302	4452544.42596192	3163254.15020327	37712.541660466
"167K"	3153635.46910572	214648.471143986	4977189.95681676	40167.168148595	147684.548551417	711286.771044138	426235.306118247	1069931.84633073	315906.662563952	135409.041345875	1485588.81578913	25804193.6942092	8691322.47529451	348476.062349554	61912.4519082091	206652.902773582	2423329.20934266	3565582.20763629	24850694.8130197	1031241.05429878	92454.2185723776	122404.451533666	2128048.25897898	399160.735492574	49844.761686821	346103.541950959	115978252.39525	1192275.62646033	42347.9968610736	3011258.68858608	1450134.6891497	14640969.4952781	1134104.74749272	5998134.43452595	81199184.3650274	5604301.13304217	8108686.18694204	18557508.1893459	1410136.47069778	179278.934339766
"168L"	345764.509271584	339917.499004521	157543096.458316	214307.596499217	353436.545399164	2816735.50114091	2167671.24143971	14730828.8366966	20491.0327305196	258132.248142953	41026.967561739	1990847.0991941	3339742.0049853	1002401.55299647	131513.442716973	1416630.56847935	140423.991384443	859360.999513013	6133177.07998734	115518.313380452	577383.375268296	231950.995045591	607211.563083567	919028.825523026	59850.7258404608	984140.653272912	57090052.8875982	15169742.6924931	164537.929067661	20285397.1301931	4372666.27797776	62761570.7913336	3717727.18399013	535953.595353544	10127262.0044056	28232.5157181611	3318272.29382009	31661678.0561501	470629.011612894	263405.626845662
"169M"	228973.786877626	26493.0432211128	2511855.25936447	41787.9837151686	18522.8872492406	5355423.45653383	457697.019912401	757734.34882468	200463.875009019	3826303.19541819	774916.831298703	2143283.42610517	789557.315708862	271583.671683791	79350.9504820101	400326.487627293	20408851.2931997	874082.299983827	470758.306831546	1911117.91792634	1705125.38114294	1876149.14083255	144608.438832655	5679770.91733794	56320.5469361891	2507234.45854013	18641554.8150113	75817.422221746	75505.6503170077	4660164.33144542	1832249.06334662	4213703.62326308	1809140.89010966	418893.845743701	34861603.8970402	20060.0950193002	170968.62457915	12385411.0347176	411566.746301915	216890.754786184
"170N"	5477311.56508768	1232766.86521791	1141059.53009221	17000.36768004	72740.2749904043	15952273.9793244	53582.3613700128	639800.9317971	62111.2363149812	436867.561783604	558933.351585049	141614.458893855	538584.623212182	358735.266407324	1059179.67514187	836093.752141982	206169.747891795	5375571.68282189	1156050.44474538	248904.00324458	11624632.5349877	77940.1815559869	3063501.71774163	720101.944046909	244930.303645835	1735500.38364182	993368340.18974	268601.333961416	153474.19255868	306868.20084096	5475210.77437158	38168431.4909827	643501.199381786	642306.177051019	27543758.2867711	357578.807878596	5340778.51069384	54781571.8077171	353107.686273719	127071.802694499
"171O"	22828042.021799	127810.631068307	3467550.1503521	82204.1568082497	1743965.64152824	28041136.6298173	2079148.75456776	216138.943294812	3125356.67056859	765613.341947677	208985.559526376	6878272.37858977	5969426.06026927	434959.151106646	1182058.3740172	506548.044599406	372967.204003262	19607610.6907845	6112473.91093623	50196.3830692918	1892952.98984784	1254165.65781162	91815.8378325765	486702.256447808	1153662.38686601	381255.283991875	43375768.0820057	16449920.5258309	198955.769436494	671845.617084584	865092.500901288	14304805.1931928	6408251.55385225	121610.005198056	20254561.2382091	69483.7820613693	343260.215320979	105779393.291999	254742.274233772	2688798.92190422
"172P"	203773.741253489	4001000.95592532	505073.858185309	84019.6149999614	2618450.37698616	25565327.9818557	151328.090022529	3671057.36796169	1955364.47328816	2543502.3163565	2126299.41215195	5887497.16074417	2133178.11442779	2477317.30876257	41874.1743129219	559372.535847119	1422087.65433575	383797.10755493	40251068.665129	97328.2245524101	1582702.54288177	10813191.6041043	336631.750830625	1443484.66606657	240905.199630997	4644251.11383773	5284496.93389856	190397.147994414	286751.72512627	602367.856559958	3455510.6444799	32713578.9887988	1395561.98505394	430189.489314017	6613645.72881679	13869.7829429376	42850461.5516195	17447354.0205332	1455020.69204968	189323.420048555
"173Q"	584149.769876476	252145.654862819	8815604.02157003	38682.5183282458	242994.446513804	2888506.47172684	250389.625240439	628040.278011511	2123960.67991989	1203027.08550977	1832111.49959661	991420.776360068	121084.319849721	294992.764098424	124875.624383691	696581.296324562	1587027.2855448	5510849.4254612	7744570.38136885	58903.2337083958	3422705.02597534	431484.758548461	521513.256402942	351792.069148979	1557058.87258542	13183830.2573459	15539528.5885846	2773505.70792643	1899381.53182972	4455201.61164255	246968.657325085	7880946.42357922	3348202.69870042	934049.951034407	32719159.5691978	83934.4645164827	1917143.95161118	971830.73440167	4866164.70603319	407076.801697481
"174R"	4868917.77817115	51386.0535444011	204304.239111291	25036.4378400028	1780643.95130765	2211630.45979228	325231.891066367	512860.608638991	108445.73136169	3355880.72073169	168939.334548836	3764582.23400878	2346050.46052277	891439.383170397	169928.522250659	614767.140209996	1911809.89682322	5827311.95879497	536017.266507586	197495.225322706	1045616.26953884	81384.4205608647	773531.072364016	196774.014087964	125575.822343173	7075936.49044612	154903908.554955	62465.5808398964	416532.465130652	10177630.6898186	565784.426091873	10862608.7968557	3148600.92105436	597518.051110104	89531291.6469225	792359.68195675	954162.10966277	112129077.821331	368073.91252435	48199.7315626187
"175S"	5705362.34487992	90192.3381557776	9213040.93452347	40681.4352027787	1081145.30862332	1173640.68750045	86019.0166033439	32086.7187167811	20950.3524777917	1482707.8804131	21749.1507376435	2405821.76362731	176629.467225569	1224078.5960543	787812.69713303	207848.017922953	2424944.15391149	6047705.41878233	16227923.0218622	24541.0780894358	3045285.34875323	661626.593344897	248813.948955518	861835.55607217	370149.744048029	780653.578943422	485353129.670163	64062.6961577263	134024.687021259	1624527.12140463	296925.040784869	6733718.13619392	1041304.55861601	141852.112118327	16161939.2765185	130150.365998842	525333.210238248	3130856.29541377	777151.953798425	59513.5541987559
"176T"	953400.832294654	219304.970280731	663621.750354606	65571.0272375661	1099915.25332792	13907748.1296169	690052.851036989	1520208.2551359	492588.444517171	1806676.52391779	3125551.17883019	12411901.6468246	534668.893999288	800665.097757894	20760.5554847573	910699.993519068	5229167.19967469	3180658.75851607	104398.843204895	342141.60748927	24543481.2776697	4043754.4490446	791241.294659218	6054139.53646403	1420988.55292953	2353900.43723756	18202883.860996	198630.191006903	160238.390961452	2973681.24917132	3140773.71995715	31057964.6956892	634683.813687184	99114.6411660492	58950420.9555527	426459.749504753	2172809.0671435	26975974.5088486	93398.7776957275	263148.719727715
"177U"	48511210.3552582	154357.720298865	387342.405409263	170623.761850905	186082.080146887	1211781.41763138	26179.4975999087	1196079.68131357	718313.325897647	2640350.0025565	389792.92022549	1238128.99031766	327437.751051843	973383.404153692	858245.657356698	1141089.34057661	672214.763811041	35221803.7941675	8775766.40710765	77691.8106343513	1518485.17021684	581524.067830833	185326.708199539	16692857.6530765	2183768.9145401	2157176.33097423	139105411.69898	691305.156378701	452732.962540238	22875744.4077818	137883.107591258	40079736.2897623	4623953.5992489	48657.0583664309	30803106.5446318	33423.2355136551	2152751.56806278	35578608.7836363	170805.708221398	452946.073589954
"178V"	504415.832875353	826883.880973073	1992761.91988719	131035.546958554	102636.82192726	7638111.57388102	178596.768099207	99839.127987357	72230.525704036	61281.0329915648	435114.159834241	3033627.02988044	10274006.5671615	1572320.70577336	209149.914553394	1283394.59457862	1300610.85882518	686730.491512154	831100.667475788	74850.9528875365	2262106.87267538	7556026.67112201	3554479.91941908	2077704.27647345	913511.384175565	4146084.63918595	41154691.6486737	307545.155512679	97853.7525546954	240374.739957767	252351.659193666	1850194.04536312	5597989.40109332	37256.1575505309	7237350.94987493	796342.395324907	10959801.1066157	2981028.89305137	469728.262835831	37074.6336326877
"179W"	1003519.83135908	176628.961070953	7322733.2329266	435737.625427285	553167.456153177	980100.11061522	1186924.05711562	758590.967850222	115712.002097144	873659.048547783	1099930.05733475	74399407.488286	1473346.14675561	3424866.01206212	80760.7654423203	4363306.30596734	10712879.5412822	319846.875382922	3248847.19260774	413158.055770979	1955162.260656	1993567.90503466	2021573.96743741	3595936.46234498	245632.70972168	13242833.3929794	48637433.7901859	185148.544900671	975198.946133259	502300.970363873	5983136.12582775	708844.805349534	9005998.24547095	551955.412567148	21294110.0841095	1157595.73029019	3162937.8482502	4560714.74215078	631157.919811279	298171.559195115
"180X"	251803.403120451	251865.749604187	8710583.05776684	65129.763116671	229070.696026938	9021294.22761313	37478.1348452274	389725.223424016	27197.5282265855	213293.160046612	3146631.27366651	2427327.57422596	3124411.32364016	7055990.40619108	127189.074584361	1257168.07692598	1329918.77527822	9774957.51210957	3288042.16480436	421301.5107382	177904.442302031	2439051.42538971	205974.811795588	127694.619080576	28193.2102449396	504835.668554113	18035067.2096567	2998999.07040656	642813.737542329	1436942.38499856	1235908.42696782	2156153.79247971	5606358.69271399	211437.444364097	29555014.5764067	1019404.76605567	19865658.410727	7438431.15838401	1366964.99453599	52233.704037675
"181Y"	1365143.875058	1159203.44076158	6920543.31129949	14119.5348330315	242951.478216879	872356.047273313	24946.1566835191	32201.5150220921	78334.4762534741	6381564.6856278	2413032.78380255	384726.471057311	4510211.83833378	2801991.04967908	349370.06323298	240266.255206431	6034059.80552265	1540650.19138269	5924412.49476806	126901.938906033	412301.826789432	338637.520319606	7565216.94649298	1463544.58331339	134628.985854178	1162338.87778668	32871647.3056413	1221495.6142112	26284.6170744134	1002933.92346496	1690638.95028247	13613996.1068412	12957573.3132136	518678.441313835	35014228.4297694	89216.4343137589	2973690.23361602	13116040.2693621	1100089.88856776	254451.857519788
"182Z"	1545915.9627319	16160.1262859775	1626657.60575608	10869.4032168854	1874283.49888137	133762.99010534	539435.92978511	2631659.12312071	72647.8036324783	558238.142952077	55041.4678186852	2009829.02803183	683201.708878017	1236449.68393041	36001.6968655218	2754221.8496362	867192.668265409	5219630.36975227	2008011.90901574	1167710.56333767	284179.059713914	433020.336153113	2663098.21866604	1382346.94106431	263773.778865432	29125240.4187446	640485052.499354	117880.280906844	1826168.05533951	1766558.87812809	601423.252749563	6676171.83672742	914062.647996838	264671.514457324	246078875.236808	45712.4889477524	27170676.292468	20604147.3314685	527034.107246782	277969.917509477
"183A"	1721978.53580685	260386.378336167	3627548.60208754	184189.852346713	764395.256511373	14303078.0711259	416665.386844382	198735.422668726	287451.694475768	8992318.31225072	1551957.76779638	1470762.74330603	23683781.8276533	3383782.0549892	1419291.40039449	1692213.33586968	8492274.03728914	8998598.61519356	4305170.86486438	722794.036985288	1220985.97622328	9320073.70241477	11747684.2217051	1665656.39666196	36216.3099660993	775509.315669881	26433431.9174624	1448190.20990124	100472.740499947	7902981.76500622	663007.282278992	35713310.2357823	1725971.60771474	2332063.93107976	13233711.5661007	148254.025109367	15977087.1030317	12218404.5504322	436813.725356394	6537670.70266722
"184B"	5132747.43586455	148461.627337335	19208675.2913651	125971.04622669	140287.291974469	1691953.90796283	85691.5601814949	345873.548450977	216376.68580217	684253.334177572	107923.325868882	680176.433359905	9661050.36802564	2755743.2054164	249190.231766773	3239562.38806204	497583.081207478	2667526.16347316	334234.395192361	227184.944932451	278561.005968023	2417200.86358828	794647.656264129	562047.788438469	565114.239182496	1369332.88675098	33359984.0902672	412765.759109459	12651.6728233969	1693891.42325298	12197747.2361932	14661460.1180985	3169981.07847894	1289338.61688472	3320319.42160971	686509.405900715	224057.283141114	90285312.4618797	3313871.33020894	64354.7191876538
"185C"	971516.104695817	35998.5098181714	1514325.31410076	256981.766491205	389236.683222912	1856424.90665934	60395.5087924532	479219.310266635	64135.8932790982	5382014.57354272	674799.716201783	28672965.3903574	368740.391843353	911329.735639805	5783.11472888532	316989.944794687	2910992.02951142	1869470.56025285	18893912.8127103	2562117.78704267	273504.908746256	490328.62155925	160743.028921418	3901460.65136883	1012675.94660042	797852.109272433	11970489.6521433	88189.4467589433	243692.445240662	5436359.85026784	1900609.1268792	33416489.46172	1639368.69101231	660861.984317562	1923987.40135146	203856.151498778	21812881.5221673	6416276.92642943	2652172.15822331	954170.085826921
"186D"	1484831.97501126	131949.181239734	561304.983862579	652216.631254469	72941.0113484847	1422969.97282127	25772.9075502015	530208.822642661	155658.05935432	68676.8339430914	470635.747765299	3295458.47188356	302080.439841512	6435004.69961186	80747.9332590832	675938.110455485	4159388.19867556	784631.386268643	707169.059538538	2183359.48596008	161208.490394857	656932.094975323	30644.1650353778	53825706.3569535	74459.8487890527	12766004.3301979	84425175.0239125	3147950.43617664	351590.233756973	1286385.70796787	4194568.45835766	35759158.2748434	1953821.25130137	68400.3637902636	14488182.7119878	293707.040032912	26550256.5296435	1548433.71838237	1521753.7132294	653114.641209595
"187E"	4266151.92504617	266696.483396888	947208.897049931	30034.0034262977	1859789.12908541	695641.068357451	154762.773306162	324701.294260953	6574.31089577212	4443651.25570541	162405.850361754	2281312.9510165	1345973.04829975	393577.04466836	541525.120787487	1864725.1942944	1038893.1696066	3265551.81359854	3922655.87420359	98822.4810138581	2714320.52593402	8993285.35457239	12747110.3319125	568896.814217564	1124585.27676251	11046622.0791963	49298465.1325191	1964257.19238057	29883.39261313	4456155.67655457	677961.672050216	3063550.90266072	215842.192259446	884912.497327811	10071225.0171309	122155.580735043	4793122.86496816	35191099.9062973	114472.211711883	1258458.87756533
"188F"	939688.225350274	294505.135982573	2959994.2293993	167900.826852832	2054187.71072428	12094650.1072267	49949.3360045642	1208708.73663545	101900.297767737	2256309.6740991	77993.7211652402	2312284.8803209	996936.746383975	1932098.61041699	43223.3461273233	190889.401268858	2564218.08143108	7777956.37651868	1208016.87599732	127655.548920633	304385.240825317	396217.291775541	3171366.3214238	1001694.73943473	559972.666533419	756562.937840514	99856684.549431	43054.9265530059	653824.774162176	11488540.7419847	202404.709596331	42362369.6357707	5163307.00425498	147977.814171679	6081350.00310605	48725.0297059756	3370081.86610421	1434748.72532508	82089.4869428481	154794.09096921
"189G"	7808985.79898583	159245.955893905	822366.167847786	237187.342827243	18309.7364688696	35988344.1188864	13364.7932269603	1044595.92178543	91996.7887387943	395755.69169844	930270.714634559	4749722.51662476	765538.670678923	1002243.45683515	1288547.92279104	1603703.34425489	4238946.58606527	6507263.24571515	944113.578967569	729930.082546618	1699879.92014829	5952303.04343089	1073407.74963193	16013212.8680096	309558.454122879	3548094.83466556	107563292.855172	2014486.99402287	166773.521068587	8728816.86942424	152164.22012948	4329370.68337268	7340769.87138203	634978.872526134	29213598.2165549	99309.3967645138	5554664.01925384	5207819.7748189	277147.808201832	1644060.8877464
"190H"	1568493.52000857	679478.117413355	10535542.58089	5109.47594172865	852505.75586141	19942170.1281139	165752.358040023	55067.9105266162	53371.91052991	180853.27513696	94067.4952979244	1514757.16961408	694654.34855474	348637.757266611	813648.60567719	387191.555028609	8316564.95692419	8327094.85025063	1083048.39885073	1652711.35332095	164301.279841625	226321.992304499	783983.007105563	673111.367646757	695311.43501783	1354785.58151741	457148223.19645	7037421.36982037	77663.4769487817	1480329.86520004	3856412.075251	10752911.1941786	1867953.3049673	21112.719612821	39750730.1369022	1031025.79464574	1343509.78725089	3897809.42472936	4441742.63154403	785795.019034323
"191I"	823413.966282624	68630.0425172186	2501009.8205827	48888.187386526	46622.5658808152	5851120.57434821	109374.767406215	497708.5197119	26957.084256004	308151.294028931	214673.015843933	2717534.06529442	221072.050420097	48964.6432503011	282925.088616825	2290717.91215022	5176425.52881367	6696818.94341966	1472173.45779656	322968.206040656	268415.898162901	281127.324407887	366358.691745633	4025050.23998639	62107.836077027	1665499.73401581	34361265.1206863	16924185.6539392	79006.3795626636	1422393.4702265	341859.733434533	12476639.8354161	11286016.0465971	239536.550199547	34051111.0735777	354790.68635216	14713164.9442764	4028875.67392456	9721446.89158641	5561369.19890073
"192J"	3391772.64602632	79224.7491791411	27580512.1801555	195074.205403352	220291.62784803	19482524.389219	187300.831519519	281952.262845636	156005.081063261	1978173.18230941	1220563.57174858	1315017.9493759	1648034.94450498	1289874.37555155	27703.6775606181	871374.868448273	228198.240843877	4410194.00133378	418297.252573629	134705.732427615	1977683.52453593	661942.012350632	4897556.59301473	1388481.94392815	53320.0105109229	13411016.9071282	3701108.59910131	462888.567867333	81648.4030160001	49357.8565553362	409254.167207188	8209976.14748432	1735038.06508968	576332.268728417	15165383.2945697	855083.379391351	563169.496249258	5174082.72218558	325419.208379898	4142086.97707984
"193K"	1624823.66335488	84049.350808974	346218.132920859	3796.53919831776	81798.0966378582	5537416.65288051	21182.1210853069	7159077.57859424	490079.318199627	1552020.24654873	90749.0336696795	2677491.55496931	802771.442331805	1132124.43330664	73596.2252159358	4723217.8732829	755818.193394125	9689548.67880385	1467382.63561976	41765.2128468945	203386.299573268	266779.982758834	843409.59905498	226136.250984696	22061.8697040822	1848875.16828745	139398511.635726	31077.219455775	510982.916574646	6974180.62208387	2727835.07460572	3032826.15329584	6991724.35652512	456347.333428783	8337193.184089	326215.415363482	3547266.6384885	977524.597654265	382205.696094686	148507.441375891
"194L"	7573978.12021155	1156881.84159442	9594215.51171721	2723.68444564241	2993001.48070002	401269.524469481	1223404.84551308	13226449.0706682	23703.7690757105	296405.569835323	1270601.50596397	245903.673733039	337053.918172009	1292370.33841723	591680.968946665	137559.859960091	1158812.54519411	10491529.0957287	5280253.64001175	88294.9960670889	1335183.80002357	1963564.85655165	55329.9268761182	5974822.51721752	15505435.1463346	649973.079013859	52988491.0120863	774728.128657972	412127.767635328	552036.619026271	504915.983736647	76996126.5751418	995608.793518269	238077.978912649	60633097.5885236	533618.731696949	1664620.96431226	2203874.1398767	2752403.48123011	169474.340040503
"195M"	586360.401697537	50169.3553771259	5466053.28100603	40966.3094585572	132450.228675125	25580066.949029	93257.8074177847	12730139.002617	39535.1176772257	9794405.28142236	726528.307391977	404675.023307794	15340985.2705332	1298771.20165384	270919.155861529	382868.884839313	3023073.82378675	4477112.82625845	9219679.97486476	187374.825272579	1267456.08663392	516574.74994888	340463.125595819	867751.580392081	155767.318146481	75675376.1688735	104638567.666488	17789.25384753	57420.3859349529	4126738.45609537	1803445.18261183	182877210.755852	4536850.49725558	32996.2943864596	49373354.9410933	652277.364283765	1389244.78121383	42677693.8126744	385402.188386059	220030.129606438
"196N"	4415060.90166927	1646274.9836141	10271447.3753846	128496.496773801	1698265.12076887	10846817.8379319	203351.002880432	1494910.13755285	74495.29757518	582583.751595927	141165.246186845	66428555.0890171	147734.901134677	745869.494444664	184475.569625456	2425997.49497515	3575316.06184208	4589631.61397454	1830682.73079765	4353531.16211913	104978.022713265	4968947.25555067	451026.27443824	430454.424948577	1291406.08800708	3684172.3209859	26910638.5968316	3239551.99545147	52944.5939972917	5305044.08046636	25133154.8584679	8290808.74364079	1152371.81701796	964223.662357642	2975496.99536253	161777.435192065	5089084.04772589	20623547.7961398	1103788.18120564	29643.5627465144
"197O"	405499.032496671	38207.5470557729	21056137.5294217	177985.456569761	244981.050346897	660970.721872941	74225.5850367817	621067.190060147	34094.0622870588	702632.069862475	3284442.26820792	15631557.2547197	15906580.5614853	239296.165627273	30804.7641343803	13525645.7056673	10726826.9490397	1551737.30898028	46590078.363754	295801.665661664	381432.284613076	76175.3495320735	680553.690991435	473810.115776666	252607.566853498	1497304.63201695	86020681.5464878	721092.053428292	203616.248037294	8144150.35062641	2305367.04216969	25107464.3870799	1522271.3679657	725064.959550856	86890495.6979828	266391.593637466	5931525.50747341	1063995.89745068	1060662.10883916	230688.087215603
"198P"	1262527.78768843	154602.995720433	843357.343303678	156375.115849598	66875.5197064248	10160332.7761574	4094082.75036503	4830553.02615699	106841.551797645	829568.986916333	250528.633105584	1557823.47422999	6820113.86150482	265823.879677688	3968419.54558705	735474.836944347	302576.125973605	3620546.0384469	10508446.9364361	76037.8592634203	188272.922862856	2779032.39548172	258546.530922164	6121405.64755654	140994.755801772	2014293.91067097	90450077.7194276	3815631.8912301	7165277.02886196	3719821.36247765	290244.776139429	63814753.4965761	1687972.03507658	1144973.85968765	169414805.638495	48085.3486650791	2231614.11238318	1581735.37348264	3229968.37513119	77305.3205228016
"199Q"	665828.478681443	192697.924357742	2891813.38679239	90314.1964522018	280093.432208352	3029643.30834107	75413.6092694595	207471.384493038	197929.787532374	985163.224236751	73530.2353116069	1513237.12460847	419654.72795074	690224.719187749	257308.165051984	3948294.20527894	608827.323645158	1987302.21976647	2395676.83815014	7536593.41925139	626003.273207044	874365.271345756	124198.284103689	3018120.94149866	59837.9494283679	3006233.52387433	6841404.32987076	548935.342784437	94985.1424816226	20825738.5999848	1293772.26655919	12300835.2977992	612893.480428555	24283.6896558286	6173934.44878088	68613.3543582578	17108808.7206078	3153901.76264908	2593855.99572566	43303.7463373099
"200R"	9625796.69509877	80423.7172098885	30292132.7170893	64124.9774775254	165610.574006781	24880325.582616	37355.195701208	256377.980550064	251803.455853343	2948884.9572163	2869087.53472504	95340157.1552414	21846276.26219	8049762.49002051	31939.7286602224	307707.890518653	1094377.6971564	3366764.65908667	1428442.39004492	1625835.14421872	584273.747941213	1293934.34574156	4387184.4508485	453563.935764642	119314.345615122	4594349.58315727	14490057.2441195	218599.085653199	109272.036302812	797084.978776553	2519158.5334355	472371.381584937	551234.449739953	175254.362284475	100667673.623845	858337.172453232	427420.527870622	73479868.7782352	191486.40636718	58708.7463925947
"201S"	455063.328553355	88982.1425383947	12521758.4398475	13541.8431061342	784168.956645646	3830930.47194759	117055.940850058	10305862.8387534	443034.991632848	213676.235288068	85610.4531156493	427258.116228052	568132.559659966	417592.955812223	1178654.63442266	4858225.73289105	2371643.45723727	1801759.31185539	1152060.02538338	28704.1738536924	172913.603906505	1663341.03420946	1929028.56060407	869762.605705123	319052.070753728	613830.545169197	100097830.153324	513255.373988718	66018.8782557789	835669.248487736	373694.537937161	3476229.05322762	10145294.6107751	153091.213978206	45714947.9411429	24800.2397947192	9512400.53527613	1247015.70850658	73557.50217813	144931.91327463
"202T"	316023.103379938	23062.2139591242	3381076.5366692	238329.997197897	328869.085390857	559501.995283253	1027170.05122305	1341092.29739123	163841.943236358	513291.254811895	129036.929378083	365243.384462769	407281.573125851	6633974.73827692	132678.330914774	283021.42898601	2177807.33775783	7499970.04467518	7015446.80949756	2319599.31850014	467963.491032278	3870926.41675085	974438.756578906	15826866.3450088	357240.489951957	59625826.4452875	20108102.8020622	159407.619348938	826705.945892176	2619567.94671265	132748.074695845	21154960.1338251	7797192.37821992	26671.7919401711	6837071.68059198	51518.5708912806	13606962.6074404	2930682.5911049	2208582.33894859	550037.92822979
"203U"	1134720.82955798	688731.64265649	3140986.41510874	37332.810532924	274633.665214718	13656565.1090911	567293.874149887	42205.6591064496	2765104.27622548	651071.956072982	170979.163861303	440747.23998478	7098186.88193163	4568150.4395484	151884.893343649	132939.69566143	824356.150981926	6151268.93006833	3429099.98343829	301278.221507383	306700.665529329	1566682.12112533	650050.650338714	3276606.64677928	153183.883999057	1272353.25848456	7231581.51183107	887278.352584537	3826314.41120104	1829044.02592571	4515316.13964881	2175752.79300816	2573817.30760344	77566.6784363657	2705311.25206659	498302.464048089	3776145.00199396	6594368.61636863	1804198.71040354	848702.575023415
"204V"	1561057.56843601	669776.110651796	7091794.06565075	23296.9911460034	23907.0752764546	7058047.71135608	28622.1929945552	178117.142881696	97231.9843024283	635817.490136947	175211.188524335	395063.760156934	3943681.7844589	13662361.0390323	138343.907562393	1176557.14357353	385146.663602915	1691586.19398132	7441413.75766104	421647.829635063	1190530.94921678	671344.700151132	5118137.13151672	319990.954029363	40203.9805653967	3515373.8369334	383429965.251747	7608.19555552798	75810.894473587	2069310.68403494	131716.035716738	1129445.51536303	875294.818505037	371358.792119446	45127099.426297	514443.359677499	1835286.5529241	17598303.1506445	1045084.1944025	344332.613976684
"205W"	3855529.00236724	105390.826248221	15593307.6069289	192583.575164878	68102.6972481896	4789504.5579129	4359628.03811124	50588.1736502988	11018.1934983747	36974.1218339035	6507.04402857526	4754209.99452273	457337.813054792	1120071.93429452	29458.7861746277	517276.377921374	207420.147831407	1596022.53912754	3027096.83507473	3455868.04300846	1338542.42999796	836321.993277331	494714.449405181	1288397.8987898	308407.393115601	4679117.42079735	149876224.947103	186164.808129149	240052.794516384	91929.8207479813	2535096.17958578	53790859.7563225	387752.777417423	484434.392518799	7731883.8017483	208139.400990421	184649.729704326	9509644.29276724	1234040.77207302	53440.7302660136
"206X"	3338766.11553975	29103.9473194409	4028047.47398215	8910.08309966168	21897.9236595121	14717175.3147467	3379750.869895	1651910.41108932	40400.7185564619	418452.672643191	97699.8056255214	1642009.05462183	5076067.2354457	2198246.0146741	60341.1633185111	1123862.27994204	270641.187956435	2580569.62289698	16861103.0147469	101034.651713608	149619.161431718	2378211.36174035	432400.684865228	1051463.4226924	99287.2360081646	4784903.26800054	35315572.9685767	1608167.41275677	648056.555508057	375662.706174335	328580.853861064	65272151.7385831	8053376.28929386	69221.3520229324	2129656.5085868	262961.030422852	1066728.58239835	25989768.7838032	6034495.71221298	682559.113863483
"207Y"	581436.301242627	281940.691066452	12473918.4581418	256247.435894685	651016.105165641	2605200.45245618	441552.845510514	534101.419362864	124097.706107548	622510.667234086	322203.523852942	2085187.16905984	555216.570820498	16491967.3838983	465478.197142449	878529.992517617	5838192.30898805	28427294.3923226	2958959.29233832	2387126.13887135	142888.526611466	3048728.7920046	582449.443636268	709915.629680464	2348497.27307944	3166578.39750717	21581369.7760693	2146367.39709808	1101858.14195332	10236536.0080052	55829603.216458	2302426.45839249	1249263.14485031	675577.300466714	5848262.36299509	314632.278177677	905798.670551922	1488068.08770097	6171079.0797341	537792.748470976
"208Z"	5218124.07660325	886611.688657952	4980380.17330656	64731.7311292769	618227.489913152	226862.464227644	441308.974982964	2235113.92098073	69938.0166640801	257586.732123939	96561.9352342323	2058243.03095658	509004.459979566	1832899.11587975	164321.399034529	15294839.702504	56061668.6040057	1354029.50570976	558306.321051843	86562.0400347118	442668.776353282	1098659.02912599	145449.124050901	1908957.67940157	276188.175478067	181320.701536924	76869324.5798663	392438.023469162	616185.870211701	5924278.77255461	984459.786059109	437471.119314868	1452796.10549103	216973.400889525	5875647.01158749	1145029.83327665	2776177.58902486	2279119.52671709	2296260.80151502	2093425.93353954
"209A"	3059426.58979391	235240.0413322	23881231.0010188	533972.509173614	1003345.65025767	3513840.13982142	92925.1749963757	421326.617528698	36809.2180675069	71379.9572747495	1217775.573954	1718262.10558941	4684479.95063089	1780571.08385089	688279.271872374	4738238.27362152	848134.477513781	861803.303777497	20995783.0414951	285043.161823653	2703616.92300285	571820.048622593	521570.833111331	519424.287191471	1288205.18719391	10401626.7743974	35143048.0913932	1207170.74978803	14687.0014471322	23972640.1934684	199422.710965725	2064939.2434419	1355055.30897979	807223.610225131	6314264.51887164	139945.791768247	1770444.67758469	14341205.3452762	3286842.6033214	2861587.8985059
"210B"	37241192.3538676	522466.478849201	1028292.14644538	215334.866167242	216170.345507353	5373757.77041899	3393123.63440222	1214924.73716783	481275.788617778	451607.303675816	333482.12044224	3130039.03293272	1656413.69824265	227813.939852162	160744.300414917	257059.455335508	2377651.04557874	3165348.6339157	9691444.18738284	109225.05233392	1463852.34607664	736708.52219983	1704342.49585075	276256.218020319	335410.879796531	17168453.3816794	79691929.7970406	3285937.49381304	321290.940327438	12327885.253798	5671292.38138635	4690244.08613109	6967435.88066169	278249.135278326	18930646.2640731	12430.2803288203	7756766.49851641	1431902.59377714	1068363.41425456	721171.606044495
"211C"	4396319.62283745	108353.730720212	148155.733744538	59944.2677278268	41251.3446057661	6388494.09007401	18134.565785222	3255028.43981882	18180.6239867145	433785.484309165	191538.336185069	6890922.89255343	2649271.56754403	5726972.88016968	122956.783877624	1887365.44628712	951186.417398217	13852584.5899974	2057944.98309621	728246.959446309	118926.199983641	143626.648701113	65172.481124626	967497.580108731	725849.945594486	3329150.21126933	278034608.076606	2067054.19496953	505029.840505916	3463549.81082586	8343424.54695007	5068413.20475587	1059392.19515443	319078.162040696	15414580.2113842	41275.6674701155	10717809.4000013	8282330.80537109	843548.997508301	118108.655738197
"212D"	1450639.00023794	1026973.45770242	15519248.7628271	115359.774054311	20425.4867360164	26654664.7426234	542085.173217612	453429.929240421	20533.8980215077	6383281.74617459	95397.2503044889	82072.2876361565	1350209.34249005	206659.013237745	252987.872518316	541250.022195522	1408579.89734704	22089794.5347138	2239434.01035913	162061.995176778	2610842.09138673	581790.171752682	20150360.3874408	671079.15751728	332426.30864091	3001674.8694731	435099635.87781	2381836.90639182	22174.224557958	745111.981889618	861992.827526859	43733322.5507781	1444929.58892809	1912075.5148543	7314528.71763723	166915.942675859	6953635.24583351	30907932.2270663	435120.278681814	355741.539773492
"213E"	4012266.23955862	525133.572363944	3588864.73749299	107190.893689191	131072.28757242	2701653.62490187	312926.097658713	805039.39773626	66016.3228877913	3868421.02510349	205001.885310436	44626669.7760366	2088094.96407103	880385.483049499	124442.813680523	289111.029024427	840027.675936464	1084650.3658063	659114.51918413	108516.455315186	997259.631318205	166070.593272636	787984.578786916	403382.507310503	86527.3056556618	1847215.51487914	132470487.08131	1090336.40908583	430735.905662001	295912.442254968	1363749.44749045	861080.669610375	2361441.13192605	1140194.90008146	202268.952469027	45950.1087008853	8968111.65007898	4033501.63468231	3637965.65274138	1192602.59032374
"214F"	3701788.64374289	162008.265945309	9916487.98303378	188606.714552846	5736119.22786573	493528.346029936	998905.771014282	74376.9771401505	571105.00856308	825182.440292701	186989.663168242	12459320.4822495	282284.724911351	839074.874557016	191679.86553422	335627.797129772	2004910.13462571	2415866.30472586	1834608.4271924	155736.294802125	1439026.47779504	155389.261430145	355386.81575631	1752531.63428061	775953.797061351	670410.213465104	13876086.0461988	923490.897236634	64688.7135632284	2551772.69754514	790069.376666729	2393630.97672077	978381.926827143	171151.883593544	11547328.4568017	1714612.22011814	14915594.339841	16572135.5597853	165279.732551619	71873.065805246
"215G"	584936.531780971	1066097.26546185	33307409.3489753	6574.14131489758	334172.974335936	2059451.56418476	615102.11764349	646757.517736747	63525.0060323759	15930937.9969288	395792.761166108	3087726.69866626	228362.521959967	3078948.87680129	113325.166790762	1060585.70139115	3883422.3954103	887945.393723593	1403152.39099264	1177379.18015226	509820.828595821	276750.540385874	36303.0292860051	1016413.12560466	81799.9439345896	5022923.4368556	192246145.728711	3244772.50182019	1753452.65975775	348114.322059484	3168200.9935133	21823193.7187838	2050888.16058799	445673.544967468	608738.336645524	315295.69437719	5413136.02114662	4184355.03958811	650688.294729933	498350.232554817
"216H"	16866074.2668756	382193.253431014	7284821.96734281	34917.9410448153	180403.25854479	10315271.8103455	257871.628174135	417915.602508379	120153.302105524	488154.226320371	106182.859571947	789761.922022016	338951.077127356	152008.149099934	16490.4831502773	438729.543036319	100420.791754756	3925618.12052673	446265.890367829	806048.285810177	46475.0304401517	196442.5055007	329198.646806411	337818.927945624	791130.208847006	1004928.62612848	25988883.9312491	3826709.96064117	32643.6802825581	966460.756445145	3343720.55133776	52338735.6906744	30991417.4628782	1069374.92172731	43866208.1771602	444769.482898266	286873.016700433	3940896.58875472	389331.558581032	40041.4495271154
"217I"	126489.943330512	246128.607381839	4684686.3760549	109606.07947258	855084.156629307	9799281.18212624	35100.3762674518	9373033.77170438	53988.8946071956	373157.995025858	234998.74181698	18510674.9090008	767998.363878531	2697330.95693234	14035.5424457282	1897321.62353868	4855982.976975	3174216.95738305	778896.360572365	284163.179963966	4661759.57891187	206475.270022048	444373.545922628	4278785.60185539	232014.849771619	1789219.34813071	26075565.1639704	4037419.95846443	111640.314778894	5054729.93420355	8382080.91605387	11257157.7876624	961980.109462957	9300330.90645318	58753168.5752684	330435.599944583	22350920.7244699	22760593.8050901	236869.770985765	921163.880419143
"218J"	490572.801008126	11224.3033257928	4648704.03845103	128233.174524634	367661.621526599	4303297.97033272	631865.336873085	116049.497738427	1300107.02368885	855154.794677034	90558.4091762562	1432300.40051098	1179129.53192358	316900.676602854	107245.72801675	4178363.05474862	2353130.72822567	3742392.27536808	3957997.31745118	11654429.9900085	379401.406660313	3377369.92548075	1005297.95221792	682949.46884314	174958.50219022	5776955.66591764	106948797.84735	502923.197122221	205964.1979906	936820.45501137	7368219.19559075	4091691.96178512	55927044.2387583	262795.64643523	92863348.6818787	923927.432768901	2207101.67150428	10772408.5011852	10357689.7933343	2416185.7611301
"219K"	9627231.76495731	51996.316108756	2899593.42329576	91843.346953446	100946.580277521	10785615.4441478	364867.247602705	694735.686474335	31623.4097999946	558546.566552181	746877.626781882	2481493.84837387	1611519.26740823	840306.33691629	273952.864051598	10556925.8651226	9435303.84320249	1999879.2116783	2588240.56167297	11228.0476928193	367814.579849741	1382443.7836461	921634.801409161	242085.839189015	2764582.47914484	2146495.12542829	25800642.1565199	589974.994312597	54557.1787058378	1019403.69086951	3290228.57625041	10342853.0179983	3746801.17663901	366057.136921304	41527789.403176	180662.48557679	286291.447354759	10899864.6858831	408356.611724003	121323.685786075
"220L"	1631314.50285341	445869.088578972	4595039.84099401	72464.312521876	161568.46666472	14969940.8279904	264108.666750827	3897069.80212363	235349.745480647	4365693.26761787	1777003.81855787	1376835.59360977	3222691.00053758	640549.41055889	668167.748711951	3805574.65417065	4897299.58777245	17375254.1006037	181333.154256809	221446.793122252	4268962.90904523	6598655.97413277	2758727.05398684	709557.658170614	72606.1501753277	1899824.34377912	283452712.73433	5923926.78052673	276666.154244576	6270323.23323144	2712757.28536055	154430114.65301	914041.034693623	1335258.70717795	60487624.2376953	115575.375340983	5588384.71403664	31583126.9317371	2050679.45821175	2019821.28463874
"221M"	1152940.81225931	1824105.94468416	1962646.64704459	109709.335709735	323548.020547413	5394309.88646746	39732.6727280868	463062.583257517	82409.1253157376	876490.73588104	127369.272325528	1797676.62291727	2401665.3599982	1115935.04909329	1359638.52118411	4229915.41833979	971998.643419601	2533727.18042396	2840987.94202712	905346.214471516	131861.163947283	3553175.58186322	939067.248868248	2198187.3699805	68091.4972362184	3400907.67765993	39880196.4329806	867557.894580198	81318.9089108474	5797230.87818222	2306747.16012596	99494020.9788662	2097084.96637385	824104.098351341	1208799.22056586	471863.222878625	369944.415059199	32164611.3961729	531154.108574587	176863.539085234
"222N"	3840340.91473984	128863.707666865	4088686.95535694	43911.6819309697	905493.028456891	7340294.62342214	758960.156912325	7185536.53519282	62859.2183610133	729277.91255422	352989.411319134	984051.78803125	198161.140012941	182210.758828032	1711177.82382025	3086781.72516027	1408081.34455299	29406398.289018	1502847.34581024	73229.4504974805	166195.629216402	850711.118790889	1103714.64315262	31064.145534777	495830.10902414	1579371.21066053	54345286.1299387	641917.34010894	288439.565669867	69003.6928700366	4847949.93932039	30353635.1265807	2819138.52704433	49737.7883341941	7557889.67902529	275104.018675888	28281499.2624933	11497033.1445757	5851344.8824385	225861.140380944
"223O"	584645.090637757	47040.3536442464	12284793.3675406	4067.60995689221	135252.071080229	10285789.8376731	79573.5982831259	664741.051930433	31457.5956412165	5647123.54511895	729819.572288114	432069.762503369	963227.565627633	288210.899186337	85344.3698599817	2314499.11443677	714966.442929059	1114562.3861102	2189442.7010759	469239.123732463	1302934.11304055	1139918.59011719	216774.773350947	4475159.66264953	2139021.98991196	31516721.9654797	5149566.92444739	751552.317675409	54705.4299232106	5655777.30193243	1725290.20706655	27353784.2654253	5522249.9242107	172227.927981154	1155130.70871586	203311.354142418	6741911.564312	5807007.05028278	2770612.06143536	185169.058945945
"224P"	17989533.2340641	656478.413462499	42860289.1610695	179312.808055266	1629286.63875454	1347528.94761037	49319.626685842	381789.858161876	29023.1016056388	479577.117186158	93373.7636805855	722720.124126346	6517025.4981891	1580351.53948479	198414.146925336	6423061.54495242	2155351.2522513	1731257.79339519	2376547.92699561	512228.597274581	4372539.50034112	1155509.32502528	2509865.51617171	93695601.0243106	187493.82947662	1353560.97737715	434359318.276998	1238269.79889016	947197.038969863	1009389.79909482	1131197.10456642	353507.894552469	1598462.00331122	25915.8045136057	98294125.5063949	651787.177688366	14365770.0770096	3775708.06076367	1118449.98488116	1888015.37403468
"225Q"	236050.573845245	244462.713161045	10798957.0511834	139201.455674237	11855213.432552	5455143.36664807	165225.557853116	873762.601040348	443011.1896258	159777.868517192	544940.50099544	1482345.52112102	666073.226128413	338862.969187302	26618.8541453974	53761.8390159513	32379219.5849284	779027.383229525	392740.469878518	11855333.4714055	247761.157133047	1104619.1251082	846540.439483853	355712.677179603	29776.6023723471	1290059.80600341	23238461.4624443	1000544.1898021	62508.3809384118	608945.75951702	5666336.25800685	90082555.4667982	3205812.32679253	2987878.70371252	95275553.1867272	238162.384312257	27962875.6062343	3821450.12757309	27579221.586675	84756.2139916708
"226R"	2556037.61864838	436760.833230274	45605560.5270267	11048.5869369555	5124580.5407278	1489375.23944878	56612.1236161531	3121185.40104999	87032.4802989439	321711.852956435	123725.869105038	601802.961458844	1140042.48410235	16270083.6900093	68575.3165009855	296630.769041345	987078.257235876	1063692.15866489	2875155.99198858	664576.715873033	3099015.56081285	1226149.62969984	12239764.28736	736528.181797061	79643.9710991169	3926648.50934217	63634254.2222949	1035387.30384968	1513094.97207322	3984837.12417663	941812.881375294	33814616.2907864	554191.958238534	63949.1966977105	1832497.71211117	163112.665080787	4774157.97235125	8743916.55857251	311026.442801993	1658391.93764776
"227S"	3167360.09488747	211660.729264077	2376720.73541275	222250.566911726	257273.404588723	18694384.5092702	261658.147270715	1406145.91891395	2489135.16937647	482591.329466542	643662.829271265	5499092.96410471	2444533.51673522	4366177.64350784	22527.9489888847	119487.656086063	17985170.3106633	4951035.96479116	534742.578335528	529034.562145078	674199.495613019	387617.10892071	221491.295142169	2690095.71283825	37077.5607732622	772515.65735011	54273287.8484783	889366.146277331	48054.1360333286	14981045.1424611	321618.005576206	5075386.65877172	1406207.8972605	180551.455364548	1912284.7826545	2316395.82222807	61196216.8706971	1969651.60486897	5615915.00966314	121282.647439645
"228T"	68224.6436410793	129363.49397081	664910.43920283	52848.2333890815	2257678.38274245	6066171.96724324	933209.921313122	2379555.48753495	11101.1707814163	5075795.32618282	98596.6334443577	1946321.34023441	366478.757322529	251307.773864675	1159359.23739896	5512448.37573524	592483.94029988	12323669.9084214	3174107.36688402	419347.869988744	1295969.88315675	255576.829585797	159639.106559236	10248183.8962515	177457.822866813	2590506.61873784	64850270.5172488	350385.512110887	48416.6945183404	275247.316520492	1388280.15222217	2916905.66762707	1656950.46268403	130734.699160982	95620940.4359262	13096.5635868847	44493215.3800934	16244109.9947322	554243.17999952	181545.527578953
"229U"	7252707.13901023	1020165.95286726	6112233.51247943	41751.2222426875	15485.7323829566	161156.324306379	2625512.98043351	631166.766380528	1352.85471036618	467951.11291703	386729.065192563	802329.112146225	7731312.37721547	119460.13744279	39637.8747720198	1099895.64326093	256277.377453834	1597125.08593655	5130303.10715196	84065.8340331965	25724.240508222	696551.955786392	564741.562774459	9870900.19405004	108257.02812965	8567943.11305707	11557206.7490749	106084.427725453	179356.380306612	21922873.0921488	6873878.40823564	2038638.7776433	615515.401663813	317134.091511216	1340689.07181097	7102118.14741383	2710389.88732953	1583102.83741311	1717766.5617531	613634.630583359
"230V"	1063251.70931557	85555.2415441854	10586307.1300554	132796.311768607	313036.009123241	854735.06208683	3844698.99382489	97182.8531804069	171993.928955589	1568844.27221172	11933.2071904036	6047412.53172048	372648.497375727	1731108.59387204	62869.6307965179	1144392.28117876	5095603.2914313	10307080.818323	497076.902785793	1078914.45712825	237528.080148643	12933940.875316	1967889.96949995	16532456.7630649	277327.881694297	2070042.55577354	135104962.145927	75203.8867832445	1540247.00583724	356807.095062565	569469.891331581	16153494.6319043	618677.923628224	154405.951127791	151538608.761133	1208752.47877504	3440468.26318674	3273889.91566184	1747830.81002857	3023205.74917266
"231W"	7457144.68860354	8724562.32746417	907012.60366945	84862.8097776595	81069.8079436069	25626647.2214721	19152.4418184872	519535.819609542	361830.558208012	488340.281356249	1261331.08237163	101974.529869234	256534.822744092	157512.388898021	48184.9394684364	871267.618272525	2224155.08240028	6251550.53422838	2085906.78372154	251844.960423449	35005.567486919	557660.924143205	4840061.09913043	2185158.19918194	156395.576648561	1964042.03663367	455019980.391188	6565820.59693364	30133.9360502743	4017953.60573175	578268.232995929	3794269.86600692	1035129.55054884	58861.5365350487	461095.695811853	9301.0599029284	9656902.53307024	2983493.67595115	1705167.2600886	383256.971602823
"232X"	1237926.73964396	40115.3268389766	7221251.60390633	47820.7770900669	250474.201015043	4582526.36204149	912105.644894606	3737388.07166616	45555.9752784934	3632661.6692736	166522.907914381	5572946.62175365	910117.506455499	54671.9086039776	74890.942408412	1922213.92306258	7629968.02206686	60392217.8498809	919076.210133944	140197.255965939	4230536.4454103	3770936.86732224	468218.511664455	3097117.98064774	181249.834024288	9187975.00644836	245396384.338089	3893110.12602941	53554.2882525665	147072.488457161	23639.5666149035	6525110.11367895	110721.037070671	32765.1517702487	42924281.1770842	127307.182937965	3954907.18625322	140559982.331044	1063368.32880089	493015.84662053
"233Y"	2850284.78562268	6243837.63277535	2268026.53506635	10670.4946114486	5449152.70816601	1302322.21868126	120931.464539315	368865.74327843	106988.694077872	2088798.47914157	824529.347217845	11704311.6996243	267234.950566052	259163.114130394	28158.0863271116	8330159.36120854	2297552.41656511	13754310.458873	6099692.3416755	301878.885530794	152978.951381903	12900989.1005526	1341581.96784002	171539.657190495	57725.5824155701	4317382.9841664	263501307.511399	728114.291357812	661836.074668149	15873161.5598777	10271799.6060397	135171902.700463	15303920.7947688	244715.602254013	252060993.291994	68036.580117922	1758125.7593745	10467233.0622616	2626413.22273002	71436.8781640237
"234Z"	1541179.5240056	435699.174995866	2999093.34660087	10651.7631003032	378194.080428132	3418996.91630114	220414.914993473	1716617.40817377	461888.713081407	1620853.90809285	621428.576749287	1899682.80026333	2332639.99731826	4973181.51173847	47438.933730333	342264.592298678	5170644.77000616	2064783.56586875	4116242.78595771	182575.919345956	1767786.5008271	294435.256499369	610473.070668538	2689531.38782286	32238.1275567597	2601341.91282447	175739255.941064	489444.749642188	355394.231156728	833376.285075531	588553.597945465	5045329.12322258	52087411.315836	188949.520790658	2891956.90877369	985358.478348874	2565450.87182253	3727376.4205503	648505.250062734	19851.7577831958
"235A"	40631.1798976927	2995905.88526854	9114969.51022087	343675.340486443	181139.194267571	1149213.826508	50033.8105455099	1008336.17035371	188995.13654187	1883146.7951772	8518177.21322557	777010.175378337	8166156.41866976	3058633.6956759	1525857.10488814	431328.341315146	380548.767298414	1030134.52700409	278357.137178352	512930.954655786	529581.626965813	1950288.11799057	1128272.15409008	2112517.12690598	9628.59660287523	6306177.48929283	135146662.875048	177672.109408371	25521.0919847454	2894186.01624679	581076.323763373	8556688.24833073	2459315.88560556	153198.423014199	20259335.6702046	36335.6696295572	3232281.73983276	508821.336902641	63095.1578892975	63839.4107953114
"236B"	412538.674741795	21489.18095169	1283812.10330444	264382.401049626	357455.646331894	712596.359583555	1609651.45869307	1544354.03752673	78769.1785181515	910395.778621656	256468.255386789	1229094.61523096	1043021.66029383	36636.0113349261	367053.057784372	2425345.92530334	2147853.60375514	406067.852584377	641674.721321448	21447.3848819977	341639.709393393	542562.042287005	4307385.99361789	3238266.11685787	263706.044390917	3045819.08235594	37400111.2695723	368099.057107547	9712.79526609788	4637194.20502176	1388123.90321951	48351438.1729324	268337.30995492	433864.261845102	2171175.27726208	126219.735662683	5336517.71629492	30758160.5660669	83084952.9685103	5634397.24807304
"237C"	212078.950590557	91016.5352281978	1940114.84343838	13746.9427809403	2811986.2463319	33215008.7383457	601402.45533236	344197.31794562	318589.955608303	816919.710134545	725358.011452381	491590.065543554	707458.635527243	5331089.05702711	153628.760826364	61612.2181613171	1239756.3278746	2915390.53516298	8092212.1819114	553854.372303385	867625.85080728	1387873.24847239	269056.239042633	4603975.18988001	274667.219717357	266598.490798277	38606205.3750525	836181.439948279	846583.0253399	2129716.57994353	316533.803962548	3983764.26559154	4074113.66223974	616997.067741101	74151640.2690049	1438664.30536031	41585524.555191	3970836.37079753	670645.293018976	118246.015368261
"238D"	2018666.43307381	358101.430134636	4257577.96760648	204493.594146163	1877104.80160135	676469.581241908	126848.326006533	960402.379441681	81834.612866952	746522.747964782	397066.992538352	342858.152536866	695826.211934081	1873097.38877475	58286.6334087053	766929.88262359	351569.400354661	2053570.47577402	4615727.17552344	49637.5300892612	905460.465243928	456483.38619697	1026600.23932073	1652068.3555154	8004869.14943781	4789153.98739771	133843187.82036	72815.9450136095	1953518.61456519	1644842.77193851	3164303.25036916	18623250.9930825	731964.662106179	591791.32342768	10330487.0110348	999275.692472924	3840443.4887842	33175542.5443255	570255.308304704	112353.500073237
"239E"	8897321.49727436	216620.135447615	144841.775273653	126641.242785507	605404.089657618	181302.732390914	33149.9510409073	426401.873807814	4814332.14009226	702385.814661809	488472.905156018	908273.825430971	1087909.29049905	2356959.27499481	255364.272378241	1309738.40058794	400737.003270871	7275420.77874722	979577.517685791	186356.368331238	37864.2656044285	1344308.13645232	13910918.3050015	1158276.42421249	850457.804824248	543440.079039627	34868790.6566107	2434815.17020233	66148.6529059683	684116.642899168	8896312.31457124	6287453.76522511	275036.152095813	1519869.0532241	28471443.9817132	121385.729367555	107499.226857157	25830461.7641019	129321.228229479	29754.8804915363
"240F"	1954955.67073798	586344.473328695	2240282.02948365	31059.6381959618	4128715.07464212	14043114.0404087	454706.808065655	1038967.9906604	101562.032516259	4581724.46249606	534325.086380363	9359991.51428832	507486.04233119	536613.148969839	245792.250852529	1192850.96077717	7624923.9511274	12022087.6878768	2983340.95502344	287678.20625339	1055800.51243985	1655018.46611596	1804138.52632272	5649968.45466098	513898.799789899	2478998.80874645	199216512.309839	278861.592206428	1124677.75081339	100194.87459255	2145983.81768607	10432285.1073144	3952647.34143642	272346.640678125	4792581.37407632	256774.277585853	5220876.87902141	17640607.1301255	2388540.16461499	880898.262051172
"241G"	472655.834592099	291354.007937613	520205.217843887	32729.6453907559	5228684.94040715	245637.588349023	2000359.96325017	502632.726635458	40757.1759063543	112914.76907555	4513035.22188821	209665.239684927	827507.134569886	1602288.69514443	145870.955733754	20210306.8282677	1432918.34422943	2342446.39783515	2171287.62873707	207590.994588033	14174939.9577562	71612.1271924116	357552.461883144	590084.227470836	1756390.51159382	199866.028442126	270281605.560425	319306.390406859	161141.365083273	43758261.7976697	13344287.1767264	428410090.651027	609631.149560899	159792.976107495	57414058.7998536	122197.956649438	2645044.40222821	14193141.330049	2825138.15065508	319084.517607499
"242H"	2891869.42370563	259891.366488041	2235179.1878232	176065.14444189	2180577.69030931	1386598.61209651	610563.309628029	896900.952145173	426189.917132764	1394725.04199399	1093789.7627865	2041480.84841883	1064306.59467687	1063937.27481967	78411.8373768367	614441.821081602	1167606.44778941	3015745.64539092	1352144.16393061	280102.790939148	3472494.90665911	995620.078117517	5643553.20693914	9484530.38749937	297513.405339627	2235869.04703145	25123081.5804337	106319.208628448	1249253.74320337	503578.074559204	2085719.35920817	10849435.3844176	17883057.2519109	362020.79573843	45709252.1683548	113318.876753972	3829566.55607009	7943100.65117576	1101324.50774306	822378.507551871
"243I"	66900.5553695601	84654.4431829087	2237767.77595568	40744.9153527506	79647.5843585894	4020895.22089768	218487.848813575	6008810.2175321	19986.1712151573	859936.218780024	44627.412588505	264676.307455968	6972063.67184775	284948.109871006	162521.052708765	551148.28328937	6557149.43837201	1005142.8006958	1057650.78833389	12281.1700378527	374868.945808155	2675082.30144596	260454.048252445	2604079.66611302	400564.088993274	2698727.55744297	15293806.4285674	431621.873616037	698232.507903404	3179526.75223236	2469900.76239017	8095509.94925527	5800597.33896286	804267.333176206	33425912.6587484	158444.720934855	1039270.79672995	4711963.57265943	2201379.59341755	3555898.15201472
"244J"	3800785.5545308	951927.326390248	30316770.331465	387877.670599639	27358.8322188105	3000213.36302424	1238364.51192797	1941923.9976688	831787.720588846	1025045.25782307	18883.1048455563	2297783.59338079	1213927.600944	60721.4055650947	133958.342568299	41589764.6567161	388769.466327431	3842171.43616936	1251690.82069153	35012.3766146137	2113476.76151336	87690.8523137392	1738656.00355378	135009.812553161	180255.356674364	280921.143404358	24217967.9903926	245091.862948572	117046.971658144	3365052.23518409	394321.201397738	38887906.4408585	3863359.009458	298990.775244995	13547861.1164956	450912.155771623	22709318.0599328	4193162.90585891	5459087.61008136	252472.858654101
"245K"	787029.413692988	402327.543723968	2673659.13543449	96033.9962926055	1637891.98102821	283587965.220104	370913.579131273	1604245.33009289	18613.1922512109	356590.730547422	3231077.28753978	2972530.88692572	993744.921042122	3017073.72418257	87354.2855117993	918262.32208664	849600.588511235	1652346.11039217	3244395.99208011	794530.775947883	2760751.63781188	231001.32819034	1910426.34114247	5905134.77543284	727883.892330228	4831616.51844684	137278658.566387	393141.225756691	105317.093117037	1219432.53217637	56559.0029049603	6826414.73159825	384117.732521229	171428.449635412	4347689.32139633	89407.7038061672	16906805.0768849	84241230.8106087	735383.308440343	2497880.1871746
"246L"	130601.560844277	91987.8697808891	777343.212492505	29380.8673777857	1230135.56877316	32860896.8295407	353632.260729264	608855.189835245	110485.758544907	846997.614577285	123493.58934155	2805121.51454759	4797314.52314145	1617115.23912736	179989.17227246	450617.718400543	210584.768906783	1844205.64718892	33377389.0600484	1460451.77780186	2055862.70918696	2805254.53335422	236825.787794072	4547050.5292429	191208.361613662	3580225.70172354	32364941.3427717	422124.837838441	399349.414150492	13507242.8152334	932437.973490292	11282329.3755749	2383979.65403568	211802.61552884	35693312.2654139	103525.466537958	877323.65806754	6394165.06942522	362378.908947629	64859.9449437928
"247M"	737969.811414059	54354.7633484669	2549156.69173464	1246565.76701039	126979.310833642	800332.367618418	31763.8034020764	145100.927690661	580484.694608327	142499.995497355	178679.920637817	531072.808736407	8326262.02719889	415750.651491996	129519.64984103	1042521.70337438	587034.31094474	25827195.0336343	4299406.70744971	1642109.06004307	1785810.71964956	1378409.07732028	362748.868043221	1600280.54869828	765110.045803033	1187010.82857243	149518000.126542	1212915.63700001	12429.1939595768	798824.384424933	1356467.00639876	11686817.9086661	112762.425204975	817014.53916896	52458876.2178273	316085.521277571	2789698.79583959	14767295.5105474	1519032.09429433	92881.9965776016
"248N"	307859.998439333	185355.770002772	1119045.35484148	7664.29037527344	554827.698989053	2399875.04957127	371072.802095102	392851.266082205	142789.266177209	553040.317726368	187080.602747942	336590.800595582	3223924.00050869	3050720.33081481	366479.630621363	1690747.51599685	69987.312036476	1575952.85336631	2147978.97543189	687872.416573845	4025988.06758557	61235.8889973308	307222.729610937	1500400.91581102	799204.733426718	563922.151489712	26322349.8730458	2755688.43812639	12776.7776549386	11196373.7440325	469160.174559329	24763159.3962163	4178201.18541556	47568.5740438129	35916748.0448574	99497.3330127503	17172172.9838084	66508951.2709456	3884643.68840902	204246.95246354
"249O"	287287.452176641	464404.366289494	4812821.58680545	86545.9659440187	319448.198920823	551203.71152802	65255.1678691306	4472232.45690444	183402.983685993	5092450.29417309	207587.838465346	850290.456193442	153415.864980236	11063191.8452217	359512.748775482	2715676.26222622	5085326.78380788	37473443.3343683	497500.560292851	381349.492635064	816486.194292045	9848935.65142226	12860279.0703058	1111408.32393604	32958.3305864824	7126499.9884236	21981236.0274408	221739.028152169	80876.7695275523	14758568.1290439	353705.575246644	316872.809376109	1965982.05488591	23729.3974265938	4927889.46498631	1888959.70953328	9007659.37622569	5421916.20801391	204430.929953329	593852.180084944
"250P"	2058448.71867968	1249012.19653551	13031197.7002197	38392.0997509415	196606.660222761	3769819.06322421	370918.400459665	183581.27791599	233254.424942636	1494667.94004495	92601.1490981743	517886.811089591	4280735.16300574	1167714.70561754	285072.68894874	2843276.31531599	7761553.66533473	6716505.45058689	2863868.3559146	550090.129366184	288978.314829181	3749256.52082319	682812.556701408	3054177.0807774	185863.973279651	9054428.65900072	200558896.235809	2424364.32035325	26495.9471223715	128325.189164612	21281057.0730682	44054558.8830688	9871380.69286391	161841.726259699	5699250.1945718	133717.625535152	8008932.72301386	14371455.4484429	6007728.2229778	50967.1201548783
"251Q"	293254.236520733	106180.139174421	9437054.95019989	177744.368052399	1095561.72711612	1101428.70298499	6084341.94020079	129340.472283947	47765.4728815303	1128664.62896067	85686.2412093373	170163.156838838	1689478.70677741	454006.95848074	83044.3338290753	2518731.187903	4942362.22216798	41620995.5908553	1511860.16226359	75290.562459316	2054365.76204518	968881.988811578	98316.4912307593	2357843.96309997	1760767.91759773	7400485.75856792	28793330.5397147	47464.875536923	424862.107231129	289935.501416459	127379.599805739	3138649.9746004	3752878.65141762	291038.290728922	33706216.0412441	71921.7202102662	5332102.60340803	1524295.77770332	1419069.27991445	1966897.64342763
"252R"	444058.881704549	164709.351624034	4035352.91461349	174435.879958135	3760459.1550626	1518831.71082897	446445.015216097	77457.0370754271	2010602.27958614	475802.282766212	99580.6725833974	447101.364961448	847876.466145096	1668971.77680196	53621.9572341994	4977310.81929943	3835510.36201387	302903.16750234	8382360.63542468	1022680.42074245	806988.718489349	4536884.26104207	783154.606529262	327127.275349764	1022089.41899596	661315.856985231	4873555.17923928	303192.844709922	768119.270792095	1229342.77003917	770061.779653839	17986817.6053746	6215691.31330415	761064.373357317	1388300.29997129	218923.856764238	2307066.50123338	46706636.3065366	790254.381435182	102242.472392339
"253S"	288778.853743465	2483916.60015189	62187129.1823204	24145.7061961023	543554.676687935	2627265.73043495	2666570.6500064	140477.367601355	336782.257896771	6888994.8747654	114353.696785203	684631.139293804	128065.940542927	763272.093023603	23046.5276814384	388464.502268736	439905.029015437	17393788.4645126	12613244.5042088	103980.583970069	17901330.0307347	267157.418310051	592034.403484615	1509832.67953229	7574.39596599638	949376.110929955	111952958.396527	223089.453998399	400637.403035628	22561215.9875939	13808951.0057032	5129611.67630754	2052021.44045364	3159911.5039776	6675752.23807951	47946.4442268613	592597.209542462	5220619.76720792	2401279.21365091	1940149.8876786
"254T"	2293392.6149486	291480.898755804	244963.67986003	4958.02389869444	2748828.00855122	8949403.03001303	296042.887194057	4505103.22533428	25676.6064430313	811040.708412188	298323.315822964	8672611.57025149	3691985.15068232	230835.747173264	77340.7320571297	145883.583611176	2099245.55451549	212420.213741483	1704056.64163964	530548.545358825	155633.812431169	613817.664324696	1408195.52290523	5674575.97258852	238345.00090968	242359.278285308	44406932.2086886	629406.481082218	22254.5659826154	9063720.85937806	3957685.18225904	6425516.34473724	18106778.0998724	1760919.67725651	9326804.85737836	211653.675726286	6338305.72511684	6632469.97187953	590408.430466471	496130.986315569
"255U"	13895514.6492221	37757.6881967173	17573397.0651119	117892.626628209	295604.941658673	373102.365946323	592596.222605296	1941514.00142213	1178625.70753936	559848.243959931	147194.626525306	1783499.82127017	7758595.08491653	5018720.92050225	194180.908505745	1317048.42540284	304507.178048309	15770135.7437593	548581.701781165	24041.2513005649	168692.164101932	2942997.52483734	918902.056837374	151184.645950632	502156.453239388	7478258.53741715	53664356.6660342	168619.125914567	692750.038843393	821478.457798125	278389.493707246	20979354.8563014	244651.858500827	282682.126935463	3527710.42833328	341375.819757505	1019021.08480846	50362580.8271069	64394.5234732937	198102.299492971
"256V"	21997367.7580285	2833379.65236112	441615.062577946	14881.7812925966	416060.034110697	446259.447503099	178517.249744194	134251.350829994	567739.472343266	1625136.25808373	294781.089243259	35933151.9757838	5902587.73762134	87616.5767009132	1184230.4902353	410798.736344785	262089.617275647	524896.502603543	672956.816736582	541707.092383465	1091945.81229371	69363.3640205355	1127229.64204026	9131567.41646025	765246.228602946	35440395.9607058	11269374.5450381	548484.360688739	5739578.20656696	478614.443534093	867792.747512214	22924068.6109969	6003321.38270592	580774.106759081	212516051.831532	79154.7551405734	1865705.96972407	15763471.2984733	249934.144151383	691500.672681697
"257W"	85162.2051564611	62821.7478300207	1080941.58302263	560631.070142327	499922.955485901	1393653.22534445	161522.557339545	428564.447264318	185970.687040569	1074742.75959891	82272.0367745895	716831.9695733	272037.595263386	800109.891182012	1501457.28870659	13062762.308672	673298.160192906	16459716.1946112	12188721.0648643	483176.08095412	184249.676435127	8973421.89244908	133160.07150457	5051914.27262713	181971.097967769	2511030.7812066	296359686.289488	2574857.25446659	9071.46649619092	78065.3308402182	1322181.07979364	32636537.6425909	24305907.9001797	681089.290051234	6168335.8807369	71418.9316339985	1944334.7462032	68930931.7870678	392742.301784676	144191.817595313
"258X"	339803.429391782	3214945.56082794	7316159.02161742	92350.4823707371	99524.4674280005	1598698.25005974	62857.5414005468	1602676.3759613	156636.154551318	1576431.93795756	616070.374815172	237911.567411494	1431070.60226941	96871.3593938097	182451.717715897	204883.605560843	290779.594836197	1035623.09030725	189942.153032234	1633060.90425121	2333333.01262548	846833.830494142	180997.094638337	820425.634912603	214572.137483334	665116.753442812	110213605.814221	3193462.21778098	67581.9607552506	955868.708235078	2250130.13914527	79248420.5211904	1103827.20118985	229739.789645897	2582844.83693965	1030675.55672647	28584420.5902694	38244033.7312833	1703033.89887301	484117.86135579
"259Y"	195662.334014615	574591.813191699	118256788.631213	417392.443130382	994438.340990085	2413664.34827133	234036.365850797	470732.881675566	91225.4179801035	2320154.81488842	269828.127902796	457724.644717618	2327068.74070779	1133520.19845284	215331.24087485	1159937.77942421	713414.997354133	1327395.75316769	717845.766533371	206713.387078188	267280.714979262	157454.214253739	350176.30798735	2582956.64794726	144552.773450304	17141696.3147138	256476207.594331	1088361.68116872	78035.1409544725	1848640.60940225	389816.986289833	5623750.13043175	4970651.33664645	216500.36156788	57661366.4783481	492804.368379261	5506740.22069984	13372796.2087759	10923039.5037189	388976.565984383
"260Z"	52008.953407027	169112.663329631	5301403.7475379	42247.9663103835	32925.2429105163	2567801.33916122	174467.717067184	5388517.31761115	355801.126669299	126667.844301464	202715.292595799	7405680.8272141	1691761.8693753	4979953.40635724	171091.98865887	2548381.6062946	1062349.33154026	7148406.76614575	755291.506480061	499042.05125417	747351.005036771	93367.851889263	1951933.60833138	8588537.78883168	158814.19285702	2376026.51426423	128722399.937725	1492554.937103	2071040.52803464	2254054.3602859	762570.599604134	6138428.83730809	4069585.17613495	93010.8680135284	8802895.97083354	94819.8325979036	7603024.14592057	140922808.34535	5438020.84395884	75149.7983177143
"261A"	908958.828622437	56994.5039215132	924563.750460257	43413.3621258261	1263509.3805097	1136349.23372046	374946.400616995	483145.107725847	24449.6228667584	9219219.69147501	46765.7161333165	816945.653379515	48925.9168954074	1570260.03058288	14981.8297797462	2484196.42575786	28131198.0140375	3660013.69179558	8128773.87018074	2064598.93731884	487066.091164666	1148558.63401789	115719.999477004	1589269.77061569	1567759.21142764	379223.351825842	139440487.178508	101964.804541855	263482.831690745	5366054.96109474	1762790.1982085	14955138.7348571	778973.375628075	59598.1099303745	64479106.3828993	171990.104415485	749505.958224419	4809591.92806496	8089741.49938099	511554.15099822
"262B"	1236276.72992818	295909.945550397	15831703.939025	6652.8388054414	405672.890964235	557048.925185537	118244.726752811	1262856.12673798	69925.1195173367	178455.649728133	191991.170365804	5937098.10035644	109040.930313468	768290.012577762	8886.17261174979	150344.767531228	8388322.74610774	3232748.6986727	296489.192639322	363044.732568832	327387.932931642	540517.054401494	1877090.9027358	14717832.8612513	14313.8869722069	12596922.2991458	67578594.071016	91158.8377199767	23816.6129735504	160740.582764544	1369395.68966497	14147450.1605164	3653041.92714145	60194.9154384199	6911409.68949447	298760.921933429	813559.846959138	7368127.74278134	328454.971170692	16409.9457271525
"263C"	26589214.5150088	19554.6980585099	7809332.8908796	34860.0028971275	469980.157291572	274929.36321088	2668868.05165046	114500.203749512	69470.1059149151	748450.689219339	1579454.62924579	1045827.05248065	1559867.78770801	1896227.43715825	104563.91887319	515295.847804392	5521996.83886277	4529547.64403749	238643.269330246	37188.5915107109	11705853.2193846	2114776.16946608	217491.92168775	3376879.08978062	562833.048179192	223188.495033518	154367554.045748	233310.993695181	117946.083503734	3567666.5593259	3279198.92654034	14118897.5202731	618786.548284216	116907.870537366	9456192.8232631	319514.862726977	1228856.24534551	26755637.8871146	224080.425690137	77462.8614685453
"264D"	168977.712587095	630145.493340381	787399.979195022	2395.18345088141	85755.609311809	227866.564164923	106917.044436084	398498.945435973	37435.9596295323	638242.692609693	257694.990226485	411755.521279947	2892075.15260566	1357468.50388959	50206.3557200673	812951.691842735	1534429.58236306	1236668.23517043	1339271.46253834	177068.833973698	394941.936160589	172098.924627255	332851.944037729	559895.011891924	568502.95448925	442407.351309724	16968798.7839156	822738.917463261	184825.217745633	306154.43691703	5175270.89390328	15243495.6179328	580455.972309552	924308.708829808	17221171.4791983	104402.61564763	421485.685127049	5479651.57422361	195830.255212978	3902001.16951295
"265E"	2379646.32274789	18728.3475402268	1974674.35881986	221362.183521034	768695.123549679	1359955.16148334	319621.491817664	345063.111964822	62716.9810955715	4239376.89753087	213230.052059591	3804661.63321266	1759524.24434307	2960193.94602151	54940.0743025831	1040680.94340478	2598662.84089058	614444.791396603	6675330.22680782	367982.030199918	299981.04617591	682727.964129803	121214.732587226	2151982.51225248	313249.179075973	3140473.2610461	11210724.9438671	3878685.97039479	17174.0469619049	1605490.72506796	835734.842982079	13711265.1032835	730425.423708045	790237.620936765	7490722.70168444	20683.6033397565	292959.447445214	3268830.76309631	2337655.21455813	101263.795636437
"266F"	4011173.17286851	128763.282673869	228307.357001747	255731.389896077	11444922.2329314	1148257.3864752	758764.808828915	505922.327763474	183224.282654388	242667.37602769	27910.7698536412	2672288.07388069	6687160.09542322	139682.061226636	85639.4694718507	318710.658837863	2245497.69675047	7096205.56150833	715322.269947641	1699006.94472677	323727.471710093	4586504.68832331	2060237.94332509	2573669.26793163	534640.570818216	13895652.8035625	102220749.266549	796884.794435491	135008.851299442	2524324.65380022	1562820.13860634	10408675.7395824	1952043.07919758	66440.1646494925	11646733.9585036	60262.8752037061	2188113.41613452	41982297.5867333	1491111.00183375	552550.194143797
"267G"	52598.4881179858	126661.278422871	1053933.62098919	2600.59178951418	4062071.78232208	6714464.47336317	225388.550502541	257813.290340482	167410.74679514	1103222.05111949	1276902.11640648	1624241.10945402	67283.0851574297	9889923.19641552	76119.5244878461	460091.721687222	315537.094725666	24054980.1582747	2338470.38234894	158951.209563742	5414417.4798558	520966.15881495	199863.3319145	1213669.18015056	363773.268347013	624515.031618939	26327701.8104491	1098481.35077887	66613.241388861	1176135.61723157	622608.200944036	10850846.2554133	1088031.6800758	810901.858560978	2042042.26941806	258637.038968541	44151976.0738542	3650459.23753086	5391490.40410396	96310.2663261939
"268H"	2269342.73982615	200285.953348903	6524281.26494115	53088.710144988	228426.603962456	994079.762335932	946268.120729594	599959.979009987	187965.65290537	8133530.92494985	2416035.7008965	6587156.12457159	384478.542817835	264196.674643654	16134.95223567	7643323.33291228	40825.9010535183	2786602.16573637	8278859.75061997	260534.160577663	258366.969703702	5832251.91546595	11262.7534448283	4144556.21824153	92023.0437968636	132522.615852428	72690884.3954447	668665.421937496	104471.035091142	30405780.9171561	3567693.46440814	16248815.7058157	574693.224305274	863264.774061681	11952588.3868373	655041.031083262	3966664.55839224	17999571.0044515	993615.939386294	262026.217364295
"269I"	678024.332735019	276039.667577113	13587549.3587889	21194.0593664412	133042.431895544	50683051.5024663	6190409.43559601	408067.151451172	92414.887786564	274469.043794815	26446.7781359799	7276710.89765779	1024655.21259731	1191790.95590296	58215.4315461376	457589.127427861	60434.0424114695	24473213.0421658	202284.8316712	576261.494640405	5452260.95752926	669968.825205941	161025.179137467	2750686.33983906	624555.869121502	424186.342455307	154092512.588189	764196.568197931	321524.84425794	2059820.3553268	92954.9700763097	63852265.3308242	1379219.87506567	998181.758017637	91415785.4257791	277189.976977123	10311200.7487597	6103978.83188534	254557.547411472	557058.441073445
"270J"	380539.293312086	3744344.43642844	323131.835909837	51554.7315333712	463429.95852949	33695388.1329691	174795.081390757	1681806.98006298	54799.8913796957	949235.332764642	856378.732137934	1084451.40243098	158000.752675456	860492.135860483	96151.6852210595	1055004.21646618	1090923.40754239	3012364.44926236	24509929.0787969	58400.7744960464	257479.523058852	1039754.5364367	2896496.04632797	429750.029700214	107365.218453658	3456383.73377115	124300788.70255	1113135.58333466	31721.5959174759	303285.05890765	1550041.52374337	23136647.8356872	6194100.90268749	314471.978359957	35230176.1891366	989678.206477268	2138375.6387538	4946639.362532	61742.1924630245	1294136.30278872
"271K"	392400.157937512	122443.05244935	102035.694892982	13138.9835570132	3606333.25786824	1531623.22643389	10890.8960483778	10585975.1467248	106319.836380282	3280899.11963501	780877.053340117	493599.845843384	3951728.63539356	3656368.379123	153127.457100544	1887599.06014693	4228121.68705519	8292511.18331743	1693586.10433942	389300.746318483	33083.781681654	165057.09340291	2302798.32233125	1501466.7009119	37690.0577785702	4363659.55740592	27015690.4736873	242201.053417683	468485.848089295	9392462.24122388	482844.574231644	2084044.01489756	6496456.84832431	175692.259735198	64352365.7018482	20406.1842494089	705700.479168579	13402429.1274724	2100786.72639497	72513.8887502913
"272L"	97148.6294906883	171583.248436993	5243670.58853575	21384.549573687	89208.6858646393	1723204.76022331	741054.344668758	169403.932751609	499833.950390911	80342.326339388	168297.145694674	1075804.76131232	388800.967016275	12240.9360938568	131391.246597519	188305.097235338	838256.890017941	3886542.28283483	247553.360872951	581695.35592437	7020160.9925553	2243043.76022812	301154.400118475	13132082.7136492	459220.701158699	5969400.11564663	1214850.85257728	6547876.6861866	177374.939715698	966753.253399593	178251.617078265	9359339.95019531	14072997.2713475	800599.344048145	17594422.2219685	365240.856077188	299408.717122864	24299704.3159677	136637.259057404	637807.232623132
"273M"	13237935.9747615	87392.5865596749	5570469.65017562	26921.1062035671	166285.75341045	151468362.387915	1264523.67125734	5666460.50442447	26262.9442015942	712743.832208509	779052.513314114	807083.751758558	1788506.69165305	132252.20311412	365837.656645081	1467983.61464576	149439.328897064	2224558.0852073	1443075.40832043	7047058.73799187	239747.749229773	1254999.78889027	7270273.89689393	356468.650129164	195167.708114824	1232692.6218689	45324437.3760225	167927.840860772	170544.852562396	48342245.2917468	1955428.64544159	12813361.2037653	2599090.20386178	1453176.73149493	29700140.6417981	94328.5277127801	983721.190689003	5716503.30533468	8064019.71315126	2718196.33826757
"274N"	105854.743804032	203338.394627764	5370085.59147575	181263.52885263	70003.8219344764	3242235.10039248	82204.3301741768	301082.602215231	352339.549549279	335561.654594705	39483.3470527668	617408.436914848	438729.196658015	2166244.42546704	557426.565431719	8412793.44776801	70017.9691244992	1646070.18902728	5043379.92118576	63664.2463572675	186199.844010992	2835166.67973764	643026.329451538	3840309.37505455	1006746.46150645	117782.496836338	171190403.734978	12417932.360553	425644.234401955	981707.414097391	1009297.90000293	12826002.3683336	2457133.41407988	3445245.14288989	4680958.65544439	1778071.12606528	6949766.6010266	23380929.7727495	19845.8857570397	2755420.58539954
"275O"	26159083.9467432	173821.494279287	8233986.17892426	8408.49486336316	2384329.22825021	5515983.12022278	545102.054298937	779906.213610096	227583.910720357	282305.072351076	1155713.70094581	39003.977962348	12861630.3048331	703014.152513964	34378.8198414432	1805780.25233348	307891.230754392	1763556.78594202	2001416.56486109	71682.8568664203	787518.298497472	231910.228745545	2782852.0327096	980567.352101901	286916.085298573	10928320.1804519	28487841.0960047	613167.216164159	58129.827485706	8576039.98384018	408196.3967207	5686201.89558918	8267893.74986756	9704.84147967962	30685003.4386842	28010.2312012647	2224267.77269633	38707860.6616698	1312911.04364993	511794.385521383
"276P"	2963982.10943292	82291.7182666505	3189818.72511081	1729365.46180498	350922.879894662	2192335.92261489	44234.1581747145	90349.4122932432	78447.6362455173	584271.084067665	159877.520436282	3961713.49843148	5505119.97101859	8783828.79464709	150609.730625107	4772158.24532242	1587894.89068672	13869824.766271	298381.973744517	38503.1074115985	2892143.9116753	340809.337450753	469999.528003758	2988127.53054133	86896.2701771034	327030.757434041	60039757.5840972	2103671.41731196	1172136.79981663	13134261.6701385	245812.730180844	19599356.3361469	740259.995934483	173634.248198123	19348221.9896683	55210.7441629321	10947520.6344673	3009617.63243739	1233646.38892729	100205.956232209
"277Q"	368446.306188505	120738.692182129	1628786.46156349	10027.9024618421	758029.749749644	367749.100206385	141961.364400731	397303.129712478	241237.213460114	770642.73315835	1090854.43716805	4043611.99901341	703011.702554319	967622.888127211	8778.85109684411	5825119.57714302	1679790.18473331	4811251.61212437	3191421.93398128	971615.7120812	2396561.73383481	2833590.25091605	92277.3724150576	195011.46732137	124564.899606474	4178674.48585778	21583669.4261683	115086.585936907	44172.5012614804	3767208.19387434	1360787.23474927	9155568.95155259	21044861.1967938	568432.710145304	3985258.92730008	185002.219719861	881836.84775438	8909640.45963885	1499040.14262752	143038.673471666
"278R"	601097.304718807	46854.1915917054	1187199.56259848	50107.6893856555	491203.632061302	3448875.45772967	87778.7697805565	803194.507700867	26215.5279290678	1318254.34644393	19307.5927953854	5659886.15503184	741878.807346541	49724.3131186417	197744.098462562	330826.680782235	2383505.78819058	7940688.09597752	1554740.9321594	567601.341018445	927018.706697459	1225864.65594893	461377.791650201	712305.100228574	150882.454855076	19083874.5776595	491668308.662916	500701.519185608	89522.4013379121	9308146.30899497	7717507.04329936	2097963.14831475	1815269.93916179	592062.165596839	7868826.49546163	198615.828656819	4587325.82833872	679443.311194721	422145.31071571	691771.708407618
"279S"	3725699.45642812	538561.573596691	9120323.88196435	47195.4011985064	456420.143239202	1735571.64880489	636058.882345841	235009.394441828	179091.156681262	632721.975624854	149975.416941677	4904024.42835153	291300.695335896	282013.360944848	190973.577157215	2182355.23595104	5333139.14122917	1546870.32121236	5310737.82336972	144975.929381524	3568076.06866526	1147629.42726875	2965888.38273351	910438.581254279	232956.116041203	2239226.46242973	8068809.27007215	45017.3471491695	117793.556337395	4169485.79235915	447953.370598221	12416697.5122622	945442.314758441	621916.974617577	69178327.6736074	124569.334214467	5910619.66080285	4347705.68615619	336406.429796545	153036.186557262
"280T"	1474212.80443762	25169.0935236826	3546521.3941794	22555.7325813044	180787.906238227	33940682.7934053	47887.5080911101	188520.866970401	671830.772596396	101185.286889173	48024.9209466607	45724177.6289215	633278.934698681	1729554.28803736	20432.3598428884	105318.889268934	1222119.53380702	428567.271872865	2653133.21136866	546313.163827691	39527.0815374768	189097.497076964	603252.743518064	375705.340773579	237853.516679094	5057083.13994757	80325567.5139551	1548426.37496315	829533.637838244	223611.149238848	5570367.76156604	1165754.92468995	753002.731807203	164671.794689829	406971.20974285	309440.521141098	4342723.56791698	151251560.500488	987973.976905836	920433.501515916
"281U"	2520024.08021758	176039.804293274	2699032.24686248	109660.478246558	59998.2832152749	3132572.15938013	189812.912883361	284968.619716962	389026.510834576	2698477.90783642	122000.264942043	647837.411902539	250777.12284759	515095.373623486	54327.5106050377	1056003.61864098	193089.508618732	3326941.96681819	449798.539329944	391097.521785368	925809.900812481	10963804.3041807	116773.582104288	1456085.98994564	98633.83886067	970813.566800938	30117442.5222068	203273.951875901	387668.934035457	447234.638640598	480024.030035054	46146328.0978002	450085.419949637	156611.484656069	43726493.87354	434408.370021803	505737.120988077	207183831.365585	874531.860958335	362834.841376813
"282V"	1613706.20999192	3728456.37467003	12315706.1463286	252658.542808483	62263.4348568039	4571413.95926483	12094.1905207277	76227.7427038136	39427.3611877742	2170575.93714875	155724.864544573	3221301.11451341	157549.491585014	115936.507099865	831154.978353814	119232.619257383	488556.360668398	1383364.57818142	1229650.92786547	76608.7539954472	812594.041748847	1024986.19507519	3310976.60615393	1675461.48882114	1193927.22801953	1087291.76123923	293708628.307357	1630212.45739145	81196.7840210577	39592801.1630751	4395072.69893098	1795826.94663204	3242221.8031841	591658.134088285	5829890.00483531	18824.7459418786	10638124.2601914	2229755.59041468	1544062.29450522	2441585.90077391
"283W"	139338.926003656	16465.7259480188	949380.853579222	8422.29318908134	307211.714594107	1000027.62545402	11665.7695255309	1997478.90237632	176868.262161783	408772.712806041	67061.9155017013	207764.557482463	12062679.5804837	381583.358083249	291701.533504614	42643766.8427137	3907184.05249792	2595662.62748649	22724692.9456003	2523066.5014913	1343806.17129231	3551855.58824765	498775.113928516	110005.514166591	1644702.68815841	36138655.9021969	23664810.3266358	2140370.86272483	67776.916920565	6553395.775696	3669065.49018644	3085099.80474098	3810063.16162865	257009.282134151	299375552.906018	8141119.65347624	96050478.3124998	5628496.96528726	3234687.55558616	196739.80056494
"284X"	507934.684732649	135726.738149739	23870517.7123125	11463.6768246425	718583.027224849	25138522.3793043	93522.451358493	13620791.8006168	76365.6942214257	727000.578581997	296751.177687904	2018624.97555842	2125636.28159287	2716895.38418577	205638.34644525	2045545.79975386	3968505.1781773	11778566.8629584	7039465.36547258	50566.0521015924	785701.431922961	2349024.21496407	247838.904782645	508900.144527119	1037646.49407052	16147441.1608616	107322073.476931	418000.417239589	121628.417805356	540053.889970395	1671571.3608746	2742126.68936242	500385.757198798	483156.196341974	15516921.7639062	140164.229878895	5851432.59340582	4027917.00286993	1572314.79940068	360581.460854539
"285Y"	388794.523408889	172184.779460788	3060657.5284775	196437.643836477	949737.539736895	17222345.6041856	220743.539467324	5120897.94349484	673801.551682588	915557.203364181	513373.886533023	17140547.712243	4447582.09483116	572676.838431074	109966.833054945	825543.509931535	166067.183897932	4182585.712548	1156674.40340901	449623.172475727	5349025.43258375	617767.04185718	116311.315918412	5073008.41758086	372099.286952703	473008.159940036	230271593.076981	2016109.14521891	46071.2083141065	5107643.44251852	33459211.6155355	5010240.57909873	10831462.2343077	437531.765263842	58739388.7853178	102234.825122919	18482896.3916768	18000955.7735141	1523056.38660305	1156729.93168224
"286Z"	210785.751245663	3372065.80029844	3869224.02660553	243617.686003152	1491888.5923527	1085097.57841296	580702.090974582	1289283.33503014	176321.002760795	742310.500103417	576603.245604969	532232.920173768	4197090.99827175	299387.463307693	164033.297435355	378432.793359605	1891596.82662435	15273967.2186315	1138123.36592133	267163.490862399	165190.47604832	1459104.10457361	881497.151343952	4508880.22397347	67837.4882458493	1917756.48403991	82107520.7988453	2200779.98956761	330837.711463003	2888253.5303899	732093.008593421	6183408.11939262	12296462.4578565	213548.521736998	49543976.4952001	177030.482663646	401375.579560948	28024019.3456767	238123.925510846	222327.484048258
"287A"	3390568.06394444	10179.7093150243	9756877.44604153	37544.5983147304	553173.03407048	549887.217568734	174480.998505087	62004.6968557068	211534.631975683	119919.043277896	133814.947903957	1089794.4857196	281386.442857514	290708.143492663	1557755.35904188	2214143.64836468	452375.576700742	434483.457739694	510002.639597961	97560.1642836778	3331778.89040236	6360790.12408411	834750.283317688	6390136.38098953	1513292.37859633	20305766.5449413	178820319.039992	799008.063391678	76258.1092529699	3262027.42823759	362991.772919147	85610250.4520452	3923381.92813184	862113.498134886	4615108.39572737	1858681.39159039	6969182.91888045	2554642.71542097	623987.907922399	385465.168579572
"288B"	1776963.03129117	2213711.05427269	4807956.81375269	7435.40205163369	5717593.06901037	1787800.35094668	16438.284810978	1086033.86995546	39143.4422706835	5715864.68408109	573418.711902083	4306509.6619811	2595952.98456589	261061.690454685	36890.6635095408	2382207.68887188	1279561.15731909	2922927.12726346	270661.171227128	1639286.43292049	151208.149489346	394783.010363767	4560637.23342681	2291761.11108295	767223.353030362	5455704.69189237	5066781.20570962	1576675.74821794	991372.006901516	7874063.46793553	1532723.36457521	29522772.3659832	8366765.65176802	742354.476329942	10724428.2581535	355364.053565771	2610959.27883265	7072472.86770251	1853638.33394224	1476321.71667094
"289C"	1123013.51545785	30626.9875398432	13580288.3230071	37738.2975094323	695796.500445183	2379396.10303654	157695.069937649	1184188.57560412	131291.5685818	862908.84994152	353461.01607302	11377201.7298941	2142298.44952443	638866.942219938	186186.026031834	712844.006167098	1368293.31833209	2242007.80317129	1614261.30068726	1256016.33174373	4185606.65534084	2634038.84355444	398339.800573638	504377.977064681	1823187.88486517	495115.051570967	217659617.20524	583703.96698503	313902.02230538	494883.351646019	1610188.92489807	568022.274997189	2318548.95347871	3265617.87003081	958685.909490145	528622.687904838	2013892.33592257	822739.678313363	299385.493823311	209072.494147263
"290D"	8998949.78695491	108541.266212355	353643.49285577	15567.0832443694	2217337.3406754	26189285.2595373	374438.228793911	3284819.59252608	13197.5117222168	34116.0043498379	55159.6778036522	902680.768596826	1476984.45970645	37770.0365941017	279314.003909097	393725.550683906	535579.358936822	563301.306944405	1070638.78730424	201275.035976077	1446509.00636112	545905.871987163	1245649.93318664	648779.990701832	162459.655168377	2509661.45650702	40184412.7415777	943739.421386868	645975.40148425	762441.625758216	95984.8219136559	8278080.76771872	5958371.38478056	26811.8485622577	3155398.56048989	36489.3158180056	1406840.58123145	21704660.5095232	3356456.27184075	1998758.89488302
"291E"	802840.170719164	2514121.83893651	9906086.59895385	81256.6576272565	2654802.31048732	16722594.5061191	57084.1620077849	4086717.66135355	396222.329845303	746464.00259481	958711.745777908	40808908.7487349	1093726.193907	5421057.04064825	22441.4591595721	1671265.80096764	1632648.48884619	4527920.34725906	93332287.951667	306148.860702051	210403.61331385	4121222.6682879	155088.182534018	8788018.45002402	737191.44083864	14866606.1292443	8472851.18409538	1183173.58171152	218936.955684077	4922932.83786649	5700804.22678483	5635909.27250912	6225866.05813976	1125902.78257121	2774403.70784902	1043032.89891826	1134699.04471607	16056411.869771	2729182.36208883	276007.266077856
"292F"	16868607.6256368	98911.396013108	5274328.58928925	27551.504774632	785853.165875763	3642012.66250457	57974.9888286001	1056636.84037655	77671.9830489216	1191817.07077967	134723.013251983	2048376.64717949	117192.148616566	882986.987312291	2972188.90714426	90552.669314234	644613.83956215	134079.426741812	1806042.38271937	1668869.20625615	490682.158858765	2192915.35838887	454813.08531935	4553458.31623909	949348.934770057	1926355.37505858	65003036.1651788	61280.5628486933	122541.463278143	844706.126822284	654156.519093685	23837722.9576029	1657261.83357079	60550.5665531439	43201124.8398537	528071.468260364	11557635.3128401	3064083.58905863	97112.8829797197	51593.1816640311
"293G"	971197.765005651	112103.823789139	3224177.02885049	36146.3651543692	830645.351517073	1994137.37250175	472535.264810624	9970329.4978385	57909.6662846388	449363.724694107	168669.12748929	2791616.97966092	1280361.3135235	1787948.07803416	104259.282830611	1840535.05278362	2586924.42782341	3764071.26445026	4380979.37039898	68774.0394800958	992040.290346682	1578953.06218445	65494.4710996911	498830.742875953	130535.917070515	8611383.23025995	7553829.13545624	13700996.0122085	74518.4012918304	439597.901691907	191794.791071191	458128.400265567	180069.762433846	1070986.44286217	1841039.62544758	107628.699975858	315728.3170941	16407030.763348	1234073.89769952	472440.727696608
"294H"	415543.918341989	66394.9485241415	2347329.77147626	262350.631837229	408976.233256946	2851150.02111324	27813.7291777555	1728221.92383627	56362.0964110471	583583.451765549	469253.101601016	6516842.00353265	4832251.16003092	1355361.23852678	20179.6288488903	2664665.49184227	335297.582334987	30045980.4497002	3326895.29732153	1315537.44609324	544844.959854317	774712.855925366	795136.303488859	4637988.12433598	294496.452435243	3198054.04710119	144543809.428847	452594.483198427	197593.90092939	3872848.42661092	2655591.96495464	7346061.91457025	3232953.98502522	34656.794585604	3232011.91810027	311552.518185669	7411867.06368958	33544517.8600973	483254.678479045	608211.751497957
"295I"	8073687.47509154	48566.8016384252	703904.451969696	13050.0119350273	24437.7002588924	6815825.31685524	621190.102418361	1264312.49914095	150984.886742246	2741882.93129015	41222.467649994	575440.569053963	9606677.38508025	425703.229561916	15493.0399836378	288179.788541706	869237.678961516	5015775.22295236	991536.092455883	368464.07625181	902852.374238018	22321.7194647707	1549127.78770285	2000628.4722531	340570.856141446	2406734.88794411	30152570.3269625	486742.497255842	106498.02252801	5326529.58683387	3361626.18269626	44261939.8312135	613414.967354392	23336.9386811087	1065541.45740091	29775.1732935294	2685218.41598593	17112441.6166793	17147.0004157949	326522.633484399
"296J"	1279425.97431783	259170.899320736	5482424.31446867	3662.787766851	83197.3161667906	4570342.40236434	178163.847748253	33970.8530876327	109416.71847799	677864.306012545	113509.617521576	1927082.9470974	61160.8736083932	542299.334653772	101211.270571797	4035825.24184237	5927609.22084245	8375684.63642906	4898105.06620474	502673.411287395	93482.7910712288	64502.4485305786	4142480.43882518	2246675.64207898	36016.1828359256	772887.07765427	4266122.63066733	659302.645454412	192664.456942358	4071656.71310272	32556553.8794792	5043935.33474434	356477.320279767	1593561.11787846	14312691.7354392	632347.231225217	3013279.48704241	819323.247413303	3099882.40612782	392372.8624732
"297K"	30053223.2023805	261508.724321417	3674124.74885515	329506.352880774	872598.620281556	1967208.37342294	1096666.69723841	342417.205577818	338493.989956688	21823594.6776497	227390.785386033	12765808.2919484	4367598.11010557	128143.171110547	459599.868622434	881823.165421405	186507.350561864	104761187.608885	1204504.81221608	259762.420225148	96646.9684199346	47528.5962020362	5748953.84077688	6280680.39557843	439223.026576513	34994819.3784713	14836608.2798135	84429.384132044	266742.464237586	3106177.02348529	16239110.4265418	17800493.402691	16200717.361273	660786.626312217	7551236.13782754	28145.0584139543	3720936.90492067	13034297.4233195	2375340.74887515	1531149.74202059
"298L"	2333451.99199511	44437.5476168504	36001628.8112951	217855.038097698	553844.547877819	8191567.88447901	636614.678867444	213276.745844571	193927.420439735	682980.638634345	91622.262133591	3325557.89970932	22416319.2515381	797848.327367979	521416.224121855	6617348.82734083	11192212.4774914	5612074.23006244	6078305.38234166	894977.462624037	893278.300970737	43847.4480406729	159354.360496743	2010427.06060539	310779.224308807	1225625.64057872	106741814.902012	189160.769232273	1127507.28577218	8073375.57324841	443865.771050613	5379706.81186787	8887341.60881927	754299.562036812	38259696.9967556	1655002.51411521	5660252.82392745	64160845.1222648	4915179.81062925	479727.756519413
"299M"	206991.708012734	380837.830282381	2145434.32642682	55388.3138259189	339515.375587841	2737526.47514331	1121077.92869615	13100035.4461342	123740.949360953	1402184.48134765	198869.775357978	13944830.9142677	778594.172934021	485314.472203572	156150.442178221	854881.358236923	6660458.68612234	1255754.14664483	396636.02503139	131757.683134098	236475.848918804	1997089.46939564	2195173.83089115	44973876.3143309	42342.5733023622	549487.064321907	523961388.939583	1840027.66988398	125558.705646379	942361.530450744	145831.218805357	1059221.17362101	2192223.24831956	60242.6463695358	98852621.4533989	164059.861671167	3004278.88762819	27969260.4012222	4672271.36365363	2057841.63992833
"300N"	542299.757912439	82122.3902127367	1167035.21978538	53481.6555758015	2499273.12595628	27708424.6896176	287737.709277529	1443950.81602646	288651.111502321	501692.752916376	2013244.96985644	15565151.3906505	55780.5058341837	626455.008329792	964656.989391641	165350.121686377	811837.662213037	15904170.4841016	199080.182566093	510449.194928644	435560.182003794	843904.521395499	54334.9019152556	1307917.29949296	66888.1650175858	1405389.22006641	104271001.50563	811980.775436599	581995.935272767	1614628.57705304	1110863.52007349	30287517.3792806	716562.305821748	71702.7362599807	14972030.8228702	34001.6948121282	793928.586746214	3278605.03201183	326181.063018843	485193.515373928
"301O"	1598683.87792244	156238.33785794	1187919.03655722	65007.8358112539	192004.615842857	2928162.98007971	106255.699450694	2690909.56217037	47840.3204089067	51502.5881354681	1116779.85188916	12516708.8526076	2071875.61545438	265172.749158707	56685.7445066435	949953.05157694	220464.110741059	7213776.77766819	11492.0022302338	263069.333555153	1571160.56218038	71320.8931692333	115939.814672265	4109297.32867855	188897.217666874	672005.675654324	30316491.9777059	981193.728774508	873146.445378728	641394.511292527	1668791.49370745	26395682.904417	4442015.78363928	30236.063331721	35963390.457046	38941.7597565484	8520318.10198867	28202296.7361284	211074.600269987	1433080.54949923
"302P"	276820.843444131	559239.822825639	348514.75749324	169943.760988983	49971.2304012475	5291915.65444017	192664.361218396	2329240.71325045	69688.7992305115	384695.22444346	103858.1824881	311447.88579251	5849809.91862992	3819643.46350973	93239.3880016509	449728.460695628	965003.722684994	8986853.76074217	149019.020812498	216146.901689078	189763.566660702	142009.573259391	122366.122342979	260116.573997936	156834.115379219	1898275.21397056	29940188.4270832	869529.939814756	390165.059222572	2626215.5227822	200423.616925376	44904115.9571548	6707109.79129181	823238.535127042	29129305.6475967	309094.563663528	9223500.52881827	6278065.78150392	2255159.0765873	255244.738260717
"303Q"	3291480.68573196	100198.080226229	2744289.59713023	74954.6150685039	1052946.24913203	539843.427762648	1393869.95548241	1091829.57848609	446847.31981432	1244007.14474024	837420.848497051	667805.674558531	689952.549913483	10715022.5995261	100751.609680568	1675929.97366333	554345.11315623	3162246.61105647	128868321.950674	274757.626556407	137893.050174975	392624.46333783	9046274.36521213	70288.4622659465	968975.649284867	870854.760854298	33961446.7810386	45437.4307020094	800576.813614315	764101.912667949	1720403.87226205	7121181.99716409	4477302.81041416	297908.796304548	12969145.366319	155060.726913224	2285446.81804068	31991396.365962	392587.054461514	308481.120060717
"304R"	7629118.06778772	91883.0968689476	968086.453533814	32509.5952631675	265026.577977742	9950331.45798579	612657.596857793	181431.850629048	899110.91558291	577243.315781908	6782745.54995795	2326534.20946126	214671.7152724	755156.725854447	62728.2796027688	288888.182799338	791429.157531838	3579997.71189127	2117886.74362437	1256.64889604763	876048.156718467	319754.899059271	14960957.0399998	1996942.7808556	885652.806873098	716349.109920638	3402003.60054467	147753.356852775	75478.4118998152	806783.050620105	244656.047677833	5291198.0936154	518784.099513079	56793.5214806049	93393918.4596905	102309.522638002	3981291.13941331	8682672.8152408	35439.9475787154	1762076.14607446
"305S"	14218702.5757704	330891.979358258	9059721.92037416	49580.1601087224	89572.677903538	559344.511531631	53872.4942655717	2363200.40395611	47307.6785937714	275097.621104187	210224.235444483	1458258.80390864	1496833.27689077	278202.69731933	371845.600215174	5234669.62454039	266288.765026482	888452.521721462	454473.235429593	1510605.75041196	135334.926070962	287519.14090178	76649.9350765997	29376150.097507	10224.1867966533	5140983.44167125	57373875.9187384	106014.427344652	517217.178266238	321429.526277316	4560327.97897863	7627923.01373163	13287590.1637333	268037.53306881	80613364.2877083	97447.3899929583	2733536.04889707	2774351.87721073	1391490.95108826	779450.486966158
"306T"	1605080.62420421	2048494.39985062	6560557.18709268	64667.0393052281	138809.492021692	17710502.1495779	129627.803631488	870303.669152132	18601.3720160855	447667.29347813	256473.822110572	5436788.35916177	2287086.63900781	750768.983392373	220139.964879106	2562645.16606926	735389.752931779	543695.953736343	11717911.6889518	41496.296516539	418945.881555299	9577227.9665672	715012.754753334	1904039.89344026	135296.003170468	13660903.597165	97784540.2345914	246853.301015416	56792.2572342551	1099990.90854804	148026.220663653	146053142.314321	4871121.4129552	1273322.14191531	4546937.87182274	447896.609969514	10439632.220133	1170621.01490945	132696.623958239	363232.822754817
"307U"	145119.886485779	2175952.77738615	19308323.6557899	30352.3463402388	83887.5206626655	16297255.8325652	122656.618351324	558153.574062471	643665.681136311	742427.50843206	214609.928900929	417006.063104167	1123742.05837074	5315425.73356354	742250.835136401	165080.061733454	7405830.07530477	8595171.90135914	6359798.07409495	44979.8085246651	918885.321924348	371897.376441679	70860.9477187614	430573.736806804	574244.161043249	3526354.43492934	163164151.226424	2418959.73748823	218815.879721507	6897376.87566799	962968.294790525	5127557.54665101	805343.642903927	119031.239068483	89219413.8177058	243805.171806251	1219181.93260003	20443134.5115076	335515.154501525	55858.1169330604
"308V"	1777328.5884914	100524.428426679	1134651.18537657	885378.270166252	283069.307982981	31240101.9531306	323139.726996855	296225.921388688	1653524.50792873	1479460.68114579	100460.940601289	1140368.16176877	32043.5278159704	728507.779726353	83467.1652454584	786562.032912654	411660.13846883	3194601.81268415	151449.841516365	1376648.7349293	732201.49432482	439240.838764266	3115305.09048299	1510972.05977623	9931.30086531747	1257540.70643583	181767109.368977	5612432.30958	961189.340909549	5822152.2771665	420013.295214957	1089549.95036293	24170107.059309	1713614.99178205	46070238.6373927	14589.8514860541	21414421.9657964	10125525.4672973	178012.090412165	597552.806890441
"309W"	6285933.23650824	167521.059487367	8025938.3931487	47655.3486242293	1041523.02805895	1557265.98650602	52306.0935935986	75021.6829145634	94702.7919665772	685609.933513952	82154.7546175305	3124796.18932233	522429.162637144	2037568.22327103	23443.3504527039	1885793.44582629	1744517.64702007	1570947.4775165	5165425.96689821	889616.231036953	662648.421710498	242578.932648354	1525613.95531363	4098970.24647045	262971.892657349	2239157.10798672	65584806.9730186	118626.586569838	94912.865620822	5495905.9983555	711692.421846271	167059323.505061	4211416.70954047	4073.15676680585	104504286.542608	246388.316364173	1116765.72063677	931553.555308002	369909.653873281	157459.886317805
"310X"	2459370.88219672	16750.017764492	1746927.71970833	277656.813722066	1129350.39260196	623861.831066363	2570925.41961181	6494840.55276133	169124.651483278	2415595.41816346	79294.9218072522	3089436.44799214	2163724.33395593	191311.734490162	405499.438377858	5577011.48869981	393176.714822753	8684024.88752458	1250842.17922627	1194838.06906741	2361110.76667038	2539389.91544722	38518.7782565621	921911.567119698	36436.0940826413	4882049.72794744	34123508.528768	1103908.74935834	85761.2968949538	1102714.94562378	1563720.81025156	3646904.66001897	3707250.90390936	105945.243760369	174552964.613277	72697.6692636615	2648128.28135709	27029145.8636901	545751.34897734	256588.525702862
"311Y"	546323.761957182	154260.927793499	2372277.92620455	522203.077589787	438812.246351873	7149029.22405133	190673.463790957	3407895.70958074	19000.4290212412	782163.672864943	403179.984281824	25721023.9883441	3200163.28926529	328772.886785039	41421.7766616768	1487010.64015546	1814993.97554221	4490044.12855865	13397844.3342331	171408.028920861	487706.16393755	238213.832554855	5251946.20269017	92938.3504091836	9696064.1106388	2857634.31585756	94730251.0583756	3871067.06122964	23596.362996132	2185235.68223043	506467.322592753	4275087.60948919	1996745.84850861	1106619.44880021	9531679.54005358	76397.3591744629	4912547.1325406	76317695.7604578	1144419.35503573	684784.237862373
"312Z"	378923.531589771	228639.590658809	5074445.67551319	190803.006704995	91048.1514108547	6559294.72513855	244089.041660499	618682.061079443	91615.1107133339	106623.327160366	80134.1167665834	558767.393853893	56493.7374593929	3774942.51696094	97087.4909086259	2309712.97055319	599544.800196872	4830590.85069568	2606813.24109721	402656.907919489	193930.890542262	3643979.42165756	326970.711603467	235514.148832932	149042.133427596	8928709.98975219	25074926.5933837	376293.640337077	12639.8506437622	1284905.88024129	7219131.87337751	25075908.4584687	9513489.7499384	1446273.73744843	55757011.8306047	1426565.86251532	23640505.88631	29346516.4811079	230401.692989813	455761.483167161
"313A"	2929038.25358686	680564.571725489	2812833.06614135	10555.5147785514	1992142.29800984	40930838.6436952	1247536.93482459	7005815.57706486	23351.8573204736	768802.41925141	5288357.31995517	1279804.50716039	941158.338832299	575218.274854394	78405.0487064057	419690.520633674	5084169.73089322	2189098.61284227	738722.274541556	128030.149742878	582596.911545843	920779.962772711	1708114.81521206	1163650.82288634	3098154.64173939	1373406.39015835	38418163.332692	251409.241725156	36594.7387947078	1413043.27124079	380320.370958288	5943053.93668516	771270.607791214	113177.787862168	27128960.5795361	191475.816853089	1060984.17516973	2371814.668189	492333.592900526	114032.29733587
"314B"	7145903.30546001	526729.943553732	2457232.4196329	714052.135707784	3102189.90119136	43630815.857357	158664.180521352	438182.113046091	128046.04439729	6136336.3105521	353916.804153376	17786562.4245869	32511.7335399779	4374612.23351828	1336524.90063592	903016.093565064	3318084.91309137	15045271.4945833	2031905.461993	22564.9311152905	1232301.06450605	1388651.82035023	355518.530221634	29740425.8605842	111422.558371476	2847812.29329459	72429020.6125592	85881.6091282661	340622.199718349	1691604.55436261	1711303.87316264	336280136.418701	1863492.25106641	1374253.38268372	78499981.5943375	118200.835277802	7034124.1829254	5866373.03972825	356639.409239859	565438.042062938
"315C"	12467286.1837982	24967.3200444967	5783896.63139737	6917.85178636508	1185879.71561755	2264129.3040529	58214.8376906338	607431.889293547	108788.311895689	1572826.33870904	628875.052388957	670490.890533525	740220.382654782	1646698.28331176	104924.592977659	138021.986274176	14233257.5046667	17906048.9676483	754661.528183091	4692012.51972179	1997594.30617533	946692.041561634	1720231.46992951	1058061.18264682	832298.67129694	21520349.1318076	510207659.273571	203919.241328615	153737.477009393	599685.589845554	214463.102481164	16837195.6875876	8758705.8596459	414099.754610346	47167239.058296	464727.881249279	3052509.11495342	12148961.4675951	922585.659282809	2146961.94052942
"316D"	3148497.30534605	1511903.73112061	24484484.4043258	280482.689845199	462368.976690519	6592348.97832103	694901.263096524	1009481.37948989	552997.566178081	1653601.24829787	369541.158077099	263487.656323955	1602178.19863937	554781.776135305	164297.165410223	1243796.8294177	279900.330636386	14775580.0986236	406142.203493228	1237881.09713447	1178188.15461128	97457.7492811634	433611.64612686	1310078.1190739	40405.9959446561	1833081.13198609	430562206.227101	30910.5234082424	1137057.98993879	10521362.2984227	385337.313077339	12990357.4045344	619251.372009502	1570077.5773923	46327521.9598269	58429.5787201976	2345769.30949396	9368723.98123061	3176242.98016704	4388616.80936234
"317E"	589980.444446073	45266.4402579236	437972.503835213	99977.6054760668	70084.4667263285	30157638.2252535	78821.3448577119	295825.226278561	156690.906617266	329138.392517104	231248.410290108	3271091.99015459	2227223.83237726	1790095.95291472	58835.2388433144	57101850.0138059	926930.541486019	2061027.47609393	2510666.43937494	921576.274255582	304132.968598961	1552587.77325594	6042640.32402136	775867.178630642	32026.2935199882	1150129.80400204	9346684.18943704	180861.946307935	45039.9445232687	1512317.39233204	2726341.29254587	32139868.1769686	1084332.60559721	105300.681719623	35824033.9438765	69609.2428130793	2624688.68863094	4191509.56114676	56350.9475800656	415492.732879625
"318F"	328307.943514156	436722.307500997	17888132.2201356	46018.3570326764	734839.00127653	1688683.80446276	49922.4292695845	66941.7780733412	242750.046852109	1033545.05164328	1652649.23877923	864216.627031355	1528964.20915852	652351.620226602	167819.503583166	9941283.23551845	1753700.68637203	3084282.52992958	3986164.45553343	1965037.54027901	619210.321471131	1178588.36832461	531068.267957374	25226616.1356233	391774.406898982	2338136.41448907	16503525.3852929	5586071.64132318	109825.83119331	2568600.92152145	57069.1280544199	227898784.319371	11738449.1780652	79630.0382513401	36773839.3641672	87759.1786637188	1998655.42849474	8521533.10002163	4555451.58640208	502490.978920847
"319G"	11711313.1021097	456524.774725497	28060848.398465	43822.0982197674	502455.661926291	4434388.45800106	283787.50122978	677712.320644397	774854.971082054	816246.673752929	648473.81814154	765435.807423485	697750.605254117	677788.857687171	2235727.35702955	4369858.94932751	1485750.84881618	5722813.03212708	2790157.79692444	450408.709159627	542801.391018343	417094.177598486	613458.826840719	3437485.43046394	257444.222899072	132896199.348446	189939886.000013	265030.979315612	58529.3855024439	321944.744567821	391792.700970333	8019393.22280985	3209931.82132488	261399.921100502	8218391.53911355	78016.0532103942	701734.468448054	6516186.64057371	867999.367919115	6745716.02831074
"320H"	101507.718799403	86772.9632774363	2050921.2974087	98718.7057208539	149804.015973753	3659420.60646762	1779527.17453818	51115658.135564	148940.641255703	84653.1474610167	616947.462421735	775472.068857902	8400870.35102003	2107117.77804305	336336.232824998	16983071.0365822	101494.109333087	21266304.0260973	31649627.6298753	17677.6841712181	12008165.8390028	491370.962610295	6039133.60314279	143841.310200194	631720.345553248	999915.898238832	141331419.025182	126431.940159244	115677.999991537	9017870.80305425	1706258.96563673	188260174.244628	22122183.455254	186397.436062626	1719188.63294117	25505.5066532356	3282468.24294544	3240834.86514203	90820.7202990506	87992.6828677851
"321I"	1782066.35110374	467942.728610584	60513019.4776932	23406.2064734457	136076.400370298	3205469.80104144	910457.349146309	181135.313722434	1041523.95082679	864507.059258298	232308.682283585	1111850.19383122	533432.154172994	586109.733508997	1147963.74496058	489499.043191316	2806135.40727701	2879556.34237436	5002379.62520999	582842.397757338	3508471.48203657	616076.79833367	779081.718033477	645895.978681873	176969.388241262	2725708.06630932	189964247.735065	315959.615754638	10444.5611708485	18787270.2022564	270722.583231987	5353947.96724063	3150025.27269379	2307759.94236954	32730920.5351549	144064.116263321	1379137.84296122	3154389.90743466	479043.616741354	512173.047402326
"322J"	1205225.27087548	64923.8658241465	3868698.2308396	133697.924403827	277621.503365944	12506845.8533417	515410.235470605	1169408.00022519	84186.1408993157	369949.42446792	1894305.44438046	263151.714944742	15793879.6553939	1071615.91161444	1479366.71158317	200529.791846443	258496.050094155	4389911.38413398	668825.207763874	265965.422725862	1678479.89443974	1514245.6766778	8564334.46102023	123376.911029878	650534.342897694	4031747.17632744	51846662.3932004	112931.62572155	150000.186854329	21190533.4843599	3452502.64980979	3264979.08874227	2521949.09795649	6986615.25195717	24547418.9849975	70865.4755529736	178564.530982908	15653245.6326734	552259.222323717	26841.8516756296
"323K"	66202.3743180926	6054975.06571461	929974.314003916	183885.201265325	103108.499271541	7152400.87219399	539706.65497984	42940941.5138864	69848.1207886968	954011.431576395	272066.588669933	2046861.82778275	244345.64210684	186023.188486819	116861.322591136	429000.282835477	148873.544336458	3831371.52377378	46037221.7837575	333890.797908193	1968378.09724041	3257053.44781228	1023822.63534222	682187.551814126	1389245.96299564	28496362.1879836	562515069.136783	7361784.22000718	549247.141781169	2616048.97396088	5579477.05758775	3431092.40696084	3515879.95974583	201690.849875559	39604071.4175285	20182.8967590848	5950791.99494939	5751172.55323123	12453890.218579	887120.734099016
"324L"	14010921.3508478	167785.93400073	836138.862224187	10107.8683630531	9630711.24027901	897528.553186181	684054.228507719	463711.219538354	125172.025543207	743453.139322611	282228.282726461	522470.677495333	649210.581845554	4811929.85678959	285754.131379571	12313893.3271283	654410.591100495	242092.550716135	2855994.99371142	32709.6830293047	420204.950710574	1322851.07275773	224978.582529748	1033705.6730249	1186480.66488131	412535.546874515	74841316.1637191	438402.156714859	706606.348464005	8014999.62733215	1046186.20568756	50168342.3641034	2371600.84060435	751670.327267086	55843269.5562814	644738.066481944	2493358.76784743	74018577.6367103	1511375.8093542	263356.689456256
"325M"	322176.903100146	137215.991921507	24282014.2292992	297607.612450511	774327.34214471	348299.154488746	374899.157004789	2684444.47566234	997394.437818236	3417971.05585978	1282457.91470195	223726.047750975	1169813.41752139	1798363.3887229	9203.50949306076	946129.605672694	602809.044914306	1764639.78796327	5448771.20487329	138820.51739025	7698692.59295513	100179.906011627	1021424.99485323	14268803.4922756	26956.811740329	5566250.22907225	507048356.106911	159116.666164126	6772.11036854771	4248912.8751507	792902.392747234	8426324.42934615	4246987.45806141	113924.29560367	22033140.4348486	32177.0151449544	4125023.99441399	1559092.34530433	2705222.8185225	345746.338249853
"326N"	2550359.79939313	105849.914526333	10297010.7049309	32946.100041408	2014768.79578675	4463853.25275338	324770.010166545	1972608.27832459	6369.86448214304	1919720.135726	105444.447788841	3549928.61208882	4284128.24345381	307592.206308373	24319.2023746209	446440.184873552	93698.4729209302	625521.843961232	1430361.63466787	88676.9033449789	323959.260947094	43563.3511725042	4786418.25304801	579862.691683052	105506.153552995	22072148.4171227	33018286.3644352	219663.973026984	107998.757845946	213584.220399367	4759455.37256045	13850918.3170603	7158119.867118	593303.2054738	140481591.837264	803266.000772124	2146697.76700588	3975678.63212854	2281603.92602539	386539.6060192
"327O"	1584376.04371113	1222202.52984351	7517336.49622799	85220.2510831145	111429.841293042	40149986.9678001	360828.075462695	11396032.9796241	129618.477812344	4623482.53806987	1636332.74574227	1095868.24882026	5455448.27689035	978554.243871144	84791.9220855357	5833545.1010155	2509162.85501382	4341591.17741383	813424.470106813	34774.6405494278	3101431.50149286	7148596.34517143	317220.098247893	2414917.92847708	1092105.76521248	2865892.23773583	609394836.808985	5463139.8435137	1869018.6339027	978029.650514375	349354.329855511	1021154.35416504	867461.261372342	445241.648420035	468113808.810841	36635.740502391	892835.741659978	12525012.8783757	223011.070528653	572025.787699351
"328P"	15988676.3883111	459647.303751395	11478631.7493954	233225.159971143	353765.172338244	2083902.35681701	28190.695334166	786123.147449377	220013.426411982	4589235.65508054	30765.9265316435	437074.307857006	391180.693265022	143492.214607689	1276178.85617048	847363.536280307	171409.393236031	2439720.52859379	6122570.97497923	3885027.8076844	167056.20265473	382425.643621234	287491.931174108	2537817.57343498	32147.4504073027	1429466.16085875	46562940.0656364	958682.276754742	47923.0403650211	4361341.16208775	2637852.9104571	5656458.73396068	2417567.94574839	699173.515066021	3356535.57427803	160469.02168938	7526572.0936598	10591592.113089	787761.134640753	130215.748102337
"329Q"	7321927.08627393	688434.629911148	5242131.24675558	232916.593474382	3434305.09832251	990482.925670696	99802.3122640595	279983.216897309	45607.7101381526	716327.358549446	112884.181860396	883640.501464744	15798.8994747077	977781.915412154	122859.842834552	155004.043948722	6598365.42246947	5008986.72624092	6792364.85292632	898000.579063975	280257.572513585	203125.185923462	48526.1569888921	1595869.36842022	292584.951236749	662961.571625508	94915391.3071198	476102.86588836	65092.2770663357	6144250.72813985	3459463.7378517	1317253.31654761	6765208.18119209	127206.649739884	31741085.1090444	706351.108725142	1031540.81841774	24427534.4262931	3206140.53887103	140105.88778632
"330R"	11214877.8814333	1520781.83210744	2011902.00321166	201822.705755273	2521994.07561597	2257368.47808465	46122.491757525	7643908.99347665	217884.757280293	2321201.75011888	617109.078751108	591937.592474841	252964.709745323	145481.762668301	53332.2827735289	1202633.45982925	298409.263467105	3996237.59256133	776497.475660755	436520.183422409	428256.259076467	2706779.05954867	242968.213657138	4095170.27545119	40450.6822125253	49448579.0858182	64678958.8957043	3809833.1995081	31450.2169648888	516065.110614222	1137301.23358039	7845171.09677571	26380546.2860637	304545.6052474	9690475.27120384	361086.719727886	3463664.2583225	1755568.12339706	597623.872326261	724287.864338361
"331S"	10582850.9839123	109190.097260286	5695527.49920234	10863.5588245152	517975.982887472	4660919.54988629	202000.919127933	544619.804492903	107028.951305949	1169690.28977197	15858.8028251535	1521068.82394887	3123789.85730434	8889919.98947076	196132.660628186	439196.048679581	96761.6958310924	3476345.90549214	5801430.82481292	584948.579945393	1461851.48063431	775628.936484609	162211.968599607	2047034.93438904	1839107.38761688	1311265.59713187	144656366.767819	286200.662002446	543871.47098345	15442880.0574212	4627968.033222	72640097.0560888	1779810.43559131	39925.0247391178	48405788.4885416	450680.707225618	3134627.95303821	12549784.6295138	1010851.07817529	1899759.33712054
"332T"	238176.064664218	4801305.19059143	12192272.8071618	737404.96103463	4403005.40725152	699211.15713022	132242.739618685	7995012.20688892	600040.313440418	3173952.69057682	63624.0480666014	6968131.70775926	1981553.96901936	1359276.51287838	50793.2830617511	3617542.20673636	21313173.4939999	3209101.07378601	17690214.5592192	209705.424131754	93318.5120901472	1079773.20102511	245886.943024801	476377.891503692	2185023.5420242	1315375.4145451	15764009.7160162	6686669.18431719	33961.4567276812	3558324.24957034	110434.152606766	60856072.249887	393506.011667544	994844.62868007	33815445.435344	66893.7015205601	3333039.47672844	18583587.0554716	183387.532861525	1341910.40784517
"333U"	8278212.35070402	267716.826146621	18961433.6574379	635586.309583855	1075125.49798806	79779425.8246903	401858.661480711	3310495.64704153	720235.421110836	1115106.23276755	211006.755169372	2283115.03267476	12372144.8468667	1435891.7654189	476812.753441926	905065.635352003	2576556.42239738	19367978.6545054	8602830.16954972	141377.623717524	361127.378088935	203593.323217188	1507717.58065468	1024870.297133	695041.947295993	11312167.181765	85096173.8906163	6444945.95586976	57178.7132801374	13073194.758082	129920.827387185	16463393.1776783	20657621.6514698	1153513.73968796	7741241.76617306	226059.991160462	1434192.36657064	7804415.44043034	997761.781422035	1249652.48808612
"334V"	6928931.20504532	122490.45340706	1221283.62158376	397535.348146565	601202.073555907	12829833.6044578	193978.969713028	1233547.99755207	19385.7262682579	1934937.74373335	58131.2091092514	5705293.73315283	9185637.91533329	563124.780465756	298462.041861633	2571278.5264517	606740.599906786	2301550.6013583	13426902.2817313	232686.960719392	262932.57913644	2248808.61824943	2588645.11939452	4720360.67890862	404298.425030995	428556.952128872	47434067.4344669	3002255.44282083	140706.435610716	4161542.2605976	59733.4716770148	7634188.19506511	2898783.99404597	180333.038065659	31962873.8216038	20520.1512200664	3355693.2609655	1908372.44011631	107170.282104245	1007744.83793019
"335W"	7906794.05430153	2117696.50991748	717931.992265173	30934.4533053784	46592.8795650907	675035.494362617	63391.3303627121	689067.03819227	417653.375326461	398066.517211947	350796.652541804	15118537.0146432	60244.7579306634	908286.058764547	204103.584127871	3907702.25025611	32574338.3226256	14703624.7298758	935502.697977127	502320.013858961	824054.312396121	1566408.15239746	1482113.51050748	22817357.2908768	688353.426685796	374296.357016605	382942640.427053	158827.660658539	52254.0697585357	6722140.81632867	301107.115714237	24076535.9696915	346326.258999278	164830.210573007	11856197.4428229	75789.7456902514	3645196.73273227	2233285.39273758	801415.107334943	862632.139614438
"336X"	2731533.55792321	399051.558873066	33540203.1373793	5244.97795826944	5874027.26843958	3760149.17091348	50763.3017747965	766173.441686751	752819.556291313	6050899.0601077	728925.738751236	527194.797524436	186559.140811098	154918.114304682	180673.552652105	14639497.2196958	3571425.85893635	4418214.85990178	12983716.8305264	874732.179404669	1469619.4709318	350595.400855843	2040716.37566654	687860.387691523	49321.700620121	5897568.31214943	527598369.216157	51228.0936388293	71448.1363454673	643097.869154744	1619018.45395236	20591316.6421627	10106362.294009	800771.836220392	1150625.35122511	354088.545450306	2117662.9808472	14874421.3486769	2680866.12772161	276424.555841802
"337Y"	2109097.46817663	433141.662121415	6311693.54441278	308290.769650477	635505.892676341	1053445.15445716	3156283.14859122	17323232.4330262	592726.637918305	147456.084300227	619842.012690448	1416388.73671099	279162.351201184	6515767.36173698	37056.6715482481	1298614.35247451	579349.398588426	7871718.38609508	2153205.32144065	2156625.26356876	317736.465684602	3534167.65955963	1419765.73738284	2584472.77297819	373408.0439372	18150029.1332844	102588201.51372	1217021.14830764	223937.380902025	421953.564852414	4318836.46383394	39789507.0641448	6653735.20496555	529378.511786143	54165609.2722727	98456.4832486086	429127.402615781	1960618.21492412	1926103.95872567	51369.3668637776
"338Z"	12009087.6887311	29503.2029987618	191761.757617054	343931.220140849	92840.2767283052	3926569.55433448	206737.091067717	2632009.36033203	595020.606718968	464724.012471863	2478476.15766143	3123411.50900817	1482355.69572301	213509.81106513	23849.5688389905	467126.432426081	827105.254660426	724318.233376978	3315005.70760992	232462.875972519	688101.000645782	3429361.10388342	527636.83598109	3686971.02950651	1011959.17563223	4449033.15472836	135326848.576686	3941213.55684427	31728.5313705282	2848412.38537543	114725.840080622	18418101.1214078	2133975.09776453	369115.607585484	45139156.5342091	31703.956986098	5097090.41241121	4652607.6347044	4595632.70755406	122293.470667092
"339A"	2195671.88384974	2431969.96873546	1965800.3014327	28937.1006663178	2848347.00057444	18245865.4107746	64835.2337258935	2316456.77546244	77349.5045552218	2076706.40791578	309554.429320139	1386934.74689561	3153433.38545832	10312095.2473409	133457.387661554	923106.361514672	1832135.89675035	4558593.08127565	955823.845000319	53338.4960712746	1278898.96955775	715295.801607766	1428705.61483132	288934.647477846	162495.689593275	1918958.3930758	69329048.1488148	2932167.74683012	218900.462671611	718240.567059268	527313.98856815	5215951.29350641	668360.280510901	857216.028119644	20731515.6487542	9720177.46057505	58208821.3781274	54426845.9449366	1266207.13172831	45310.1150845692
"340B"	2153301.68355203	220598.232122886	4671029.13177384	93318.2672100071	118407.250755193	77615904.5405029	287428.311570409	836772.086095959	499519.622760676	1884737.01657395	514328.445464564	950778.644886865	660744.589746838	385261.658777368	114764.151565548	9315138.31497191	2043924.64927726	9442525.92391933	27480967.2905131	1154216.24745741	909181.495028307	61086.2178343161	199603.079050523	3483251.28494383	150601.340282656	11782280.9825998	563089529.653966	1362448.69380112	244576.312989331	4625354.9824775	3612355.80692878	10072741.3906425	4194881.53912696	301339.525809801	32142023.6342972	348363.989000342	53613075.002776	43933015.7916083	4977212.8512336	52295.6072368412
"341C"	20511074.0436814	1541872.43840733	354328.338040411	141219.614929846	311406.859801613	6778468.50424663	159683.786075164	588010.066654293	74524.0822004077	4797192.15696637	2034872.12488902	11767077.3012364	327444.776118536	389707.672332735	21630.657646286	1477741.98476568	294919.002187296	6252274.82056763	5082549.42505211	786130.332080438	460088.253006996	250419.356789593	1747410.55341023	1131409.71494536	382799.056158426	1585315.10295267	79991914.2055563	7802322.11000461	6217.87190302023	2678086.21233994	5207490.84755021	36755981.6610471	895894.916345207	595323.34796383	17039109.4999821	409122.313103947	46409542.2353697	7788235.33044558	897855.264116355	98619.4126713148
"342D"	5536663.8969502	599871.471618001	263392.786511342	227480.608622969	748574.747217287	678980.810812215	20844.0911923304	164406.026978765	95070.165369735	2257124.90234387	1357783.95306239	5587489.72770066	6804935.95782742	1410225.28014735	174292.743256866	35009547.4466461	1483599.1545603	489310.943808065	170059.18279811	138010.035639991	1342559.62530195	799139.86276092	1032369.23008801	1612073.46880663	309492.939068062	4644117.62949769	759184368.388722	742792.074920227	76509.9391803601	2553272.52560694	1654065.53082742	34015116.0985483	1887502.20861666	451413.958724681	2470816.7846622	108652.03284178	3587845.36738124	2332442.57130701	201216.706526989	854095.21537731
"343E"	1569817.32166631	156341.502578717	5388738.32621962	42198.2640487515	1486979.34353773	5124210.03191583	249127.272788699	5346824.54316676	87037.0726184803	481798.080714063	133833.717819267	4359224.64854748	2485555.46428245	1077232.31566721	51529.4929793004	1270749.93582137	425840.020642985	748859.662819054	309203.904603442	24249.9589801917	145015.317285496	280157.946645185	539522.727649031	1666803.57110409	1921975.94648185	10797312.3268129	11959276.1245907	237160.871672142	131341.421268806	775542.090191785	6872855.11079213	828878.631117762	10721821.8540568	200100.256365114	21327608.3624362	144251.279399458	3696242.46975215	3441914.95599267	4339967.65304151	148209.729149924
"344F"	3687569.72454889	90144.9201488114	14848604.0477027	189053.983247843	1036505.84588449	31534086.5361077	59165.3276044576	286269.44093264	82900.9327283813	608181.25488072	189630.745005076	1827705.25193573	383123.203335518	4300973.67553446	25800.63781056	8127365.34912544	140340.594049462	13936339.8203194	3290503.43528628	87862.0111133024	93195.7639533613	7089307.0441835	245777.100976264	7443122.07258265	81340.7827303871	3249126.44791888	152706884.288597	262051.701880972	356505.383055531	4989680.0999073	24899256.0578765	3613282.91330698	45302979.7515022	760945.316996833	10894960.2890777	212054.216758777	20996111.9462241	1060061.24889804	727072.494425651	397302.012596379
"345G"	113969.683581298	24784.1669847424	5249455.20922434	609457.176885388	523882.336730874	16311520.7566798	446313.615661373	428348.932724043	5295136.71170214	1864886.10700154	58121.2908993049	1042737.03510013	105208.883857999	372389.13088043	1623771.13605236	4007532.3355191	1222852.62979833	72574332.6808545	3527580.44983848	411936.050629899	893003.121559729	2262021.64005484	505466.488728488	7348330.66804903	386907.974196637	4256058.36806512	15383909.6746995	569880.32658669	1233927.12389725	4529503.19972623	1154077.52361966	7742164.32522863	14780724.7442178	824122.291375984	14685839.502346	22062.4205469741	8131227.84244984	102592962.798409	4819801.98477004	2108186.73827457
"346H"	5019576.91805466	436261.870056038	10233502.5372306	50131.4867190187	934141.817419784	14574391.2216296	1441797.14526804	624020.25008111	83906.9410349898	1576728.39600897	16604.1219981888	18723183.6142254	6934226.07526051	142897.825825663	651064.015648608	216610.367966917	1052866.39920475	13348610.7710186	102638.188318978	361163.352425712	248214.730940144	1224013.19734094	8114323.40453524	190566.925948582	769987.823648892	4328688.37306119	57426313.5490104	3196517.5595475	18554.2318583064	36627443.9362593	5270499.23415043	18093022.3511032	1214885.65309088	758392.213307691	1387680.91201202	203563.95024084	10689419.9588059	9635582.89616194	2256609.83260184	380182.486732836
"347I"	2323675.5456662	813380.313492473	13836643.310659	14354.1557249082	336795.59284141	324108.876191372	81657.5599302185	420863.829345756	372167.993565196	333736.930056981	343036.850416595	8502860.17087191	796194.982649565	5793508.64889968	2798.5078725438	4232488.65721103	1498142.8683498	187631879.963526	2790936.9440476	1082380.37732128	760384.119651236	359326.64864951	1970415.25742535	10225242.6672593	781749.382491418	2263968.53625564	86911149.7924822	692446.809256985	177989.857343497	1473179.58904599	4646254.9934515	10827784.0495282	3008024.38750909	1678692.95812533	4957970.5453067	21490.2167222808	2921051.83904926	563060.977148634	217330.322049606	84953.3760510385
"348J"	595761.028814037	2306812.08438535	745221.124726219	82485.007279551	502973.336983578	14913017.0405873	409876.825844459	1505430.49993668	180322.60599906	2938182.58007328	423130.192239221	1193900.1616783	377959.204889426	6526497.84788814	197968.40295127	9193480.15345623	2528459.15637432	793891.272026255	2233565.28061446	50472.9835922072	780889.428321477	242082.336254333	916441.184148246	215640.645869477	205565.44389977	664273.07507785	26057477.4567208	363831.795767613	130367.298972299	7595595.8766207	1727868.80266373	12347439.6703015	3234301.07801204	3427947.2029617	40584382.7735876	299781.448168354	31577504.3155522	7114298.92485736	126451.074303359	2617263.89983128
"349K"	341554.603796493	2015670.01200564	1569728.20430572	5839.12332675869	945931.900658449	5123738.71214503	2273160.76685872	744501.715440089	513004.075259069	9221700.39616583	318377.28414672	500539.476583172	655180.373617745	1595626.10991854	19652.2108622671	913267.272378461	13096154.168782	4354032.2572492	1005514.08843212	888223.502028727	80625.6741386278	2254490.8080082	7447605.90369567	43374.061945262	5660418.25551885	3805215.68755377	181549272.54076	2592756.89748672	212144.633855395	639387.159212979	2805236.7657967	20278621.1162306	989796.231492705	243353.038347887	12408613.5449859	223241.963428194	2638775.07600663	3856204.14280813	132754.207751709	166042.227766788
"350L"	3372632.94814859	431754.250078507	811215.173341222	64065.9222696892	65118.8899653734	17045820.257538	52695.1045198964	3307742.04128896	146691.036027127	314733.3296913	142312.868062464	1056961.48899024	258947.718376065	186320.598753978	766863.852297377	259756.039778165	245283.522781427	3082814.15987073	2095035.98191457	141337.366104845	1111245.16072929	199276.3200522	221949.701002608	1659337.77013866	251273.977499808	4654852.03483317	137898067.389577	517129.206936346	478279.040965617	615454.789093011	2099641.26771109	8906014.53669433	9568178.10593301	504377.274784326	11055637.0309105	196017.962194682	563499.469374021	9633417.41198874	3238297.11519541	578453.164629259
"351M"	1049013.61371858	25240.3763693556	8760122.81552899	73731.8583066037	759348.176062709	3548404.68698257	389753.485540286	304340.646134613	196593.985856915	1151943.81111172	78842.1407069086	1128988.84486411	179432.469743448	813112.472460403	209621.319925515	4777317.99694262	2113926.72153397	1552133.44425606	48429493.5316311	110737.629704803	4527984.89342388	154457.864555124	4053867.95889105	4479311.8396964	162591.551749017	4401286.33652549	25241853.2780821	963943.511678688	393010.132120073	734065.275079141	2188840.25274663	2334919.63005198	878141.075089123	49246.7504831014	3947403.9578583	479109.268840221	1040477.45760947	169571148.256676	5379970.10957542	80196.1722142014
"352N"	5655654.33540334	84372.9599688762	1396873.32654178	5468.51916426841	974480.504483092	3719597.97520357	997610.81103263	136887.183923958	504484.495243947	390048.38173611	289858.96996091	561416.988119626	1262453.13737728	578912.926554281	391226.483936365	352900.283846937	2756132.40985181	14220628.3579656	4962527.81490385	138960.378219088	169366.099934342	5627849.53747471	545366.847134011	2601336.45305244	521068.554070364	3506894.67500937	155748509.691337	166196.917008218	46111.8036175666	2787050.09077649	1102005.07772839	72461447.3907874	10068954.3143971	1203897.0325531	5315564.99798767	809945.08016144	62925460.4341763	12723867.4604473	2773782.97136425	2331536.40833667
"353O"	2734884.75629426	71834.3703730178	1920071.60017691	37564.4595237655	346015.053693779	635761.291102581	126391.179710153	47439256.4233031	458914.060619531	2033428.0550922	404291.65811218	3629658.72055098	2870641.74834737	6278288.15876092	173073.195192163	2379125.16036062	7701204.74188654	5677603.09002529	453279.858008038	753496.908517567	6093985.59738401	1241274.41903252	6027724.37545777	1164523.93308516	259872.315550814	4450742.05784262	7304942.1483401	111096.003156322	222162.64378147	233987.251415936	610043.189342119	9522791.11449051	790024.074219183	2973829.53016717	67534262.1808894	452872.229725608	399767.098621179	70630413.3802709	90499.6595656044	15281.4220608351
"354P"	1958521.17562028	269386.885713423	14732131.3430486	171673.785430832	527074.936754292	3849082.1187935	132184.505135922	2983189.92604864	307560.932004433	264545.676822816	802441.815552044	10257587.8315196	857374.274678972	123035.52644635	69356.9215278464	721088.929264426	594154.840120444	3559047.67922569	2310767.64078182	21478.4135338337	2263014.75938116	428207.847955598	493476.660235033	4780600.61449111	4436508.02705553	398666.899801634	18546900.7914454	462579.579674597	91437.4393773936	1949085.62683713	795799.493612196	2926394.23675216	5278879.54075777	3184311.64588032	45804042.9669026	33848.0361000336	6740650.57051577	36738824.201345	104708.555183981	480195.817235621
"355Q"	1004714.34427024	415903.670543867	6172682.73280733	16050.0792425906	322352.092502783	205719.382467802	486247.568830049	1105340.15880902	70509.2938005641	629941.435790961	1862956.85728973	11584350.8761833	784618.202645794	8372109.97105293	140313.405226742	9017741.01324658	202356.404826754	2810188.12711317	3729555.2087573	142591.868631003	362707.041040223	1628335.66092078	2895371.51069432	6956205.58950495	217228.775457086	2870007.84158673	73464356.2583199	928280.54422039	1526210.95747045	3767013.04582231	1122306.02330545	1957558.18599435	13231784.388651	65668.8435745463	14855179.3947232	165572.673174064	12196906.7209634	1601091.60566799	5648708.56038254	77175.7121945551
"356R"	1302632.79648159	10446686.0215725	1586569.60535574	12536.5364354008	1876238.40084595	8565220.29401715	510046.781141558	2522373.3754578	658841.776767905	1134246.80831245	1900168.27738179	2932763.06853502	5119213.79866035	70613.373478383	126145.286735177	12383474.5182193	534884.650831042	4530705.20300938	766634.050147727	39756.3361517117	459310.129071772	717599.767736109	2196921.0590767	1335029.51123384	733716.606522332	945248.079620117	56709424.7311665	956243.590180314	255003.662695924	650977.727261427	1058856.44256756	23182633.7551713	18138875.8849881	504674.877553967	3658328.77270842	11232.643439778	338226799.690344	11555570.5061387	652838.867229371	325216.604097178
"357S"	2566340.27276364	11558370.5771664	3545884.33742123	40602.2296779956	254213.534342092	19333041.5093095	680277.612718263	2814108.43765766	413810.314995534	7602222.19156764	118162.151874254	1443051.40822282	1298447.22629747	178629.654297835	268155.856002866	1442370.75965622	3018583.26867708	2923498.00296389	5642571.6872636	87862.2349563349	229285.60663272	18403.020919187	3079045.24506277	32162987.7718551	300518.986371057	580410.868901928	518420703.589118	475358.921812061	1201359.01624246	2291983.60147329	1607725.10381885	3303750.05030344	3219047.99351955	238759.233614876	7910352.95293373	233736.384135955	5594985.96163915	411928.771504965	217534.578811783	680351.077427401
"358T"	26975517.8614695	351319.86650085	261914.638394672	617649.666601357	384910.571666238	20303271.1890841	3323046.06623643	3719787.81635994	181308.143855803	135616.853180669	410536.237735471	677927.181139102	428584.239659516	1242939.04818708	222316.924954935	2421196.18187436	5108182.38526225	12922968.3152402	6367854.15891224	1137250.45613138	394968.944971953	812402.613209949	228407.177891395	905772.154356395	816965.665211127	1028527.37426091	473907086.896728	3494643.96407047	96359.9511649719	3051596.53687253	1449538.13471789	2284852.91968153	1879112.45693208	352856.557412361	36459847.5195468	161892.262945605	14995158.3093394	12475277.3027934	52334.794971717	2578413.01704271
"359U"	3399253.51318179	167351.377710432	132245587.619925	135278.022798327	382111.909688725	642577.015528474	67981.8563404164	848299.380285072	573826.830446021	397484.550436672	603932.795331463	459109.631344269	1894692.48074057	2747685.82148049	43699.4775293849	959644.398098285	1398894.52854395	459487.842134114	1731625.0881517	378885.430559352	35566.2448881039	138061.809892745	5867960.74301929	2301594.46998442	446715.637511235	6667361.62547217	32919365.5422573	1968749.83321436	65872.8690896539	2195746.59853489	140599.168706772	2421013.17775251	2126212.69420472	2289681.81560532	1242579.60577836	23426.7862093959	8120482.13439571	6764010.70031251	1461804.32765677	103632.342288453
"360V"	1088442.35771442	42367.5370984132	1879294.04651689	363224.481070585	3460214.62845663	10350552.8797764	152270.802714815	40352.8749309971	1008357.17067114	355818.601073906	3494685.09795785	175271.528152812	680926.608519782	1249024.4375462	80316.1702878867	1621518.96550748	2382939.48466367	4388551.28687876	8675504.53081043	107697.547745497	437356.260227013	663436.16515112	41751.0176329812	399912.563601414	1379354.47935817	2485119.85095493	496741217.989223	1835449.99128051	119872.627299111	3276008.9848789	1840883.7135487	44721139.8274558	22555426.9382384	845675.891794141	17549976.1225168	41039.5938422092	4760782.6205888	2943240.44796207	3263869.16964641	329100.426140171
"361W"	855287.840339456	175634.107040828	5095487.42790226	333370.844823344	455422.952624817	2422065.86320556	48648.1882425357	307693.521590841	223177.196877178	693206.459031107	48607.7240865344	30276019.2222202	14453619.8268188	482215.806838521	718138.519225868	12227342.2822459	254545.562119952	6347152.64636732	991958.653844065	637995.323678171	377233.406143099	6863205.32450955	167471.096844728	41389844.3962801	596429.221562966	1264983.41506053	6857298.42196125	4131186.63310742	125874.491120858	1774651.77312458	2155790.44372829	19877659.1133651	4535081.70416643	266845.899223931	189975985.508129	61470.0849624316	12539634.9240583	26353675.7403034	1650673.43502617	2436984.02051058
"362X"	2084698.86781969	2356625.22021377	10395264.2614916	128957.305828379	386581.841374879	2905143.48944701	59007.1234077494	1454052.86963181	226117.391931842	5183033.78968434	1172782.05935924	718371.560517359	510846.004794577	11914893.7087031	2928.38141341299	589182.432864351	2302409.90884226	3775382.02195267	975090.02113719	101220.583865453	7285097.30004619	2334816.69094699	537775.757005217	3224558.8949869	3880241.65484743	238797.721542891	29635689.1590294	272288.302027391	1181953.10321517	641476.437411194	494163.020536227	14886648.4700201	224767.56596973	136620.287274857	7387692.41862922	88704.8197414921	400992.282920402	1968451.62038373	7189922.48711427	921611.83535423
"363Y"	291336.191742198	314594.500660062	7603243.64491453	236398.412405586	4263323.47374144	482099.593445797	47816.4801659253	364333.250534291	1770127.94969949	457007.464631609	192466.120296368	7430343.47087929	15746951.4778818	5056439.71887719	336555.944055358	1650618.79318748	195925.911059609	3199518.95814669	475360.913138863	259940.047218871	1320861.69459659	901360.368952624	4523041.87054331	2386101.74301503	63668.8324364844	1249982.26743455	7248236.28977119	5148553.13541941	104204.751411446	2404016.87852263	10776896.8244702	13091641.4107011	553532.632995305	453296.22170756	86961911.2531155	362067.55943819	191208.100660814	3253206.91050326	23510029.3032213	67691.5861389982
"364Z"	451972.303112714	602170.54976652	353877.090864904	75932.4542822879	3129204.56654753	2234949.09782682	317420.35199824	256285.602757959	117816.234587285	2994551.94731695	393390.384182245	29920.0230310005	2981521.57951252	2982315.37391019	799595.563605281	217077.28937975	207178.63263362	943180.977512354	14408051.037849	909550.284990787	115296.774981107	57708.3544196185	15632223.257147	2596041.90294513	649273.880843992	340648.685271304	164919066.46041	2168252.27663013	1299801.81069254	11023823.1760031	741303.538422354	9145562.77569973	2468134.28203133	91146.7535151917	21829569.0383693	258948.219983455	724620.041326049	18764752.2832869	9222017.40665018	306765.75147188
"365A"	357753.56591766	217918.796932858	1903662.44310053	161652.654702764	95061.8411582874	1377592.70521368	255047.092173073	63192.2358156993	190939.920756661	1455018.6744188	1054350.09134619	922190.085396626	2052298.75005467	1695196.40079679	3863725.66337127	111657.786747341	200958.183184732	2019042.53473115	708009.944018741	61994.2118668328	35081.8715774794	1882871.5167283	2609017.13201785	4711243.62378671	18345.8031379201	3506488.18814083	5553966.33007723	889008.348970405	178670.254374039	251163.019002496	1384754.38676371	17342151.8973806	13753090.7424158	182362.915640728	11109696.645095	90276.5981207598	2161950.61314174	9027681.87253965	12460357.1516959	59464.6586189401
"366B"	854028.522648395	796126.845273748	1730835.53586295	17335.8976246795	1761443.18158754	2975778.20416512	23547.0438926974	1447000.5660278	7956.18710854438	1678805.94959613	1946400.88249212	1883185.63209991	9692105.18842934	1329761.37743026	43872.8497819929	1273070.12574014	234201.882262033	120343.95244299	2120795.26537858	191128.36540463	909165.681261468	5202236.37787433	1097379.24008386	6248079.79483275	36105.4262716536	1716857.08798583	16029836.9402087	1300215.54825717	930941.677625117	88325.5439834021	1375086.01898524	82532657.2451807	1503006.72523558	397431.296210643	46819832.0525565	49200.3124955954	497882.432074911	15980521.1482477	269303.736791902	408726.230143305
"367C"	938389.383759677	737686.163673034	1994855.24452409	70725.7209525727	170676.679512239	7445656.47132618	153862.62550922	4476038.67141717	515346.67544511	468126.377214665	157011.887035857	5368413.38146273	638578.309314776	1606566.86317455	194282.719540937	289723.946212702	2559960.13076747	4907576.70946919	3864300.70380832	105542.341781067	1149074.31428802	1050165.23033814	1971240.84004755	2982869.26248765	731311.593034082	1191364.25231353	101282772.247588	407363.151233354	14601.3017330968	1571255.1904247	69678.4654889677	2330120.83006415	2191024.40200947	136192.033985008	37447167.0934686	223719.558784708	4036642.38602994	986323.685382112	1059803.67513341	786402.133268825
"368D"	641056.942337097	129166.265380508	6987905.93735114	22818.8106069325	22131.1120075786	914770.229106638	405939.416596765	250734.60669166	114856.776804333	655057.880146978	48683.2207920413	51041084.7057406	101868.387058067	829278.637430013	43964.5790126601	411828.185357741	2844048.83048813	397028.066975944	9310338.93975593	1649314.18543772	370062.41647002	1096904.80069928	56260.2206111426	339473.670258229	235158.465769065	8666344.11986881	226937161.585945	650925.744611845	139079.69328431	1079380.65357649	263673.542930569	34203991.5841885	1093070.52140123	569249.139086122	155329822.460479	38731.1608800533	7161461.541279	9320803.29287944	60403.9861122736	2147332.05491352
"369E"	568006.741187392	659741.437980834	2450644.75266826	217586.964079547	803708.530717505	936930.546458677	9047.60301425089	633470.570934425	592723.506290333	408277.256075122	85922.4465253788	3635745.37081923	2097910.13799511	4270083.95495472	98808.663719439	1458631.31673637	423400.330195515	1424666.66388103	657213.475527163	79637.5006353699	97153.2970126173	356888.775525374	126390.928603257	1893805.54560091	710301.216027543	5553344.58547539	60245755.5592913	700618.458852044	191844.53049166	2238957.39812711	231251.980965767	8923322.66605102	3032130.76328595	216917.345395822	12453716.4330783	82638.2405807907	9836.64581127335	50393618.670923	2257026.09710513	4596626.31213759
"370F"	1872569.21342882	59129.3075410417	12781997.0568038	100852.312365416	75325.1474491634	1563207.03550046	107184.612813705	1961166.77240035	3067020.47724073	1241321.04998279	696952.032386791	741062.515493012	1284225.03187921	45231.4436175882	24581.3936486876	250427.421068009	1441962.73349884	1275143.00601409	886358.779828143	1165828.47790895	269772.121230081	269575.284892967	6008853.75531393	2947740.36824055	8743352.03391525	23994104.8510563	212949457.22821	10755239.4584613	721651.69230897	13009708.1298535	70039.817911601	21641602.6035391	1702452.29795232	558252.234795564	5036425.09921531	865617.006100199	898589.843732957	815979.131035399	379650.00831792	847278.844552761
"371G"	2418056.57156666	82664.267232418	1148638.03970247	17493.9472561867	136239.791115043	2292040.69475511	90232.2219957952	613508.46608703	259372.967914576	623932.421082561	423707.794819967	1790172.15959292	3860283.60579452	767372.873898897	1381521.86997493	182479.576211106	1656660.88169575	14795393.0485959	15630498.1526588	113201.60184882	786017.036573445	846692.616570848	7059399.77001567	105679.425765472	104919.494003534	32734391.3280656	88762014.351156	725479.268753579	24379.0220654235	10909201.4383556	3592712.77203831	4503554.91541987	46438.682973398	408640.211989918	19061298.1351784	412532.091888303	792124.058966312	19685322.2400813	32562917.6701306	473492.493749879
"372H"	122869.068689202	187380.561987838	829613.782398744	16358.7093540611	1047662.43041032	351557.886084133	570080.895752052	805609.668161695	36189.2854131118	396083.709536144	1011995.81970184	1422245.9053903	4715330.84245112	179116.227969522	119549.819151385	10080996.3821232	841499.157454205	3251294.57891093	688567.591276377	392932.153502828	7761553.89803304	328910.893501144	281555.126105984	3406639.66790206	401002.134535305	1938973.94176312	5123148.357892	1594796.76244599	112659.390151784	443188.100025367	852427.631466888	35101476.6010943	1768085.82614969	45612.0444359237	7069961.83440124	88243.522308067	30118110.4498334	30411972.6071068	1640763.8142676	135036.068210502
"373I"	829542.147118187	94885.6583599869	1784005.4083541	571305.245256021	1094741.21128477	3902012.04312875	84976.5307594541	36543.3912379198	403129.842730125	89055.8072681294	230918.138614462	3142602.33214114	1250124.72576605	6612772.82465589	41086.4536451396	282560.756384831	568865.875945112	14694878.4702366	265929.495238772	2653071.04149766	217796.20450493	98769.1476100079	39368.0943953988	365495.838759629	191353.185864142	689865.222794541	43530673.2629276	1289221.98290805	30344.9169480588	1036528.79867781	1179115.83418501	2746886.45681878	15626722.5022527	316890.539245376	12270040.7794944	6496.8078670229	246793.21965992	5524494.26470502	101275.334127169	2006136.27277423
"374J"	242974.150399197	103867.036161633	478012.960198498	51598.634790531	1972023.00735618	2011104.19983283	309401.576585248	434240.282990619	32539.3895638874	14241064.8463655	1306644.42073458	10842730.6308963	285746.120954947	404234.309395465	412500.718184292	2237591.16680678	5364204.53858474	705414.098220062	32336096.1271234	293135.399330182	284019.775617427	229423.230955088	1998164.06035216	234770.298613079	218741.236547956	308194.971567895	223912901.581881	172323.557756931	4753.230201658	145653.374809496	638862.634500544	7511728.33114443	23261828.7949384	298783.980536244	6095208.11639302	52798.8086884743	12211973.4965933	82983667.6292434	3923657.38117498	373791.567337829
"375K"	13923740.0390143	13888.9447014067	2205041.32486565	301296.336421106	141741.81764115	192823.251789423	5013.4601295237	2360062.65160869	126290.490957964	579308.002897884	4733238.58393993	1603069.11167293	310845.042950382	306390.891472693	206321.268747789	2599286.52217523	1110491.14215093	275640.352543517	1569662.92790783	223601.84468753	1226683.89192123	224278.369120054	3171399.00402606	1015245.25245682	59366.398884767	3951314.47505471	44706782.4164406	449367.542632049	23876.1563407643	13468883.7934595	673128.038667624	5238252.62002904	916907.867271889	71457.6698355588	4517661.77708942	58895.4359721013	8007587.24222875	11209947.31699	769898.426539206	281540.459747787
"376L"	4290681.36200994	549956.145851019	12498830.4860675	14385.6014676359	88538.1046836029	1807647.10105082	32592.4897170458	4021889.54620578	88908.2048869875	2173534.43270199	26443.9271217446	5900372.00318949	4906009.88516319	184109.979827619	153992.653605227	3235208.77239843	1729416.71163878	6523686.940799	308562.159217042	16773610.5510978	1219714.19255519	1025977.27019928	449711.299176765	335029.366587107	67791.846746325	135844.317250249	42843481.8210489	487519.130349842	33456.2924785503	16101021.0009376	3548567.42087731	14569399.9829487	37729208.3343562	158791.564916329	76898607.9758005	274753.08434372	12814353.6025084	26180723.2289449	615350.034220924	595292.096226851
"377M"	4578634.40817987	23999.6827684278	7801025.66602744	343531.263385447	496946.335941496	45254167.9486209	87860.3567852569	871827.079384779	667282.245690305	4500533.44237518	141399.548181086	348345.316744199	92339.5601383597	3374732.88045333	51476.6988103265	776256.769337679	1899938.54360241	12532617.0904242	10662847.4416558	200584.215391185	153255.753045439	5687805.65954376	123606.65670484	3803156.10051832	426708.931023189	7494626.23921525	11618122.851927	142656.163291357	128130.44906571	9397347.76075286	363485.474964798	132476683.696991	852288.560719594	502149.108906672	4912225.83744122	238302.945093104	2394238.04029866	1045670.15055832	322528.424557378	1760441.30637914
"378N"	7282319.42340438	489218.821264393	2637678.42462454	12484.393862252	1795264.3307188	637396.825203015	195078.945873766	567978.07328888	7591019.22884437	1759777.65021236	1033221.22843568	650483.005300118	252525.642013046	2614670.36357905	410612.377302817	101468.061192917	2909337.08674576	1233686.47340277	3607606.20420751	666792.831150108	281228.97449312	616845.706644289	318992.958283761	1114611.68371287	14703.8907247019	34841239.2527031	222915983.598359	6263302.51266667	364089.46737891	828952.307616076	2438671.986482	9283206.72213644	1731175.59293689	871211.909147179	50419143.8830294	487317.640137067	31884172.6959968	35656296.5585906	159937.615771468	164333.908444376
"379O"	349811.519556125	311433.459409325	18069433.2402516	90725.7841056319	287607.049115017	7813351.93438488	572992.395178837	1107888.76510728	113443.902239963	76055.4837451762	3093398.03803759	1430579.39804206	2634549.18720342	642634.199562198	22068.9769923771	1030943.12054396	771391.889388373	1028548.57776618	7395615.4661916	503893.505072172	617067.960705068	381682.811693199	946698.208442527	640591.452181463	440267.993966302	4279358.91506447	29405719.2083656	173036.409808511	57169.4716924184	1411307.86454338	515756.927445589	1776762.63819702	5034783.60892599	554040.614951646	39436386.1925485	22116.4605710145	6194242.65105912	25511683.9630985	452677.747672414	420652.014763299
"380P"	1202638.39078287	41200.0884526698	388452.40778667	26035.4121711625	138760.810063318	257585.01941664	269359.326847887	2493991.0679826	161741.411546276	167861.891574985	100396.419312635	990658.659965833	9230273.22544369	4072837.3521732	5167.05128132889	82222.6381274421	4980910.15310239	879265.10554989	3378600.24111174	154295.892710931	3330508.01694852	1691765.61159786	595056.990295572	272185.106447967	24547.8470198018	14323941.3252141	40013120.9509094	1682292.82551084	406874.231407106	1020499.55302249	217117.347770806	53687029.9126036	3177140.82573048	123950.444467496	18226948.8023197	54003.1375063773	677432.140139655	597389.358264848	1300915.57252546	419794.253493933
"381Q"	512774.950692057	86019.7856783897	7392425.92157728	8393.14450119188	123394.435435102	3151166.04425903	216558.500921864	1341644.91298238	51523.7271900391	203984.010255068	4059744.0317648	993494.820545116	2417392.18971393	1358981.39728578	41858.0862823539	1043941.9437246	6981211.85434995	5497850.60034778	827783.036338023	482448.377848543	1490256.07582088	4498412.60828433	549530.776867215	202004.59812345	13334.6961064549	4769315.60080047	119011417.829639	781148.763914701	659056.268321447	1698803.60600188	314246.718413946	13790040.9281139	17650028.394872	859051.515354097	7495136.86294871	265209.13414849	551324.679796047	1148159.11852123	268155.602521693	114245.800242548
"382R"	1882589.31414507	398281.918235176	83040375.9340586	58169.2387070048	132330.402864469	142152.132445332	386066.190647679	614717.215360189	24586.0734861057	1933235.16155307	607204.11402722	12508886.447908	27057.5171399683	681905.263712665	491981.968647166	1619815.19448088	372722.715693624	6076342.57638934	6625770.2949744	646279.562052724	3414490.65693873	2637403.10457957	26457.6495699072	2267236.59183606	360621.044440033	1455982.37588856	103904802.604516	1212743.07187476	137802.13292723	2036275.50193192	641827.72637184	39917901.811045	6803184.74723263	298151.626178187	68064322.9318447	281405.921686005	1931716.69921381	24778846.3215527	192246.752776098	199377.332689416
"383S"	504507.845718188	32491.9286159053	1566176.91063935	19715.7765734934	195162.024651686	7952062.88045616	411318.5602144	3222488.56009345	539197.975197486	1977375.09206735	21803.3900553711	1353672.71944782	3668794.11300057	1590581.97515757	111088.806836765	320476.162034887	26491494.6312745	367543.376677018	314276.557098727	316781.607190673	1756907.86495104	6807656.20032106	6980511.21140805	26277777.928844	106570.899830372	6364703.4917887	70263801.4780417	5730925.57365904	331795.48260128	10111619.9477551	5406595.97950596	21797675.7465818	980336.970534608	114603.260923541	11177935.6460244	27963.4926661096	5445650.02226396	5530705.76089733	883083.313508412	1213133.38524781
"384T"	667846.167608112	493361.810197929	4937134.77228692	41801.0838162379	167255.615888761	3634606.11922183	79948.481764909	198901.003738461	190511.136991392	839822.636255377	1149655.23197965	301051.277769998	1639889.86051984	4497534.06563305	70066.7594703162	3068322.63836096	1328059.39061601	33481770.4863066	543017.943526282	18258.0366204808	176265.364910632	140213.27350928	2534315.13096477	1039728.84460678	3046049.24759509	5208523.81502236	143565870.173551	1609826.96452973	328514.180029118	1173095.41948675	155997.091028203	548319.653288849	20323423.2641874	2940636.93513908	4826839.38577607	2434029.66779788	33409689.8216236	4757959.1416891	274844.017493326	438569.132309151
"385U"	5607567.39745713	53093.2015139042	24940130.486208	102738.61068313	138408.29596131	573018.080029454	158016.091977693	3632176.92349112	14137.2755994299	457491.00584428	46930.910460667	10174526.2401461	1282646.93823347	1254769.15966332	241032.46132916	3760317.17129634	1282912.07313622	315276.155263044	1509531.32932108	10659932.949215	139068.136644558	366236.861462482	398697.546644505	5118675.8634021	264742.929349067	9095262.36496638	97834234.3556246	459077.458453238	1030465.39925699	1421126.19060252	124564.007213032	4235807.79447061	7259306.65665251	293867.287363811	15914269.5592608	405500.529994305	25879109.3055937	1468491.03805452	2828549.44350602	168756.881544454
"386V"	1270325.52915187	115165.455781033	509896.891704998	65381.3388237432	755360.525545668	909537.073519012	56714.5324090861	3079635.82926804	37914.7263605617	1179916.865738	168155.302504117	6041196.21988025	20051434.782818	426387.537894877	193291.191199293	3616318.16101183	2338714.82772263	2677734.4608914	4314451.51305974	1411521.52764977	121918.751985486	362510.176493676	994548.015088118	363641.887276603	507475.777830373	534962.496392955	19612316.9591384	400510.625614377	39727.2294888988	726687.618643179	18115502.5688146	7988379.56338049	3594249.39868445	3323129.72736111	1271268.43118933	211124.86620027	8789209.94615737	12572703.899359	1194250.18295711	787279.351155267
"387W"	3596426.74060771	98974.5018128751	1919310.62886387	110139.940537849	54684.8226752332	1608233.27250965	2643619.90584571	2132969.64923057	201067.651280548	1019021.98411435	165050.955543914	160674.429518678	6670378.05586904	2825324.85043454	104992.843603137	6712716.17477957	297514.196695826	866285.892428761	9755213.8789869	1173741.73398859	1171575.75634249	11064180.7902387	4107802.35344523	178594.884437157	65892.419118588	303024.410413967	152811651.022737	334004.163316132	448020.276630319	1121257.39469498	1420374.82686685	3107580.12025204	1159605.24864356	11308.8478048918	52584692.0972544	228498.248934362	620088.496181073	7082716.22875829	210379.932682576	867380.7597254
"388X"	763145.772900266	239864.609589238	6267748.16496508	189553.759449859	408709.406157285	836643.353579561	268354.182156226	1206356.9347387	21623.2161705626	2412346.83185273	11757646.0956416	3169699.18657333	335202.997065818	27128186.4003032	67768.2031550287	13104859.5536165	2354813.71538288	324639.781179875	795384.461929641	34221.2941454792	2364932.2864878	521677.347462905	3957846.38962086	311497.822050747	232787.959143939	1049942.16134172	134930514.045177	705265.919186462	88157.598181704	490654.990095868	4197018.2317806	3805491.41206003	3052197.26021946	83273.1844423758	18993549.2596414	242331.639251452	2093691.03623507	13876023.4001751	2446294.05082123	216290.121174816
"389Y"	327899.628125652	227558.267198808	12002835.9770483	2114.36860750141	1584670.15298547	25059313.4686634	93305.892163572	312334.921509638	51052.0474261998	6189026.33381758	641639.844771246	5472297.11478724	998232.970550481	741426.153853751	759988.040053043	2431591.76907213	819578.221917296	2838079.26430501	13613009.8863481	233608.273797679	766067.6241415	344361.584726529	446417.725492955	137791.552073729	53096.0389230785	221597.187356849	95213465.9962375	686447.686454423	1135326.84157494	1145622.31264487	1231573.81467502	8059521.03355286	1755589.02127359	5070280.43757412	1306040.58549259	301577.382966548	4911519.33464514	77777.3788371637	2060109.09557019	152045.41823647
"390Z"	4138229.94441654	1233767.64965539	4874064.78506132	54878.936520587	1858886.69867785	5111511.15724597	43894.9208919575	350961.781056086	197606.300627567	1516480.84379367	36164.6611317281	140273.553957102	4791715.92106611	316146.297754275	236118.705272574	1091021.80529539	255529.226662259	15354159.8406335	11572170.2430467	47148.0819800065	148406.30313516	305765.400690955	1447397.88715839	951050.41591314	1094926.89586507	447483.164170418	4814183.0548842	313083.649018517	138467.835344594	571145.279844888	1091975.2887016	3185602.49880997	72892432.6431648	1345943.58133266	9202353.98872189	28577.2458909635	2718428.08876534	7340344.05919536	983250.52065036	121233.234171074
"391A"	3657213.63610488	1116576.57027787	1461608.351113	729510.438698945	1601026.18829878	10464390.4321784	1797988.71080388	2912591.19535326	161739.492789199	604683.500073293	779393.376722956	377213.262411413	196878.252249057	8492333.26269443	48624.9048533269	1240906.3856744	5563566.84003716	931194.918594941	498195.001208209	1953528.17088959	8714046.32624118	1444614.67841814	124837.780068362	1899552.51844249	2639057.34158108	12513839.6670711	262132233.504942	355253.443315704	437754.438133826	1626800.18292755	1338459.00816115	1158775.51940803	3417960.55266573	631329.560937708	6946047.53636637	171360.59234277	6713028.06878909	10918072.5684622	1399099.02115416	2591895.87872161
"392B"	272664.995929157	87473.9499923941	39191487.2623183	244339.756358904	315019.871407761	19112968.2899874	737079.918913479	710340.981601915	2543981.71532262	517545.294995359	421062.487704145	1003192.10667581	426767.878693318	15478074.1678408	151097.717047831	910681.399767695	494712.735327323	10160407.1563543	5183896.52661044	104017.301693213	370077.12325937	99874.1795531097	1651795.40191321	12109200.5261416	1136856.05152561	885830.967000152	120631938.079612	488853.7906739	156230.100925426	57774711.9949183	511298.098038174	1443593.34061686	6979573.8052671	1058452.11051736	24167662.9428272	351356.220970658	2331867.90471654	5996887.24597665	502141.73113699	446365.327069513
"393C"	166521.788475444	725506.372389953	4195088.12760235	279863.699056769	1955800.06003778	39982303.5876541	26495.0592459405	92804.4824253777	146068.445745503	4401424.08041792	103010.968632342	3109207.29279617	1867825.76456228	2071759.93057002	565323.939421387	303646.055482343	2648664.86283867	5118203.56567983	1157009.59528582	266714.981383025	1752434.27246669	983289.28551173	277007.00874248	2799776.73525192	23659.0619986035	2440017.47508379	7642461.30623087	183182.191817285	412382.978893316	2422791.52462161	2354764.01628533	98119855.0681797	500901.559099008	390351.109063972	9048024.52676901	140618.017325946	1643720.58959894	22833645.6772209	4149336.33838266	39732.305160557
"394D"	4664038.08842067	225657.865575032	8645522.90725256	1001457.46874364	2893344.80574826	11285645.5836978	1455827.56794275	491574.456166421	17276.3271242352	595598.760229805	1164723.90003103	1640208.76104977	277513.208884269	4739207.7563475	76303.0563828027	5361335.98323547	2952161.60559014	6267902.55830809	133860.893941737	96117.4601523853	469329.364460898	382755.232013214	404115.562930764	636819.059908444	182113.526670212	13423932.0615518	9088818.31253778	84319.9512628259	111065.747439518	630408.497241115	5260311.99597657	17137147.583041	5640825.88437884	51353.0234420238	329471067.633612	425242.330089301	404718.252590765	154746534.556154	692968.537742162	232377.404292245
"395E"	10393543.0072994	74939.4243431292	7799329.80363977	251303.560201451	939966.688528654	1493136.0808335	245935.729451751	3697331.93026408	1835321.0511391	3259627.03474732	366783.075766906	11622872.4358804	574628.650665996	305701.838188105	448323.070104949	3870399.55663243	2958412.29859759	1534503.3117359	11615328.6151113	539309.368593783	60567.9355419983	5291820.57829858	303731.68006211	7845011.78033013	30766.3161530063	769385.386000049	71661471.5366209	2284899.71887191	48158.1602556163	37945680.9604479	239521.304530946	9686902.66381653	13699126.1978072	16353.1360429882	38280921.6643043	42665.0235619136	1188879.90168519	1930826.47282916	2266114.92958928	126527.561872176
"396F"	3135082.08784771	126786.077366787	527954.651020408	4650.13203548534	539633.821668948	2778439.21741738	126483.931171054	4469882.52988108	881143.068313192	4092745.54923665	51037.7875775823	252279.789193162	770406.90945929	7248593.15934333	2382262.05715826	605359.87737339	2261139.5797935	2032886.336587	217293560.845666	299017.304928332	1332763.65577837	704505.857127977	1661544.97332929	1255401.37669481	21526.9785025494	15637094.0307164	70754014.4309674	297064.964821229	268292.612813228	7569743.62019994	680504.228547379	16413788.8719475	9158057.506616	1349782.92996361	32188664.1036398	54997.2362705141	152673.098674493	67125958.4938021	263810.083213328	1980466.12272676
"397G"	245031.856039638	171141.923898954	369353.883659432	145886.920474021	466583.890672555	5003141.61292983	61709.8909440945	737002.877218377	4005401.26503129	1390568.77745459	406908.15676942	1057119.97109373	299231.986391164	793716.692716311	446243.810332106	780211.685744171	276020.629875449	1457451.12842889	1786189.58083786	1026108.86741335	638601.857484272	7016683.56626937	443685.581413432	10125041.2443201	1404239.00341414	7152490.30541615	30311506.931004	1121418.47078053	25307.1124500867	3065256.3541146	8057538.66999865	2061405.33894856	15363898.3067158	546606.292136097	16415310.6888418	64003.3325454891	3312090.47660033	12042284.9140797	3941354.50836567	25933.4194910806
"398H"	8429499.57891837	449726.86633815	5344780.14114906	15760.1701198202	2003351.95938089	7929524.7267028	1817893.29440061	3023497.79964328	67171.5243684348	1705174.92321043	497725.543109423	1530439.67671658	395495.908714253	129974.940996725	135485.038873386	987770.139720043	114059.765623632	6634316.27731861	4886671.26036314	40846.2001422021	455463.135224025	2769113.15927761	165659.633740721	2079468.66988146	349751.018384965	5243822.74586111	299752001.070757	42733.9875429491	11982.4546533279	206455.880332046	366218.147791496	2160819.0729168	1765261.58035348	57425.0941318127	12751202.9865899	243433.255045561	2429836.68568489	3003410.99486007	944079.403056795	2147454.39185098
"399I"	19204427.3049305	16296559.3211735	887299.78784318	87612.3831850569	7607954.7792583	4877923.70220824	853867.507357735	1043510.46586983	114709.763169709	2409897.67318902	86530.3850587115	41676.7843739701	490982.386549438	3307667.24961662	200623.984858486	613580.116696401	2588802.6361643	3242314.29367524	5627939.41309118	241939.056896788	93520.4672850236	929048.24981819	2051865.43058406	248546.150835748	522186.698252745	8345690.01761356	11844468.5297928	1824761.23566243	432527.741350625	3003561.89958496	10182001.8698316	6943587.15381465	3163981.06255012	1486071.62474813	23012932.0265669	27112.7682127334	735776.385395779	1244031.61631076	2984361.02747338	63850.4338035777
"400J"	1428048.03128712	130087.585489511	7983997.90640354	671941.36777685	1122327.24498693	1043758.26858837	7428.54880434197	568356.533185267	43402.7378171646	543557.278474183	123826.097186766	973073.459780308	11283466.5510349	1867646.29711189	133993.191300259	183703.358529736	701961.653671003	3682801.58167917	1215334.26420211	607997.01243819	974631.860795545	74538.7489237846	2657511.01850385	4765972.26249923	1136306.93897156	2730800.03693915	27480529.7037558	178259.864501702	89745.9789157557	2352019.48946173	181789.956032417	3274486.98961237	6152097.92924787	449511.668020113	85747085.5692908	452595.433689276	17303202.5527431	38493765.4034221	4892991.66226536	58817.1795794406
"401K"	2425843.27914318	922957.130460618	50264828.094185	85295.3574092455	2244229.17276818	5792170.06883917	61132.7067460151	5383984.35810771	87543.9577471639	380604.833895975	254930.735311953	6518129.53321394	5559674.85361136	1717333.93009176	8340.65691808491	98432.103495987	5138562.56241475	2820700.10014826	3210302.49502416	215533.768892993	2954128.12886745	3168653.43222999	781506.291780163	1112383.14802966	678889.885364505	2612175.16485739	60391770.6878592	1205838.91821905	78665.7587510787	15525331.1599968	1943717.85480093	7757543.8940609	10029078.5918991	2166973.10082554	98677757.9107267	213056.5992325	2633134.82978875	3281266.39738932	903082.302803653	608512.370727814
"402L"	496962.653258289	410570.872588913	1834469.22520109	36044.5225017331	134011.331234759	4863950.66212342	1718314.17843437	2103800.50234902	34505.1639218091	668644.241652783	136163.900936122	691619.99224015	1191817.6490102	807729.430038615	938742.535602865	694934.958832855	4725078.81822678	5559447.00167609	2500125.56167435	1918300.36134235	75954.85152737	6555131.21106193	161002.251222242	5270705.86081574	147867.178873214	8190941.28951455	69099448.9741228	1219594.750902	1120177.47900589	7086235.19678045	482044.344765954	2058055.55642577	7119538.87772567	829053.264345489	26063096.696388	283497.21067375	3417862.99178521	3521061.08429136	251440.764746779	3881346.19726007
"403M"	1619558.4076517	462154.209025527	3288688.75752356	42579.4646438407	226521.557184569	7560677.26977095	173833.291276394	110456.478951068	128862.955293729	180981.196476232	133548.454455891	363554.447826436	3017450.79410197	5947300.0805196	63824.4212865944	2649641.26927942	288878.256904878	5197397.85138094	33659145.4946688	451704.110205603	779276.601690802	756628.344994322	290938.646983582	14271573.7898426	1206302.52555994	5383788.52448492	104666862.103384	4967642.54008229	415169.61374885	3773775.39395395	541778.361185937	5187364.85327705	3106723.87834212	178718.449539293	731202.95661127	5489427.70334311	10898738.7885428	20133780.9234573	255374.987422565	174057.271825714
"404N"	1607258.28110566	69456.1713618408	12360289.002844	212115.33818133	145617.081829088	5214646.9851671	1191864.00548307	357914.855356537	38946.0144589097	5061919.54297339	30820.6539597974	2327199.62308258	6315052.61641955	3811829.83532724	415697.750750196	731312.159937603	587425.077664624	54768700.9389937	768808.982148572	1375681.32137843	1024852.73628426	208174.563199505	86020.0370425509	2810850.00802628	236117.836780674	3216959.26809106	27078250.0710755	320288.061001122	1613463.38342409	896974.362134121	729273.047345692	5428949.38787121	1004902.11418565	22504.5714954517	126223941.561	25279.7485086633	13681926.4999743	1339244.13149356	595408.418511871	109261.697715567
"405O"	836523.719195209	640427.221715555	4119155.4328779	136458.956210116	1011488.53196002	3265359.03579393	1187106.13859632	24651776.1009725	54543.2844253471	208681.213897285	932799.308654964	19266135.5877663	644279.553838269	1362686.27342898	25293.6255883708	2306731.44079973	233155.539251576	4637100.42053977	1440595.21377758	73463.6265799938	2554663.03737236	262749.873446647	69030.8492307177	252753.031008868	452716.202627576	537681.114795382	338488849.465202	5563706.88758256	158286.127422811	1148367.91589254	1608682.38064004	16450100.0797433	1020309.03307818	220013.810078906	4664634.72551009	21829.8765606133	7745828.27259651	42737562.4176245	1770966.04003906	291594.264849089
"406P"	539432.481133931	162945.273153579	556880.831963822	312370.907048194	168857.342617145	789850.419844614	96887.4948165875	1457370.14217836	328497.102081171	367850.623567819	20110170.7158598	28085593.1919485	262862.182269716	417428.231192831	87238.3061748354	237766.522141421	4518522.0816048	5413166.3006524	1504142.31292085	944484.9004759	2262414.05681429	3566754.8950833	143903.354671346	4262848.78644776	839279.201428374	1552989.93638312	104793990.073297	244636.56271243	42348.483602427	16894118.3351406	466877.990654156	19392309.1935955	5692695.19736695	74919.2502644623	2220480.79631347	663165.93295272	3496780.1198873	5654007.08679001	26639.7389223254	1618509.6760996
"407Q"	1289871.02781602	1356415.36164562	5546465.91419959	85333.5311626582	497091.385903962	2305043.58237755	136590.133566908	405551.302834294	204479.001858997	621308.79332614	137240.246757892	1846537.46235374	104111.533914316	1512624.98309766	1222888.8123689	1443517.47217961	3712492.44398753	428841.640466159	3851148.05023359	458786.280074852	162726.659036736	320116.604292997	927073.659837437	12059077.1326896	1347401.10394119	1436330.83171912	65587525.3810514	3193472.71298296	9326207.7208245	6607222.69039629	1285618.70407112	2058001.35241943	16532854.9046975	286284.272316606	13840157.1425656	169747.721879079	23447317.5603677	25533346.2577771	705736.646129728	1832543.69237087
"408R"	154584.262625869	257935.659642538	210532.91017713	405382.840112339	1686701.12897985	2602484.20681665	857929.249856736	185724.015086016	72311.4641618632	1146895.51130683	518955.04178156	6658941.26900747	2444584.10506468	2262985.29270451	14212.6184336875	234554.653282472	19119348.9719677	8051015.61247998	12846152.1084188	89533.9770405999	192086.458970095	157162.329361261	406563.762060415	8701986.0699745	456456.610822742	7336605.73436073	674719677.399264	381437.778569824	296657.132744188	5571836.44793591	601715.63476929	16740648.1745333	2743412.70180827	1917140.83090237	3595835.12585827	120556.390980623	3614018.50471737	7656762.02707704	787616.723734454	496748.189269531
"409S"	13466685.4898171	263000.745382707	105189104.994316	10418.853770297	1157946.45501853	926112.296299443	24981.911556545	3222933.72564541	83933.588178764	2731047.24813527	40758.8085290627	5207631.70258997	251841.074770437	133644.643966287	160630.907846803	2101383.12189067	649277.268072914	2714105.90426104	15542401.3734981	986791.277566025	9926139.59374877	1080003.83775947	1197809.34679661	44355906.7919551	144424.031108712	5983954.73130757	11697225.7286939	1162267.90306853	297067.605130108	1349315.60963288	4099157.03939033	367442.594804199	14721525.4204246	1310857.50530498	104138726.067982	1188864.55119374	6375384.45348729	3136310.99880252	7388031.86233595	543873.325779487
"410T"	42740.7181521302	2312102.2823037	28616471.0150863	23216.9127631633	741586.837227857	11331051.6117682	54662.409999719	5896131.79667712	305313.537494902	375084.521514065	231923.94465421	2198978.68543005	614544.187436499	1424602.90964358	233769.463486297	97629101.627964	1508714.05559933	3718242.49447211	10350375.6693458	3637760.976675	2952636.11333226	706268.998187764	664449.957310789	217171.881626942	1129663.21639878	917193.532289311	32287904.0280798	1655397.72685142	556243.170429977	563975.525863598	1207050.44442925	6776552.75974048	16235831.5853242	896218.974995797	85255744.350025	30584.0747066027	1555563.48791689	12180374.1320075	168141.615924896	2488876.76396416
"411U"	2653576.83266131	125171.406595966	44592487.3636218	101670.666669038	223536.692922923	3371176.83708414	1189234.99014181	1196001.22401266	532289.773058837	880307.835739252	606193.991421528	9104195.6351133	103960.537510453	1585965.6865679	261811.491214058	668472.72256535	2237364.16064657	9982414.65527268	22324712.5876932	52337.3975826	840846.544324704	425673.352639946	58958.2018144479	2578011.53271404	54551.1061741173	3749867.88849688	62753472.5446297	382344.524590207	241360.288682622	3552546.54946759	398924.666790704	2735086.28456899	338104.026651202	242048.10947759	83804439.6676252	35159.0485857388	549945.919159927	2940053.81842876	196206.141369502	2781603.5751849
"412V"	9432022.08234963	85833.092486986	2407319.28362201	134312.735575682	3352025.61188441	4373636.93694236	53189.3745414376	7862536.10083918	211311.477899205	1298992.67368253	298987.80091323	246393.44517447	285882.100483727	9232130.39189721	43846.6127974592	1254630.39155834	497553.902351845	491843.55663515	7727479.75358664	765674.261032009	1124136.16338279	1714085.04815314	152150.66372535	218992.81376022	298774.041156795	6319802.09494128	103490778.430628	718954.82737845	320961.162348563	7652708.75694908	1447153.90794113	337485795.216766	20785307.7181126	688047.133208624	13839957.3766412	288359.876773484	2491983.71270514	26859644.0562726	6812437.0010169	427776.008088281
"413W"	142362.113889305	246099.31543663	822216.514178511	76149.587702523	2384319.47445671	2169531.7536169	994160.172584279	2389685.28136889	1033307.64345925	357819.930171107	1175408.36416698	976501.449953731	294361.059755732	566289.310554158	467201.177947388	162162.771877872	889643.412637369	5956712.79686536	2065569.54562738	90790.4940589248	243981.660250449	1697729.04708154	783720.338585585	613387.29165519	237957.95910595	796002.474246768	8548782.91662133	127547.558323746	244091.397239161	2038891.73365357	1450630.46239803	11917148.4569676	226879.899618336	65970.4631966378	42220174.5358036	133610.310391516	21903512.2853845	41570686.0337727	86445.8212364665	3523959.03053734
"414X"	12364293.4804974	1207735.69699336	22882608.5199751	101808.078857836	23499.5877067149	841378.483610111	880753.584235303	3929003.79298088	437486.896688094	213101.899897639	390308.881231699	601031.843619162	171848.94714977	1818480.36673372	523877.678493199	1828769.09187691	838799.30190046	58365730.936881	41330.2038407521	269921.158563082	3153583.70569823	5833595.5371512	1054322.01365346	983278.93491832	775943.488617787	25885695.6765369	182559079.240293	177369.026338522	74314.3745750835	571539.064168585	796626.378379195	3654670.3107568	9079901.36832059	235339.582744108	76413129.5846556	42429.8404938476	10929644.0537512	22846139.7966596	437658.475968441	358487.914751772
"415Y"	104159.52673263	111010.466264262	8560176.27989102	65838.1080778143	350633.602657253	3859255.52021893	52025.3683882505	122268.039661915	134254.159404262	242191.496978862	321833.892518403	7190558.11325581	9985395.5020629	722622.582355099	409987.941487166	748732.807845213	8322831.35899013	10794455.5918456	11537893.5756792	7278752.73666242	6357337.76362698	676501.15873114	902058.769860931	1167560.80168079	20374.4174061367	397627.345253151	9411193.39590759	447630.908616724	926313.951347348	29707567.2585784	1550308.87327543	137428379.902299	813406.548934869	1828281.35366832	4970133.70928777	748789.526451126	2063905.65495061	4768903.32957253	517484.409462559	378440.832679407
"416Z"	383815.080079744	569595.881278767	3926525.27020621	19040.4434336852	510800.256464023	4659203.19850494	82946.5923960184	207122.554313401	209013.205141901	1594196.79386511	81560.4116958336	590778.961994061	126711.406928156	1430447.88411912	117722.833508736	401777.752690136	184073.302459078	4775968.23509843	16365048.9295854	1602590.64950038	563488.996018637	960166.236417942	71201.1321653851	2193998.37422019	7596.26715149138	890195.325421201	174086774.961472	3320325.73651308	90991.8333718539	675124.165439089	118918.605870712	5475081.57577083	1971238.42019847	105673.816566973	1967690.52192354	1103427.44509852	26194621.3735614	7784282.49495759	365806.769243471	105663.31945141
"417A"	4912311.50257913	673465.807652424	3886522.68914764	253678.091209058	2067033.14742127	448041.554191435	129552.300843359	380426.65554145	265821.648297878	1754236.62540582	146877.014522395	910627.166492658	2541540.96390886	3849637.0939567	202126.804673152	1277156.6315724	1431552.96998039	18449133.3725429	1597194.68604503	227868.467080138	202551.238918399	231618.360343841	547427.292346206	2572865.34111678	551053.877509127	946232.821482735	15576733.7349968	4448770.2056116	849192.367041977	5315468.39165842	204386.547750672	6133529.08502654	400419.745931306	1397083.4372818	12675901.2273353	688959.858901315	1028177.18588023	35161672.3524586	639490.68564333	5333054.12143652
"418B"	479815.850071199	1210751.31470193	1789096.7592962	65078.5301776968	1810144.69364469	1667799.54153161	27266.2787159923	1379597.60524399	425042.256859967	611756.546649214	1890014.8446576	1355856.38578523	1684426.87546305	30068.4963238815	14014221.0468791	8738016.00492492	3840352.27858542	1634857.00664287	13024764.5249014	197430.875718372	1243809.66902863	774434.189162325	1721366.2627569	35238.5527728084	1799437.33579944	624808.240154345	2599909.69472079	920208.567082125	167031.434633306	16221152.7534888	580322.657061366	4139825.771023	5653798.38615006	40338.1790092747	72340481.3388381	13431.2317497778	2518712.42895536	13535289.4051286	483803.65158723	835951.686668256
"419C"	3443733.52097747	30943.9720554263	1866216.29030395	86255.6953628057	3830402.13751395	3480633.59177759	270200.047654843	19720000.762303	257637.515705659	2377217.34884722	71854.7257643996	1681241.70271022	3486446.65563275	607180.858204687	156972.448905862	245052.418334095	1184158.30071382	1675746.58295408	4667742.3091048	505648.009534773	233165.774009922	1266143.47019184	302920.177994728	380563.356916203	186623.949916083	14822139.2964276	670888218.341932	301833.703072458	1133339.12734371	3135843.68889579	423174.744661926	3570311.66061243	257696.162872699	138420.046311462	9494280.97229263	15628.5848826399	9138928.64283866	20373147.9653493	5004779.43390927	109187.427685191
"420D"	931943.015802499	188641.908253647	7538884.96804427	48252.2632933121	2445096.87297914	8179071.6874678	100656.512190927	509487.790789147	79606.7753657326	7341136.22868356	77813.4388150916	33123877.1631757	698342.223932784	165876.739276163	145783.559042632	727694.478725813	4817412.67528119	3051713.93152206	3193857.5886222	629988.399986622	267534.379616879	627970.95214575	355967.057668523	2505229.07185772	1214850.60210928	4176755.72346035	90963877.3529017	146997.594207761	275304.615982268	3253747.92850163	959638.396509925	76601472.5509191	1960322.63593881	3377772.13612223	2181481.56116481	16516.7034794628	3989444.51571102	10208398.392108	145471.899257271	892264.547546201
"421E"	438793.591546558	142175.384955399	1682289.04571616	7679.49795661751	881586.815695977	2013923.0998665	41089.770029893	452658.799887101	212226.758196206	2105556.2063178	1350492.44878746	1680796.81063848	1990611.97211583	877323.44706008	1028850.82826462	1335875.06999536	446781.457072082	7275661.49822035	3036069.40207794	453616.749731756	3423842.93244122	6546320.43774982	4109477.90244266	1114856.76839715	915038.525905206	5598955.16854447	16166797.3749926	1069917.74668137	100433.739367365	17370783.0126953	373709.565939602	654863.34705554	1939365.77680015	68863.8538850253	4784436.16911729	43865.4900760406	824611.147581336	5460786.42051256	441632.625149221	484734.068412744
"422F"	536043.432085465	2003548.30736995	1331563.59237896	249268.745907859	6476936.25009779	1131346.49535129	68292.7355163861	1112552.80906602	76141.4316526991	998723.710812795	376217.289923198	3136063.97834928	13218763.6378345	653025.355455937	62335.4530800048	109923.125545852	108642.595175488	851920.774105097	2855580.2187602	164121.679013779	35227.9848672686	266415.515799896	310184.002112029	1560330.52888899	883034.224936804	441447.164269648	13661992.5620958	1318063.3237857	440145.022522122	737511.214777993	3674344.02756252	10651341.532521	4324006.83994398	115660.630979496	46790085.040268	120384.724041551	217287629.631866	750958.610077418	107877.75035086	3320078.67900814
"423G"	385977.421846203	484637.237533614	2532896.44531204	197910.751983648	212275.254811214	367710.123339174	207046.788226513	1798445.36582699	544129.692002617	1767658.91770662	942090.022963245	3376043.6667448	906591.759756682	336028.645281502	44016.6996416623	2645229.78390321	1143065.53162269	2720345.83577999	4952866.80389114	2454965.37710253	334021.361595252	2345242.86323505	1346270.23764729	619566.283310391	60246.9903496972	1670637.35640176	481385729.06846	1408262.87167254	69892.7959808255	11965220.5602137	900823.474049287	523994.169661581	1022705.31934735	184090.899520582	74136856.5733618	335979.005796111	32342706.8101012	26467031.0299341	623225.342792935	60482.8978139586
"424H"	139753.359196558	67925.2158097874	5568362.19349001	126769.911496316	489386.675459661	9758386.67210749	17317.3677876197	160494.472139468	27270.069462874	297476.556441978	891494.195827409	1680006.11856405	96589.1890818505	4104606.46966265	6585948.82365553	2421496.64634736	7212999.82610246	48057827.0912741	1370371.47653848	340186.634467664	96817.827720073	723191.158476642	137916.666666028	1551647.56844204	2448912.53731328	1318275.23692241	110913292.175748	1086417.2787559	226200.107411746	219529.798521048	2666683.52958934	1104153.04637663	2393865.08893098	63573.3558033843	29875512.6170511	350312.216495622	121881.685069301	9423202.78252198	6666589.86716336	83807.0691575684
"425I"	2077121.53373572	1417824.08304646	8170908.31869108	74237.2054940358	108144.988102524	4483110.58260037	2554440.94813785	2387411.1193415	91437.0633885084	1046079.55191745	156051.669631858	2112581.43958095	2430793.59549915	1721418.55910111	592856.194235203	404222.261786553	217611.018000538	1470319.14625544	1564228.39935453	134486.343465669	122506.297981193	1010907.35106833	2664934.48032034	25648522.137676	116091.948185045	1357558.45983054	17425769.804484	875625.388716626	299739.773478352	5688283.07616268	1262241.72907531	1113546.20661255	1143843.24596	4313817.35952273	261841902.391291	39155.0712858636	1808381.79085627	75044116.479569	150041.746101341	624571.549742098
"426J"	314952.669902857	517831.55448752	6462349.98256209	50754.4366948165	263941.116733842	419506.150739994	692834.917451599	1095350.4808112	55059.3572100755	458041.410612486	1254192.13344021	2372037.39851621	538562.113513552	1232693.70444971	42301.3558911705	31371.8428151983	2855108.24262306	29752770.1363114	2781379.73700182	383789.277813606	335802.282372039	452668.129387918	193187.172146005	431781.713867815	199519.752311318	845478.12955089	75332808.0401902	222715.68686692	140943.818188632	4258635.11517459	959152.473650312	9956444.24637792	11002825.0279051	5054109.16340357	5223444.34208995	235713.063382116	23013120.09535	127995322.848975	282313.609403978	146753.840240128
"427K"	998911.450634761	59218.2231150286	884028.521028905	31329.2955494132	46259.5292231295	327672.250378209	384441.024901626	184891.00637774	363290.824632881	2051205.39798567	897173.601553695	5566560.66820826	111670.39018767	927757.649150928	80821.119616278	198706.362240941	437546.04266394	21674965.6232774	3155632.05413567	5288638.40207877	485466.157642026	119074.8197269	3561730.6087891	5970692.82905973	106542.053781416	1246124.08678262	60414586.1784505	731133.851761493	99274.8017998555	24993925.3470421	10094.575791687	12316273.3603187	2572699.26092022	241662.849354465	2939697.66271921	1708883.09679639	2732899.20520856	18118985.1092799	110213.676018569	42751.9163886527
"428L"	1707422.08449218	61790.6539614203	2024956.71434292	200503.873717108	559448.201273349	2286445.21781079	573014.158543018	217452.8666309	134759.648161836	3638368.752396	1055943.55146677	2728381.31539894	1057291.50664588	826512.94890963	102981.333220546	1979758.33768974	822119.58483748	1738595.46158069	689200.781732919	39784.269112771	2591965.6001365	1588124.30996541	2566968.79930086	606743.74647827	146034.957189686	589493.373840131	34426457.5796456	332656.893461693	31742.6241566617	5135230.62946851	9929943.10108785	8979626.3632439	2532827.08543612	260683.41099989	103322246.681463	1905843.95651036	11456705.828952	21419909.7341672	1805714.5362897	40261.9616125955
"429M"	198849.392706073	666217.374289839	1492325.08494435	26861.0703118384	309682.044516635	11285547.7053469	2038039.20017279	1996383.21592327	23708.7693959452	197182.747663792	660647.397116042	481071.034973315	254704.528725742	227838.157747594	6137.01438105759	573257.233050867	173615.522088287	5030448.19958748	24458998.2512003	166693.317719977	546666.097499229	172034.551971252	10461124.0085655	430084.532265043	392743.844484053	222125.129948224	24451886.8053941	1050030.6695861	998008.332117345	732111.904262993	1444977.45008463	6625698.21729443	732204.821203994	310480.228651712	10447816.4603456	293738.730495043	2288891.65318199	2446833.82529589	15790963.9655791	254558.722652236
"430N"	181026.359481557	2313047.88970838	28379105.8355284	168923.2384411	479742.496781987	19170211.7705234	360315.42651673	180024.61059212	22750.6975296631	1791871.29668323	2277156.79597411	2572883.19405464	213336.24376667	1667778.30373771	242109.934983279	20876357.2616097	7518481.91731892	59977226.9170653	766406.131043045	145949.415920274	288988.48293621	299321.373352316	2679112.22354637	2299879.06081042	70445.9142108952	7122623.22281207	23825161.831075	3761172.58376913	88904.9931018364	4883618.74418203	932018.905800599	20615809.0228214	1625733.58350427	761530.641069578	6814813.64474704	46397.4812631923	4578083.66655609	13174026.2386304	3429344.10798871	1456140.3450637
"431O"	812514.771562051	97789.6569432402	49517930.213964	99617.8213385227	2481753.42703378	7130458.90923541	198580.061416234	1111328.07495642	74221.2109275633	38223481.901451	481678.369584409	23786742.7078144	631932.665572532	268837.733848303	140944.680278432	421242.254598784	5711961.78941891	4231666.40826529	38551515.6926089	188389.362687262	711586.855204304	1010790.80963835	93993.7870812623	18601818.8450725	1155714.81349778	212650.355743765	141157530.265638	16602160.1016904	161944.524181815	35970543.9229563	145700.697005285	81576121.9291776	4306402.73853941	111213.312108901	52339291.9392285	41439.1819686621	4262685.18748221	6301107.4652318	1453900.76710829	740024.318173154
"432P"	754333.742471286	15606.0258970092	3441890.27419787	375898.825254399	429422.35366687	3010395.59137562	216389.370619634	316934.469018754	46150.1804684374	1652296.10880539	1758078.00399234	5935041.16100556	618336.834537277	85538.7043845802	41327.8550847023	888646.228259189	810052.828069638	5056600.94651522	2372988.22336221	5536359.67855166	1497930.40359175	1632791.24972755	525098.910648328	363819.063546579	654660.532964489	4002094.97570715	95192927.4303691	3942595.8772826	138338.235906173	513501.098593452	6105239.60674005	28081446.7098004	560630.329170271	254721.905841773	1059085.30069805	667719.07973008	5081566.47967994	229974654.098208	64032.6618283309	82906.5346872218
"433Q"	85917.9067727014	34781.4065730902	12525405.6471557	27858.1325398848	35806.1458923642	417982.041064959	153646.816698512	969700.45893665	127664.181451154	17646511.217856	669243.959800368	14087655.347333	153696.020482429	22560.1868152193	93262.5192040363	150707.350042246	953968.43391101	1407303.95546563	438825.902014194	176017.569410729	337756.640249857	714722.626804368	1157038.42739557	690274.844945389	700770.121628563	4892759.94697383	31024687.6771129	336563.660129239	280792.274101635	2749296.10278803	115147.278984177	17093075.7604614	3916937.97644053	573197.473190649	20210534.765678	438550.791642581	4034404.92144182	491759.351296521	544468.469279787	2333130.42332081
"434R"	7529237.03457804	308253.730851738	16265716.6668607	43230.7645724789	93930.3540194382	1506796.4437443	847308.251777838	2926858.28891231	307878.231282862	555219.716057174	386128.585066315	1206808.23139396	961749.523737499	2611638.62985412	51643.1702490555	243971.706325075	432309.395478328	671743.554880677	2331066.08241689	154840.979499488	404913.029896101	1688887.36763012	2039157.82736133	570411.546884442	694835.766224931	400803.927427804	190358524.052709	745809.3019158	14593.162339521	569979.325569762	3168185.66728481	4343355.72471077	11769158.5422042	241102.790911204	3505711.50822359	612012.523943798	2660550.24316577	23322510.332724	323728.801259406	192582.167816461
"435S"	1310153.88159883	178038.19328534	6505720.6795376	228089.820183258	158765.599792827	2096491.36226086	301119.412384747	26499032.2126457	1618653.33206879	3338320.45363102	56570.8056195231	25617894.7158477	3374546.74722901	761556.84836507	24602.8433324363	290188.991991271	2856798.4727563	1791155.0613755	1055471.62217898	149352.689282265	803636.624430044	2659851.94281302	474332.535183848	518550.444546263	676767.490806359	3774589.94580004	8803639.87855644	1063932.46593599	610725.821159466	315664.176147932	1307037.13202877	16403416.8160073	373206.507759884	113893.998682967	41047048.1182313	47933.9971810317	11954989.9743719	919583.823794525	11310737.6191418	2889381.68724288
"436T"	3256198.59209479	135672.688953357	15763101.8479287	78990.4209119867	304374.964872138	707716.929181157	790891.661429473	1469456.57483504	31545.7860450476	7926957.52302111	61325.980676419	3251321.0863636	1636497.25834152	242926.080116475	8337.78220940245	7281833.45824385	811178.41107131	131969556.414585	587460.61984997	36876.1472024495	177426.851757257	248293.892092806	992907.631385764	1187118.09570278	388244.562371187	1860614.71574586	276898267.120457	25388976.6072936	577536.813690997	2404799.83063149	10866662.0691659	14737052.9492739	434637.999563768	915004.490507502	486306.321909703	1632966.32555681	17005188.6474246	1654056.70576409	2507312.78842347	846684.202328702
"437U"	547491.495620054	835852.80450612	318170.212773941	31807.7558853927	351667.48340546	4129070.29439973	561904.703451881	5449103.95795327	4605639.83210696	717049.895548115	77181.6566998307	41230.3582865091	4668365.0012	212932.566768144	663729.83177426	104447.339112717	8881503.7500491	4473837.00694011	1050473.33381197	171044.509609294	1415625.77627771	797170.350562708	2054128.88873628	1242327.57551204	410746.439499434	592962.93233725	203915652.966886	686048.497180612	38040.7128250971	7933687.61199061	15961709.7228903	6042882.97766187	2804498.2547622	968638.482599859	3625122.51190117	85485.1787205287	2303069.50523033	15281343.7063073	2721310.31928542	522841.24081969
"438V"	18319558.4799132	626291.059961249	5506891.35200824	20169.7210999147	242182.578818814	347601.501435772	846492.703150691	86416.0739437184	825952.30259581	202536.6517879	244908.200030168	136219.818014268	408758.060957674	3715105.43087509	29013.0346787851	1114636.81751189	1160285.75192758	11211190.6744577	512758.401627748	779465.048527877	2150583.05206012	2739053.80742689	3626661.19338587	467349.593155671	315926.984500135	463749.96947574	69728006.8000971	6324267.13845678	65858.1493255341	26136128.5870453	1162865.1739289	8652099.85435558	837805.250322276	5129101.00809787	356856406.479757	209659.556610361	1928387.21610584	16500978.9147881	3129107.45504397	799427.449351013
"439W"	3893989.44161404	32020.1968780041	753925.418932039	128734.969786056	413183.78450296	1152692.66971145	743246.518064188	1367998.65587839	41369.2559349034	440000.824385555	3355614.81843215	539265.992109259	682890.957481929	2672437.0123228	312810.94909687	1771281.45521685	3764896.60233554	17567554.3980855	1595101.70505041	98014.3817357683	162799.409025354	814458.152349074	170265.569551963	668262.306826666	124222.05269973	1826414.4587733	66164969.4501896	3632116.11894616	15920.9037993953	3553296.39863715	5106894.60410586	2125193.81507287	4976177.02245781	64973.8745165994	34951715.7984752	52861.5375398267	1658259.25966637	7297963.84445686	1510038.33822384	1030917.72182931
"440X"	8511018.56459059	147192.060750125	29893000.4574117	135702.062667063	199031.587691647	10431811.847835	410834.875435553	926882.018024718	194176.504029818	499115.789309011	116984.197579051	276479.900026185	4086058.33265142	890417.508764135	242712.639416204	158816.263860665	323326.146969083	165432.078212079	408859.722782554	75096.3003565301	934442.932125103	5986292.9698931	4286772.88845732	2726249.02573804	26033.2787529147	1702538.68383981	169143908.224992	462800.060759893	73270.7440090073	455629.210928989	693109.293563667	2274310.97749347	29997786.6860375	1423327.96260611	48896436.9694251	31629.3103719022	5017933.03595804	30698526.2846056	2923796.37250665	453057.233160439
"441Y"	2055525.58099595	539637.59754985	2005485.1624457	30812.9900373188	2410675.60398348	2854564.95202081	10070.6271669698	384635.211844548	1970965.27421661	775839.14698339	290065.483910913	17131187.8985729	979928.147017475	2112957.18941534	738001.342051934	1945867.11791442	20784368.1234633	8922631.98504539	287435.682770322	95419.7878725271	42616.2325518209	781730.680368081	7128484.76957436	275727.140677828	1270301.19124423	11263076.538255	246147010.928917	346284.002953502	22719.9055396003	379680.098389465	485176.349474045	51133364.2277018	2316815.47686334	834817.869674635	3517138.54379679	371326.723725382	4198075.86026287	2247676.11313445	103519.725334473	260475.685864618
"442Z"	437169.044324661	89818.4430332337	268932.137578259	77331.5535135154	2050273.11991299	2350195.06251764	209415.031060979	122459.525234265	169391.838477728	431371.098533808	761968.471648314	1712207.24019568	29465388.8146442	3461921.52645452	39129.3189010824	5871106.14090959	353716.118334871	9571539.89539215	169033.0847931	1452872.73171921	1501824.49694825	96676.0228630609	9597196.85025307	797337.863179048	99190.0418192083	2804463.53674445	80372887.2964665	653244.83095386	95759.6038667371	1472023.83099483	3336666.38707697	22477828.8887213	1639238.09723016	1182374.58163798	90746986.1414145	219504.484225847	5891508.71829796	3775384.62432002	868243.259664292	79681.5316896891
"443A"	173832.542593251	344116.373411811	3352870.59071927	91249.7780423673	213054.238208782	2694901.65749223	182680.818525961	502335.502910748	259628.720832351	440269.604108216	291957.572326784	2465409.56586691	142119.203188006	3534633.82008607	11216.026798006	654235.217305465	394103.819845349	1750685.07694781	3001501.52529206	118391.426283718	8330485.337916	2478764.72594851	257446.553747081	1116317.7862989	52450.5677691773	1590609.2990295	39853007.178092	1161020.50927237	68339.5273642646	151875.407055435	391570.802574142	14345302.2690072	2074742.38560442	919901.102354206	20678485.9205597	420464.692830583	1920727.9338372	11039385.0946209	1038754.25526942	145020.711915712
"444B"	561428.087319897	3979.06818419751	8396339.93870169	11625.172292452	240612.312528885	16685556.1195022	93506.8435546834	642658.284818341	27639.0467745889	354199.560125305	40348.6271409871	5820913.99272594	4505822.87358247	68251.1939249071	1193355.47007026	780462.73433111	129265.222282625	1538700.34595077	6324775.530599	107497.237228827	2313181.66373308	1841515.50930379	713808.971126121	20349.3027453584	1021246.60236344	2856289.93180826	99894521.6420088	1819267.88117467	57990.8493205089	2158849.25304004	589474.614544361	30915700.7475363	3633123.14395341	585244.993323158	5732812.4712777	1204397.9822053	69706996.0240801	29472795.1809353	1487107.17422327	551735.616698666
"445C"	1260176.55675768	162181.403556596	3857980.85684675	49808.4685454939	159938.529959181	7133878.16385046	278472.934381073	1199141.96328746	1234746.84813223	271678.026700456	41184.2924556224	3133714.44445315	3620941.76046864	396016.16329798	460945.433117389	539915.961323603	1242482.17809346	5700961.36619837	134628.089281187	88454.1084563557	522545.725112513	582118.754006588	1150916.90553817	1143531.97036341	1180449.87017031	510263.113142944	158488640.612127	1106574.95541351	49424.1970787846	857089.836675415	1033529.32452916	4412547.65029826	766944.614297496	491628.63573348	158398294.804181	435015.526155457	540357.626732007	3486244.11070109	720304.418538605	16605.1312087075
"446D"	870637.848666705	33179.6491567089	426728.031299871	98131.2930327502	59237.7578687306	12422250.3494708	1912184.16433857	407938.065472696	415066.234216393	166453.837601443	71770.069800009	806163.476631873	1011559.12950068	250123.384902189	1515745.36349575	34998274.842762	7777717.12255732	316719.383432641	12231825.5439845	96866.3783144374	1968776.36300762	1245083.65936686	86866.9796541929	3555111.66100127	1815903.3344851	839405.405197315	194602665.346353	80258.422513692	665475.237696351	7129689.40259558	846626.445739088	301136.98039727	861818.595861407	359746.078180828	1458116.76183198	2174935.74511252	4140166.30261775	1717511.77500478	5928638.81080534	166437.552741991
"447E"	1981519.02414602	71237.3265304788	766959.595369424	116765.617838192	1055857.01861016	1427260.28466767	165477.735149741	1501184.50760379	79254.3738464073	152969.773600181	572033.635800066	1431606.40188001	4107463.45846365	705064.148594383	70821.5552160548	546506.428172233	8253889.98385513	1624351.13676898	2004594.20020297	123993.382117167	1398840.2951546	1860899.1289053	283526.30414658	531920.868818343	39943.8162894725	11691696.8344944	56913651.3926637	785405.498630523	57347.1023114596	1292808.15348715	1856327.3617652	194734532.301185	6615053.47335631	486118.975530242	5362811.65675737	156749.229698165	355012.753124153	18195513.1517111	23994398.4216136	311195.636007693
"448F"	4473538.20507627	68225.139873276	10502280.4626478	220430.06585507	143221.744592084	2750792.41636067	38398.257580321	1642706.64688003	232885.080951884	15231864.596752	511562.595354812	3392094.37026309	5470591.68132951	2036021.04889557	222865.174653168	766395.918089705	1342094.63939629	3585654.14559496	831057.227395379	185897.214118004	822384.540111626	630006.67906629	6541995.61571481	60407392.2034684	539173.740066332	315218.020171858	10652416.1080309	1594180.50325017	88230.578330124	10630555.8747664	3582697.2209711	45208066.860637	1155448.19841278	93007.3669739555	58469475.4905796	9007.97650351541	2330731.60218372	4072812.99907426	191515.763987704	3178674.41871172
"449G"	1978110.07655038	248296.434755673	1439973.2038757	56191.2608843247	20724.4025885867	3673359.50192606	193430.702060995	397892.410257185	55167.2314210894	354938.866347116	34715.2860339119	1002593.95165207	1087833.66113896	2706495.27267886	99985.6357827311	413875.165027655	5384466.37155232	1244496.34144386	12128974.6553027	519277.715062302	597546.686293205	2332412.30617734	813764.26426638	1110783.9434937	382352.784436593	6525304.85687498	254332244.951329	1464223.08250713	3653302.65745323	5522294.4791677	354774.88898004	7166381.88703725	8364443.97046321	1610415.76153847	4350824.4675751	442466.547280203	4908088.59706657	7159968.64607526	6704907.59189745	105895.728035877
"450H"	4384964.42666409	151257.34515725	7486704.03474172	81681.5939500694	5193571.1489509	1890871.02078319	355740.980284896	15987751.3665612	76707.0997201192	1567769.52057423	107987.11799646	1183316.12598612	1023491.85653408	251344.446050154	126339.167750881	951113.010772707	13112538.9510857	1971371.30866255	1384247.34088513	2595117.99425601	1249327.42714025	23197.6130678725	6825054.82594902	1004897.49683017	199824.135499861	7751996.66619355	2001194.88218514	385675.340559498	462218.342925015	4183621.73057461	3986582.44863045	24112591.793447	860014.325958007	87875.7684336717	13203583.2935912	61043.7650446124	575930.395979643	2042757.0656533	7286653.89838234	496532.705902666
"451I"	531693.837992946	415664.45356664	13613801.7551522	118252.317191306	6886367.89965725	3804252.40332556	274355.885823807	593651.821229814	51290.804938307	1872540.39429934	83638.3087801118	3950409.77352401	164623.888055164	235181.638767886	535585.098446322	129082.551890677	750223.674972865	14725304.4058534	2995569.90473737	1761731.9512024	2913509.60716238	301384.724811958	273051.040248496	18206508.194105	182524.870622986	4791814.81952013	6703870.32508615	3157905.36419871	292071.676263683	1116508.52437763	7333273.61987912	81369062.1437871	3135268.66483132	93599.5489346009	10087451.7809881	54371.1036561682	1768040.47516532	30830058.976336	4669034.07233515	3215787.75854064
"452J"	1402387.44420716	1412749.25445013	781695.418485936	114489.52147857	1101761.42661086	2536224.08465765	82449.2201845696	1239910.52646434	313450.950490772	270487.605986109	227505.271640304	21636759.4630316	541800.173523333	42948101.289014	131663.750058088	631395.969454812	993245.622873261	13265719.8146303	437699.496085625	672618.655016183	337427.681296564	1719751.29400082	265607.138253153	11991580.3286449	152273.735114995	3913478.94284013	12937842.4328366	433901.021490291	2272550.39467488	1244501.1434145	6249734.92399576	4813168.649782	3529856.81336547	40755.0735050977	13742628.137306	231865.401077932	4501020.89025695	1814743.8560415	1631751.80833312	1085242.33028622
"453K"	699214.262303012	541779.417670293	5967776.9027863	15587.4118096001	279278.041633144	568383.753327747	35148.4675083074	289061.000027646	7784.30178135436	296803.056546482	1615081.71215596	750154.7112937	524571.912498203	702839.617572771	110996.737974739	3630029.05835801	691831.767656639	4202013.42641801	1150231.97990892	4383169.72488716	419037.193161729	1673776.04853341	689794.773240837	3555796.22193986	541456.625247403	5862852.01923278	76841385.3437971	2128181.19656517	974082.95573797	1966022.88161239	90742.1901101436	3181332.57270397	899321.886288716	97277.5612951866	4655141.21057963	167427.79300129	14038360.5825656	45140841.9211975	3491523.72585178	51954.5600152112
"454L"	5877345.75119859	349640.557170339	56066775.6404877	79543.7575288573	56597.7996940508	27065961.9998669	246692.226628115	400458.712378822	789015.503938024	1208026.47339974	244895.72937958	6098878.63477226	85580.9067882643	45900457.2187764	15025.3397268132	175121.704043087	995913.355235116	1057754.57161189	243362.866031086	443523.289343461	345873.311968897	485015.283010431	418578.520118795	43111.8011761394	128862.06702971	2036216.65991687	106186281.365892	142079.639657576	1910924.40386264	1368643.79868272	3812348.38664653	10304142.6809215	6749858.39965573	387297.321978037	26900319.0403089	64609.522840267	2013542.20173296	11440363.1539807	683554.701669635	268562.708415459
"455M"	2042816.95897185	935307.664124609	3864066.63596707	161029.481762488	590390.698384785	56580737.2912698	716242.80942275	658348.574956486	81793.3626238227	57873.9904959858	84641.2595712687	5674436.6870163	1574721.9341274	2217732.44402004	230498.790367841	765335.529975188	23106910.5374552	2310608.6964872	1704317.63092035	44124.0772297037	127063.729419516	391872.55594246	1134939.66868854	5318107.07638641	74902.3786960585	532276.675114125	1475879.06104453	496794.297143144	45083.5145916023	7961243.74064548	2324014.52299643	3442365.88921588	3952592.47914765	114483.819639252	1695203.67670972	49378.6047550183	5106305.01552018	5410831.73090275	80573.2260541834	178779.175529224
"456N"	385762.443398146	335009.648424123	2197077.05757553	31251.9877196907	178088.716121811	1583593.42845909	1005005.22376122	140283.874912434	94487.4159815619	1343014.31250749	204808.925079423	467820.070408621	3434729.66448468	197492.438958421	40421.6723949353	728509.606804599	9252247.90906999	80157325.4070205	3715876.00017676	1470840.86251542	4890527.19892895	469168.433916818	204494.457094895	2608302.38141231	904962.316412789	42337985.7770782	17394358.906789	1685214.22428339	27287.465109387	6153944.33931501	2795739.38032008	1976902.23190904	3215967.91478841	3414537.68991709	8696122.82892682	373990.71116098	3165604.62919352	2894924.36008244	1403477.36466979	385030.629780352
"457O"	13699545.2359699	242500.436441288	7909333.22394467	358339.706321939	121790.874449152	22369401.5728235	723043.811232828	142701.28865651	630404.682853557	247011.524539438	293993.693826872	2916889.7638563	519071.785606894	395849.705531894	269889.15115892	2454153.98795921	272298.482817707	10643330.4897581	5192304.71001665	656076.06595204	6424290.64176146	759891.634349574	396081.697938578	44865399.6184021	614315.382369814	913710.872531351	812731099.110592	318274.52299803	61674.5252091746	955172.561455569	11118439.9459	7048772.95878831	26719573.8451469	61381.2919333149	17101127.4125476	291901.310961006	864946.355458329	853263.747865866	166857.227423608	1168027.2321393
"458P"	3227528.12702768	53816.8233256018	4323513.30118859	16175.2902758913	389278.62647721	964224.880206841	898364.158376962	184209.623561358	131904.563633167	873861.289082565	610749.575397466	1363090.98434286	297922.075722407	718139.616527241	994710.901860869	172900.864654799	1243824.01250797	3359117.08014572	12516033.137835	686259.781094981	10003059.4914135	320129.238441625	3695380.39255465	1625507.324485	905230.345623752	1227030.23298602	26276038.4861819	624455.218782902	79582.201999031	1428437.46358375	1933796.95455029	28299142.5110339	618981.404058999	101591.471732352	10259530.9575229	1446671.42818589	2301949.19466804	4163814.25162637	1969690.05103691	238881.452278784
"459Q"	679938.612421366	66929.379736912	2886542.17422125	32299.8186100771	430527.712317716	25383133.1521094	78790.0729862776	182962.707651388	63986.8940976296	3205204.57328511	1174838.51365966	1419836.29182579	270505.511475343	1673432.50898948	50336.8158221337	385664.681070154	1440346.66868046	5790225.9503028	662639.31974275	1745094.26435718	107283.473644578	629820.894284837	193246.624993284	305637.150822599	7313431.11246547	9194342.01368652	185980787.077384	921652.775784386	969769.656379176	402512.094184252	679393.641678605	11919140.7594145	4202030.94350931	252469.028674706	71847786.0233569	202511.629613525	3885299.35392221	13307726.2805308	423408.486641153	132832.026284833
"460R"	557085.04125411	249078.103938355	2124159.7207762	14887.2206817567	45302.6980186599	918351.267400846	2852663.91065405	465157.770296307	137605.169688396	873692.510599354	1542317.1720676	2501801.84622249	874485.767137648	610833.828766464	1332950.54097508	144927.313812825	122752320.524059	4150159.16316894	6425246.47801048	2124347.57307006	1100460.63649654	775338.256463277	1096318.0689899	550062.762703919	9654.49674993474	7833277.29449112	134161197.744634	554797.475696355	114321.046121254	1019910.91830682	1618559.50772338	5414561.67478009	6084905.87533153	2281180.83469845	2876770.90491199	220585.717370112	1630973.23809056	26501474.5179787	8640364.16382496	2368037.82183985
"461S"	3084232.2219109	1586917.36348536	2029484.81989458	27507.3410487594	838804.008985944	3785672.23903097	222733.999497655	411150.133305621	326800.361825896	15186604.559145	203314.61735949	4451698.58284498	1613541.85285736	1466206.37812714	525673.500761994	265356.661400421	122459.411436881	3145902.46957545	9135810.35002864	395201.464110533	293401.732371016	5388933.50689746	26246.7715408902	1671659.24497229	506147.748049315	2849902.88977924	58557293.4531787	736866.163073221	139229.237734963	1375458.61505479	4943197.5725675	9835226.47613464	12599117.4834904	1554616.36048793	3830263.3916853	65059.7125734364	18737360.3044477	3055618.27505775	619123.333340774	66554.6880622448
"462T"	4762776.58351375	167811.287515232	2424474.73553768	26800.9063339944	1940383.12640533	13263541.9441815	171149.938485509	983933.847865769	115113.563315304	854228.763925522	818207.35208759	311461.046636632	221072.177946443	875227.146312222	36112.6252875132	704681.942071352	3667489.07541387	5532319.54661605	25445442.6346528	6887374.8543113	2517022.22710254	1052855.62382775	1147930.96808095	1088088.70189208	83533.5398297284	2092772.06207352	40439236.0510825	4612307.28989879	390243.684619184	1832320.07788904	328441.116176122	33791137.6666708	1885176.57503804	13638454.6109594	14023296.6587804	448583.818837041	48801.7133132579	16820158.0662012	684678.773633665	78435.2582599413
"463U"	7640905.70925398	1011888.17785169	8249077.70242128	27857.1771391859	990220.528180306	4887359.74554417	1947024.02471795	502415.570353414	185988.849523085	1745983.06913435	707447.008234501	10856130.9262401	338856.325623141	11189126.4152873	144902.600382963	42343243.0375141	155842.569345385	9704386.62124124	870962.960134724	8913440.80344814	3041269.52555386	9463256.85644541	1068528.92587092	3570882.79057173	33928.3193738583	207034.551949591	15072591.2194964	4151832.24863337	99125.6582860182	599925.467051287	1337702.63854177	19531532.8559685	200277.614879198	518585.707185032	8654819.56880566	69628.2261241956	9772194.98393294	3072795.5574728	740163.1611723	100889.555792526
"464V"	3370835.60398185	1609008.22121872	2745382.06448845	65729.0052983769	2812349.21025923	1705985.15356954	293235.760086331	174568.426053148	253056.708639479	4610573.93660293	4343838.52260939	993889.942273299	5807577.19939368	1253328.76888648	459537.049891777	1875319.5843389	1243536.29318681	7715952.22549902	10177597.4884674	132494.100465989	3022606.51548407	16932953.5768491	138789.1459746	4770223.99735417	145975.875252991	4407943.46176716	6502866.98497756	335714.558860152	12786.1628142848	73645.3150319757	1550920.92009885	5529238.17431039	1347159.13092403	11249106.7506356	10852449.710704	66920.6309587269	24952819.5799319	85190057.5790351	1087844.70399199	160788.323286215
"465W"	206025.070657304	611380.375091949	4375346.89348846	36569.3257037441	782419.641159154	1640459.15068743	13930.4380518667	659198.338745281	191016.005088628	10155883.2319991	38078.1047611224	6228855.00608592	325600.305944955	146253.794682484	445779.866526468	2309592.21012812	1281758.57790338	5957743.69992332	275877.655052614	434820.693515942	382587.218499599	975631.485785628	155668.414816199	3924575.22004424	411964.441250176	1719483.94600436	50050665.9154103	32387.5902575981	34544.498600575	45035055.2455812	1132022.41959267	10501441.9354691	1432409.47264849	1080446.87276634	14525462.9061804	31445.6735781471	1403698.4800163	3997511.57604224	662165.327185552	4533377.376167
"466X"	1940337.98166898	73940.8048650365	3216013.83327887	694622.10938034	874055.650319281	15819450.5218297	99498.0669941491	100337.652882023	174032.14224095	400440.044915949	415105.37763885	11239207.156409	611876.636985704	963710.649263399	314465.788852716	260737.214290881	929139.769496001	2563417.20598189	3975124.50824631	602647.35827177	116143.101075041	70720.2726505457	312523.229959101	7480908.58905073	260875.019412538	11993699.5382489	2335431.91280817	769140.416066283	5191.36157720287	2026051.87563369	1131096.83021723	17128069.6965662	327649.546750445	8090986.9738002	29074859.1374975	278382.789825705	4590975.54581029	10666050.5025485	46394.6647124355	452250.737607083
"467Y"	2405630.72662263	5481204.32275523	3705767.83141989	24173.5662796851	50946.0280631262	3076695.67333939	4062864.99901693	412962.199113282	222870.595848503	122598.774374204	166256.266682123	488713.240427879	503138.160237719	87340.066210281	40200.5593356685	1540807.44905321	2719349.75854414	8793203.07425926	463288.460300165	486974.394544908	775885.175936288	2003134.50179928	351489.268640357	4485615.52993729	3512328.51356731	5699401.38407645	124261086.861956	208404.74827865	393860.971599849	4776973.98511418	869385.279444011	4912823.26457842	14228861.8019608	1109790.63290937	27858696.857857	9899.60651489926	3425857.67617979	12663711.1417169	115776.011838798	232207.759054844
"468Z"	263982.964832006	548653.553490105	17642634.0049798	125578.308563885	442159.184032287	9021999.22084022	337187.621500314	1122909.20305523	12914.7393077739	2709833.19375311	449821.638495111	11537951.0532573	112240.72714964	852061.291947303	37844.6505858849	1012186.49245315	136852.912336897	4091309.27810411	5611220.66994061	395628.507412314	2264235.85600604	6322361.5623661	180304.375889714	3563328.68686618	298953.547707559	1603179.96492703	31412034.5632594	2510374.70498452	99930.2062869817	1469365.44714916	66306.0391209772	12469565.4262987	6150578.39249605	348836.231867412	8899567.43120469	204873.714370446	10716688.6279936	2165573.45015336	43640820.602978	10031.4623607829
"469A"	2706506.6367934	267518.836659602	5556040.30980299	658234.462185296	399029.20304787	2654074.00271158	108523.92102375	798545.961458126	446830.581324082	897772.473600346	596658.55912287	1589610.77196863	374942.554952223	419818.264248402	172078.612547261	5481166.65543069	847141.235454791	1603335.27957264	6086902.03194825	12030.5283920811	1654072.92835726	3584610.27271644	462530.462016011	8024080.55423478	283819.133220838	13087047.7205411	10024578.8765246	1274760.46671749	321260.032856923	19898483.6328527	591787.123848099	4246049.98071626	1740846.09721657	1775954.93512768	9455768.91513921	19515.1505359729	80220734.5350674	3249937.78542884	369054.049266151	103074.744879036
"470B"	784050.463954847	666020.368947835	6758815.55263042	125010.661790165	115471.889906323	5271468.91658602	287634.525958506	181547.712217898	674103.577464296	2127467.67254064	111587.420306958	648855.343897554	1318260.45435344	1572408.44046049	1401187.29987511	11199613.0252032	2074240.79872093	979818.335584805	855949.800148484	5892127.35369829	6174932.1598575	161136.076836539	1155395.67062202	486566.542479691	3733119.16045236	846250.526213252	634962429.082234	3785803.73672809	354718.101874041	548169.400209092	2974315.79606888	14096811.7036297	1047817.75236144	259099.813879221	7642682.75621625	20487.7268718865	634301.665436697	13305202.4134311	135255.120987211	67365.1495814212
"471C"	93834.2383330234	176032.313197162	807684.652228739	29468.9536445671	37951.198216822	182192.133670075	379105.645390533	400880.062204661	50466.0090859142	503522.033756821	86760.2362527811	193523.968057024	600057.165100454	319287.367515535	13015.5366137849	762661.799887783	599824.160216963	711292.748548312	981514.033539046	270630.507278999	865051.028787726	408555.422833282	547510.403165642	11850234.0333464	112946.227771884	1671843.51285905	172285916.331845	2177972.9996726	243016.332770035	13229089.3599671	747383.496197205	38679981.2033488	2117830.04132146	61403.3515846237	7015242.25573596	32935.6536566891	13211237.508769	4161296.13014736	2022954.06822365	147490.754339335
"472D"	487550.102965806	103045.211851559	364123.166689931	26830.7976472034	5067677.67732638	527242.323915379	230021.519153812	445553.522244188	20459.8377479174	1464069.28382642	1332033.98381434	3521511.14863782	1680585.88702829	4289603.15253368	64313.5261065176	2196697.00881202	1920404.95879391	58856843.5792144	1172275.89353888	232447.174842418	376544.390552796	465866.026346783	1422498.24697917	1209236.93133912	239872.399274457	2111210.92478809	219742262.817288	193411.512457935	110982.785660728	1612072.76877124	713789.915303816	1068575.64989063	8217669.97580007	753816.76119303	14689386.4866876	19174522.8517464	12925668.8225337	3067019.79019649	139150.9469644	783971.83252764
"473E"	610589.806224823	48644.3248686739	4904899.41042612	36294.668345749	67487.8704152518	5880819.63265166	360737.318951351	239415.722003852	336070.555810023	466901.536712489	224934.078332849	835679.642423954	263593.086290304	4392441.67196444	36544.1718538197	729393.448261495	1453291.41882044	4508425.4736077	424556.500173941	144089.583447191	655347.450944505	697008.99887569	81258.3597917709	4459175.56081834	330674.104145718	2661218.68833265	11632207.8441228	356739.585209357	25943.1196128718	230626.183809604	149160.612937349	6701291.07993987	1715127.60059172	32182.7568347884	40381261.5931151	30350.0476297616	4759964.55669678	810997.916697573	575061.243863337	197062.85056803
"474F"	11768547.3442782	106762.22202338	5578072.05167699	54767.2777753131	377644.755204696	2124398.1749157	77902.9778001769	411273.387741701	29030.5326696511	727609.259699083	41318.2815621021	10006530.8193562	3211728.59696632	99980.3177166576	545057.740549137	16735396.3649764	949632.335464782	1478815.61121003	11555873.6034399	313498.088757792	444865.131291657	1218612.54719547	37292.4773510441	261541.93929572	195810.097156822	1523257.66203156	28824928.1186833	197843.52380852	212224.515005234	1094100.05815558	30570405.6885179	6798343.8767701	20514221.2377192	292108.636822947	4615543.1153729	99543.5161675456	14853322.8676429	1416154.38523157	3780068.98452984	173600.723959002
"475G"	263460.538362985	117961.94022265	636361.925749416	92799.9808330014	351346.832470594	2333850.64395876	151198.967536418	69472.1030882322	193286.856905724	1068246.6770506	11963.5241196283	1316437.50849087	840365.41161789	112485.263847607	107011.837353302	629530.956303961	3150581.75875926	19172593.662559	21450580.2665874	9717021.96501108	2235118.11717002	1558478.56179362	338809.027727202	1222554.33589179	734710.599431359	333413.643037371	71032321.5965385	923990.027449198	8211.13438493624	449813.414580044	52552.4842864068	21008257.3838405	1228553.65358825	302140.396571529	619897856.986234	37179.9317166594	929011.286262256	12794768.7166513	2862219.32597845	1507480.37309026
"476H"	573347.941501221	166203.725664716	68490.8513045765	639284.149556171	47908.5688115579	3712425.9346627	156747.259333568	1459584.19901265	53213.3378531643	1544145.24926978	811450.444729377	699651.592843756	400360.351583538	668224.47475066	76545.0366960531	1622700.75221882	2707496.12729703	188441.433274531	2642654.24163712	152618.440230951	538788.275941908	262660.768048887	968131.931226634	1191139.08464829	5009857.27350779	3622610.00272655	45443548.9423667	299214.155658267	60818.8146621025	52801.393147571	9806755.43771928	2761401.72137091	2612769.19104645	174263.760523427	13637615.753743	24266.2784395946	4671733.01259343	11133463.8854417	8254077.14368729	107512.481031954
"477I"	3373044.00498313	130691.144579312	2448705.00825193	107149.439300669	4259198.12399007	263970.838092083	927328.610292992	1723982.68541529	161124.796753657	565257.373022634	781108.516122035	3023204.85214175	11189223.0382256	487637.132896978	294138.981604149	760702.364879292	3136469.62585163	3984583.38103628	1910154.94955026	51737.5734880938	90131.7269222327	589072.443926522	390114.049854343	615919.769445972	866038.143724203	12476942.5488091	20282114.6860278	2114577.45086796	68953.446040771	396018.408768267	189663.203236529	4506907.05121639	1521373.06888669	158511.290012718	5156174.63166054	3788.39812694051	11739275.4729346	1024297.40838595	507684.945641661	204907.190142551
"478J"	85941.9547507292	3650691.73789969	986840.316468686	126993.631014008	48096.5077966039	33972184.6203893	256654.145332581	456989.077107675	248661.641562606	1834192.08526701	363879.583239956	2279813.57368172	123270.851360641	567443.034555145	23564.930180573	8947300.05717549	1902584.8132525	4076865.25069911	866679.821010851	45201.2086658814	43200.1932086538	1900995.7658633	960221.217057585	1422446.16749983	986651.09318859	9449828.38787466	232445047.849449	11886984.7967011	52270.0324868766	323295.793370755	306939.247432729	4550854.29454761	790548.305586411	333303.307649763	91613228.8209254	258118.007213745	215505.151849432	1141231.49554222	1130740.19818433	872135.631702907
"479K"	968069.056637901	87533.92201152	383247.85871028	31322.8784576049	540643.966763536	242199025.589641	83474.1038797439	1080993.74981867	503146.211622052	855708.651695643	438426.665077545	1563629.99723935	626961.835009944	5276572.73156305	41516.7071006712	11514095.4577559	3007399.78818687	19828189.0599909	608969.325571964	165172.478171298	57715.706270388	15986196.8828318	11403403.1251518	4301590.54873789	304033.532734218	10442335.3598711	1830332.64877509	182236.016919977	52071.0820366607	250146.539551569	2222267.37267699	50817280.8464213	2538842.84911888	188314.879584819	8480554.11452925	113759.39545882	412675.428898403	851233.759657901	140384.721037348	192395.278627894
"480L"	212876.444071207	380848.605813082	3471885.27861827	36951.7417589613	403375.248890147	13875517.3323447	48575.1851057334	53657.1317757313	279547.068750653	116438.725997403	55770.1284836902	11484558.839085	4561858.66734469	711806.711358428	30863.414562714	771797.354842066	677656.80559494	1580090.30689978	3291470.64545137	219382.787163132	4565281.35649817	792507.317597313	228252.361777923	1671176.83081463	34142.5015803144	1230360.79848551	58000054.6585458	515705.646287502	1166934.78647794	374199.728372118	327579.854124105	11423879.463079	575790.154951646	370966.357065021	12357374.9758941	2795026.91917906	4612594.24443669	55837590.4899729	7843400.51142676	101121.486752955
"481M"	886620.01758137	155293.952783222	56369878.7721123	348572.003332775	2062003.44290304	393685.897024962	19254.9854772581	3788363.89884326	256848.431752605	1010861.63161102	264471.378412243	454058.758936909	25614264.6432898	13866764.7377873	140076.8719588	3389745.59347669	2452096.02626652	6132890.5517591	1160978.55389494	955321.180984454	10295288.2776103	899512.90081094	1685799.38914255	1819728.53677824	67744.8449296652	525385.782602806	5146005.78004672	326953.565169514	208217.843556401	1545524.53232356	347982.813701181	16106456.5590322	1006115.44580793	208057.955788024	11496409.9871909	7273.0432072829	3062605.1978145	171277196.097976	64658.1004499522	116857.168505801
"482N"	9610249.09527966	8407089.83092894	1148518.79801285	11848.888395761	159392.903744679	4208399.17825051	414927.527651271	182318.330541958	391320.160906701	10013978.0870083	105807.43123025	1078217.2532784	310277.195892881	169054.748473981	132802.650510473	1331249.20365472	727369.74321321	1208723.67849802	573694.21809546	165927.558739525	8802483.55884081	5895828.14491154	393704.613757776	2034115.67927927	8853.36587780319	80654.997184379	52710360.8743029	36209.1307075208	89011.3300448412	439049.050465939	701983.300116041	7820729.66690673	2413095.58710326	180068.719714358	19112248.6504847	66469.7985026642	5917323.64506223	21179979.1536167	501094.467993954	1518712.58137678
"483O"	9764194.48726678	539912.310050839	30169192.3601094	55491.308944626	2999073.04601644	5749286.50398008	196219.051372427	793102.760424512	69196.7152110001	1975383.5335914	257251.1105486	457079.504026195	94951.5614613745	7455780.38946117	420113.764196747	548359.894600665	8491227.48755617	850454.593847073	5823459.40911281	76680.465585055	195609.989472684	316623.655181984	466227.232932518	2158669.42972492	1618925.28425882	217070.368214106	213476264.610969	335396.99396179	37415.6026965098	492898.325770171	3752184.59504388	32099571.9947814	1174352.69939048	215668.811282899	66340703.5512699	608632.080646344	4772522.26061663	14574893.3078978	271697.169522889	419284.746047189
"484P"	780891.70232626	104318.567016406	4039030.38490936	57182.2015711411	190425.582707389	3062560.51018616	139033.472848801	7014425.63124366	428580.328881705	494291.743751482	286522.925155714	6605958.0760334	844468.226366019	4403697.73645096	987695.600922678	661157.532642647	1205112.42936413	321949.165649242	207003.075958531	47257.5483924344	2387328.63882766	14023.4775610291	487113.078623549	474150.582823051	324162.694796652	1233914.66001116	370315953.649242	1080340.43885051	447290.530437078	866253.838487423	205128.940947587	7491589.94964253	2460890.5815993	2332524.0188303	10990589.4138294	60861.5863562707	9822121.67992571	6419658.8505997	7125973.91257643	96300.7588104831
"485Q"	2715189.16711238	63940.0484155759	5675863.46013476	78239.8363128725	480815.314924534	18382495.9064903	310505.978603534	7748179.00928261	30747.5764718824	1098128.66261445	1534359.37573595	11325623.9551889	2210705.77021056	308260.962977655	695388.112350768	322323.581405811	3860097.5555626	1003885.77606925	9408318.21543763	44501.8878420543	281901.226926377	4893546.50526266	2285420.4173654	11253620.8799692	870419.766618015	7269175.66787814	88749490.1338947	297908.197027498	99208.9374531575	774968.891211439	555620.493007238	4110173.54450905	2338048.09924897	1740514.64330968	24021546.9668569	960668.911941482	8674351.44490741	14678421.670988	559082.633646463	745520.371558525
"486R"	15753364.2238181	432302.775980283	13574802.3523039	41059.4556519922	9480.10666201033	5210581.15034157	1069975.49111532	5451191.66994942	89805.5309702802	135390.34807496	1174808.49679325	3898101.0243292	129998.808129983	395116.299598668	278804.918723629	2723352.435522	1864872.19960063	10790748.8372639	7304894.79091109	72746.8969565523	130031.156301349	620544.108293232	1586882.32933463	912550.029582051	6097769.78390101	3165201.10096611	12249916.9364625	30360.8808240026	2832828.87771419	1911623.86740914	205069.112430393	26643966.94878	2164781.18427851	633908.827706382	51351439.3731375	73558.8132741221	1248992.17997297	13685136.0937933	1968017.65215563	306393.696837421
"487S"	9500235.8881066	228316.038402316	807305.796594205	330816.80210805	1701078.39200315	15251332.557283	243147.645827922	32731.6634554108	26385.0624415613	213316.097627767	390154.087698112	280603981.78938	103145.591962219	2108150.12622182	386752.409193259	453821.562199854	1190137.66570291	14736724.5646167	31044912.6880556	210502.086726605	3290972.65663423	1925374.3050232	140079.280656656	3613020.2650867	931802.108491312	847202.435540524	59947650.0706317	315537.337600928	3757.14589042264	1321119.49099774	449317.479887522	67308583.7644552	18154192.4092775	281188.718331223	1372001.97569629	153306.262638666	9062651.91393994	1605153.61376323	1205748.22887401	392146.216040434
"488T"	5974911.29075071	538868.387936256	448019.907255138	4366.96178873871	28115.2029917156	12080601.5951637	600857.497974631	13477421.3219584	108002.97883035	1064939.1483375	1195736.60115673	918689.818969628	1270702.22778252	251266.24137527	214505.996169261	3484575.29757879	14521879.8303716	2580038.92849071	2510464.39565059	359406.102198462	313569.643340815	359606.146038585	16563.3783988599	4499788.50585817	201091.367403235	7002998.47399767	79158722.766081	1900870.10137849	15477.4317507843	2532236.80841927	3468626.8400014	241913.731495886	9228932.3012618	682397.559335296	6265977.67410864	25735.3722193679	51848730.6977787	1386850.64293028	1919367.57734901	661737.077117649
"489U"	1174392.35582354	3031284.26889486	11662934.0154214	403724.554958318	1172070.04356323	39462611.9740115	1206832.35108306	418292.578618009	277234.824750315	1430873.72842396	299635.776849501	608020.688924357	8700231.27799227	505646.686631998	131255.635492516	3051729.1719457	2575140.14923318	1309978.56408013	6702119.96392325	538134.523366569	299094.636039306	318427.405404626	159188.250621741	2386667.50765105	70888.1309815744	529879.72875181	43891969.1938252	1153332.43298504	968518.057834876	13905112.2052614	235850.698202534	58020917.1745931	438547.57489112	565244.574196227	13749405.671017	441730.185391082	2780333.36140676	6804934.63551551	276796.588009312	99522.8111761003
"490V"	929924.612369203	20603193.06089	1974913.1776426	21930.6496112944	11687369.5125967	430599.512719201	78751.6055867664	21508687.7737552	61640.4387690918	647200.559732941	116180.168848148	1183484.12443011	111947.588563548	154041.965213144	1214572.47284234	1101218.34381763	6271444.90672202	2571515.65324875	1213491.01054424	16760.0616368974	277910.125199725	311012.914351492	392646.846266213	1035521.21741608	564261.571102136	5514661.89011772	66231085.9482825	1282382.50091316	217517.86893494	69969009.8212197	589548.61503526	12574493.3442087	11756723.9145171	498163.354967469	101225793.16077	59912.89639252	1127946.07821341	1097356.94532665	820494.083787565	3045114.74976504
"491W"	704127.393597178	383027.191427993	2616154.83662454	18029.0744766533	4477368.48918436	5146831.24787838	460222.920403942	2940659.47176543	362930.618147349	135134.327616974	887668.081097308	440982.26854155	367311.628775741	1664719.32155284	51247.5348484477	3177893.87554545	1853760.24782654	4389754.26495009	900778.805448007	521471.620815947	3009524.9117793	129484.665857759	6352750.05680858	859807.060652577	176537.535396466	3056283.61457519	24690433.5964306	1940003.71712918	116755.181041691	2138326.62745377	207131.836082405	3770170.23804951	8039252.24628887	410396.03220314	39025807.9260699	2437199.5254838	7446449.54517669	7743607.28166526	148065.456896801	434388.979106895
"492X"	308507.393002974	395393.333485492	12484032.1269677	29294.3265044708	109952.20500141	27677608.1666598	63075.3649296219	1400040.69602602	907385.289930142	390053.881329873	2253101.01059473	91255.3877354927	440632.086933078	1714813.97818896	2344732.75222851	3368607.66887065	1821707.49196077	2513304.39507987	644729.668370669	190681.367042103	8006769.35648485	79090.2497532022	340441.470598483	59698290.5697079	1123273.97865902	1686298.96232496	74197791.6145786	241397.691695109	40537.9717657978	245891.315881027	22351.174346143	3231467.92931741	682250.983327518	17678.9899944579	1746367.61741922	221776.400833423	7441439.62779243	14902037.8465803	454953.218754163	524743.776699591
"493Y"	1205967.49083487	476298.169825406	4820038.2554331	75010.685706013	97140.0044133158	2799175.29386192	1652870.60472934	368670.42853257	46033.6719819033	1631170.20891942	347404.022894348	8587160.25644043	1307515.36201506	2053247.31687974	80882.1164385961	7510215.63127006	4698987.90624788	2766718.01842386	147992.211873163	1914512.73678051	484151.937806145	2761932.9404602	3557375.77436387	6766296.20224229	19399.2101994453	2239173.45034174	127402383.776851	566528.738229671	6073.56265008888	2049162.06151772	4159377.20526748	10373075.0689195	152457.730344023	208280.885561853	177475116.023459	100295.070744615	1569748.86081608	47487576.6466426	1261879.91294298	197009.943389523
"494Z"	609117.598789731	1257908.70969982	2264704.99256013	8377.53593982502	1462067.29282281	1955125.19847879	338522.016982926	1843886.91526497	167659.331440103	91339.0289688025	336598.71951752	1718573.12135371	633711.644128833	171750.43070879	734267.367103686	730387.663723991	5459659.26084674	7844394.39581739	2905338.36089332	159956.559441415	2178644.51284618	670293.171571088	597567.684554965	735665.306946756	4262096.93784236	9948488.29173069	170689928.855966	910646.019819253	4385.66138580628	587475.844102048	12373157.5728018	67660628.1713714	3529159.53792647	2236645.37136463	26122857.3640156	92542.4264481208	1053862.91849215	4864210.59073544	10738330.8378347	221545.687468862
"495A"	2736948.65544119	1954300.10719966	10398549.6237009	70539.1863426107	380218.188920973	15933441.4974467	41008.878973648	193878.507936425	110907.121780297	791955.930421293	299052.139219629	528899.717153412	1555435.14595054	150957.656417871	506722.334063556	2997742.71108543	319870.741374403	3267263.24917739	4757393.52651783	106937.739403013	178698.31423234	1063450.30298703	192987.325388425	397646.580738569	1906338.3804752	6527837.96097867	33786571.113415	1552750.19040373	399525.013204052	1573913.65107792	850938.14416301	44109045.8868541	5825682.47136445	744815.79505785	2072767.94924758	58985.8479585488	27948346.0269955	4041892.44828307	952467.337559967	62916.9125453182
"496B"	6252744.91487275	315633.507467269	1524463.7683298	150604.50566956	835677.269629791	2938651.49201104	123618.409183151	185901.407591202	28981.8760666106	574551.797974673	97340.91707157	732391.415187783	667199.161729578	2243366.19527803	75108.0594141173	1004132.0456681	1514061.66411321	1072685.58632496	13478448.6241685	2022837.4046007	755955.355591157	1669745.48392798	101966.877659759	46137714.6642512	1417158.42700337	10634412.8105909	1005370325.06766	231908.245626078	480278.563057053	1087569.28957418	55058.6858143806	26850300.6999455	2351926.72492029	722036.737267655	20558558.7205775	46843.6971055553	2474768.40897326	18149366.033522	1769653.00433182	124928.018088703
"497C"	11848792.8901604	58509.3687824078	25335261.8143454	28288.8819810518	199371.816282057	5646268.41233266	117907.5261644	343955.141167546	32599.3114356327	1697149.37682737	357388.993308113	754668.791975014	2154301.69532308	469922.258128283	286814.117548492	1021469.92532368	472181.112924817	922121.4154643	3947851.54737273	3604989.19195056	365624.407052573	272625.107668196	9228352.718951	1423392.40544088	34207.2699793269	557974.149371773	264829722.045517	488713.746445543	43415.7640363324	2949405.76650481	153217.994545514	3563179.51499286	2363607.6571974	1544387.21671742	60776445.4034204	11896.805460677	2079166.39193856	20354390.5432517	991911.297926736	1097984.91027262
"498D"	3437699.39646739	511511.303693131	63878056.2328115	138455.090713259	412683.403053495	254809.109977084	65641.7100411682	391765.845702985	72139.366100977	5619736.76051163	464196.191237951	20568701.6638275	6211580.12392144	1444123.45552895	81848.3020036284	1326647.24552806	434689.809766751	5158545.45399121	1876133.39438198	214530.502348381	479836.148437019	553938.171159035	11267.0234801494	787742.619021291	352051.668618735	740806.102936099	280026984.266039	909262.610181001	164056.329295817	6576034.6774543	3224079.25459877	118943943.762267	2493072.80176538	45736.3307583052	47255232.6252612	51635.8619767019	35518660.8619925	20803303.8005345	36962.5970630005	264589.193964359
"499E"	533367.410616633	341529.953205731	2645168.36956526	178839.57885026	1885258.56837591	16296449.0285599	36997.357091537	129432.825032273	246101.605942919	10016367.5659631	669357.550634674	1085859.36907373	883717.297854401	5743186.44917699	640604.726124631	896511.49012716	981769.130442702	68787358.3223616	1993407.55289575	3242634.08168288	295935.495840601	261210.93293176	387721.03184313	1033209.85996754	87932.7229709109	730738.805461198	74462075.4928614	584724.897876483	264473.191481097	2894305.65535883	24229055.1451921	37949941.5066632	1952698.94689997	1773103.76975822	5144711.00314552	230424.511799735	11113124.2856427	12622797.5131327	641859.404686382	195522.400994086
"500F"	1662191.84949768	209875.484095938	3175907.99519817	13198.5961623489	712441.983799935	6325721.37256599	143701.397432485	8244484.63347184	94582.124690741	427212.89538531	951679.362985156	1065358.25226058	636757.929252157	2045704.34155293	1221800.86154838	8531399.71983782	716036.106987081	683366.210499877	2170522.87199089	63624.2256098323	221053.465478783	210114.165029861	1781994.4989409	1244886.0664717	2201244.22483804	7770235.33939325	106652138.234309	360535.535674656	664380.715517252	376251.50987438	3833631.84652303	19139526.9584821	1347463.60539488	67341.823298588	7397939.42300747	562183.810858632	2684094.25612929	879686.415024793	3018663.56231876	1338265.94214146
"501G"	6221610.62996064	469216.190581522	8159640.55542586	539768.411284579	712252.869724344	3132009.37924012	340917.4674996	529471.460334411	115147.353561167	679840.205470844	20545.8442304205	448866.920342653	2920422.99191502	240079.514835822	80936.6820076147	1827250.4926526	422959.795412286	3538233.52013308	1330930.35181144	246922.295052015	91664.6677337257	134493.823746621	5796063.99142632	269877.987308589	87043.9462458859	1661379.75203369	26641985.9655894	391493.648207131	280198.104862285	11707830.6185707	362316.55282528	16357351.6664371	283887.315878167	1440022.76595505	6215556.22800064	91058.1648311112	10649132.7974146	156021449.632974	197114.841113995	388662.133984457
"502H"	22014563.6286246	216118.084297247	11282627.4726783	39976.717762784	323701.75276161	4820185.03416209	2356664.18459886	181415.618645455	138890.824737578	1574986.59859286	46108.0567125022	224816.475415825	6120754.39407768	613544.223457934	470934.150379518	644020.504991422	2378294.29227069	3684253.500684	363608.649446089	131701.700807089	183963.222283402	67833.7908693611	5368086.95015609	394692.59960273	78369.9350733273	800478.932658689	74494194.1695999	1351881.65213593	106292.867404031	452348.874154271	51229.9009897422	29937384.1158502	10159648.9508704	465732.282657842	48425931.5904444	114594.032946596	847817.075738987	4334075.90866893	1257035.51205056	568752.225205161
"503I"	15035448.620034	908148.764550253	10963674.8058513	90916.2359508748	646059.085721361	11975661.3766808	127094.160102071	331483.422562723	132706.499003583	151180.512539831	2785593.72120344	4382653.24067442	11362100.1346063	644000.12752892	261138.351538722	282967.724967277	3538671.34443387	3982091.37870294	1554338.24944702	7825420.59870224	49195.1494178771	5495698.36463228	379803.070738829	818018.649185688	134707.137606857	337163.49042039	496138831.744224	1294312.23130443	104212.853375977	1858322.97183477	196332.598450483	16625352.3737861	2032304.80726773	631461.233975872	39052711.690117	131308.143167364	4463011.4083275	7882595.52111984	7001532.28914916	245642.930679607
"504J"	4045064.79646106	325839.924224509	6895835.69784358	2111.78301930494	95974.2254050656	1578607.20667623	352323.469086575	1233802.7862706	14829.091401151	186366.049449499	299773.722523191	14076020.8702203	425047.967316364	192428.232822397	2048663.28674351	50609246.1670106	14956373.6334183	1059549.29766171	9992508.22661811	2069391.17774081	470110.739344953	839152.508363715	449315.972722103	110407.45016847	422843.357633936	586847.654877996	213388696.753915	885232.136195031	132944.297679804	2568105.69675236	2800025.06774602	6316041.06926969	5119060.13395117	171800.922903302	14958683.4318027	183876.728062453	258869.159866397	2628430.05296374	5054511.24291257	213055.920707507
"505K"	369297.425675451	215390.852473644	2508351.53277262	75514.8071231342	611086.016451743	1622287.93921291	104633.259950265	372717.407251111	735281.170811633	618692.000291959	386493.045730859	193341.230654716	3173443.42836258	1280446.12272631	61908.9882175063	861109.847312127	590801.037730669	349931.442081119	122479.579728476	726754.273398206	140507.654287125	7472941.3583463	50403.5316014543	247647.811578508	61478.7288339417	65383.7487062455	126788329.133491	1299897.955777	74640.7447529288	3256465.42603145	809623.307104187	61505918.0386385	2507263.22866531	1020879.42334331	33753520.967116	902125.759645521	24326832.9038379	148487287.423464	3943131.09613496	2245458.06511268
"506L"	716117.066364347	164989.439620283	6078018.70311099	294413.72228365	826476.270097095	2700289.06883615	252222.021849843	938551.974319579	79084.126072487	1005121.2353875	356193.297143147	2346501.54099842	351852.588199627	689871.459370341	78881.7447078835	391869.807018586	1296520.92472332	747488.498760837	2819761.28014748	92235.8501864781	292454.999518073	47221.5418175279	528777.935684283	9083399.47156949	321162.100925714	119676.177021503	504995180.896778	157987.471798182	77814.4652147705	5189693.23184969	359871.52667338	4477847.45146563	9162524.74324165	644282.90372173	23098774.8533512	13360.3490680956	20050519.6452415	21898372.3945801	946248.423447637	222990.637710997
"507M"	673887.157218817	131709.742494479	2850770.15174824	64404.5755286044	2673387.54076394	8977592.92257975	162554.384403643	171567.433387552	331894.99661273	201433.776584756	390828.56328834	1188935.11101113	2110006.86336353	553508.57272909	113779.265306589	1172163.18748895	1942374.07233362	12518964.6300415	879318.156401017	77297.1263440067	77588.7699380953	263133.724215693	41604.9444710336	1063967.17216749	70080.3481069478	970722.289301642	263602215.111409	2160055.79444375	26939.3420009991	3034999.64394145	254033.333484078	1711981.87626986	6111026.01565529	17586.7949790252	9733119.68219417	86600.7800149843	1429584.77520891	15571965.1317827	184768.750022218	33481.0046842073
"508N"	2119672.39702157	3574502.74872441	8909885.56015332	136054.794147956	27979.4599094816	776712.719374652	1004683.42559497	3616287.95229948	126603.138420683	356976.708589765	14735.4204010944	11326327.0277023	1125093.82628688	1362098.28202707	190022.891708974	534795.17784971	3022552.51052626	2943406.46101088	25401.6535157215	986892.673412427	2586510.19845009	886680.021090638	216054.623276579	510757.104231527	91994.3960638599	823602.533743892	7232316.78791146	2767055.77009571	296806.633567967	1653585.57912335	10762261.3634682	9862724.36947525	806788.372720927	2956117.08389862	903390.832545936	15950.7801820533	9338329.48970994	5479170.05145779	4759580.5860133	121958.857799511
"509O"	4143973.74554399	770118.045118011	8681547.53976438	36245.9206544187	199318.284480507	236872.268805185	192715.000678986	74014.072101863	43919.7143014422	283646.294689733	17565241.848859	2977870.91102051	5048345.50905767	649347.14057881	33484.0101626975	221743.633075285	754231.879855749	5042383.91635555	3190575.77407076	103380.332936046	2072045.65267316	3561040.81323747	138944.75759562	2509175.67093159	1051516.53760379	2007831.41788056	94012426.95849	246875.03410204	441673.184414524	2026171.96109011	5734256.16620096	32687814.242222	62931.5686170684	301426.80345666	42879465.3305981	183244.263048957	9385345.13022273	3870639.41682004	1877501.36638521	55121.8352720091
"510P"	641868.750666515	161107.30709481	32244049.8725742	55011.4531842412	645231.131110328	2996287.37614714	762960.819152736	4059450.09582629	413851.587216238	1498514.86387749	991764.397547827	4750277.84315141	872632.439821156	70674.7449070389	56324.1530434171	4409808.79207882	3427414.18910263	773225.922812474	1847421.61930254	1789372.23625271	226988.218361178	2625746.31134067	1318846.30645526	1123131.99771155	319129.687568267	13030263.5748819	53913979.4657096	23723196.0499877	30831.6128060696	1806549.00973887	820236.060866134	6643514.43579077	5654782.11826909	1443657.27709238	35535145.5932306	755276.017797255	11229389.4194108	59160755.1151306	1834291.91853815	2438038.12399826
"511Q"	35586880.3082099	5931838.08248206	17261186.6984907	483045.284937125	48725.9853068067	1800465.95959652	445333.210522258	130657.341179044	33600.8812420195	447178.656959663	62041.6933600855	1840995.92143775	3261282.20410784	391733.780416162	170752.197100269	2247546.83176759	6675014.99738315	14471920.0254777	257806.041422493	79114.3902196055	5137070.40743332	94923.3806365794	327873.474608312	431102.936760939	342882.116497075	212856.927276684	4144436.04388624	4754252.92924622	41460.1149467874	8197036.91408858	351143.214732604	8816632.26941311	1266330.53446015	3099825.91456071	99730709.6518694	245469.417590635	4732815.68035548	20918133.8257139	4253961.83186504	148133.500653959
"512R"	686968.943750181	9167.09013172897	1032323.76581808	186471.324344136	45195.308421606	4866785.96418122	209026.906038585	760690.289603514	33589.2430654268	32139950.2075326	254605.196360253	161767.165504409	1327378.09307881	445162.54937003	17476.8932937657	409462.545799815	348554.318045074	5723828.14463074	1312120.40126231	77212.8331817431	345515.946111629	1374314.81029357	242407.43119029	1545029.12687049	307291.209070525	207426.007089837	33199815.6094299	293238.20580674	241200.153947833	1449229.04245773	2958098.14226185	18707513.3824234	23406805.6539801	20773.8737062307	8111487.74401532	115925.484118039	1618612.94079235	423787.275122434	541793.608959847	717596.80826468
"513S"	15271233.4245678	456194.403962009	429599.779907102	48481.3920768167	931557.930803847	8208493.04950837	9728.66286972444	225602.052593789	176725.785717602	1875523.42608999	3948157.91362766	8509816.42892328	3798018.36153097	8818588.48606017	114335.49205321	195349.377030456	1120645.7886997	1955862.49628831	240375.094824306	4260925.82031701	1645081.0706637	2084887.86709701	362649.100839555	670247.813959506	128915.754802974	1674043.54357	19247455.8638246	733265.292289475	1131653.2755419	9350538.07172878	178489.210013275	1361492.432548	1187883.33657106	624909.305313029	15406241.4922834	51652.6208183965	2363031.86510593	11947284.9452399	8666875.13725615	3111.17791946771
"514T"	545785.672233686	74317.6061091524	2177045.74735428	23051.1529397644	114228.31688354	486317.725936075	160608.164511183	176439.114132359	34935.8242797457	1714484.77596173	16897.6711829857	4492797.99268457	2933164.88875773	217904.96950926	12717.4134184868	4717617.00131239	2842547.62108135	878056.34247314	889030.247218485	59997.7847585075	1296081.13517272	853014.243801085	932502.558343316	1044634.69655261	1016175.01258404	22789898.1808012	101612406.766954	533771.018062959	360030.56865536	7245060.73744344	102577.412522811	1397423.73897421	6837950.24931587	408887.664105055	2082424.76425853	18827.7494393152	34594378.0903738	3836255.45899245	2621447.45534642	7776794.42793434
"515U"	6539686.2726016	59483.56909371	2846472.9622813	15485.502605793	10821279.6618204	10822995.9240643	660562.021079927	323133.328574705	347816.274677872	763100.169294412	3061783.91238445	409034.036105067	56255476.469426	2338427.75882132	30299.6282276738	264417.717944838	2003025.31964848	3844316.38467822	35456552.0573919	298107.543901847	785874.995658002	958507.606203859	1154817.22892852	22452927.007806	2899166.31672622	2554461.98700539	217590977.520904	618148.111297396	265412.940754034	1549063.42714006	4353013.50160014	40887960.5839946	712820.997568705	714595.294404393	206379111.469191	867727.000289642	6240660.93891779	10158941.2399396	6361397.40856213	679872.149657632
"516V"	5453120.96262298	43870.5310774532	4945713.77539868	6039.66955073453	3178464.61055717	3323087.95753645	25949.0946209177	4334580.8496356	27705.2806781948	80818.6282400238	131469.32572194	4020947.54111948	212000.632925237	206649.847125996	126033.402407574	895638.7989616	8512263.11689988	23748744.8938272	516124.396342294	1064202.22051639	126638.311596319	135243.207750393	163155.814826326	51329706.9984213	50700.8680143779	237794.534979426	40113950.1307041	453883.589246474	22556.3221605373	3240200.83591276	656241.649887845	5182653.67139433	911732.786863449	315123.671464776	111576426.089104	282829.070942556	14925849.8643789	8769680.34838307	6592149.32208829	558119.818867021
"517W"	2505476.31162655	275036.329095763	1385476.66378971	21250.8973057947	272991.234265224	2048714.43992199	70210.3116276659	208003.726963376	190447.306965402	411629.872981647	327864.297120542	2620767.08870985	271691.56151301	954233.19037064	27285.0250656735	274243.347722937	1339939.93469269	5307666.12014519	178800.023649153	65449.8695676364	1938544.48961412	24340.0479789293	6824034.90280229	971678.595169835	804759.842243541	6978549.02836953	5182917.21492822	2510038.25675667	131513.728402423	4976044.04693502	26789276.747395	7801656.80467006	4006958.60931301	513022.241144583	853531.699787993	437998.553667909	24845010.0071432	13252357.7442046	3669571.98027375	291189.544995408
"518X"	563689.793289679	97886.4167844892	566388.764147283	134408.054000852	272334.249539768	1056963.96681468	458498.228515827	419637.570352363	350032.438399067	228754.669013904	19020.4201777026	3456233.72094735	111656.678375993	486280.94813962	11297.6525890638	2668030.86818251	626305.069610762	4726191.84562063	6493931.90251217	475937.107974611	232340.225417382	11471027.8298683	1502073.00986329	2604912.39058557	119255.454909068	2148778.39544131	659877447.773644	49577.1347176104	99265.2034391321	350997.223008985	3503547.15998237	800832816.404614	10267701.0550719	164172.388206085	39597750.2425507	647186.180507559	22163320.7452457	13393596.7291756	1393341.33787208	1294628.46262413
"519Y"	6219622.25556109	249325.699449545	4347819.63025009	81870.135534385	1552577.48916813	5109955.61260725	218824.764852206	7104935.69796177	123219.51045867	1851400.71173024	322805.977401578	537501.178834175	178491.7477973	43547196.9090901	514060.186700216	2170525.73075581	53242.5509885388	1626660.02046715	15172138.8016313	649357.204292137	564270.125631051	120079.086221868	2319883.153607	644756.224571218	283467.840002807	17201870.4129427	4889954.66226591	1143055.69514352	2841929.06141589	2591382.51309239	2740508.4380484	6163616.35379608	7818097.43827544	10740568.5712967	45275430.3008977	284907.445510235	4029789.15470063	2464922.21170157	187216.568335974	331237.541911123
"520Z"	460029.048116578	2330653.63924323	2592021.8950614	549229.383558604	705959.24863139	1516468.31751414	29733.5532025696	242054.462881667	435568.237405329	235015.732488358	87992.0955070833	208387.74523434	189528.224794372	379141.572458508	184982.318908422	3584405.80052441	88239.3278255746	2255193.63597268	2995534.63249363	630529.761924485	1674471.55970168	2862382.84844227	7731747.11978518	1178373.09214479	3096956.78991382	1486199.30211036	1134368918.19843	731355.931861137	366806.110468056	26476021.5849124	3101682.54562944	13379522.643891	2013289.26180984	68480.0746718361	81978865.3798401	242786.956249001	3843821.76524652	7712320.0432652	1489143.25635828	41292.7349929262
"521A"	6393844.17561417	454209.638809251	3734740.5576681	79491.8520920997	188476.756083027	1497113.88361384	38055.9269282861	413884.851691341	60619.0205741008	809888.738915866	237504.559306296	968214.474765239	6046893.31333721	9402839.45712411	153860.995414684	3621811.38882961	541438.997188831	2181652.92332605	1724213.65566563	5345243.65988742	187739.139300388	519974.217253266	951510.507701131	2962331.16458682	694011.989484687	40998172.4724237	198799465.880922	1125413.81099446	247534.699140107	4080385.94158581	476132.696981742	19228500.4536156	371200.222369644	109852.909236876	1339222.77644342	453381.906250402	4197945.47012945	13542064.0610064	15848467.16666	148704.872316738
"522B"	48193105.6847272	88046.2092328194	1069765.43296642	226761.655113975	214702.022549239	183026.521389653	362642.247076303	1372281.56799865	152504.966901993	1007040.21164108	139644.789891776	1095889.69887222	183578.203256484	1177219.20088502	116080.800367593	8071057.88860498	720132.333236451	611257.177951289	517277.617183176	211552.793128673	1651575.94757627	601608.703230145	669046.199040066	46125.8659546434	540715.176602129	334349.812720835	36227664.9105492	1452527.82569206	51797.6934759801	6803094.01546169	6082235.86482007	15459618.8004561	30638501.0818902	47827.0260315626	41800884.6773633	336008.612704462	6276536.83391123	5712231.7879202	5233421.63777045	1650680.36025472
"523C"	4844844.12443288	160345.489871012	3260553.59091344	1358037.38500588	229518.878059339	1828562.80673841	479894.575028	291338.528108429	131861.071348235	1083279.14704825	250518.877207407	1832004.14642845	1506647.92505547	209462.27905734	115478.207706445	353764.802921177	3673218.22794852	3151174.75756817	595748.319217346	388338.026823144	648005.268542338	187192.226014302	266374.986591911	5941062.71806067	102831.062767044	812557.379552871	20324196.891741	247607.894909705	486565.530928941	10601998.7102438	649303.249043554	16434436.1722673	1847923.42253341	1076202.27633446	6362393.18866649	213522.25219002	4525163.55578727	1697050.02076129	216189.375714291	1817771.82471918
"524D"	9626182.52596425	543447.182621588	455612.561120584	60287.2074092245	425565.832791261	3149248.06203295	31017.5532707753	1873329.06484065	1214583.36406402	580459.59623456	74746.909413512	4790352.59880606	367053.097757058	294165.730315385	1548675.51343748	1104180.68010663	656650.024655169	3666044.52623848	17746691.4027485	465015.531356324	7665532.49613451	324371.586409682	983968.252085243	2209204.87411654	1227989.53649029	3318968.78238894	462723810.240126	375275.213960189	231722.752062029	487419.810076898	247309.331158586	2795937.97094228	1850167.72107276	1010365.16128822	3747191.25402421	630154.546444666	1488294.65788041	4880503.71822147	1442594.77977319	47782.8364489469
"525E"	2204097.2117105	12891.6713807166	1357554.41955123	762419.275365902	6297167.1333572	9213405.65566175	125651.331798456	2079397.52803172	101884.029843266	487292.226660695	139094.365016934	172910.616942416	273775.467596184	609071.264370097	113333.638217144	817409.298526977	589809.821320936	1146755.03241868	4472858.56121593	70836.8591179379	802628.132178345	214355.144740905	354958.900985773	181866.167947478	744790.561374515	1531485.57079093	340174940.566069	121432.013817016	576937.262328006	737056.500899103	199686.455300327	7981927.74840528	2642793.07400616	562912.304033891	9867181.30103645	767247.774637185	5358291.76253317	3965931.29328633	8909945.29458125	399548.432411807
"526F"	310155.0704614	63753.6801002675	4884777.1322518	25031.5816279407	93034.2228813996	2180134.44621201	573558.97537019	2335550.43765779	86116.7547529711	7207137.45026543	1917951.64363154	540683.145036841	6250966.45235978	4436680.51034031	1603378.58976909	203735.416943664	2016020.17511887	95364969.1682901	2308169.54833258	573442.005648364	253580.095862289	2933653.95948798	305164.076795909	517274.013571033	390593.252106055	307736.009445348	79409965.5611671	3193859.21992571	240306.208316524	3300730.09886246	843266.303656336	27368920.2644641	1057273.13116912	153615.453446317	36497404.9261318	20960.4782638962	8639904.04555433	7345056.51919453	1394218.26830339	640955.523474424
"527G"	1028353.62370811	84597.4023276096	2358100.98750916	673672.543681181	686191.454263404	3587766.13946564	667444.436874759	1064750.26053051	155654.835254463	2306033.87468588	113142.404805458	4499028.78076876	2417590.39136475	4706574.27289546	1471505.07832422	1963755.55620284	16688098.6445622	4749948.7834419	4424593.76612358	579434.22459745	359456.081136452	1189454.06957313	932510.868182123	165805.394412562	249591.583125484	154514.635844014	30329307.6278701	72147.5309173794	1261021.45216635	1809242.81209023	32105.028225375	56601122.6176131	822254.368589767	60636.2662596485	42857877.8953974	318607.075995662	15119284.9113982	3917155.11335478	528700.949746771	438926.960879087
"528H"	444735.140407098	64487.1054783459	725670.289037262	137024.110776033	150934.343189066	5938026.62597475	35960.3133741209	335131.389502141	56634.3603837786	1343882.0489888	175246.860351419	6594164.90617688	1870816.93233728	746609.710032762	585488.711011672	1776797.9030639	2407155.54386903	3220998.72305588	2297675.54549288	574911.328759694	224196.349116283	2978831.97593628	10953589.5469035	246261.786912715	354309.976290325	66461022.2274241	223184607.64167	4002124.54853467	138978.571374195	3418942.97335366	732928.761340202	14574990.1513656	2573787.33223784	414350.125000821	302090258.416344	205093.699054074	10569172.6953015	41120966.4125869	3651174.17439244	776867.078468883
"529I"	1626595.10349653	44621.4463377327	876477.109390084	65731.0373511167	1313444.19003883	681023.386232577	216749.564101793	916093.038012592	110006.276470952	443669.362662652	77965.7107895173	2918125.18529977	5668177.59758725	546630.67305715	66700.5423123282	7115378.93490465	47290.6879586431	7203724.58963501	3900960.51761996	1744217.431041	1601762.57256464	3391364.73219802	124075.230022558	16280200.019407	1327026.46211303	14277132.3853811	132633459.72678	676015.645134132	18842.6371814059	1124358.77796874	5470224.68265441	31707205.5222884	7776572.75765622	7222197.32796048	78125183.3162609	329009.747091809	748313.71482144	54704547.2462568	3308552.92879924	187486.242792106
"530J"	671046.019969231	768983.65627104	2232044.4708827	336725.66715335	255062.472266049	3610430.15436214	56270.4830120557	1399506.82687068	57499.2409186086	650779.434476879	23245.0703638414	338813.101399989	1320756.00925978	4765831.45773201	65456.6554391438	1158326.67690209	1246692.53126976	5991688.63770745	383677.6294872	242281.772276729	612042.258550472	165343.945810819	872511.18100433	29632149.3489122	55321.1798796364	292290.530644506	29741971.676792	1176288.34296782	106444.533184363	636718.736814077	1533551.09869669	7007662.75552817	562127.663323808	1250478.67965202	13046827.7476077	15110.2517088696	492532.284633094	11125540.7506878	903325.723615841	230021.135832859
"531K"	816466.256363844	358303.125746009	52414057.1842502	7432.96742956093	119342.327693074	4425588.35836775	169323.179670994	145236.557125378	43069.0608925204	303110.64917847	879690.719381403	431012.572234939	4934250.62337238	683728.189035852	19146.1341022201	1106456.40898849	331607.72834987	895692.813423471	7276809.27353621	16559236.2832331	192114.237719798	139322.310238875	4719653.38518206	181709.677134529	763591.750775065	3796623.12670166	122243902.627669	1250532.14917259	296012.473977337	3410720.97178035	676079.503898238	4409195.2675544	1138056.55758435	330160.580061933	1858378.36617792	4297.28712981411	17364714.1359834	22562353.3575887	6305963.9925554	120812.039528027
"532L"	54169.4788424664	315690.729357371	6791245.26366571	153488.614552886	1065987.21490152	2152284.10535802	456223.110835355	90483.5020042887	53650.6370136322	1985335.17324079	63732.1359528965	2714054.29724722	205775.382477782	7857560.34078843	178202.003491081	112908.271911216	356798.422201093	22450871.6100783	572366.778026821	76687.957519882	10756156.7597791	18718893.6372844	135260.289193161	247010.011710152	290624.537888732	15102088.4484381	136703104.378257	440214.671724779	693518.810905557	4184582.06222687	274720.097941685	6829530.77936483	8736090.93047038	6535450.26608046	34478267.3207974	119170.329396338	16991001.6677494	864409.414535129	1009929.19842365	73199.4141664079
"533M"	890835.799822661	469930.3337877	39551642.7284765	102521.459112326	61840.6353471715	365114.119773252	66000.3371420478	198476.638743207	279800.332968105	462574.846699035	370207.324645138	890075.315816002	8012177.00852861	1649038.96745333	39455.2562900957	3153828.37299625	1941640.20464738	147219.666845617	5080343.22021527	687611.03040874	691157.032789337	333945.36457425	5271923.98472782	1861745.36796866	147828.445672355	3733005.25378401	7925119.22883341	653276.70015233	747228.382067155	970565.216280222	770789.48029322	49696054.9921121	2665268.18513935	368745.958490156	8795598.69119683	98014.5790706977	32384250.3347261	7964615.89609078	4455380.72329614	393454.70910917
"534N"	6726123.25157869	189939.395747401	4260666.19244779	66765.7422294523	531887.715558346	1002190.14313607	1423028.79381413	77097.1545985854	168437.307340664	1039292.22361237	187626.434344581	6888720.64202009	11041377.8977536	149306.857167278	105723.826377702	2272395.04643204	1063892.36005894	6581877.6210569	387678.759286558	1084575.39636575	176830.407203797	287466.560482493	1616669.67422789	295273.055360072	26636.3176509402	891526.15775744	84935670.5716806	3753830.53965755	1427503.15157565	2791728.55853405	2165314.02315928	2853083.00597966	873059.60662446	365523.399876119	12669851.9046055	725147.460391756	1819783.06957981	10367706.290054	208757.818651678	182022.70483689
"535O"	7067729.66096357	36204.0939591578	1018855.76593789	128777.803318947	58041.4066300689	5411522.63145383	98144.4815090242	4503893.34386885	260617.456213308	5750122.20841783	97180.1296307466	1155238.80823831	2949220.13565872	1202519.58144602	134068.418187855	4245310.64425407	158969.907211113	1082803.70907434	736975.124059165	1064071.74140069	445869.382052093	1204640.16266727	478768.660592857	1708454.34539765	266129.102390863	5347646.85680506	13227251.5582122	91215.8183871892	75269.8931303218	6092096.62309571	6034498.22930496	874885.016276461	2420105.11467322	643546.38215944	4219212.29988716	78349.5912894475	549645.670325012	1780938.57200592	798066.913664652	81831.2957918427
"536P"	3664608.70804821	240325.764749004	2201984.34414642	31160.95320113	162719.112415763	21225645.1881193	1534934.81074372	101884.115529843	190679.782759631	1017897.82527604	417361.331380274	794032.861650489	192147.625400764	486748.199403589	240623.296598423	29677980.5870356	670304.972582489	1839391.46717089	7249819.51071578	1028520.28361372	12901800.5659501	11979358.6781057	137042.237625778	2440957.34711124	29329.8928196079	7042544.08898777	55277076.0880598	81416.1390680441	308898.377536589	7533758.70361484	8599360.86210889	13831244.5109233	1952890.5520488	29424.912533932	7271299.85637928	176243.023327408	5102337.86593753	12904760.2377323	340568.897808511	412959.878520284
"537Q"	178940.581438454	151549.848998016	1523702.48779723	39982.2912122416	229573.165118583	3658552.65372939	535898.670571295	1251534.36563812	76856.7445344083	733111.160787149	84800.6326839565	1044666.3551708	4999336.64021482	1292812.52515395	173879.877889819	1998978.14224659	1328446.2181755	3221728.68848051	2907001.53604498	791549.367954439	1149215.49359061	748732.85145682	976021.252339707	8054084.78873872	41209.0338066423	526053.627945226	117987352.385609	2199772.45717475	402550.585167213	745443.275447137	1194517.87813784	36587938.7317792	172492.811733837	253602.780268642	9008679.93487567	5148490.37639987	2998861.14949634	104915228.029062	118220.101793118	1397697.25756849
"538R"	5291246.45926761	91824.7557297213	3892241.00950403	58205.8618849068	3646118.67319811	280226.404125101	424285.999630368	185834.387463352	172360.009944437	1480548.38427761	30034.3024050091	291310.919751278	8717951.65595459	82667.6101692329	56633.4976124033	449656.077197285	1365551.06886819	6382158.9190167	292270.069679359	3572618.98909218	480941.850805183	5222436.21690665	3371355.34178513	21074504.6343411	125983.854286308	1510826.88665801	61553215.2162931	743696.914345644	19365.0084317654	402752.565550214	593343.386196658	3039830.75926391	47140805.7955683	97867.4405181244	18554088.2892338	367902.824863246	2271819.29500314	2550763.99569652	6414015.05910176	1203356.4656462
"539S"	905150.237436476	327959.370166907	723772.717025518	71442.376407797	895855.907459722	1331425.31006331	643259.487821434	904766.594444464	4975.05469336461	73279.7896975546	1291384.65184231	7895627.62111109	658547.662580167	2124051.28630254	58846.6016436843	201980.782848292	9775733.17157725	4264280.06914342	1887644.80524472	3167931.39901738	2244408.95469893	42936.8242641902	186958.435935407	365043.269568062	279076.14985293	3397474.80265719	52351181.4601914	164645.672007296	215560.438567188	10732321.6734463	1600588.39344899	117483101.913476	1544331.60347797	1600601.8533357	22154520.2602565	1018202.55084188	17868215.2041794	67306591.500646	10064317.0997912	1371207.08110497
"540T"	1058749.80730856	149875.400556642	635981.793631645	14831.5264828665	118346.399077964	160737.283207665	300852.496121518	121945.952425834	63010.368163546	227050.68529078	1710695.15091132	1889376.24013374	43881.7885896674	2847807.14387597	20311.2921813896	887778.314440211	3877396.09032725	4580575.81435067	2270634.69456522	704492.507743289	1665644.28330807	614353.329984307	134973.064594813	224476.141117467	827243.203707159	3696253.75137162	59441122.6213765	1912443.89621186	139925.138797583	2133006.14364613	2836605.61636987	9130996.12633208	7358096.31315293	896308.417600834	10809045.3595662	35500.1218943685	824219.808166881	11817715.7076439	681396.457334571	1616903.77638079
"541U"	1088813.30294872	39532439.2537549	577929.317323628	116897.754417532	1101687.41035411	1069217.95764524	59008.3640385597	441716.298033495	126698.139501255	359652.434584977	48145.9631562799	3390583.9744398	1175139.62671841	1393610.54461815	221329.593799264	3212310.20688331	2311052.68061787	16253014.6242547	2290930.18795237	177338.895653416	3481089.75554282	148794.20173032	548862.349811479	22743361.2061683	291809.019450524	37642439.0789758	426643708.088415	364859.8036514	34396.7506164133	3301745.53956098	775829.601472719	6077464.29309204	1546558.21241148	1532294.89167716	163025444.90825	37100.4011211066	9350850.87446895	3773616.8615851	932238.533397517	592267.447780669
"542V"	21304110.4388395	448858.416528547	814797.12020191	65339.7091035651	1397367.86014862	21105731.1020779	118111.400101618	1363422.55226819	22969.3073718485	293220.743502589	1695734.29703007	2788505.1041007	1432653.92539158	1293866.47169555	827001.909376648	1054857.67493467	383741.134067548	11673637.6477494	2130419.63969345	413963.835117953	531626.865097714	3572108.95825656	8781173.94596584	1488442.18146811	352655.440731263	6863958.57242971	202383723.495063	855203.636310012	573550.865066574	3275084.87159202	6714079.11046751	25203409.8810278	93993.7064474939	215294.074275917	12098550.6805284	649084.547270095	463937.743111513	415137.441012532	1579024.03896864	407464.289241597
"543W"	4777334.90250609	71669.5558418846	3732552.69311614	678884.440876032	7303283.39507699	1439681.93729151	511434.655737597	787692.337819898	41667.4119686114	4351282.37806455	82098.6565538835	327400.792653445	1432409.25920936	377851.081131561	228223.658078454	1549089.31401741	9039349.66989298	2321759.27093695	6172478.74550738	259244.40427425	458933.165781159	2935219.93820625	486365.893556156	9387100.76682564	579559.764172395	2783624.81801544	852372257.478932	1344165.99060202	76432.1687188156	633883.919252636	754259.756290851	35926235.3034883	1085628.88120768	153124.762856191	3195859.02328278	575912.036759636	106111.589184166	3357651.68059508	6741896.07409243	1324743.20027256
"544X"	401546.646120347	19602.0036744241	2065916.2871149	860580.172208692	580524.995321005	1714012.14147322	121865.958868953	596948.34815527	26673.6229872283	1093704.94636507	4211708.97962087	686487.540102055	231857.608521358	587256.979198772	270122.740940013	426501.371321484	129261.802632938	431207.136105657	1135065.0464312	9724.8342374553	406284.892740455	1991576.06829973	161336.196004136	1997093.06600823	223045.009502035	935762.621637674	134041961.175151	1833024.26734998	437554.949164447	563956.389091982	1846162.99452013	4955370.22859674	4474000.44936265	287522.835812603	25614693.3603871	371124.967538405	9042498.90228563	21023467.6462669	305259.860769755	1028588.70020697
"545Y"	2720849.26341668	200044.552815901	2766954.76135881	6870.4361980078	385178.289759009	3923753.60117325	239919.429258082	5229452.98853696	168804.03363614	1124543.07711108	444683.213067297	9372513.31482451	3483666.66257866	214754.42406112	117615.9990569	379007.653299511	285306.909629222	9332479.46687066	2821517.02961903	2009669.09841817	1187019.24442769	467294.296130473	7235994.18014609	2405301.64763525	45641.5035389975	10971861.4836545	82991314.6697055	475264.15452903	153952.047136853	1629694.88388815	2964047.73859739	52981064.455771	298084.488509043	496596.531932432	27473519.694467	134400.757540944	5270057.05325791	5570709.44102406	837432.317151072	85290.8398170637
"546Z"	195420.437937048	42232.4290655822	10624498.9647538	43128.7616824182	354188.601448189	2157813.1036122	166769.834737797	369435.703712901	234021.479604697	809403.98882908	6591297.60968277	3521387.73651295	1724584.2423582	773500.86369474	501351.120656216	12568923.4432405	24103703.260074	8477414.22386336	146757.764937953	558000.819075995	413190.436457701	2032388.02301116	4544577.57556709	2362151.70612562	662280.714495838	7652629.65214551	35681684.8529079	644306.806725416	96853.2829068763	2254183.99362006	421884.411619004	1272771.50237616	1809345.40924768	3882294.12924366	62472230.2152627	589701.672192994	108353924.787605	10425519.4475512	1002198.84658961	405937.093286355
"547A"	3239596.40891988	154386.557495591	4744250.08866998	52886.5309926925	586233.505574958	6116185.30894002	334099.671389431	8540598.47889279	43681.6984714276	1528544.51938089	331221.956126095	2363431.70799765	2902937.65528047	844581.969387843	153964.523090059	423311.05075672	392372.74674278	23088586.3561203	491492.241745888	1621409.43704939	3102454.75595391	4913425.08504989	742117.549528806	839123.374326525	200784.419003946	1031414.23026359	419290773.670534	371969.537163223	47370.4719139452	91404.143477892	32310439.6641772	11967061.4457392	9487482.40740329	103173.737570961	2517109.24631674	82794.5427069412	5184538.71277277	12201169.2102536	7526711.11781839	29704.6619888764
"548B"	466880.507604779	966256.143297032	1772055.99067032	131091.701200532	942320.635170674	15184552.8522568	190627.8222942	150003.174808694	54791.5639980977	354468.575107284	129224.196152932	3076160.13015044	199093.925082926	23949.2657002362	54498.0753157996	22809435.7911523	5309674.45647075	1911622.45233652	1294421.63068052	692020.310986756	1543622.88024501	5252032.4802057	14621206.1920891	3881363.4608035	2565967.88801845	9761284.39033998	79120325.6877045	3113531.56495753	376877.108526882	571096.921074025	457273.768569153	14343508.3571598	13571549.4193032	621554.544698657	4923851.36056495	316255.434794441	5591191.2467361	4460658.73988414	601845.67530815	2514914.18069345
"549C"	942648.021975329	245664.533421583	23199629.5984719	55302.6148810337	70984.3093028776	69507299.109744	13254.5715044754	666965.371984989	45767.0677488966	1144825.69271003	259185.770962885	6137034.38232102	270958.921200646	771183.224749445	97528.3013236802	2385125.92090735	196246.568825101	3184607.10316158	3633256.76629025	1814938.52157249	719095.775676996	89954.9359740454	1551776.01874919	2729689.47081166	142563.343264108	372550.979553082	257312505.485741	850825.667481516	243063.892198382	7346083.46408808	1477884.50501259	30700606.1738609	1096240.38120048	1065394.94808233	866174.249646907	19218.5106423041	396821.093301123	38188349.4610885	8309150.81150597	313705.425412607
"550D"	3659851.10447619	1274124.69784295	3204838.8639434	154070.074440819	5710881.239979	61973.6106935113	136561.458196321	8078011.8643724	83709.1615915982	5139525.18267412	84494.1617028899	3982254.01680815	307640.246921982	1133563.34747684	61705.4473763253	13107.804143542	2032368.35829982	1271844.61229821	271905.198924482	342832.51535097	1389463.00825852	188179.991012733	962632.658023146	386044.90927209	361363.079189515	742002.012774777	344152029.615469	264388.023615561	52149.2389520608	1465663.1979969	2376171.60812556	42647177.6053783	386401.501844303	331079.887336505	13366280.3710667	32096.1373974802	2887387.27757749	23586659.0384517	285038.657045632	112117.748692643
"551E"	19394677.0629745	1114758.49165944	4749725.87735564	6025.62246963567	129249.303153541	18909534.5297166	5201073.96280835	6404282.35724772	7057.54283254124	1207947.78859254	137319.271865804	8745675.14325872	7891693.68826893	1195255.26427279	54847.520080708	5960570.53232364	840216.577646185	931332.351566225	4694180.64067417	676956.61264559	1077569.08939485	215829.486760303	1632197.52087577	2705967.34539518	2088237.04037877	6399971.41171434	171630299.170158	222558.394579226	292836.183824376	1582257.70438861	1007361.58920586	44561411.0236505	11378455.1594451	472893.218960465	6376846.70015273	69419.054656725	437879.659626514	16524247.058638	1432896.06612402	215401.625611293
"552F"	1266060.76399304	335912.41749755	964877.539249093	7512.31944034701	226295.434028639	70536706.0508558	117730.28186383	1398758.13857574	471662.133655902	334721.611134722	73409.3945916542	1914610.21147451	5437726.12267402	1080663.16372125	321092.836227801	616577.165226094	4187493.20667209	687963.077460988	2196884.93189041	13008859.978794	220448.93662373	399274.436085034	1461286.41152122	843263.137933622	91421.2940972554	3525054.68867404	135456956.6301	1425849.52855386	890623.876787843	1130075.72867099	4627318.30407951	53837044.5799998	180138.425232192	143456.757141293	22244408.2716794	765966.080472789	1068574.19796616	1821849.90555437	867149.478033869	509508.276824484
"553G"	6297376.58875981	536955.478784018	1157767.36806293	15576.6173854627	535688.242455648	10708173.3211324	112603.7856866	958054.221554811	423055.38375055	1233887.11267184	57803.1562692053	11710962.0466315	18046.0440544339	1907856.73330321	356227.404584336	616693.275365993	514640.376958408	2827683.07603951	33059421.2383994	139883.119654227	1578377.11708825	348589.644333237	1570944.06722658	287384.617662655	864314.102450348	2428004.90035345	94062767.3936651	449440.295337489	229364.702189362	3626271.20038661	4937930.0766129	131528942.795488	35123030.0889123	251250.197310555	4113555.63568712	60900.0985700584	55561154.382695	963272.286305885	946098.365261474	24086.8345242444
"554H"	1892621.95929774	85953.4612969135	4836153.97836151	9031.04920592739	396260.103186249	722775.819569987	1995037.89664358	1814767.97318775	232340.709967982	2070032.81827482	71850.1109538867	450940.213506335	165941.723558087	374031.018042732	76577.0277895965	410461.95334571	4862712.96157169	1859324.65868347	256250.724607359	689806.439269604	956432.412850132	225406.894763792	1111209.80808472	62024983.2636195	53355.2826792594	414214.034510996	3102044.28848946	1791749.53012847	24190.1938901571	3225898.65974608	452105.614723048	109550099.45384	364384.858023924	7900089.33174965	20522033.80075	120285.145046711	11464127.912473	36419371.4895995	135136.870915242	954210.654583026
"555I"	3909607.41739149	155838.735585408	1816397.30125658	105063.370269483	124333.517203571	292297.147840909	11107.3964853695	5399085.14555475	179466.110438663	765217.282137536	335922.857723778	1338754.26038349	88812.2202275944	562299.130884659	23881.5692311658	613508.319613323	406773.986027757	6441458.1974964	79113.9883789859	1342152.11547847	53195.6907404076	475816.782649265	928074.849907375	2400835.51248015	1529341.64364831	113886749.811524	6812509.19470557	419522.530916513	54555.1561746344	99312.224141048	663679.007210585	2085635.14307901	6079339.51762901	190616.42654283	4853189.69538931	297005.555931478	1326712.35551284	2099238.95833636	1187262.25616038	507217.438346449
"556J"	320084.607140858	477129.629338713	24679148.1897607	1942334.00221541	275513.436332432	2402201.00523042	128601.201422968	390857.747392911	129998.606213368	2709163.60795993	73146.2223244542	2803317.78842821	1049816.55999275	289295.218837368	126541.568626212	946188.211106114	657999.622362846	63356662.7521111	341438.946254104	314748.35952115	2876604.74377556	3331392.02260943	58296.1268533606	1598219.78274106	243475.666695464	2258234.07599485	277196133.718826	1205952.7042558	320398.631349334	11869832.0654555	911041.515508533	3817167.31921765	36279111.0903632	50186.2990527115	2818732.43133267	24488.6399187685	1160334.65484788	772795.331530862	397864.886305775	70024.5038175356
"557K"	11650172.2204512	159298.788585413	1741949.09352226	6916.31766395507	3101092.91788929	25201508.874179	862333.576830067	288266.27292118	7412.85862567821	4301013.13582954	1375326.36931392	3231420.5769609	7640608.54739061	466427.128883547	171184.771130938	7709226.28704463	1733068.11725059	6137461.48144698	4779070.54689453	2031695.02878016	844376.793537767	1863488.10026355	377009.381245296	820749.156580419	66234.2651304947	166552.249121531	6027955.36184746	1380066.35548576	4515904.22501796	855219.340016685	266249.182368392	12278375.1245384	973827.822816672	1307107.36655092	15210541.2369328	42614.6723526141	2551141.35995477	4127981.01854736	1310454.20751293	116533.135468886
"558L"	4999066.8005093	17426.238161117	4567738.47856621	262697.116208035	3101574.8269335	7265424.36290323	49017.3608018026	572835.301011011	52712.7985194194	37212.6982944137	191895.151576046	1579703.16626213	7395424.67470898	13467.3836878276	1830063.16014974	2350644.20717843	557537.044335236	13903841.1430273	1457741.19426481	454611.365254655	1991818.01385224	738103.220361759	3954824.63511808	704130.86022907	273417.806515365	2593407.19312211	58000944.5676447	552627.315226678	308307.957842168	14758061.0879629	336290.248381868	4636784.97084561	3984293.68505176	874324.742236138	22827210.0466607	5688917.43875343	942524.162080775	39497768.6772266	459450.690912243	526423.589953555
"559M"	7059515.15819947	112275.038879937	2237313.12590086	57547.1802887138	64404.8497407691	2413047.78861074	627902.411822721	924231.505159328	16972.6076431246	82236.4252824984	169772.237505929	2285413.0039104	734855.513004816	3602192.99584499	43909.217831818	538914.973746516	650213.075107324	75529456.4475718	645334.726254266	25243.5920289406	478570.751704351	87884.4610348716	481936.49008859	1904773.9198196	30596.4414403723	1708563.8782054	27145922.5787261	3259170.91737703	92197.3269540304	511197.483711342	536338.592666872	14221189.2939008	1945553.3402256	66923.4582673166	2366381.64510191	195980.4094946	347889.312935483	14879276.4278531	691338.377380232	334318.987900202
"560N"	395740.797040193	28741.6455431979	3587672.0974417	36981.2770679299	73925.1531728321	20045041.3394635	103490.693645721	7222416.7615351	259991.735426346	744687.906103757	149482.545261619	1153032.59860681	131009.156952466	5839221.93784299	96086.4672032117	302888.572241258	544874.769271273	8246220.53661717	1391502.67970097	11043309.0103814	256354.261060196	82879.6164294189	1220464.25267752	1130172.59330231	1579674.67271368	1571997.9391641	40640008.5304987	151165.90278538	305197.870357936	1618890.22112002	326077.165496638	7196295.94578701	377387.197272173	788285.846867206	1793113.07076281	24916.9219356353	1507491.14546933	128024566.824652	310622.687599401	1324676.75945443
"561O"	476566.490484175	300464.782111998	352962.963026417	39438.2543644781	79073.3766135582	872211.746384258	63940.4213165978	535612.639163998	141995.714095646	418839.520494797	746772.172211764	504511.43840136	171616.676105172	885966.880427066	95401.1446640552	911959.64311369	68401.0626577648	3465359.8649386	501550.233604305	536494.340023504	5403302.50813358	1440679.1071978	1313256.99295572	2325453.19078299	71545.1327445374	1980607.77206328	45148169.0074377	317339.599162577	726302.151532769	450002.360547618	1214193.98729327	2560187.28341689	11659310.8332477	721891.468895364	1304371.44721084	44891.6347298033	1041507.3049342	6316996.76713965	3241140.24853074	1123868.8089801
"562P"	8233541.28768765	47297.5699030458	237128.11888101	290563.351592932	134732.262142583	3017261.49019076	231305.106851317	1297325.31436292	81161.538961946	891190.266091351	1405144.54860827	13241658.7601292	407986.56603854	162088.354929019	48343.6216221364	3592149.76331345	486217.402942833	7706707.69124828	401131.367934143	405753.434660122	801770.957842751	149405.349698433	386614.968318194	2464532.54045709	454543.000205993	290556.374483862	68849037.7245907	925653.658430223	50495.889200876	6495147.02415541	430508.352581719	770980.059816685	4016895.15142764	213908.472235439	4055371.58073382	549351.31795989	35808750.7147	56223734.6387382	131539.692430854	1109371.60019809
"563Q"	263730.090337466	112904.656333292	2246754.77906309	137282.118164392	82762.3380122147	2433585.68393568	46564.7630752779	450596.999967462	291966.391418229	2184001.51428218	169308.401664119	295088.515197227	240777.645093192	576924.736600054	298759.425494626	28545753.9622083	345338.059396085	5696199.77419679	2138849.43045858	445202.433154218	1636307.80673913	293186.667655858	5905431.06573015	8919204.88568696	703331.853543223	14213227.3022237	137576194.966187	536991.204555138	124227.185147035	3674070.48502746	364662.725279326	6926217.35273969	15438406.0066233	125875.403754964	31417846.592172	523924.911964671	9487754.41820885	564087.571107763	211582.368199797	192592.754053767
"564R"	1307872.57548999	144622.665620625	2969507.03811412	177087.424433035	7983.33529737857	2243212.87395142	1174515.74523204	327692.354731893	78015.8520232494	6919137.68565601	150816.302333031	3351790.1685496	2524124.11159856	1814279.98879419	5905.73834190398	1850245.44576675	2061627.92989027	2186109.32867856	3032429.83397782	122927.301029253	51484.0213702865	3542074.53862793	634583.264818036	380579.16083934	47645.669403115	1167681.15590251	68040170.9485025	437166.419399323	50321.9002797539	607044.166179314	1809767.95854399	21194134.8256442	519761.724043423	410996.616271664	3745155.77285046	223383.503036167	15997966.3575113	7855317.28184561	4302544.10648622	110529.294899513
"565S"	1275910.54690505	1193733.41581825	7757616.30811457	13402.6135691502	10090.5265206946	1803420.38324663	349915.107775341	755706.263503551	45403.9371227021	382798.635025499	546826.509456999	122842.914739716	562573.45963403	853747.303978137	253665.995313928	307284.007605173	2966635.62340888	2794415.31058306	447410.027512054	122522.210661704	595274.261747769	162027.985452563	1390131.43004928	3412913.90313496	3149297.43619184	2852067.19758148	116570536.696639	3588542.05522064	50360.5429301092	708358.415365369	1709568.59126786	77430908.7114701	6208266.81868572	2180690.95166393	2049032.66860956	649282.636965506	10506015.4492963	37594654.5500614	1177054.25785129	177697.00834644
"566T"	2371375.05567539	9129395.7522342	1767180.12106828	28975.6690486385	217079.384603571	12914953.7656639	60857.4437739578	472338.714774698	19827.4217895215	7243212.16283438	17520.5839027073	2484356.3893484	2009666.58351755	2357969.63362986	63673.5778963491	1291828.42621656	2027724.11636029	2464747.49115784	3222185.82061306	2828423.92601175	1990263.23904683	3464831.855313	1099858.32572398	846760.974582302	89314.132359311	2903736.51851557	6539598.57269907	2432721.33120982	436083.175128805	4138103.74370016	231865.983586647	4369097.7855994	31737817.7955829	84971.6952210904	12547042.4175046	38883.0031809733	42048165.9143841	8918072.65531541	3491596.05060773	1048259.33351644
"567U"	4763167.53502538	152882.168650642	2558462.06179923	113910.337680906	734106.683156542	4562695.8145363	88094.084200789	1266847.81189225	144842.085755765	380152.359286098	1702448.74474455	2050975.14800369	461565.928752272	2269315.31840361	404558.400810668	1137561.97425824	471896.202566776	6642825.44907797	1412446.77137498	597531.860485162	489551.173377134	219838.175683518	5690743.97007128	266377.547095267	199816.209560594	961064.403022724	22457239.2087624	274470.675123558	337863.936934497	286966.459208193	3856792.22455168	4621836.97664425	5596219.65210146	1507977.4850541	24345129.2621936	684514.641036355	2328362.90200268	20016997.7208065	5054923.95998618	175843.587628424
"568V"	1396589.43386246	241392.286152548	4806100.06907292	217540.148074589	6864376.19288265	20775888.6437276	121523.67819417	1201436.74933377	22888.9523543422	1553395.98451323	48223.796351911	855895.729258239	3426325.14128464	532481.32737499	606113.900656255	186325.204103851	2969752.5686882	6914805.9380521	4891729.99251856	56068.8325210921	2664246.69128283	683605.812174993	663767.850078273	247038.233700847	882464.798021408	23089656.4608269	15267039.6869796	1201462.24121449	62627.9552571022	1032377.93512212	4114261.78463648	2499888.81129693	1939107.81629733	320184.853382817	3478596.72824063	56510.4677338424	1845603.87914813	53728333.3270623	300629.930278836	1338590.02800672
"569W"	251131.507582188	40730.3455578949	15598310.8503528	18395.7652343404	487751.323041247	2527900.31180483	512174.598430203	121448.916327916	634628.839833486	945895.703791972	391309.459839308	2573430.09810101	1104217.71017305	1685612.91267286	279318.835614856	1271296.2364777	32002.7103417784	5113360.59350056	1167596.23253335	325443.918206132	110330.776061934	408769.002458118	449707.248898778	46088047.9961351	1462012.93385779	358902.279052497	25006187.7266891	60905.5558149655	36823.7907866409	573289.51338086	3898132.99224911	69931519.9449215	1102138.64926048	285933.793143327	32245235.3618407	30649.6166502104	526333.025289191	2025997.02305562	328557.228280312	98154.9106653087
"570X"	6674339.52439381	186561.121478493	2143994.70662207	805.316603224204	585414.321817164	7282035.47572905	591547.773735651	5300159.39459508	122803.837628993	3766219.32313759	124702.985293685	1095390.94808211	49048.4222755486	739212.857908218	736900.917907468	7655300.19437184	691275.779526623	8286862.99550466	492103.772893858	483358.394544989	3896438.78469414	237586.700851652	3986184.58261802	443538.515014222	1116421.06043141	1973769.50567038	5414118.89504769	587119.755446571	256558.02536633	5942746.01456567	3772322.52185004	5809016.76336202	2532703.16659117	895437.247594294	5788059.59455089	670535.362577007	6166664.30361794	61694878.9951772	209592.060900004	89875.6401693231
"571Y"	1017533.53648614	852351.287539612	448823.267820488	143277.138913813	167116.73578522	1931163.68451668	66814.6258646595	251302.758978371	118740.233425671	881830.073284959	122715.067805636	3134197.83572906	179648.983626093	8453100.17357326	139663.516540694	834735.692838256	227671.654900632	277346.801281218	78097.4930998824	742898.452770754	2221981.40584685	2716815.36306003	1490442.96957709	37687039.667537	240373.889765466	6097190.92330239	40124956.8984662	57891.229217501	440075.623463004	3081753.0139238	727488.038786132	175673936.757517	1559262.88634483	105299.229357699	46769590.9139611	260425.517935868	622567.217788117	9956708.98739365	706507.228286879	826197.39067922
"572Z"	808128.598981826	286551.710522361	666774.440707003	9076.74031353672	133822.496997732	1091557.43495055	498300.107574776	3454900.7327582	150103.157013531	26501445.3388434	263240.657414613	2497028.76809926	1277146.81126371	412663.498765211	294408.724674847	8785762.55708282	152464.746213569	2446580.58896379	265596.047785868	27160.8095378742	607607.229703365	14252101.5054198	836929.949786593	1081826.12418231	124801.395294	6426915.80938804	68886517.6067132	6150623.73923086	29528.3806316488	3623937.13771778	410937.260021859	25227128.5904927	586372.628870045	195536.836924082	14507114.9802983	132592.754650418	6808222.92580376	2996014.67489993	691446.903213306	1992945.65831339
"573A"	368614.223942423	507057.457828037	7141459.96360369	13215.231018186	1550596.43335704	6547455.66218001	115823.960708352	377214.746497172	828404.125265858	344862.730047855	336742.916251981	313921.7358824	297819.597389255	8699380.99655095	26414.270052872	971119.782852261	677985.596491171	2956426.45981367	752559.531371231	20830.568682474	3736898.21319227	175871.446696546	2129490.45149449	3211484.96873732	148278.088348395	12102660.7286211	115347616.945417	386581.724542402	65159.5346814041	84814.1561936592	807058.171143567	15237698.0281574	1977393.54533079	1358620.07895771	20567956.6594941	201681.396922544	1304221.75471681	18816633.697902	599189.816394857	62720.5678837408
"574B"	3449579.92471537	189602.683088297	2057538.08216667	74602.8997543989	1205523.7053708	5385468.27489254	456909.863612579	491184.25813219	93052.0726782628	456691.110793409	326518.297919817	1432198.21045048	510937.484136558	5925330.27422762	72446.8023832428	178304.389581215	2980997.69163951	3425051.90440658	38823562.6957267	5067468.71257575	252563.061291404	1048686.47678826	246792.441595442	462134.796388969	320228.764840516	372828.018498739	229536390.803559	284873.948673188	10944.689655074	2191812.85001835	163245.577246645	2182431.63994513	814489.559451277	728609.463930163	30569510.0577675	172859.452655767	5466521.83889952	29292939.1181293	154716.298970248	395980.516141455
"575C"	6757290.25782952	134887.588512798	2445662.06717975	65086.9477130692	875633.064768783	11925949.5034214	137360.273558349	2904640.67264133	151278.71309425	39306.9087064299	1523779.24987259	33681426.1980602	389422.269832225	361800.126305077	360253.985897858	6952371.66217167	4508347.38180335	2984840.21401896	20829489.785469	38944.3217529201	1456104.2280858	258069.800914713	497666.480117135	319191.206155933	107524.866893515	900244.889934664	86559414.1550519	2572903.2383277	270090.538920489	2966803.73447267	241452.057411748	35061555.9968153	1419941.72768398	1224716.44749314	21771324.1603538	67096.3158309902	1405284.73251026	8656422.49218385	823835.297164817	463690.490523981
"576D"	2553051.66131112	62093.4829491641	1851941.71888614	132635.165198522	1669375.76566459	2140768.92348182	613009.792263748	2412772.89543602	41144.1332417359	389564.645576617	264096.813205312	1932594.13999976	686526.44380639	1649682.55375888	277146.849145791	2824532.63450351	484745.379084655	10783636.6792481	2600471.87913934	2525841.56167629	9725.69647771222	1216506.84970872	251508.820796107	5219676.04361884	1216501.0932003	245441.02786065	55611126.782485	1715110.49953411	14171.1206425368	1287984.03313039	4452723.96315176	1758126.52602739	1333523.56001845	282264.069875805	39557645.0816837	298367.040670457	8054741.94132599	6203658.57717935	381163.586359047	229390.012574659
"577E"	513358.77870532	65123.5781300433	3937350.76943427	32106.6775373943	389330.265001229	12811977.1074617	80304.154529032	1194064.0174667	128210.057242186	971030.268692533	109361.494682324	106524.045313898	34903.6913320041	2623745.84339998	2855.247571136	6910188.10317044	700525.036184381	1981012.48093429	3236375.97618527	96833.5214745898	7574106.55472146	2712669.94192709	116876.015577211	2777585.64403639	131683.055715731	429303.630565688	36440242.8936448	6087257.95258118	1331662.53527559	10696651.5112126	3713964.07160898	1102991.77161567	987305.671566733	729785.426304885	17513795.6565041	616112.839100257	542457.167523538	4011225.50988556	349141.748304487	1074297.98858756
"578F"	1704871.06022743	712348.927122053	8543766.92101952	42447.088439144	193218.39064311	10452290.466015	403557.571313077	6431429.43553142	7615.11405793629	3121203.25199668	307318.686374229	1344743.64267497	2255670.42386321	6966596.18250277	4158.1165024037	2492832.66712442	393799.749213358	15992809.7760722	12512911.6534827	59051.9260323738	1687442.58899875	244858.900825977	789549.449410783	45645538.371573	242514.174066028	8941805.91858674	41571697.0475642	2069264.0132572	89400.5849203028	923633.836600751	2767715.58104815	34291148.7462024	1643625.42297093	136103.912431826	96375087.8309755	71361.6383171989	4978936.9301118	699758.389201306	3013126.84968885	178722.234780176
"579G"	3753708.38495507	44742.3496683265	18859720.339986	8923.1556535757	13826.9933698969	3002167.81173697	255453.593118296	5884888.06223549	16190.3168531908	430737.50067478	277496.360339879	7855235.18403386	694813.51920006	1289704.46322153	499003.957656548	12375081.4960508	808571.123178941	24430235.7420965	85693.153182284	15271.8670281943	589322.37071043	1528734.8813681	883504.301037542	2735861.83942003	182499.780123511	45842514.343888	69266637.8642844	306853.61124324	149904.068248746	4084487.89061041	1013700.25464059	2063505.37475684	1207929.09907534	129708.099284489	9601396.36455537	109492.851493771	8227932.54959836	4904130.96950279	4218788.11360477	997300.359663992
"580H"	5352857.18380113	40621.0750113646	518550.968527689	49474.0458520803	70441.2371312983	2684880.06517724	169793.491701643	61773.9305906635	640463.165267502	7560756.03604781	194616.025875431	1676846.5257946	1534397.88671017	264954.612929923	939515.071211763	2446599.97068506	1038181.55201279	34947408.0749097	1704513.51865775	390638.727108555	1340662.44419626	1176186.01725426	5073310.5543445	3512653.51983626	158431.113632598	806701.779773442	4155671.73473014	4692566.6237036	52217.7575071967	1871377.32831044	25754.3200429601	7983143.13251995	15594513.5911467	1328486.97311527	17882615.48527	1514421.55486264	1693441.78697749	171594826.920278	171077.998741364	3954889.18130574
"581I"	1828393.51142465	1568727.70293262	3669066.03655811	43557.7404147182	472040.612682436	21666797.3033549	2018873.33263966	1130601.5971411	20182.3763824473	1218743.84544228	54654.8276998577	2034072.51716069	1055319.30521342	40842.9701007712	273800.457185259	16269440.4807649	2453631.38574035	13254099.139322	730081.167435994	255269.524846137	343229.411846554	618426.200025387	111219.814125577	156386.837891562	1169210.99493276	442245.053136314	2701646026.53017	1194845.14293989	325981.304626914	1716395.00311277	685670.420910689	334578597.742759	20601357.1296903	175871.752686115	7397856.60916886	34241.3369005968	45159686.4294304	8943150.2948678	1619317.8805312	172363.949480965
"582J"	671085.050636966	279547.774917308	4618712.19439119	55465.5688058513	4141666.96764791	18667455.134189	61337.9603843653	235484.799590894	264857.932385319	2419199.92841468	590096.798902515	8372306.92123321	3555888.22478146	130427.269021099	15813.4094103217	5021147.33801699	1141746.12116397	15707443.7875104	1108498.65210909	643971.681532034	3481576.68391521	714907.028987779	292554.442807623	5196684.79614875	871462.458853328	1382501.65615957	15471053.4109396	44019.8912952756	61967.5911451225	740208.30895948	2054372.60990506	7809030.05938057	299884.751690297	639422.090516874	17497608.6796644	234851.508359113	4793048.88670526	34742249.4797083	123510.321300849	143743.872401088
"583K"	9893808.27665238	334704.358845427	10446389.3392809	25063.1105504893	221460.020421165	463915.541239157	189323.919775014	632490.676019078	337653.58704966	866967.940582567	4969837.15819514	137645.573777542	1661583.27490727	141133.403666966	508642.177418572	10274965.3053148	1927553.99348775	104052.305255628	6794849.04256669	7331491.34370291	7660758.89594371	1826503.36619037	620623.844138995	1144775.64040711	32583.6809231503	341985.909026867	9012855.42534454	3167812.04990615	74734.993808436	3348004.38163118	252766.797041726	37925243.6520675	2587314.00980272	537411.162579745	5542353.92011019	422781.430903945	4960224.8043781	14347804.4494145	727598.473577453	741992.558005918
"584L"	328241.823448617	67277.7624505745	667717.033911078	40309.2175568202	55113.7063130786	1350643.51732331	402749.446930516	103324.124930169	57027.1109448329	4202017.87400455	104778.427849387	5713031.47040565	2932039.74262858	200745.634815299	108106.482754189	1690688.42576545	868013.320165225	5327953.79489485	758369.466425374	580184.258939518	3146969.99242147	75704.7735507079	85382.0338420421	292548.530069201	1429278.72902563	1103566.4818869	60456908.8285897	2676164.21584444	91842.1976617629	6975699.84326205	4359835.03195116	7131802.79052975	369733.322747568	139103.214190497	10093060.3922993	291888.46107952	2141472.96360116	709401.576611297	5920019.34069746	307026.970510784
"585M"	6156197.94477746	429254.331198312	1971494.97572389	10733.0073955731	84494.4747135168	26577932.7670735	2032699.72999179	1011433.88662636	231708.523452175	1605165.25063844	351355.507029244	1918437.83396728	218502.659912814	897666.322839282	57547.0752971421	4534482.26276536	9191573.76702558	356643.038692921	58957.574809295	375159.654351655	40429.2110248166	1718925.21730016	1932530.37245611	2520105.22085899	119082.774900766	2310558.37719595	39050796.893013	404301.271977507	24022.029895849	439931.16862449	820146.16077612	4757577.01651776	1488854.68427978	48335.5353641045	64389702.2035754	15682.3108864844	20262561.0581795	29083731.3440832	358247.77019717	125456.672235489
"586N"	9848181.0288538	599428.168113881	3026435.87074539	42097.6139687692	6158236.72418722	1132479.56180769	96519.0713737573	1136275.88490752	226706.351606462	1238336.67660236	5088033.67190563	1313793.61083202	20140.7206497614	3447656.09473678	492869.720665647	83404643.104837	1798696.02661297	6794450.39967142	7483139.0779857	117080.429394385	5289361.02396018	8580406.09844423	1368677.48127199	2907511.77283009	74991.9115628558	15024818.6256199	856161766.142479	120962.405901363	1284115.48802613	2515378.14345934	89840.3193452989	4379245.83100782	7169424.78786629	539604.465161005	127648142.99897	40996.0242679845	8388743.44628615	8049329.60899122	2499329.69259238	652384.417670183
"587O"	2273633.93599703	358344.972657743	2980134.8358676	25567.4638622627	132982.625556778	37743293.1550301	167011.051280241	1321602.90379038	551249.370544436	860944.023018197	70965.1046677107	1423234.58595193	512742.627656833	283292.970442475	207929.838919693	1019198.09772509	399563.081941706	1703930.39697027	4399061.52046311	69375.9305355439	5213755.57716089	757005.086224315	741923.186560836	3129342.68732532	33160.5958064961	622620.572626689	196643852.824328	952755.648042765	62810.9628002707	5383661.41925453	764555.045147103	86009364.795944	352163.341355586	153320.292324439	31651542.2114194	58360.6777903408	5790014.09073162	75947657.069426	15244332.9936216	1276251.66303091
"588P"	6441997.17757315	40229.6342076505	4082406.0314794	20661.6927781172	216639.711351268	507244.873043963	2247476.58710554	8833286.59961678	10012.6437824085	1780769.15632612	245470.060854462	2510591.27567809	2253563.4841537	2795037.65989922	205762.851394718	529839.866535102	3754995.41996397	4427501.6121144	4188069.6902103	165801.830379874	171552.858342993	95718.860700466	55484.9364428116	405727.898769321	39745.5933383367	2489016.79380488	335353294.013822	310944.729607662	31361.9176820708	4156690.47020933	278978.402401378	57548004.8660382	1845856.47780195	3849062.08030433	68586415.1670794	137133.269144087	439273.864985663	5504063.19207789	5782918.94717341	35030.6443295753
"589Q"	1467869.13175154	1295410.50981445	11453124.0066621	79982.7051564255	300239.393047839	763596.282342878	258044.731197586	1533088.27928771	707322.209825146	2113150.50206345	555808.548782929	2949602.39044759	86654.313657003	2382708.3868846	163019.311029055	10893795.407638	698205.963344564	3427388.92017091	2346165.05160112	260779.782307003	368815.381249341	329422.968335903	104935.866835262	2042283.72506519	189550.489369356	1946760.77710692	24880559.337412	903291.911565737	839452.8849607	7225964.76478419	48195.2361965418	1092038.28401289	6328763.79217775	66321.461860507	40594210.1849941	25291.2354694473	28866462.7437265	22307161.6206379	367653.092516924	3495310.16372138
"590R"	278943.304309883	590046.592954781	30533419.7195431	29353.4374647865	113485.426647922	6840992.14425779	387769.37117823	1183181.86458967	166962.926748908	205438.584196534	187349.982440607	966671.919189921	3118877.18909894	569718.261014817	76787.1053998774	51279.3555267032	553472.767851326	5069452.0792606	34060.8134515116	872973.772360667	1594729.20996497	66674.552497113	2406083.33530782	539996.155492981	92933.0257299888	1563930.2570628	1577414080.83262	285962.861119433	19712.3428046162	803547.356575477	8316313.14633957	909983.453679063	4232218.81183917	8533867.00466987	9175343.9060625	178192.38683338	1481287.82125849	1895679.08818749	279733.011230725	3993598.34332747
"591S"	2704162.12703463	558341.756810903	23292542.4957544	80534.3469350069	207089.916707539	10611195.1010736	94487.1808362767	385697.288863442	22214.1799900231	1410699.0508811	226909.581387856	2126716.05151283	3604717.19556603	5996943.19063607	97279.8767789262	389501.147412849	3131024.41859063	807730.173161763	8065248.90952129	1908632.26229301	873029.1711324	313350.846668601	805058.816406482	127492.697087741	98374.4231998422	2456087.05188223	21508675.9414051	842918.594460539	197607.741539292	3510082.57880766	758937.077543003	2837902.94164965	11557911.0652826	184200.78484188	76575815.7762377	66196.14766837	902409.866913155	44094774.1544605	1192903.23202065	24573.9195396782
"592T"	4533126.31993255	9707.81923769791	2884193.16567885	49037.0674480908	51697.999832673	2941120.36211686	161157.791811706	266517.699533929	108047.952225813	2314516.86225283	6303.19434785075	2696800.24529152	1875993.10760818	405305.63736131	728180.264143932	542674.402713853	798568.351248109	1900555.21945469	650137.98024212	88209.5285293739	3976766.48150082	515141.355185121	714815.890184464	2993478.00776274	2036927.6071641	3738596.60671691	20088257.0890247	69942.8985880534	27386.7828286001	24126672.2251905	6600410.53533759	74057952.0334056	710669.093812018	409349.10516123	19049025.7671241	216141.151401851	8472150.53152438	4560898.21879205	2507445.66772318	301364.428158392
"593U"	3874549.84248185	103171.714568132	12220799.1701839	22190.5008300905	2583701.74139348	22820470.1010745	77440.3443600168	399987.47343888	137914.509078111	944108.853160629	23495.1041237922	9115469.96130576	8169675.48331714	1718116.65545586	248152.296887253	2868598.36270864	2755534.59270636	1865396.54422125	1035324.51481331	2538870.19365029	2595998.22554565	200226.2206965	4015061.20563136	12538976.7387291	800726.447339279	7091170.96260187	385550757.446113	598419.270944322	170383.087677532	525545.139982463	590574.029959295	74883071.1618748	835853.251972754	1854544.84522846	11242646.170491	287636.085812523	6679707.91330482	30122627.894717	3189082.71901916	429697.151887281
"594V"	1622158.69419293	341645.924155445	15312434.0007198	628440.75510003	138763.988835912	32862797.3957259	592465.434360897	131092.415004791	421368.311710062	87131.284450021	31647.6824370243	6485369.53309335	790854.600960566	6484534.79874651	1680130.37696931	3354274.01229588	1168997.76280784	3771243.61520435	2733854.08819436	1175746.9525565	541891.778678448	1820572.69331198	715498.525203616	891657.846645588	3137039.6456649	889430.500701667	6075805.21546511	1749972.5875063	165499.795898972	985732.770502638	88731.2722835582	141120796.20887	20613781.6690347	9211003.01203961	12576873.3760655	199192.859755807	3016401.28025635	5554130.35510255	2222390.89611336	705850.427308931
"595W"	209239.724476616	158576.07398253	779927.711975106	104851.26915767	9947433.56115973	219206.162218508	23929.9959484377	193093.57959151	237583.736047621	4559538.15261617	239946.446780933	10003794.6678828	2995421.75320858	717210.819358145	217008.035477292	1132942.72868689	8213308.86504052	7307133.46956339	1127796.8358505	18395.0751867909	1346545.05961564	411355.472792645	1508659.36761116	8849538.28803944	209662.626573871	314521.527570786	754815670.621524	517774.301808924	1639417.7021179	2813944.99552885	482722.652930656	5909312.24528786	258197.963106854	172770.85540221	85106364.187534	112133.118630746	7663537.29531141	7576702.74808688	1232976.73926958	84257.6703563509
"596X"	928420.520815987	55877.6994339437	10135678.5098673	42253.9982345036	196712.933643708	4476368.308638	288025.640089017	252937.042943827	4681450.21397272	1895859.03716108	120722.4013054	1576949.53129437	906517.684767306	163209.731477922	2530753.63840059	2054451.82668123	2692097.60836456	692568.71088717	1398185.02353071	86786.2101930814	96985.0896669882	1258445.48296047	399756.772306646	1925393.39898171	56666.266081877	1711322.03907382	53455255.6470565	1275194.54974644	545290.408784482	2225135.95085286	813764.595398285	10346145.5049621	2510262.56642526	3543428.00052249	10372271.7746179	18373.4487961532	533944.020550277	26080925.9749874	236071.737974463	874426.535973617
"597Y"	1091435.68314342	38092.8677986431	341227.061517762	271192.452958317	104924.642326951	3235876.07287645	997858.300210272	190477.867724959	62405.0879200777	7668146.62492299	85732.2016616263	72573.916808497	290450.133298428	2082392.65708247	22603.021416746	922647.62173799	784304.451360053	10808725.9261942	3703304.31701241	64082.3117373123	123389.351646774	2045415.58796737	1093390.91406102	4869356.27166249	391529.239956558	70479.973993736	242274930.34697	1477339.68867236	123251.448063789	1693454.57588913	1303015.20231592	6529124.05188411	8918266.86371727	768492.325666296	7336997.42717784	5121042.13892805	1026227.19744124	41125937.6592168	42250.0646816146	595996.240877467
"598Z"	449802.630713278	84829.041239745	9249658.22160007	16841.8455816493	623077.773288487	2108242.31609411	2408297.71079966	289605.904738809	80388.2894470463	215890.610109375	1115564.80940679	26232799.3973142	237483.125657462	1618947.58189984	382564.20907167	501788.116052755	354214.687006228	6245394.85697175	1061504.00067074	17492.0103469314	443579.145673921	655485.201130142	252311.417685676	2424043.32219287	202855.247386097	3879593.4934536	19996110.119278	969563.330880335	34302.3754270562	295493.911869968	76474.4551572708	6424741.25865746	2462643.31110687	135579.734646332	20032791.5476714	200503.009174672	506761.494604424	5852533.87220297	356625.235500444	424118.277639512
"599A"	156370.16295351	314215.399642992	1402766.27292137	28483.0185948997	174340.351583306	1189831.84481436	158273.248399118	631254.449047232	1296766.88782249	3762908.40079102	1090376.5809288	1917434.96397359	12729555.7615717	111618.202086637	32461.2475628737	1011073.1166365	835195.130970682	1462230.8602101	9358666.74934787	19417134.6927985	232474.659476244	886100.16427888	318639.817706082	417302.422553349	147400.186311384	318236.384094025	186288019.089058	1818404.1717289	682526.181998681	3217196.60527656	546456.775435646	185580.45470868	2724988.78112202	333332.077503261	8636004.9542913	33943.4597022112	20683773.3618633	6516118.38418852	1439860.92920634	151105.370251508
"600B"	1125771.30005244	160571.731050929	6587594.1408704	22804.0698698732	177967.206197191	6209638.67133993	135375.512585619	662386.952370655	234183.051940122	3999632.52809934	132881.890092563	3745281.72828119	362913.968725258	204752.966955259	48382.3937861801	760493.192690822	1111732.46767673	1450796.19537943	6995738.98568979	151477.691386448	581316.881072962	1739023.8302708	462789.042485884	5427140.28790257	35882.328803221	5358003.37843489	56130058.0487836	201433.61279532	443653.509791023	472533.955135239	451966.546861982	8878121.41264475	4165573.60453958	430261.60383716	26200486.0180661	111909.099569322	81244419.3279491	1910947.62712327	960758.65034362	432685.793383108
"601C"	3859336.59919494	240343.747169847	7274104.60608136	85988.3604426565	2344387.90881026	17643993.5463139	415995.702517362	537382.526294598	35508.6065266909	128380.630968579	280398.245347664	226812.932385638	8121537.0729786	919539.070452816	91783.497955043	3356158.69747929	3520895.45177108	521225.199219306	1752852.28005125	423756.364048051	2461023.42457349	2891532.31692448	9075747.24569442	1023487.16581103	174559.632999434	2173373.93513858	85407092.5347732	778783.250001695	89551.5525521093	832476.112069767	7683666.10472399	17786041.8598632	5885144.94711888	1332746.9318246	14816214.2697135	184018.371140959	11720259.1933122	988909.569011349	967208.093707439	173892.011580505
"602D"	16447419.2972098	117680.701949012	4796058.17406027	88584.4074382749	1870295.84300317	756113.617428505	313052.097104926	480531.448475072	462275.341495584	1192025.441902	36248.2983835394	1745529.18578889	135465.162931987	1117484.05015569	94799.2358650128	724418.413908414	580894.302475732	1661478.3534601	34691558.1168178	22245.1676862922	159356.614424638	4134808.08453708	76685.9363731645	15203831.0917764	241886.624657455	3366273.72600372	4490157.5822391	976470.274105079	255791.213530826	4086846.46668282	2424584.37639842	9207516.55444899	523939.287106731	394715.772801593	44419698.8512707	570440.856833503	951478.369369315	2934553.9144238	1290021.13458176	777704.668186609
"603E"	1981893.30331648	416518.195915251	7890412.25184219	17028.4380780247	240078.421057554	4009085.797525	622361.871401979	537858.257156801	250651.500698228	6508677.54601514	465876.048861704	168808.142263306	772207.927658972	2244823.45961134	7148.0451303489	4315991.34112373	875860.106026048	3014963.28060962	6985280.99947727	623310.724933495	938793.568553501	2920991.0023937	281000.225092713	274030.699597899	72168.7449291357	135322.312388201	10971147.6993741	602969.28073076	63861.355835461	810932.265665821	368759.806634885	27275577.3954841	9738673.7608816	22048.2477502427	3885518.33831625	103519.05547655	3243471.84047809	53717579.4826395	561133.099823017	118075.907701213
"604F"	621210.116316652	327087.062951732	6916033.0669713	570515.707356272	1309690.02215962	4696623.62998309	25487.5755895811	995702.692753869	16767.7576050707	546063.93282062	454635.195807772	934764.139612855	6604087.54660633	1471263.66624623	267800.099125804	1429773.8273019	2811858.11426321	22365556.3917629	831371.055891865	347364.737483102	125898.793171297	95799.3359845488	144819.614434176	733221.07134891	285476.308302609	3021099.74713825	11505453.5961579	148331.162486353	144688.885977544	395778.848041714	1988701.49388961	17370204.6614914	270619.212383532	283041.35439528	66310387.1873751	1541100.87392299	4470292.2449607	5003035.77437591	1260205.90050308	540976.709362275
"605G"	11621475.2110829	88384.0914523881	23233898.3439317	225379.567152989	560328.33279279	39038127.2467736	167364.728307349	324961.961670568	171897.730423608	507095.589427938	1829957.66434429	1402340.02881887	1878399.62434638	510872.43171958	483486.934084693	866825.761999781	966361.385801887	74938362.9608498	7417151.32750044	62267.7420305824	2120149.70074466	2971413.97292374	2920397.69194902	5985624.34277899	44345.6513290655	7580292.51309914	57044603.8538613	2396328.14663114	72029.1111349322	76745553.1324762	716377.378759427	5646988.12503221	213175.723103092	873445.105741517	11799548.0364055	16749.8331789485	4343909.44377198	11867512.3554578	770500.836340978	634341.298811774
"606H"	2974063.88706762	190028.29808861	359837.349911347	37480.3842888556	347774.822706925	1979158.53743343	190263.646801696	627314.643573925	243128.307126422	626820.895168178	261867.76660853	598460.895829843	5964513.46744167	2941425.2074485	165501.049127521	637434.813851342	600867.548692832	7700822.74600265	18571399.0600791	18724644.1768567	823433.560415653	448367.224765145	360419.444282716	636617.588095237	250095.752906811	765216.467204571	17361436.211585	2978696.65694106	42984.7633767094	3384651.31336148	1853620.46644599	15891228.0260847	1284685.12700982	849578.365924507	3733777.29854396	168284.264277336	8450287.83576079	11167954.8802701	5068187.07532189	97281.7693913472
"607I"	2522733.31988034	51211.5560726326	2354194.62058384	438726.959212526	1916750.42894261	850664.866297774	109348.448340807	543629.170980413	53540.9704601764	480572.979412881	15826.1164734622	849111.941472195	2426191.48182365	396661.676505866	151623.26021801	984340.501539808	870664.21866142	4643287.52486351	1686222.14420197	124880.990697304	2316090.44098666	167082.091263116	27040.5198756498	4411742.16611103	194842.197388512	10358833.3153218	83200929.840706	1200712.73425479	29342.1655821843	2024035.07224707	55551.8465294355	53574884.5650289	1727623.50842602	11950.0269613056	2328750.18571452	8997.58653489726	559175.529874769	7318575.49013608	155415.577943205	961361.2122177
"608J"	1718251.18359508	97691.5637334584	416596.461344682	5648.5482910737	346690.302319331	2700360.98927585	153820.842942088	407117.866989132	2517.98671019268	1267676.94881447	74687.0852213213	612390.606435328	7564161.036606	2706053.91179586	46596.3313058483	3404667.08436336	336144.791408359	5240605.01944462	5145041.14081481	194908.820798072	117283.118048384	485430.784549208	356664.73839294	7547089.30707724	69380.8281576961	2663964.02486154	38182086.6335672	2813150.40179218	231673.852107323	840464.952526713	592188.005123124	3661071.86615824	9627874.43804777	63211.223031755	2499214.35418673	1722365.23364	19728699.1157268	10621626.4992983	225453.880453292	394204.873795306
"609K"	224001.668131859	413377.282822621	4852059.77726684	11764.175336602	1443963.91024201	4855688.0069926	59743.50940076	113846.673033765	36408.2346116026	946731.485985449	383825.525027392	2515319.41183073	397170.732368413	1823665.5601473	80168.4229907066	176879.985165155	1108841.88657983	2076651.87582887	3816561.43389804	189442.90016804	98964.9160668862	539092.278790238	939771.509220152	850737.650412964	20081.8649768409	744257.041040676	19151621.313874	1150124.20462771	147485.390200659	990436.430292701	3365290.37661107	8774174.88247421	1344137.1951638	909302.462139104	13672050.8838525	59702.6744368828	4843934.69343664	18827346.9998214	759658.559763531	467138.860380299
"610L"	1008893.36059111	3067844.98095438	9478804.66973131	145582.170800925	268347.395810609	1105796.80946172	175390.41599627	618036.424395139	39901.3092486907	17018596.7503694	644341.714031778	3298484.25511498	4469852.79799526	137776.728796201	74832.0107373871	2625754.35996592	2852898.68574727	2837381.10697223	16595578.6210973	398697.414289889	8599525.37030734	776337.462232373	3365958.92082687	13079812.4661254	1141203.41653947	39668020.7344731	291338079.70433	1908315.23921299	65064.5642400187	642910.728944986	1532780.95019969	3295280.56444077	7082695.90864729	10992.6185839004	90239631.2712105	554888.8078313	7280062.86941315	20517088.4754622	1118472.67566201	407976.395820758
"611M"	392949.982702139	217687.421407393	3506988.29543347	228026.806355878	152227.939624153	5862138.75972964	110194.253775747	1557073.05856493	130715.695026579	1772979.04743716	155789.837906669	695638.765176617	1944126.11948923	50103.3918100059	155109.673393922	52489.8775043742	750942.309784933	1413319.53622201	356329.782297569	405718.980090839	1421959.15029135	1155234.62084329	808925.627354525	9195362.54605366	160885.066035009	9372943.61907629	16609056.2499896	419624.601067636	635339.579375347	903091.070715642	3803225.29035874	4186623.90783364	1612178.71653913	117885.938665373	75024060.1458329	138525.57531424	232223437.682363	10244504.9017682	623424.066721212	5147132.10701671
"612N"	1011308.88733875	30213.6113934418	14788732.6850201	305585.842697603	449753.088861509	2946253.73476422	497513.454454667	725115.643297717	30206.7029241839	5275687.94707272	409110.879377895	664993.564715314	10904107.1892809	152603.440010494	25731.4956668795	1930470.04060704	631995.118120446	5189016.79889731	400247.734143115	1328479.70945903	75792.0997738568	4686362.28038522	1144126.95962223	9542995.66852849	1232809.42424937	2090147.6853303	135331555.093419	2563208.16147337	13702.7835212805	13290573.2633546	43293.6544468781	19870526.0895553	6548946.63005885	3840521.33248005	12658520.5267031	173571.635131655	3149403.70343381	45203998.1731012	25623.1155244085	2285371.69026062
"613O"	1394852.56382234	22361.6525675938	1111642.50310617	23817.8605516337	678173.838124957	52848678.0759302	1293284.2412394	176920.010347174	266469.468857704	132680.096868455	197265.968535881	4112173.40685951	762347.653722634	2383743.38980414	76985.8323792539	2685768.64727518	8455064.64736865	10195353.4926608	10137080.9933533	619774.59458803	180834.992974374	432572.74162525	3513975.15616843	1928155.01328335	630965.989313977	421481.059008312	13688430.0162034	200380.332683323	114355.392229967	7626038.25480877	1440186.3124881	34207665.3741353	4891745.3722708	845998.2141043	7686440.32274717	275201.851607147	3644757.82230587	5882986.77039331	2222045.07198079	1841848.96025971
"614P"	1222384.13447655	329371.259520616	3483678.42050185	74388.4455700894	39293.2765711134	1937082.69239648	965219.020522497	713277.715349494	2449103.51675596	646390.017793534	517105.417621975	8997925.15495675	1080258.72694607	3358002.18184618	41624.340217053	127214.192884367	1001815.12691004	37488095.9851407	1142176.96799082	1308674.67143053	1146280.99874447	171728.165808922	6656411.76180538	876987.130971847	1155485.16020607	3489598.10042704	16118342.0993475	384623.818067009	56802.292766688	1549899.90693851	752229.708902692	786383.611948023	1644241.26671366	5618329.49779343	2518438.30797337	633127.49363019	8873607.57906431	6438048.352661	691689.676160804	313849.084182694
"615Q"	28325750.4272475	34406.3827356348	1359683.08832747	111836.071841463	4231818.71196273	8936908.94860042	172668.691504217	3053655.41896377	15547.4621737713	1369464.51452956	739191.899419617	3075230.22696024	8589909.07133832	108576.803051738	532267.034184149	964922.330140627	8649854.38416758	36289455.4549308	4186001.36359634	1006030.45154899	533188.977393933	4588412.9586095	1223618.10805631	557802.789882653	77641.3710407723	13483470.2607347	113964602.7199	942767.941446078	365706.54857242	1314847.14780754	3998726.56683502	818524.564665994	1618802.18723792	4030844.63607409	31414911.8724222	13091.8191930428	3901873.08978738	10349089.165571	1665709.19435865	619922.527457787
"616R"	12888944.4334301	488182.007720144	614077.749098269	578050.026583467	24359.1474230945	332316.107914786	112718.901506873	480911.251392189	81189.3106038782	877182.459589867	116552.08349692	14807808.4488328	784907.029923556	454926.333376861	1185701.54995831	1418665.73680624	405192.36293559	14826783.4284228	2039017.91956242	128438.76010265	190697.550221807	1408151.32454349	20898195.8434811	1527224.78321603	1707742.60914547	573574.987953555	6487434.8558741	29270702.1678346	305815.632267531	11979818.4235059	9037452.12816866	5530966.25788503	3124821.83987372	554922.140375264	9822595.05874198	564911.791560701	4016110.81958677	6951969.02679399	905223.440044735	65835.1342613321
"617S"	510981.546042723	396143.867874279	8554170.96651963	94367.0696505653	149376.543642516	4613448.3584501	561809.86711507	266453.34831989	120195.915428333	15088853.3871667	278786.386916124	913483.982946282	450900.541809027	635564.01938476	330697.344856218	461969.561998496	9138553.68382959	1255271.64913902	771168.733948444	26044.622255061	1537014.77792758	1106643.35433162	2004466.8749933	40829398.8885631	184978.49342196	2094588.0632746	108870656.072895	790643.118654344	32627.0432126018	783018.48097823	2656553.27698481	464773551.600537	1071535.47653559	1327745.17067712	66038309.9674134	811640.568464635	31089040.4912308	29101101.3824388	377343.145080792	763223.429570825
"618T"	11048302.0178847	103124.719639986	4425374.87836833	109097.424657188	1828504.20398421	6147362.37161514	6426935.50417848	135624.3478118	30323.3051464935	2052983.8235913	683961.022222895	8094381.07284243	123205.307628296	520615.200596	190223.458656104	1469728.88067515	2563011.60988967	1925818.40178939	3970325.59420001	523446.617189392	2914822.40526424	308249.273203587	167589.071565169	275850.43526507	299920.72757948	2189324.42499748	114396240.683536	90749.5220836028	354858.613431534	1470261.52261187	5962382.64928525	84060490.0054435	9083084.15394633	343041.428341356	4282042.50308976	30412.5231414996	3928547.77662287	7571919.56172039	281294.991593276	104979.297819839
"619U"	2153839.97031318	1203297.70462597	1070430.02971092	10245.7549453275	154713.109159901	2112998.962991	198365.223481742	864431.368600609	165569.098660419	477386.864830388	442712.491707484	1535781.28039907	151806.682401998	400223.419062731	939617.78861876	9730942.03359937	6513170.76144207	2713013.66528201	840165.886836867	43257.8686884244	4427126.69415928	1011194.44021516	1926117.99874687	1999509.0129199	205963.573008516	2381451.65577481	202060711.816903	1193731.73687876	112588.815098726	755712.661732114	2880855.08122967	9588868.29366098	920490.397148888	102447.89110018	12291335.5416351	166552.671126673	3868394.31510846	3728248.62441543	1366778.8683106	1041730.53128757
"620V"	858715.355775026	72367.4727086098	2157371.47076194	228640.889685295	166133.960027794	1214135.00231023	94824.5334416377	872750.004099336	12636.4394717202	863991.049485221	184409.157561117	348163.215595487	17016806.7018055	6159599.24772534	29930.3221715609	53999.8581398705	1068199.52998157	26090029.6613918	2453082.1392559	3594133.63597381	314663.090992443	211075.08206649	211074.038002827	867198.419425391	311229.765184008	540149.114734932	522189407.319426	492536.562409135	232573.638018476	4733952.35930414	2049822.84201699	23636346.8778956	39422865.425991	223241.527173709	68878647.6488288	21245.0744596235	2850566.38725139	11464023.1803916	638379.9024396	432926.526860087
"621W"	1380925.25987908	464635.363550484	7035049.83968984	156321.01385556	104704.538623719	8852372.831944	1243952.92099207	69316.5186448249	1898154.67899116	235728.215585231	365960.870444962	57247.3171977762	1634425.04746909	4937678.68254522	179408.987082538	15598163.2094782	4136557.8711262	2952977.00758906	1395772.03779573	1235344.28867208	7390068.66174326	6317996.39684976	864472.601999042	512923.417052615	300052.32811729	4557564.05391126	19229005.1033613	739775.282073919	894012.600769924	124803.266228417	135951.102282011	25420422.1546133	51689283.919057	412620.670136997	6414862.64250215	181262.10403084	12991713.799701	24333322.1631071	2498338.81736711	8002.45212013211
"622X"	2331796.75239555	157562.015190215	12101815.7070495	6488.28348975847	152067.325982637	541773.326324813	357149.944598285	183353.878830468	67433.2510825294	440437.92656731	412832.91567983	2635021.483552	3114089.59400256	839474.130085321	259270.205141652	276178.296850715	550427.589264717	6537980.98060405	172488.329147081	106382.242621705	1412796.0025604	413544.58479131	479092.29868913	3329955.37933445	6118216.3146844	1220288.55301607	25534913.2713968	144952.316655757	2344227.7127271	7917028.80126876	16309184.3819712	6786151.09721908	14435126.7466623	925133.895695817	2043045.7134427	121127.717214568	47086463.9818538	5106644.15750928	590480.013709647	837428.48294956
"623Y"	243616.962493428	25961.3050915328	313216.030120767	102263.599977085	645978.180816514	680303.297715726	201254.660212388	422343.114801374	302237.8136502	313662.674970354	388872.519725847	46036323.4344757	1785922.70751081	664156.264534071	37885.06699187	10921778.3728375	580467.612214471	3146171.89044722	3433322.64284351	774021.789457532	107994.959084106	1429296.96886272	369559.056316732	615311.792831093	1679758.87459013	1209923.56929053	29752256.1399267	648871.047221028	631342.886808717	834714.666578377	714847.244451869	25041367.8059108	5017910.20222351	385036.592846503	17513810.6820955	49091.8257951312	2151889.48189519	1426654.20212358	223242.53051264	1032446.97482039
"624Z"	444499.28712377	369958.205305518	1606929.947652	71822.7208529977	295621.24750086	7286917.33386849	97798.0459026749	1132666.39455218	98530.6151439694	318125.660153455	270715.827372469	14200547.5557154	1151409.56051488	773382.971638744	139467.350242133	1356283.19966596	115788.493718565	100622.803821066	201830.966235818	101730.325649582	746034.039686892	2221739.4569204	4174205.0841432	365477.254914704	125959.718407611	1014798.53826255	21105543.3373775	15082895.5050741	1098454.99340513	5366216.95497359	4702032.33049019	20366199.5090627	4678651.63535591	459709.210411429	7328141.93580877	34845.7750998943	217385.751538206	35270311.5664884	459472.314420054	70188.3274079675
"625A"	4134250.96060761	45879.1880041975	3441373.74680623	130889.720009221	27899.5915705262	3744182.73150125	236783.936475281	478517.515437177	113428.242995312	1506702.96696333	1495172.23942122	6771902.8713488	971804.174856386	491448.277102924	155036.933490502	1662140.26340732	6339301.57664764	2485496.36514361	219497.279248314	64234.4467088008	957833.947851497	485356.274231978	34254.9599281311	491697.926812652	751865.564198934	371281.956184604	368462143.89932	285280.316202502	352253.017893404	12638038.1987692	1671607.47386208	45427397.6561309	91198010.4961074	960242.387896948	4152990.86072057	199843.685386662	1173176.88567724	10343018.8846026	683545.733527832	657205.780232981
"626B"	908791.821962735	1000409.5715742	2927679.97228084	18665.2356072073	618392.677364096	7404497.46094458	476930.273949697	187073.18546265	23591.8739064068	878039.315728731	11109421.396525	1068939.42068047	166300.311741325	136567.293124264	2764117.02892753	6353099.16890927	8442915.55574677	99712930.2786745	1135462.12551873	111465.961616999	167628.761256185	2157816.35439275	287851.671374391	1667616.60401015	3490257.67738343	571806.060530823	118193691.501733	4839316.95192573	74601.1124161696	620041.907193538	1727057.07842797	296878.888334418	301954.290834641	176549.870693469	45933500.9295522	404614.452837332	3485750.21142439	29828265.4494399	122312803.88779	209082.1336128
"627C"	776428.588050496	214696.831267432	4753672.77700668	104741.939403104	80629.8918590845	7442569.31578705	835823.20162155	1494592.44106648	67768.2750470634	1445418.30985481	40925.9001212847	370782.851651145	181635.325806002	2145559.80056479	159307.47478186	3488758.33445865	1984334.03998037	6493161.89533372	14271420.6140697	345087.070834934	15070970.12673	591570.189379037	983524.019118967	1026836.75451486	142273.748953675	17154523.2184316	35946180.9223925	694033.4536036	1138698.43600138	4528715.19906311	794576.906260376	671634.134518262	9544951.35139276	502826.557609303	49618937.1954516	99092.1600513876	1576497.26910683	28164631.4148332	680341.312423903	601419.773750769
"628D"	94456.2903870452	247665.803315216	332710.8686196	1687.1644471593	216938.992962409	1052913.24748216	130626.969591246	5412590.83976251	136378.583957871	5777971.1432782	150506.970728293	12300845.6837744	1748156.32958362	1949279.94452603	165174.348605262	4947771.66224088	3628054.2311483	5657888.649798	1315615.49691771	746567.581621458	287320.641648087	726846.819931589	3856430.95569465	891935.861187723	611376.323000933	377505.300880212	74296741.3170452	1652365.83239756	163987.50803434	1022753.08119902	1144543.44228209	11282321.8689778	1878318.55917762	2882227.66805788	10631954.6196901	276181.159573199	6053769.39556485	18456225.8790637	92478.1273956284	358237.31011298
"629E"	187321.241217164	97841.2989420353	3041220.81372363	19238.3760961354	40184.6970805519	2840210.20171975	168759.283267332	2231550.17127488	264126.720371668	3338196.57087806	25690.559737964	382726.414318173	865088.103347623	8495478.91881361	7824.41809235535	287619.581832532	208992.941804233	5359156.79881981	866985.609845572	373865.065770375	533701.267536009	411441.06670178	304587.659045719	82387.5135495194	13327.5359861368	344751.665933509	69662935.1411604	2601008.87204924	134556.000057609	1308223.33370673	477856.858883204	18307439.1320334	29192036.7111396	23868.485829597	31573649.1884181	66987.4951587773	5953706.49444835	33410677.3194686	1707092.41832001	17394.354602114
"630F"	1202563.05056653	6293420.24491509	56454580.4095471	379319.419211657	130869.529964411	967274.757706085	292773.033551923	505104.484964756	737913.455041165	3311674.69716626	321886.002318249	839130.615143942	422241.527334471	626141.506662618	45643.0664557115	1203451.69966983	1771161.37799685	1332479.12259859	3708742.01328219	260438.627235915	609692.774664633	55637.1240913428	170820.776317351	11501809.8785433	23668.95390253	9503144.07662387	445780342.769378	8132515.66208781	255647.015978821	667330.830172036	113628.936418342	6369224.99683053	2558658.18752802	51085.2396100613	16436634.6383127	384847.512285087	8528548.55170131	9193099.77615148	656962.96178129	65058.5461263424
"631G"	1592587.33223153	22852.5232681535	2784131.8742373	233556.916498702	982171.619194123	2571009.80513749	480141.188415934	832831.078121061	417391.332149134	6430710.85610246	170278.086944396	419237.363061507	791292.445276952	611081.532913572	23249.2266830253	236294.127452741	3623882.8356728	22550264.7346755	2081336.8603348	461205.505281318	82832.4719582048	10818460.701685	61037.6160340475	1329083.27821231	2083233.67753555	9302434.27659992	117928884.22525	1245435.35245544	144506.554956924	18414417.9039628	926874.330928143	10299383.5648262	8909357.8271009	251967.468101683	8452138.79350064	90305.4259915469	5710564.33201767	9876607.60429915	3412202.37440707	255730.464845794
"632H"	1481186.82018036	49001.5792786159	6066053.09006219	302410.691991417	96164.5318545065	5590222.47557432	442799.926273343	372306.102035366	97661.9800127975	124311.943091881	882669.598878935	8753308.69943798	388489.29974697	622878.832436018	2828.5231879825	11476634.3907506	677091.882306454	14609032.9588237	4383749.23092852	1225769.21831644	711137.617817722	1858315.7064275	646985.702767661	3659925.06094675	564908.185960552	1595994.82780703	56699940.7244334	699168.451368426	217225.139803622	12154977.4004565	1870030.93072875	1081702.3020002	4596448.97314509	121017.272124163	35828955.5472278	1218275.62010067	5534587.87996964	2325172.41944076	3868976.81672419	147095.721700272
"633I"	1802042.9692362	1485537.84913826	3430875.68981355	44594.2231730523	283418.657899814	3175421.55909994	590646.722202104	173620.2688075	12092.6392118376	710339.38349216	219520.836296049	1084055.75576693	6098252.08549927	620554.669155309	234713.58604819	632969.606257206	685876.759295344	4057642.67331551	189248.155176165	33298.0233249774	691090.842320887	1478127.24638962	3627307.34933859	2977349.2386861	40792.6427587286	6825873.25052999	1784173427.10229	7470006.7250897	45854.1192923372	1362728.88561723	1192912.53975195	52527183.951571	7772450.54916039	116400.724122865	30162885.3257909	16237.7293480286	717542.855123842	19616009.7231264	3710458.77560406	260992.579443553
"634J"	3448606.33247336	82542.1219644617	4801690.41905128	6202.86204069367	353661.737996716	422915.395035482	1190999.44440646	2910177.95029013	34457.8007759311	140310.963594938	27307.7526744696	12393199.8823455	4494639.80483387	5238913.12719533	179092.579829989	1650015.59545033	347840.072096462	40571687.5659404	1609823.66595433	92616.1675091714	671456.692254478	712834.829826756	324875.488198592	3312894.33915565	945507.773277069	1198788.26383294	169522793.462634	1516299.8209411	182056.652669903	266659.45605786	248284.286023508	8315538.8918226	4000718.43055937	54389.4912936179	19086489.323113	3139.51217298048	7239872.41283645	4864697.13727844	1788594.757314	347347.880309757
"635K"	2460040.67853874	89753.6182033477	1590096.29782596	45274.5649990604	812667.824724907	25204110.647398	355438.250228364	147409.556425185	149401.019653199	3788987.7338142	22722.5275909988	3417318.20545408	466038.304743081	2221593.13038466	125392.610698825	1716606.35680681	1698949.29625632	2168589.46813874	564539.277838348	55644.8999394373	2592381.63911637	53930.9985881805	5373272.03839522	582449.637364479	83025.6286605601	4259365.1785922	165634740.081162	191631.546307526	286524.548442006	350152.248283083	1765463.60614267	13956611.8617748	2676266.29963586	488151.997323894	6357700.31551547	112210.658724484	2067162.45770081	12079403.4595761	1187365.49361546	679682.576133191
"636L"	1317904.97701597	1851647.21312717	574979.677553309	91023.9396155445	109080.314931627	2855176.03365372	102368.551304406	3573057.03864632	120626.809979223	639294.809084027	99847.4651894318	466932.070438136	585068.347771548	1189082.34104926	1780496.47592992	1027102.6474822	10182380.8004181	920249.656182011	10118654.164385	236408.754164882	3538552.35848095	88012.1539802418	82474.3748060037	13837458.3780364	1485491.11582416	11825536.3583978	54579542.6507539	10545326.5933642	528759.448152357	19433392.6554058	275799.604240302	4301372.29800666	1212462.51847495	263395.149952265	1519699.32929028	38401.0694883168	2702154.5757147	3121902.70514985	219871.523879198	160458.450932638
"637M"	3280716.84216855	41919.3415079435	838710.681030754	293563.133736805	2145028.5320646	193398.381129686	1388780.81335984	191426.980286205	37935.3265260246	726667.862767962	16615.6357518805	268293.254220339	6528849.43654965	1726870.57882414	1571491.65276458	2103657.22245136	249617.04546994	6781615.49016909	16255154.8004231	88579.6882888981	257885.570786499	331259.011086528	1236854.23305127	1043785.65783723	133041.664414103	742825.017332274	205445824.697338	993437.683702255	515519.004312501	1449315.99110279	543201.509354938	3269382.64624568	4483989.22107225	1636132.69787382	3677469.44641519	1710547.62600894	9002294.05272808	98826118.8692787	253992.660712756	180730.808394105
"638N"	5907371.70822658	106165.947247782	3722525.69202624	2607804.67673382	56111.6462269187	17076906.2813729	432542.475766606	298217.296351205	461147.568029335	1492683.86737159	84208.7170297089	313987.504483144	3100804.64189758	742386.444734319	798186.471823854	463004.306973458	412533.02941144	59713935.8828578	1812397.51297436	280433.726561254	665024.478947235	595659.517878155	67116.3703232326	423772.911848806	1153655.877099	1074814.9671827	11566346.9205862	1273629.11503986	669066.073289252	35459976.9078614	592357.208497163	40903883.1652035	22043458.0289075	382282.163562255	60247465.9353505	123858.248888457	225813.159202982	2372689.5183574	74449.8015153132	94788.9564296902
"639O"	1664549.54150707	111330.36180752	4424722.52483627	149945.193875941	30451.3870106695	6787752.32053864	316797.941758969	469179.832952446	1475666.49635846	360043.953828159	3806089.01285175	580543.382463471	63377.790395852	7711022.30401699	200594.92652099	974338.494222624	460885.053355267	1573833.44137038	3706987.24924633	802568.45220406	131045.233323619	263561.836467409	1434540.53204538	1533629.40672273	53833.8919282033	3879213.16317122	17773244.465948	452870.812106952	245079.422132081	1336434.67955927	485339.552589365	10143548.7396478	2206731.198374	69419.2086051148	17259031.1738711	211811.815695352	1180656.27299852	28405388.9981209	2207557.87153918	141539.643336742
"640P"	830118.521700771	468889.015780485	3750224.22092662	231749.728776582	772830.952981988	999610.84047829	834167.083480929	1459765.49466907	656085.804621816	1152534.8029932	2924046.11961464	332330.811396374	1656016.42310034	1099692.5096057	176836.065658647	3146899.03180857	2278948.34506288	6886682.70184818	1548775.97067088	2127500.04921295	391961.605173992	450036.812310992	2344973.55152841	6397347.72615365	1713928.04503198	9578222.49546592	15046049.6703971	993517.05213805	575488.78009832	732598.10816128	2627078.95316562	2727350.80608512	7544288.41137724	241446.470172715	56976408.6017983	185535.025132758	2519218.6276581	27115749.0182743	788661.240387453	91683.9296841975
"641Q"	1162497.67954961	727421.751982862	935752.123301073	242542.117506817	1625025.59382432	2622831.38342398	43239.5702477036	3378429.53521509	26783.4711831577	6385489.36690019	21847.9427268767	1194666.67740721	22093.9746159273	384041.834038886	184272.263814355	1890593.86482954	1142479.60382445	6408955.03033709	10831263.76755	718036.982687186	327014.550385899	1289766.54368051	272324.102288015	81633748.0993466	409857.929723684	8952966.27000255	165661687.784499	1303381.99005	628767.891740022	12933303.4240149	1101614.45759192	1964745.08620552	24186.0059497715	328622.459475728	14400318.8115347	96767.0722388717	74314038.9827462	619468.281285841	171081.066041774	314228.496943988
"642R"	4053604.51235317	7934.07025630951	368622.334436675	184585.049408457	710093.683026066	17418677.5676654	952515.295155095	2164648.07069154	35398.2785087283	2731915.72090057	407236.940634006	2961779.49430176	121986.537093634	2580114.41128792	63410.5092199241	1037651.97543545	28885.1231183954	24626183.8545887	2671577.74158782	31298.0296684542	3316286.55883665	115305.915002441	263893.227965345	4516805.60227559	335344.079563736	439786.976349934	22797763.5723244	274785.364421178	22173.2711233446	42017.3659039361	86265.7923549258	11259429.4448745	1233005.01997095	963731.898791531	22628443.6169243	62048.5338812806	51851086.022385	4686903.34147968	553107.407553386	112491.290608484
"643S"	987213.205018817	61740.1662805679	8023269.66559472	24419.9074435705	38852.6234305669	14089135.5069206	288813.47844113	7759970.87812648	203587.429773809	2251035.69743613	467982.979204291	340817.90446275	5564598.77260875	1368429.45283138	318105.745694689	764802.347352272	150913.941623472	542583.054005153	2827012.4988864	38552.2240742782	1413949.13792848	359147.963270679	2049077.13028089	300369.445469035	252164.075774249	8247756.10411524	152713315.137901	894892.402652545	1351169.02870887	358254.027184512	230038.064737327	191718276.209742	1928454.24583074	491415.361466536	15578500.452953	14493.5865611388	10258325.3452028	39921622.4372639	874644.167028217	1268697.50593516
"644T"	8751484.37257511	41792.471595901	1748535.47194651	204027.851860603	397440.792675736	583368.879291333	4332964.28344663	3493346.66019217	1172887.85069093	270800.41909511	483779.835076565	1217726.37740854	88234.0143746524	104318.547685976	220861.694653996	1086117.64731476	1274496.57278547	3217344.91141488	511302.26567344	132457.51221112	634253.895102654	3295490.77828715	862017.548240301	3197715.00267541	160181.378006145	12459593.9479273	85167421.0949849	795176.249680617	1116378.72085667	520138.205640063	1254848.93810216	3153386.21456231	758466.84209717	371705.774030632	8699231.73213958	230691.343555158	20479918.4842774	7498243.77705354	1178022.25366917	4077098.26285926
"645U"	243307.368743953	21342.6623206059	47990061.7896444	60663.6884194911	24339444.6860379	1553602.64553496	202287.048325421	16655721.2161827	376369.780213206	2267367.01071702	1504564.53830851	8100597.66811051	4715460.2464208	617949.686607222	296034.795527198	2665307.99669788	4086398.91458577	2348270.37556214	1111576.12435537	212163.729513134	273676.755055858	913372.018798131	1194426.52706974	1140198.86848168	4002494.40636136	2454100.01408354	41834018.7458879	5387769.02424702	610292.31909206	710848.591922949	10091856.214505	10106602.4228445	2645484.80381161	412759.661672087	18867074.1178061	218476.389385772	764991.674885216	154593523.823204	219897.300169381	145587.352009111
"646V"	40299.4249682383	78352.1904085738	3125258.43655282	76764.7754282536	1377517.98689601	2993041.20724934	173491.069333905	210297.802861935	1032652.23062772	171908.181817671	180950.430861222	372030.862973755	1495603.19852272	1800611.56322068	227983.890172706	3422065.92705346	133483.135566313	522015.772922497	2580193.78026448	5324949.24081017	259982.748473394	7756442.68269713	105945.205616475	6199527.98096533	142558.407676676	325563.801203459	150163678.689031	1205653.68540032	106536.164452135	9507907.88773303	1479784.46583201	2797187.72280735	676473.032732906	672084.98902455	82669254.0918392	1392267.90855103	14123829.2735072	803676.055824647	8651283.29968196	56858.5768448546
"647W"	148312.093457196	1458156.06074813	12217253.0891874	336847.265021127	490743.830939794	7718429.36574825	111207.971820286	163086.08821364	91455.9202633866	6237490.93051684	626026.697539777	4383030.04281495	239464.589639682	436272.475025607	408600.957189972	942411.575403878	8518409.81972782	4245964.1584705	2189399.53584473	342839.199974033	152847.048177195	2073364.3321017	397813.487675711	1372545.28122058	1875773.25481096	2765947.99463279	58336236.449128	1901040.41656463	140766.417232403	1627473.58344099	229346.819067254	71645617.3351665	812352.213068713	85254.6812905653	16114929.6729733	1621547.77907935	1186835.47724489	2153018.52075327	6730061.26031752	71561.7032027662
"648X"	1826274.85267923	53428.3384241812	1414930.32440291	9959.88871693127	179243.857455963	732723.561078356	205397.952853189	1933390.25044908	320845.637841742	896041.525260072	72099.3148443546	292946.813140502	4920.99057969446	537784.429229214	33789.9229703686	226886.846156136	801793.255090994	68758.7188842772	101472.392404978	1482265.51549472	2560536.77922846	93082.1283604079	134145.742993212	4766847.57680873	3698113.48764029	9934339.4007767	20586704.942347	250897.906716635	18926.9780435506	90722626.7496661	282417.96150033	12772587.4794394	15269244.3212696	467839.922892098	24823883.6512256	21410.4433575686	600150.087562433	10052115.3030635	3230727.91071687	401627.883687417
"649Y"	5991809.90069179	44377.4717993577	24782033.2978736	1281444.00006772	193811.893651832	5862589.44149172	424378.330405693	1072151.03861611	290567.671531491	5023687.63646995	1276580.16102653	1417414.09957568	2680933.0812434	1013763.66512166	21645.8846643995	825536.168795619	1530945.66059084	8810888.6086564	1602621.51982519	160835.420083649	421874.953344952	428170.069773743	11767756.8259818	118248.274636121	843880.657476765	1442560.93604804	197147502.712366	162397.992846522	20175.5816783014	113766.127092194	292139.392021151	40711885.2358949	1524353.64250404	32609.5707665184	7071667.95113793	546920.5811704	2854084.78537673	29839064.720997	387944.496932142	66676.7589470572
"650Z"	18719205.3711525	346212.145464588	1906868.40845212	120341.055080369	1394938.15460308	1015063.87617618	283809.236029316	2126783.56654564	113290.571296057	358889.023263657	885104.423906799	7774304.67754794	85748.2521796608	10334095.0663971	179962.698888883	703545.055419111	862169.455738724	3176569.17806351	253637.559194206	539231.233743814	5105918.50526501	738721.856174316	1066601.45123192	1705387.39669832	94279.7169238696	448027.153971418	17977159.861858	1834185.10816203	90269.2829197382	2890806.97809176	112134.15606656	11025100.7858557	4562964.8410624	2108580.05729785	1793281.96720425	254561.602307445	6357889.63576749	8115645.51189925	4734680.86399022	9273.54697615771
"651A"	8892093.44726302	116433.121730567	730343.971868788	35400.3198735133	385976.944188508	8687851.70559004	187265.094588855	3728118.63710043	630555.045456434	2770311.25394693	315929.748786236	408280.891234089	5910087.06997186	219860.195405672	25014.9043962128	556318.746372787	1021652.04596997	5087915.11101403	4200771.62638588	1086836.12783085	2408924.73370948	744263.417960062	1673576.02327084	1730252.38357561	796868.666879671	1712013.58625063	100032635.542435	119322.860067268	85085.8018015783	3319840.45925684	275212.733159652	13681909.7917918	18324193.8130228	1119527.00334695	43933088.8361947	1344254.77789592	5750320.75088594	3914512.4423048	122699.875334395	504886.684534664
"652B"	624668.092795894	57744.5282043832	9521133.19746298	453986.532385196	773219.19474908	12913979.5519573	363508.547313994	5424317.94931255	169534.270816039	1008369.76555822	190008.492028884	1249557.51077454	1176849.88405642	567161.904236502	441226.825726128	97863.7277692322	1092886.31157126	6553904.30499247	4813755.78134683	3713697.49101305	7069590.92797581	699358.682784465	3150060.65523088	8846716.01452453	206080.176775363	3687947.03898688	598664907.506354	101657.408671016	124326.281722243	407422.930622635	255495.231962339	5246197.5339897	2973683.04908052	1765816.8982298	28742430.5155522	72715.1703048708	5675055.80374037	5406573.85238911	3343049.97696762	104922.220740685
"653C"	8313945.38559206	279200.904449913	4351514.75168212	200580.086923341	576973.946557974	42477095.5333442	7500.72054689133	23018.8682365885	22321.4676412803	511224.457644506	152852.120719218	2500100.45762961	985147.148706512	231430.34732135	47970.7971377585	3848436.94274571	892331.569143633	10657596.4367317	45769256.8626308	184655.873362128	9233756.74227002	1137625.61851004	2259934.350986	1600752.35034112	122106.853203873	724807.428484446	40477571.2306132	1570699.22113693	206003.782443976	5981136.64517303	1123772.63216424	10873481.95794	2355387.20052986	300211.166644595	56429048.4822027	188445.514317418	448165.188078452	5167596.65173244	233864.790896515	89374.6843718563
"654D"	3236972.23834169	956355.281774128	7511288.86900017	24727.3380045991	94402.2890215243	6568275.67206634	387370.54310007	866609.013235163	33923.941368326	3011812.50601353	110169.669007873	2408806.44809095	145912.489626736	1744993.69941265	56095.6153523719	1735352.81527293	510153.377781676	708641.304679444	4139736.65368964	1225925.52608392	1360045.69391288	1696739.60718982	434397.086345921	1040769.67545736	288708.255513431	1317273.11431082	177988949.326543	646441.446894678	2190626.88507996	111559.246095857	1978119.23283263	5082127.66165642	927404.945389176	142694.698970791	58865572.0254762	116783.190878692	13810717.5502118	74422571.2585397	199629.834308578	120910.966416881
"655E"	4175209.20578697	129003.910101068	6989794.86029618	14796.8175476916	128754.255493587	5770231.34334077	105207.831095492	1865513.13292629	51644.043361158	1734444.04865171	6131179.10242438	2236705.05696201	292758.63193922	1872020.76263296	340276.634889148	1004484.14552473	301552.195237861	7634777.41426565	760121.153838197	85845.3895898301	1476075.87911263	949062.444887533	215204.268115702	5283524.77075371	25864.3765988799	50679418.2713993	4985198920.04341	2811280.40816486	63021.6120339835	17098897.5150576	3094916.58694362	2041462.72727397	1430698.75326079	346614.777759126	16104329.9409167	293569.587015865	5237754.67934622	57606288.8325465	463359.789911577	1060224.82463992
"656F"	3275424.56884567	61457.6494781255	706177.567272529	592674.543994481	1164451.47947724	186606.266196362	935355.829247434	429770.993221335	25012.8745757224	495707.871261091	32017.1652844731	5000601.03995856	1650491.98865163	384825.151551944	157012.959665535	2027118.34219575	1021538.53576951	2594885.90189359	4229653.44224881	204301.974503275	1103348.82148602	2926102.6290084	520718.394492431	3010123.19407851	1342069.56766536	898639.175456136	363216028.825201	1630090.68592764	21985.8071688183	404717.858458592	425602.736923585	272518779.811071	461426.863030468	119439.240694891	63385562.9438257	55968.8110152002	28641264.0012278	5364563.70637687	42782.065015311	2730939.18859948
"657G"	10594253.7113497	30599.8187874702	6430643.76836115	68040.4946059574	1923320.17755388	4131007.73851267	615230.674358731	775706.6116705	87577.8350996084	98414.0476719799	91904.4881237365	2155794.119913	135013.735994878	444352.55275572	21147.4596970208	1818826.44485717	1393630.7282074	9834963.12706352	538876.365327957	3371267.85535217	1145887.79192025	253410.121041177	1150681.46193763	7881348.32432581	172991.265394248	6715241.20080415	371457199.689172	484547.648818917	123078.231232963	13898437.5892716	313033.895409447	5233433.73537027	163361.083283329	1448912.28241612	19772729.6055037	10080.8536007983	1944394.40317424	12692847.9886835	1189412.68549292	306128.608633003
"658H"	654156.44842912	533311.583795105	1797785.04363819	22364.1607570571	616164.007659651	569272.86879065	140856.802760419	896540.098529489	438658.264858837	917905.820812942	101076.965832291	1117432.79862323	608384.832246354	2321426.7914361	105034.063705655	3207771.94424354	4248081.85705657	2566590.07160239	16107679.2245563	296816.081949765	2340949.48464451	1194153.0233919	243804.722871219	627825.607682752	796683.262701624	7565465.76165109	50248249.4693031	132066.235959339	27437.3675557907	285483.180428746	2032019.15293897	7910399.78439546	387845.366383982	672689.044549261	19944145.054752	24307.2530201782	1236652.34114518	7317353.65447557	1241087.13359856	1677575.86376049
"659I"	10846025.8606412	36009.4187403608	952420.424762007	31692.0241698583	2010742.96406802	799865.811628185	347010.751466212	1138764.61004037	281939.583592945	3295871.66434929	124015.752648442	239900.631645943	800028.768796897	5350917.14899713	943135.666784484	4645072.98008488	2789386.91560072	204784.815190525	5024629.72388847	32358.9498197373	4732016.55906888	1261826.24457114	193669.482746177	7617877.54068934	100187.257557336	16883688.4548499	78206353.9712894	3570908.13625511	105307.958775028	858299.084209649	434736.412051024	22000566.02826	7010537.72448763	65311.7294875746	4165607.7446804	219528.761386583	1331019.93686384	2270948.10373299	9218594.00587499	113873.186425509
"660J"	4875912.36913471	81418.2947439549	3765839.67440658	19182.5983146703	2998020.87808419	879618.800822563	100368.650413628	1964669.9151321	283350.257183576	3030027.41949245	1571338.87780319	1018599.47779964	868033.998948466	4234459.33289783	55496.8141787048	516313.606755661	1988108.24095044	5995165.22762533	36593114.6526978	959249.024943676	559793.811332894	3454802.69120745	2772653.94814593	155749.151195673	350682.271234605	3767997.99412809	443050544.625816	252112.993141552	631626.128788045	7077063.32985033	935115.076318039	22077011.6467327	1671347.53214007	894913.312895467	21910482.7171001	81133.739993362	6937457.87973342	9568079.55404862	121534.121492016	76317.8316467884
"661K"	5341017.12793859	214779.931453439	1909104.19149849	12652.1401112442	2491435.15333596	6656369.61897812	49169.5579931252	114180.646110297	664557.828929723	4368693.99127475	156411.030546143	2204195.89894602	6728367.80873615	1680052.43945974	311185.284506945	633017.3618544	59794.4075828971	6568390.03718698	2559840.04451803	46900.1007921089	1541127.77104401	1147015.0520271	2669967.77625766	46014798.5833621	2550295.82160284	2870977.2441466	289588817.980685	1244867.52998655	9954.22516897066	314243.572573403	1022303.20493417	11383085.0131311	2972215.37308142	39728.1092536462	93249021.6228755	112470.380678445	1726945.28960858	28788881.0264637	4951690.68136935	1241109.44979289
"662L"	10691381.9951721	140916.859583085	2359738.42386851	35592.4092560241	270602.045656065	11451958.7454946	59409.7403124632	2215009.74121732	78388.2565883559	250783.266361894	48885.3728996559	32934384.9101932	13875972.2058294	193822.313241061	155935.940494996	1010786.82193469	1395056.36289104	27995138.4971904	2592445.94513135	3988408.44423235	417418.852263506	3718068.95474421	248856.819269493	8082808.36196139	6868039.25787367	2631021.8941451	36513614.1188564	3438380.54146157	39532.2533145645	15858863.6930358	68442.2113154044	13151651.6479152	1038512.19879212	922988.026077143	1369801.04141698	133915.073728752	1488346.62694447	83723731.4477887	973450.815600946	189227.308755383
"663M"	186807.715829973	407039.896745576	437303.524697065	26031.9703505505	928857.283180011	5901690.75924424	640793.161252971	28224.5952802102	62188.9263931369	2174458.99144443	809342.027140875	6073449.14734532	382895.850077565	246463.503279442	118952.67163902	425294.023418253	2153850.47974946	40265610.6686791	695498.577491697	1477682.50191832	819882.920054273	2024644.94697421	2432090.23450682	667365.261321256	25782.476672223	5970907.79195378	193089033.99725	9630952.78429796	12467.654611327	1198658.79656562	23638715.4261983	2680292.09438291	2429343.29644459	191533.994699962	2399374.35163662	789595.925973178	2677788.26494018	19123746.1931537	154161.491507559	110854.702311831
"664N"	224191.840520623	29074.3798050905	2210552.46824931	619129.869615996	490290.815501352	7811545.06092322	98654.8207971658	208226.378606579	96273.864868584	4016035.21416674	65494.9047543987	1212928.46998364	118293.152594752	183920.70476962	224788.62939396	199363.519717166	267668.677993638	4396597.86209934	567167.384241868	2484921.24432212	148257.232735517	737500.198176535	100179.475660192	572625.031510754	26016.4966326973	6198096.11888982	85297828.3308307	3003639.16414263	283753.389906416	22943067.367189	2934824.05482904	30992333.0886312	2601573.96537458	7552200.55651413	5719885.503002	577854.714278753	149082.618882658	42857893.0130766	169618.988488048	8217.58238454214
"665O"	1160720.77004856	32177.2378520227	58109536.2490973	36260.0215610579	83355.3919173603	43351108.894877	136768.070704798	477320.470112968	264388.940927674	1996251.48268339	1430684.17193725	445268.047843285	204482.097030785	41609.1017575151	503340.811287079	2968876.08813258	395884.303604666	2773176.37465612	2738773.18306953	381353.108272104	2637184.62837045	4077259.65706104	89410.8646790235	931375.076839513	205276.395966985	116753.430559714	99170579.0821292	377438.392126641	251998.981356552	328577.657745582	22757975.8297887	4176617.12509759	6579333.72082148	1881025.42625676	4262552.42979882	270425.879769147	1662513.81409173	22702528.9242299	1276323.08778244	147099.652368833
"666P"	8014524.34934578	37750.5392906552	9650940.11913241	4440.47950682587	254864.186101622	6065181.93901331	308235.52139216	485140.752881234	4658.41114092654	3070321.6792465	1222188.53657202	974271.156812805	254680.326743587	508586.479474329	294802.549351456	5465217.40658739	886333.108711633	10019324.8765939	3317962.40336457	427648.621499685	1340615.62643551	152251.217762035	1079020.18600778	2844002.80913009	2508858.86741918	693771.189432711	241672926.098594	1107545.63469003	156025.432055548	812044.768065871	3243355.40413227	68948879.3184619	548176.595971217	222147.945220875	172187524.606143	65300.6493760328	928411.913979841	12289333.3016025	3078717.80285459	17072.5411112372
"667Q"	1308908.60401182	116748.02679832	210297.608645758	129945.392454591	298389.015557276	1122256.94637284	966368.867074836	412585.268145989	129904.172286718	1470879.58635039	156391.785215097	1739319.1110604	1061363.03576842	1446910.12522304	50041.7691209422	3895763.38449524	339832.787845535	1880425.0986888	446159.365522333	1308944.41582904	3637099.16222728	414808.246160047	1221530.70072338	14994985.7124786	1299074.59374456	2033308.73606335	76066230.1584975	912015.060918929	58277.2657439317	3769061.889514	143611.443012294	1846894.17379137	2801067.25555987	173498.959751735	61087836.1104708	40876.1514640612	5964291.80034509	940854.198889001	499635.26952224	349797.74014933
"668R"	963153.705993583	508583.313255318	73354417.7292295	87466.2541401634	297754.321797133	2483469.89992155	165443.264025971	1656567.68431911	308071.951718809	998827.653447935	2749572.11726811	5292081.653935	5621250.97965663	4286135.91018897	105782.56608839	11436536.0738802	285726.648715386	299388.059219024	94780991.3258501	598988.577028082	2250975.62742139	561418.953239234	2050310.07009234	880866.439607869	50302.4115674815	3176300.18062254	145615385.57444	1504919.92948912	61310.4194132904	1352564.54501269	1963460.80710183	3920069.39653794	509522.865184777	200128.563010991	3741917.46317527	110264.638175777	2904459.41260731	1848097.70250716	1729770.83107159	172809.720961954
"669S"	13665464.4400192	529697.89336107	6860771.87655013	30033.1724541769	567571.880443445	2290927.37578488	51299.3205171696	15539185.7183214	74794.8449576278	1466645.18557199	21102.4803195384	210044.136866603	717579.786619263	391089.599460442	73949.1274813805	10902859.5710903	4090116.26426823	1126255.60773305	2952607.60923196	205594.50136544	738534.36663079	387920.916066752	889604.228538533	3046908.70262179	391808.595675502	11556129.9102603	3006343.15576217	193015.485625251	86920.8712958146	2676402.87541278	1123389.40333004	1977021.7392956	564882.127508853	24828.7443197247	113142894.73512	16613.7765712049	890169.894947774	6788435.15658108	1333265.13677592	39492.0870592985
"670T"	345366.986623744	82967.4994868842	880169.894728851	47529.7085905561	1654742.9907988	934064.945156442	832553.855502903	223396.534392929	553297.908474258	955580.007572072	218851.745945628	3828348.28762452	367922.76499637	298736.194979958	292266.758167064	3212408.12185167	22742.7387451181	2626838.88009415	332536.652571548	47480.6163560257	774443.571745446	18552279.1847602	476677.300985176	5076248.24201947	538656.352569008	3354444.94605169	24238487.1977576	2748933.70675516	475208.769010737	2031470.1217523	2931237.02774325	6231735.21364637	266459.897061644	377515.793221516	73031604.0981925	232815.00779614	6615372.07683511	1018043.69135484	4831801.97565017	91560.370995147
"671U"	6662363.30858037	177204.886352891	18336017.7438062	23037.2223738005	232697.027952219	6186563.49280696	204335.06620175	575104.991884467	357247.870059888	245230.37165932	227181.897767017	151063.871290184	700163.23258114	756906.893562426	331263.983721845	386014.378987176	16753876.1332312	7578375.42358046	17738705.1035857	145183.874526074	937514.521673455	2575458.7965812	97715.4037241449	5566966.56575337	26656.2483488962	2900569.32633735	38264515.4623439	1975242.48616162	64837.2095829335	402145.529140938	20996548.9085111	30465142.5702473	911141.440018548	206437.522056809	18753883.455058	1145441.98334906	5344252.0896171	184730314.247944	148380.641348353	649407.739881406
"672V"	1203255.25025678	313757.736876769	1445607.44611221	60859.9743766371	61324.5878403781	520986.73917788	1389341.20050685	224829.480394737	25008.6651912052	5340641.14016097	741324.479935416	2182307.96320614	718197.544445458	3599894.17695953	48607.1294240022	575415.810815812	732066.485935852	328034.605460576	5197065.69320792	295680.948465462	360194.151412007	558642.382238542	3436049.10651287	896763.870092753	69207.9279315118	687945.603919894	78675675.2305705	212775.803575307	26986.4478689502	1825509.79446228	474930.841582211	3463425.52050291	628022.216681659	569195.399356851	443299544.643724	142738.381888368	8778760.75324418	1226340.00751282	1614517.34315702	372741.660657594
"673W"	5634925.49747924	213195.641566813	1332888.26854779	19855.2631072433	168125.48122466	534587.025945506	1885258.63476494	3574861.84852831	33492.8014001014	1240621.5169368	1593005.38602103	1808912.27532498	1531479.85715115	1414575.53512151	142007.476709521	1199558.96380311	1445660.92465155	6722983.06311519	3447193.45099399	121313.057176399	909361.052548127	10344961.1503803	261382.557452907	154049.577697072	796089.007933737	2628237.74130406	33027388.6106792	4275567.06927167	246850.664202254	15054092.0924021	2605442.82335082	1724886.79312437	607678.988651085	6133532.39237389	3270352.59920155	1219160.91412811	7813172.78591146	11589074.7121304	1017608.42010884	303197.032988861
"674X"	1492526.06501491	30275.3474558883	623078.904487564	142572.110496648	1957978.2453237	824204.683955292	36663.0143057555	601109.046354495	303051.284772982	12162676.6929202	1253881.06880518	1365945.5306654	1019494.49909109	6065.78978537409	33027.6519295311	813354.076109849	7127177.45405956	846993.440823495	196571.289159369	195203.801542636	146433.996347165	367881.613346636	928621.031668817	200469.920527629	1240966.14996226	1192746.6444994	4247556.24041368	2864144.30929055	474961.242961204	12907316.6686395	407885.401317892	16443746.734253	585756.423972242	2622805.7963416	4444208.93979642	98783.4953789097	3453191.04917682	575050.662538846	2087555.78785519	138327.173027231
"675Y"	3125669.74347451	210667.124385796	1001547.30504515	211726.348850132	454566.972246671	43849786.3703334	566124.611810938	2320200.22017261	425678.822237896	862579.961358662	372716.31022451	8235720.74184027	1796401.84972727	420131.938416837	114901.438184585	3482735.85405481	668064.146280368	398188.34326833	3632859.86047501	929369.730830933	1008150.38727541	470204.107594706	334925.065245624	1682899.7880117	593760.918756022	447234.065257107	80553249.5019169	575776.399794463	21794.0154802235	11160830.7892443	102980.377163326	17555082.3104639	22327638.492115	378865.358398554	12231093.9039606	315779.068913374	785532.710602978	6534357.74261589	877862.446029139	980571.480056281
"676Z"	9927453.45168997	80984.5503323081	30437068.1967646	179337.648575559	123307.474461362	1621775.51072941	787127.82086176	100620.716137017	284458.962045983	10316129.8095404	2672159.95146117	47894608.9868961	848943.856066815	115196.988171027	62263.7884375928	977207.535413776	1972614.03617225	5344909.87145427	4092218.1134598	8817355.96667172	358722.19242562	55618.1406878193	274467.923687452	809530.268971319	75055.2460785905	1363702.7561815	43555046.5467063	1597467.08166923	55871.355841376	937593.606007112	832949.598752505	7634655.41301327	406047.443683258	400737.571574764	71553562.882108	239969.148357786	17419550.3632675	707275.627220583	2469287.61937401	235170.137099712
"677A"	380655.252981383	212352.875325133	5314025.36626494	23664.9692687846	1315172.82989304	3345797.98899322	1606844.89875086	643960.353400418	212760.560152015	2103556.5027047	68167.6765139565	299086.925947845	62943.2167229732	3322305.13640072	144369.888501402	6932901.80948582	550270.449338537	3796502.07998463	74079.9147818907	2890226.95272978	114941.715472176	11026.3467890179	1849781.66789289	527232.820245341	29623.8034093208	6768684.97274408	43559425.4489638	11813590.8913613	237053.717225132	29744372.2710961	2209792.44395345	85733133.4307688	474402.416524184	1072808.19937174	80084910.9422335	1381581.01430385	2275163.22953727	13422115.2701764	3079955.99144438	19972.6422386278
"678B"	804450.468453878	3711994.5450039	6627065.67841416	11576.5409728483	108352.313933909	38149498.3814487	308473.860453294	4651892.6898098	33046.3315944376	2537361.19366041	408308.014047381	6070859.01282971	7414387.27189562	655386.289202385	109653.132655663	3114071.81702528	1558389.81319006	854924.297871988	8996629.89370508	55980.4274177021	179121.551428443	52640.6943271972	910037.530910905	1929383.36730075	11404472.7171767	3740259.441108	188791652.905233	353834.682101869	63299.0284770186	1514215.01026423	469273.201538771	5069370.03032811	2945570.2895308	10412.1845252636	17631269.740597	49920.103172807	3596516.87971247	10348625.7024466	742568.981881756	316020.510597139
"679C"	343795.566864812	16294013.4355319	8547635.16525378	32374.0182344927	542619.331658461	5077645.08977013	3079181.09930382	2539665.3448948	35774.0708785957	8536295.68156589	171297.960515533	6345033.11293951	5344237.66324983	132326.635399513	1292820.11119409	342959.526600099	17314615.4177234	2937777.13110695	915758.757755184	291440.303611451	195574.76864395	495780.44621181	548674.798722642	4065210.52873102	627640.01856695	801397.080621172	19131858.4325113	1129855.62453452	2012036.43947028	1991450.68227522	852612.894431208	8752815.3068188	1287488.57941841	933633.264949816	8564664.32153035	112780.523054369	13693393.2314629	29103198.8670135	560860.268265982	637863.305509953
"680D"	1211368.34401062	36265.0959709244	764429.254512337	350492.404652091	499793.363912818	14582807.4048269	341857.724858862	471535.826666923	26667.4903965348	4169835.52832967	39094.5568272754	331517.730834978	8128904.77226235	6155871.52567119	601761.685967229	256651.164781696	606818.719677509	2628729.91238641	1053466.01195849	131955.926773869	376733.029552401	817503.39469015	1494829.47329981	10048772.0389464	1571079.5054035	2718743.89485128	121162466.128143	1903549.86822952	579494.747691856	11753831.1649352	1126459.63604504	4690952.86968741	18713966.213041	101525.402198128	37702952.9176091	344359.55351678	656105.70957077	4708951.71066852	1215567.74511338	2759528.62727176
"681E"	50047.5979598824	1622247.74320118	5556727.99308019	273228.409796808	149632.359808322	26476289.1669744	113544.60418745	567789.607010696	1323094.89947738	1382244.61022131	55471.0449638927	216432.403371844	10426.5282787975	1297309.14881117	31574.0233069636	695147.129915595	1121687.47581904	1559621.03196284	382142.166726116	1191345.62301013	827048.104758717	233926.511095539	283398.196243756	532807.668555319	278807.537379539	1590867.92820843	226590643.940823	60374.5631051087	330419.429238066	1024591.14619192	163763.652769311	8026549.03710586	8122746.82339162	267678.923107307	81627440.2112652	57714.9084348415	127005.605546412	120695424.361836	213751.775687102	247046.261711623
"682F"	1093354.5924657	975775.370413952	3068929.39147326	182371.089424281	62142.3661300101	2665989.36275075	1206485.22902682	1076750.69158613	196618.993858267	2729366.69332397	1534537.02880945	1374257.33302369	4678024.23213742	326761.67146939	18435.338893027	1631337.0291037	2006314.37850318	29998025.3161826	4695888.52061603	534116.092658146	442266.646367714	415353.957081153	686311.742942252	1393983.22560277	281142.132702504	3185600.04204289	45811777.6158597	2686558.22125808	9125.14587265405	1169412.15088431	2193505.5238814	5331107.31787181	697230.277863322	225454.305329892	22915591.3933206	41095.6423964315	11005545.5491696	10870010.4726715	815763.205001194	33254.3029163707
"683G"	1309471.3045633	21077.7793981619	1981801.62402217	12747.8492865694	870701.884294975	5776414.21743354	120189.297218914	435112.927895796	286058.770138511	10049594.5651959	254484.098226587	777403.882179501	2678955.45824613	1093788.77682592	41928.0268790214	81463.4843777056	315670.861086435	3031174.49027642	1321854.69133691	132829.287213943	100544.343938864	286267.291746853	3369279.86097411	302449.537351955	499343.992607679	323423.188064446	25080392.3915844	252875.232647784	253767.563295767	6617055.35852593	3056442.57775167	3695942.78492025	772648.764718299	64444.3340332741	272086035.485781	1161753.43493468	2853814.47983601	2661709.50796564	1807355.0866218	815232.881201888
"684H"	14234916.0592558	2165849.99800218	3108087.07969143	178836.192058727	179312.512595542	13922982.0120625	4445493.64480334	6740719.93695366	18174.9171827075	215867.41280426	710291.233798865	2280092.12103116	668214.055818343	1216566.77365924	26008.3071354639	9416984.72842564	25292739.1340525	506572.012554514	890393.943923016	1825877.206209	431677.184345092	4786734.63942316	822534.198167655	1247615.86502113	218702.960048481	2283572.32750811	107760639.252854	40355.3953179146	71204.0049327426	1543607.57385269	427970.076249385	4062212.33978988	323831.352342995	207502.36889987	78110104.1607436	174432.849519277	1350852.6985481	16191170.6761974	2278144.74643089	1281844.11157581
"685I"	7470562.22440672	701004.262175245	1394762.37293097	159541.699301559	405034.117811634	10369694.955354	414967.540348316	157624.882142828	37737.8186064905	3154789.83647095	138380.140518151	1314788.77573485	129520.729434738	751247.42918428	601854.886112847	612782.945799622	6089382.62299582	4804384.17633091	596991.202273939	99823.6205872719	1471848.58085369	328711.182779134	1491421.2178312	415756.450072184	306310.918867538	1197296.10290742	92094567.7559471	1927108.87522113	42626.3289733252	14186665.7580741	2239430.44258873	8592301.27181017	2319121.40230912	55033.372868272	55252246.0577077	294061.501086971	11687422.3001416	1027250.15532808	5276506.80234118	3035003.2879132
"686J"	21693556.5597929	603980.962733692	3407466.61329917	79709.0994901872	98225.2945471733	342103.275259198	44323.6162868898	360230.016318231	499862.95078021	4383687.16427604	1867384.3586086	2128781.85737858	1457941.25189516	198942.684424569	23919.9793129546	397466.487012973	669892.136242352	2568103.31255743	5647655.67808546	399043.188923932	617263.228014006	474918.031562557	9665101.27138982	68994.013011697	119462.665849613	17269364.2431188	39605228.6005185	183278.339817424	946006.76929813	2296011.16052341	39374.1045223607	26968803.8361089	1428420.33035991	302063.844798176	75545733.2369451	33912.81078499	13265187.0374118	1388096.07357825	3925714.32505783	1533298.59317574
"687K"	5977839.4349733	326167.104975056	1567171.2333699	162920.603992784	283051.457208266	6649336.51783403	708002.872403279	1389232.73499825	67675.294719985	683224.560367463	227759.180979908	3640522.52486302	2004912.7440435	1489399.29170464	2168576.94650942	850095.266917316	6966738.17292197	5436787.31340408	3762619.57513895	1605693.20943325	1036170.29328373	702658.462658295	5502764.64238524	1512224.5620787	190299.862302612	172983.011830625	288207266.70194	3532734.10390033	118882.566583242	1375315.3333589	8926067.835587	945185.68315591	498743.446233211	48733.807649335	6691268.41849201	247794.023797745	42468955.6494823	10028382.2565455	496671.393317599	102146.495923847
"688L"	10222881.2057163	1610295.43809083	1424434.06333938	13156.6880475566	1807036.15195491	3345817.37538471	207265.840641559	1512772.37323014	75223.3280347745	1080261.21138186	482755.951986766	1417228.15795284	310981.857089033	11277142.1234962	312459.074324589	1333692.83213495	698061.850773362	1318769.75191117	4079290.77442904	162220.012949964	427406.817828907	579941.563583126	680530.910277794	418284.167854639	11263.1134242416	205696.932246682	129948165.952697	514071.806840834	2753359.35149606	1618518.77685853	229395.759089262	13693895.8725885	4524815.68334243	1294227.90815265	34794739.0875765	436084.959105709	5788290.6460627	21454275.491964	191921.560678133	4855084.92166817
"689M"	1150974.96053835	155146.553916674	1663787.79747359	53477.5956656526	4895639.39032924	7337329.77026575	92475.1334618354	793864.683134604	257498.843453313	2611117.08140814	289249.044429204	6028412.65724033	751275.81016199	3148027.86591852	646887.852855701	813041.011500209	1382086.16029604	5327888.29793359	7276049.61433943	5903933.88318207	727454.476908984	3887406.55742411	661024.184962223	1174904.46299	125334.564797632	2517208.72441648	465778948.515617	341263.647876117	136158.930492091	47668473.404793	4526008.84580144	25425878.5654983	1724826.0976023	1557270.43156823	14001303.040579	1646053.48637864	17872318.2497023	11921056.1447688	357016.753968461	3409195.88978357
"690N"	933175.168366547	88134.220613814	5566837.29107908	5762.93655631911	48417.0509619518	2428657.43014096	89330.4292064024	104242.420888653	474687.10947147	67418.2505626374	555537.906400122	1431635.58083165	380849.442129895	7081936.56999825	73158.3399075108	47850.7683436473	1239598.8111245	1294130.23675355	10977234.998607	142965.207770106	1160640.26809923	189061.017379566	333327.602503968	15799930.2517204	1032838.20818767	6773744.43411065	18122402.0651201	1141018.75249483	181052.633817556	728285.186286204	780185.642316516	3989335.71160027	88045.3380552919	73633.3826421439	132607531.505871	75984.9643485949	3729913.89859607	14730474.7432439	1411960.87738813	32406.9683432218
"691O"	944746.947724009	1153978.76943725	4022498.84478757	58141.3452910857	438649.768832182	7881370.80123753	58893.3567652728	2351011.22422587	691748.429926332	511896.293053326	61222.0346194144	2973482.41827914	145560.281747261	402183.063563194	752593.826729266	715508.101614686	101431.799930955	12622499.2530472	1549906.01108775	745117.471544623	9224.40349567858	6809390.03184916	1288528.19833721	2975801.61510971	902301.712853059	1699449.50177607	56525564.7740243	64403.2632169829	279485.328040557	1653108.29098179	935258.674325505	72195792.3881759	3642314.67369806	416491.622133174	13623460.872782	29539.4302840532	1516941.09430327	226624656.178124	147197.213414535	911967.405298129
"692P"	84456.869931479	61579.2175649239	10437908.6074281	115003.648643366	68125.5506945796	4224373.36733097	114364.776832439	466255.485296829	164143.630903075	1434650.89731493	60223.4281700996	6956683.17152332	638932.893790763	727912.566676409	110075.879125147	10886220.4895228	682832.360940538	2334304.93441889	413563.076313887	45768.5083434603	1682879.46510328	1396070.37923115	248776.80627666	5347323.2888895	21772.7411243986	1769121.31479995	25719319.2436717	3274942.5788083	78259.7732457552	13714700.6150746	386541.317875191	70410864.6199156	9166472.49900803	78014.1401494249	5010571.30486395	856969.256289175	585284.186925911	37746269.9067799	3123032.58770116	240745.309658204
"693Q"	54429.8215280243	81905.2229481405	451019.693244354	67875.8189462196	1535146.77753197	871991.335596753	188707.123540662	691454.020990833	164231.943849504	921593.535425271	52649.9218034464	2870927.97376786	47920.674737101	495207.945203553	7878.7846061664	23021142.1910523	640930.862371494	4514014.65354196	7063444.09355533	86750.4209479547	2488062.32394054	2475365.28129238	72818840.7413285	2195986.49164804	371459.351718464	3618849.5759628	279216259.094416	2061707.15605034	168603.625297003	5766111.89230883	100073.435553711	3793251.41049274	1694259.57047968	418386.748002121	33659432.2330655	409152.412233754	4578654.52580783	9056987.70279925	112238.484991055	1197119.4854894
"694R"	2204709.22831648	19423.646586658	22946385.9808642	121019.505935567	195038.924622118	2326390.73541044	23544.3285094628	1745485.61190613	136148.341000679	351789.340208099	302040.001169474	1886299.04362144	75199.5938738906	208186.683245653	1351091.6590078	273757.328528138	289753.793387429	2256776.15440582	3502169.54337046	1625043.57422981	221048.304502765	6446928.15063494	62495.5277576087	157903.77970838	24095.8679672242	538475.09867714	513727775.869696	2431406.94623502	1174444.16401528	2850619.73757411	2768290.76101188	1184352.49606055	14169464.0907091	629442.189291962	58334195.2708651	151342.196730928	1352354.64079634	1613833.31090031	1995639.49210464	1268568.97640958
"695S"	1862076.03688006	193668.40801451	14879778.7815073	30853.0317853825	153793.612077277	6584821.51884698	9498607.31276819	373747.702793918	45883.4571773386	1063826.15090731	659324.84780754	9478596.77313111	407608.122170251	155794.801569128	346776.058358098	771303.206521871	595411.641105258	472643.639034534	3564474.02772101	336363.983804977	1777249.16843456	1612185.31972438	602382.39698361	112150.385367198	95862.4565876301	1231473.90151102	49365193.1730674	606646.215328383	198309.259058363	43383.7997547775	959487.108467903	4070834.01883347	2742019.52485434	105483.676129477	10598703.4708434	22020.2049537099	1906124.5757329	9655851.11942652	197014.933102762	236270.693841918
"696T"	3389812.41624124	159786.786376772	3770407.31663526	38060.4431942458	232257.589927739	3274245.99137075	436589.357560957	1192584.07739938	122622.921936167	1441825.70942255	222607.823361016	1857542.64983374	99698.0750768098	294168.473362796	13370.892152711	208805.375474612	531238.412716871	20993182.2677241	2681897.1369215	358028.529486883	191154.298833695	381047.488397562	1121261.61935439	4820804.82662631	550243.219426047	4711736.15388682	22698143.4149743	2786481.86204436	97211.1734711104	2740280.13705022	11987992.5313431	4453893.40131895	1730637.94777266	18466.3193079155	39315501.7231049	335527.605521546	10080559.9662798	6455751.01204021	191048.937857598	25708.7591406222
"697U"	930167.235255787	2280383.0072261	4820536.99876799	1674719.51787638	4318132.04030236	2907486.96305037	1037691.16624254	12952590.770534	1352802.14044121	3773960.10650639	550354.982965974	2361776.81097026	2906143.44673165	414429.762360285	66824.724956396	9572388.94378638	225356.872987211	23600385.7186457	1751849.15567845	135188.13690159	539495.879765605	1071349.82883742	540569.248864372	2873618.29163174	168176.393335319	497851.95365291	49661899.2254634	355926.7362355	321880.037080062	2488496.5853963	932295.227289597	105868980.16049	2027203.26194853	687307.146729804	1223846.76629431	162703.639093352	7013857.94209008	9991323.33312678	271346.227491193	348875.223751
"698V"	247244.442134137	338513.612512027	4207603.07820412	19744.2903448482	168056.149354241	3174096.56138556	141525.399577652	335458.497947516	13729.0339501481	1501569.6918997	207951.280240031	374274.719512676	2614037.99162627	7196147.27332919	5042.77957691932	1069756.98804381	426423.49312696	25765580.4069922	15225347.8383413	214932.219960106	2766735.78411107	118713.930755968	827230.030635101	319237.468915389	271518.314482492	1835329.18381741	51281713.0114799	219352.964892514	602012.969472939	2724607.6229194	651500.469526559	10862334.4198049	4435499.6225532	1692004.69813915	10174298.1607788	422999.579811584	1799680.59202499	39747289.003446	234801.095459811	722594.704104164
"699W"	949623.581147402	13928.2514479362	15550913.6799053	64200.4404895519	173156.223966949	17758171.7581364	871089.195188876	144181.220363503	81598.3129347189	114923.052578408	1156076.11041896	1093917.96289211	653801.530471731	482022.576787165	85855.932410557	153436.532493596	3564765.35386476	2640736.99319017	3122839.21555815	1079526.82058587	752861.3711437	1246302.18904166	1810045.62263606	4854720.11539068	237673.100390911	19026829.5616609	285078195.904034	54088.0601901266	123737.859496861	10466106.2457965	1082708.14578609	13985655.4659719	517395.520814952	458950.395861679	7561611.02841868	395068.630564088	29276806.0337541	149105617.777956	301434.717917327	599553.129057433
"700X"	9350157.75041371	208301.458207186	10526322.390076	95074.1198542109	190166.515854585	3399048.55582392	2232594.64453415	1433186.2215064	23428.424142243	2596485.78551519	385364.205039604	673914.310649911	134896.901881858	1431397.13039956	7560.54670183049	326422.071206607	475779.178765935	2121982.3106591	632139.798357676	480231.480733925	2267130.20221533	992196.118470354	417461.843118663	544941.359956526	108847.711215248	1508295.68309558	819631941.350951	1764640.88894224	688946.06805779	1068770.19885414	1210005.42555435	641881.851911888	4344030.76156519	1814343.86361683	77756304.1562473	146908.550093064	145417.066457093	17528511.7574686	964555.418659554	243959.457286329
"701Y"	661349.718633769	35067.8433458463	4987852.12545324	1883852.33946029	6180410.7453857	16807487.710564	3120628.60775033	12721205.0321784	12064.9384488118	517494.922561591	23927.4149780928	14956281.3238334	114721.638941855	327918.864965333	118619.159337031	7630700.7043908	747158.46907172	13182019.7244232	1922933.46454932	25774.3693127548	8952883.38098527	654187.406125042	14805.1826422457	107954.139187707	221969.434545818	2831284.00002977	20596954.2098603	63500.0620464676	34037.1316016102	5900795.70038829	99272.1141405577	3385315.12827618	2599398.99999916	420656.229891465	14738920.7969378	164713.700744689	4648652.57237395	25571372.2825239	194356.438815235	224845.329032256
"702Z"	772985.065548389	1027046.37732941	676797.575313953	76989.9123716799	697862.957825835	3814702.77736712	293922.584364069	1218373.02194817	68141.1613837608	2513866.82491817	299238.636427861	8753738.77219348	1017714.88308277	46108148.4860277	270675.308859689	566043.636008093	1381182.36853308	20067658.359495	596324.478662974	303243.370263375	5576706.34365478	2542477.09516947	2776528.95860275	1218159.44492595	1528698.94488951	689598.451012174	38572330.8346352	907619.673400977	437404.014253011	29180688.4882703	1812458.63462802	493481.269007227	1378250.7456285	674113.091430317	7982770.9812017	14414.2134934985	285171.780269138	11090312.3984569	2258545.17993451	276226.053659851
"703A"	1126819.40317091	181674.343882408	1198473.39953923	8121.86599811603	164225.45671421	651332.225296262	265085.571166481	243711.855745842	429257.396823392	1938305.92591935	646960.698646403	2333379.44587338	213432.464333213	2178150.63432965	27297.2191062082	15272631.4448015	2240656.06528951	17506457.5226057	199113.917200107	130496.309711639	767115.656244522	3885412.52229748	2766896.67592202	533521.475741223	920618.077366364	1786131.98170806	61066155.8756696	1976191.21014078	98752.3937998903	2557206.17266377	3699125.53977658	8244654.13453897	203108.749848594	366040.511967015	12733461.257875	444183.154623824	3277487.23634418	4596208.49340847	321423.410199912	2171315.68360877
"704B"	2662684.9919049	323513.115966734	1235319.30669556	81737.8592077554	272020.587043396	5581773.92349342	658122.813338132	1047188.98911207	694414.921785526	6669411.00285507	1297089.43111011	1381057.34771577	422833.397222826	5134839.30854883	405631.165785347	10847112.6856375	3176745.60941593	1680163.66868589	11685318.1181202	247435.332472215	108166.633723293	165890.013154125	3873270.56037575	5698517.47047333	1097183.66725542	504067.554523722	50108794.9880023	5648932.5076503	245169.543603149	4336006.79962549	568485.961918488	76111400.0968094	3459613.78686504	26526.7825741576	201650060.720446	136177.48840855	2025589.29342985	6871047.31775637	3473216.06792501	40950.8465263773
"705C"	19894901.569011	294009.602201281	5000689.85332656	187470.362063113	866441.279636991	3495414.63176365	85040.9456923202	4265132.60568608	12521.0166354434	1845188.1554003	1203386.43399325	1158910.51063574	79368.2956435594	632783.429356907	116902.846203082	270832.249672604	940145.970890082	5544600.12141793	3300730.09495376	1492106.37274073	11195506.8951202	8375050.79583004	901465.870155563	211637.176438697	200718.672706051	846930.735673149	9536042.04949482	666390.656209389	240183.567320373	3372359.17162038	3693945.27805669	1631785.68826533	1085554.82646873	741777.981186497	5347176.42875511	93764.2712055904	3786575.39705585	3051995.68151648	6797103.62586646	3744921.24023904
"706D"	1680405.69958524	692651.967614785	2898473.31189025	9297.09453486148	150029.62058237	1112509.17531141	582308.639771236	325287.258384681	43350.3599889836	9315483.00906855	1652819.06672803	1638746.21425104	1221139.24341585	938030.582704449	847405.187189552	1230292.63003892	1190612.47492123	3164595.9715034	8873210.20261311	36011.3480503161	4384904.41790315	2034537.01051175	2355909.81409365	777869.863423775	180981.594682807	12752046.2490206	54092811.6445474	53137.9693525897	20443.4527799147	1203140.10302164	1070805.62517753	25251312.603427	1221056.41037858	311680.509185111	44968180.0877061	478534.283797237	1183144.932499	5912433.96836209	166423.256876822	11992188.8670958
"707E"	4192758.01625183	483332.778327267	1968039.74765109	797705.754023311	32718.7543486087	2485700.81453308	12295.4799053483	151656.589493477	147296.626743914	185838.625047823	1379601.64514473	791896.579736285	1432884.75980158	728255.73377228	277950.835765482	225669.172737622	7970910.49885299	9996929.17535951	23460553.5104164	334289.541610307	874490.665708051	873674.880572542	515200.267616105	908957.261720865	25980.005808362	383618.590535479	108864864.078611	1711813.04501107	540743.920858652	2245691.8037887	293608.255442657	37385265.4927639	1102418.33807687	581293.429269564	23000638.7593657	539485.428895809	3613778.22402507	21344977.5730242	541080.302076119	1071758.60865822
"708F"	658663.182402024	918060.011907717	6210988.14315724	169498.861566137	352751.989137812	832790.702981819	50440.2781684874	2708751.2749423	53979.6830497449	4879365.40406004	2747833.44591807	603706.884309953	565956.008208981	99082.8058984344	4611127.51592973	2021222.03196811	9602184.24203903	1955262.03699444	7286381.27916324	1580875.86859568	1331663.59273943	190217.162912726	547222.148058912	298622.933084054	142826.98509807	7595477.29455936	59194063.3419133	273712.447834648	418932.228006908	718626.636502963	9090655.28201495	23132354.502811	4204968.43664308	4374648.04483324	14462996.2874563	21496.3547525449	13308775.0476424	19083248.7271521	263777.923500484	330499.409959332
"709G"	6658301.35980372	67534.0809357891	8758996.47507525	113035.40485297	366781.58051317	4636576.4445195	24261.4682079731	3494658.24995516	100311.670231261	557905.490337777	541204.469630611	1614143.3362065	651670.703083775	49654.7430425415	27035.2201283189	1755758.61435487	25805679.579243	877268.610070841	773291.805692675	95029.2921959017	458510.17858399	333693.34522593	2032393.85948044	2514923.47206953	140936.657885234	4899286.97969197	1434949630.98469	244755.499394396	48533.7020498117	2077702.84752375	675442.189698443	6646038.06387713	210821.75215331	68637.2120085587	5649250.8085828	489618.7426343	17565837.6915281	11889155.1893529	4027983.35796949	663594.271333338
"710H"	2572359.17105692	37732.2419141952	2428722.68435088	63658.966586324	1167687.3961301	3883588.58151375	64725.1496025079	523578.549901659	82436.2617876399	1026477.28105941	440073.607235724	707212.186663834	1512095.51550532	279874.425165945	542911.338623677	1420605.97031191	754122.271447038	3694592.02406872	2901514.47823112	96778.7338150511	438605.790654188	4263344.76221137	216717.277711587	310943.482112887	1248895.84424062	11657522.0848395	408257141.27088	846955.039651485	63720.085735441	360315.935490016	2822802.60097818	34676342.7940784	710503.425031059	243564.064981182	8615543.99807742	2219328.77219926	186387.495373726	31101128.497321	1314557.5196949	284337.514783913
"711I"	4823478.27517668	36857.8354255593	2409825.39733957	867831.200656737	125473.453542597	26461826.0795719	76335.1126826922	6885479.05767614	52445.8146816887	1188838.81653654	2545822.73251361	1693613.87842431	3299857.23120291	2804481.87399302	56552.5385005572	489705.41663886	59388.4477868277	1733975.45864605	594390.660169602	506097.729787828	980762.374157556	651387.328595857	197884.583880048	301757.964189112	13390.7756859197	6065095.16290388	277047902.476997	491303.094362419	88549.1970948572	365201.38383664	463387.921361923	24409339.1658888	941667.662300228	3627008.38366845	15439218.0584139	281014.721978244	74063473.8059076	6663106.48695014	1131321.87257686	943347.67618864
"712J"	5283630.14583571	959889.26896289	370159.525734068	89115.7251466438	574551.569980403	2011695.81562768	585484.170893511	1311641.94006722	38443.7658178595	3846686.87981901	304842.097708827	533034.386511539	1492471.48504671	1065959.98841739	1008128.58012105	2009200.99767024	4364926.4650235	7696663.94087074	8337077.59935471	491936.987404785	47959.2793980804	554040.087218556	231561.863141592	727602.139190657	202881.512788978	9912067.27020468	42651246.5945175	4313192.40825029	60561.2570095906	3190300.11232999	590530.392673359	3171905.011143	1599467.99714446	316285.553231923	14622947.0093173	1157.05026041987	13892478.8222732	53026464.21558	614771.856962745	860593.562385885
"713K"	1687070.50212874	1148960.49394769	4786608.57399642	35716.3654225649	273507.265009002	591572.476436639	155431.308921072	468641.313675442	218709.537806647	659747.597927353	357218.106208126	15442866.9105477	536430.406033032	1111901.54000776	240115.918259781	3032903.76512881	3259033.13829227	4840598.96373262	17863792.4717272	313995.702997122	266265.165363567	317378.405124606	478487.135956817	7986117.2392262	116272.697868937	83088.7429795107	9359570.77089807	776491.839160893	3420609.42906826	1027477.13289935	98545.6962345212	162061171.114877	1624277.06014256	960068.707079235	6569187.81454616	235391.261780905	31072411.3625498	7579439.73702389	1558164.38082355	1097434.91403215
"714L"	152395.411509698	1474239.03213102	511347.059198385	86602.3931079936	1153319.90665457	1256514.67780324	67422.6339226678	975877.282657871	149019.327931483	1155795.14360492	609831.99476322	1026529.80990128	799557.68711767	1788687.05966932	670420.890085767	491803.171289912	5095225.75150709	2753720.1703863	1246002.34263376	173293.656105533	362568.09610927	1750724.05010082	1211782.46633436	1525760.44057046	546182.174193162	385636.68968497	23380286.771051	88999.6040953463	200504.119656508	5961294.43350306	1723812.99260161	2502938.36803774	1540016.87551771	240132.183615651	140498744.507256	314331.094769841	1372183.45207685	22999838.8860582	12207442.9821012	19570567.497991
"715M"	397181.925324833	506455.413535834	607090.530007186	29577.349642269	130126.031067194	854260.270216586	1862543.25711996	3205008.4889376	102676.703563335	3584771.07238729	555166.739642362	588239.786962188	2085787.9050838	365666.311566867	95160.0971676094	10277393.3066484	1385516.75269655	3334660.54109393	1431953.7484941	731556.341619678	2238388.65965093	184374.434562103	958179.92471514	1194062.89419988	523160.518469517	2397914.04613494	525684706.287657	2509843.17487712	181868.506164217	547314.922222574	180517.249877536	7017535.53663696	583286.654174711	293762.60161513	30641727.0287428	67941.8084382758	4756054.59327885	10991912.1129157	381036.071178054	103768.607573503
"716N"	1977792.64724285	28573.3097219276	8423688.10454682	62794.6842992188	101418.856653877	1657911.19156438	93482.6040058527	691937.205247976	137188.603066332	293056.247500115	635456.483290188	5883085.5123312	11880843.5579205	440982.865726509	59933.7910555106	257332.973656971	434531.037221872	75622503.6107898	15211771.6190963	164607.208325664	20726491.6114465	67026.6536035781	769564.398689695	410175.18286715	692466.432390674	6353443.27151554	4262014.53457065	4679294.74081679	153945.97710006	6355240.02583196	58641.7666891764	12303003.0309181	11191591.1692209	1160301.30173458	15634811.5586971	29769.7318969371	11020555.7237953	12327537.676296	903858.200154226	35425.9838813871
"717O"	4712417.57194966	221705.706284936	725386.587974303	24061.2713133082	101933.844647563	735725.432474159	85594.1441181154	1127153.9680662	587335.764174208	192439.804980383	34754.8755409224	842259.762785047	267979.182825638	3797980.97683579	81664.8666116522	2199363.97889724	5710954.34393006	1766556.25146135	407674.776999872	50382.5154554644	128691.206369283	438274.58730749	669863.99052302	1313642.74560312	73621.0021368293	4667585.66047536	33519806.0090982	432659.551807953	1370563.64404481	17220537.0033544	774232.0116706	167371001.387236	8550234.30071178	95657.3355435737	10862200.6313608	569395.368281925	1534894.86579806	238900.48978116	2343845.20761111	3399108.60173832
"718P"	1214111.26156517	1181271.24555697	1699459.24845845	148589.30515334	48741.7511479064	1528929.65288674	856313.086614503	586879.100380646	23458.2686039376	2541109.82218761	163633.86790968	2640068.00991719	426766.47208575	780738.777623586	275414.456351909	327364.531209208	56514.2205132565	5875576.02839863	706314.288868463	445138.227952288	158274.154359476	747031.444364577	269621.134421434	62315.3419226299	305794.109511235	9751361.09799213	38522150.3801814	53607.6107235626	793956.408873057	4487543.61797479	2156967.08377189	4343141.49894136	3673405.41875659	675192.775623534	62808669.0060222	67652.5382830353	4292760.30199805	27214165.8832413	412794.730231973	38431.1863571792
"719Q"	1141055.9153306	296965.737897303	6265136.60009549	210227.051181929	1011230.30932895	262107.53251459	927955.624778422	231408.832638347	39140.6611652208	1188885.86681527	485955.886753636	2478377.36918558	3965794.96519408	14451632.3060555	804592.160101979	1235690.13487862	3933495.63038886	1884638.15023442	764220.147261465	330693.566171331	1745020.54754291	1439951.37031458	2322655.88674658	6643501.81216804	264240.218765314	15459419.5879184	316103771.611094	1028255.91238083	2051025.02033337	1664234.99469379	895266.564786878	1005608.45010622	29056506.9678427	133616.584488535	1163141.41338664	514036.710685158	7695544.40334269	4018342.83866849	3245914.76584344	147287.361887321
"720R"	3870136.09129306	43774.0479578165	2131264.58898798	149388.997959187	123044.525794849	4699827.66763907	2423484.2056477	2110026.57624563	387149.513222043	594392.576913785	132747.65365797	802889.696092196	361921.619910677	3528574.78403485	34008.4568155515	278597.505816225	824504.415666601	11583965.2208258	5457016.23700544	836748.977024955	548360.004262911	754586.196879442	438155.620627059	1695876.68838634	1603568.73860829	1590435.24480228	214357420.449444	514034.670922644	58948.7945208774	1135112.86959111	7064887.30338501	17737034.4638189	5675230.0639156	1016009.43626609	12108143.894435	34954.9866229556	657905.59258259	205165687.48787	876558.145001976	291782.267333263
"721S"	3103397.76675543	1282045.54517073	1234195.08264838	178847.894118804	1674724.78558376	6624711.85292178	79610.2547460831	31109.8748592437	484678.301662324	493555.502935601	27583.7450637237	1496805.02934917	206865.787866548	1241332.81856098	13471.6104999632	322303.431360445	998158.94217327	10330373.444891	6359280.88395432	505460.271901559	120229.689661358	3903851.99071975	1092262.13197928	146589.779451838	298406.417535167	22064111.1372419	117213336.251003	1358685.14961198	63482.9767699889	105240067.815184	1196281.35705076	27099078.0156958	1763496.31243457	262200.321006851	479050014.740614	73081.1633142256	2139698.40291505	30852075.2482388	597814.083309233	3145508.65875548
"722T"	1026740.28534404	394076.268612092	1138570.24813581	144369.635738909	63939.4894372527	1051052.42742792	70716.1773329485	182589.608326209	255719.308060887	610443.980799956	2097556.90596554	2871483.23468022	818099.374207394	2224346.61281571	42130.8520661139	23170.2688849231	600890.680416369	32535880.4232092	3960008.80028594	945749.716919774	10025668.2142489	5257311.33509579	1427589.68034594	250113.546628354	2343659.63349538	2514534.8310014	272579695.73452	139007.203971884	146415.247648789	16559936.3440416	980316.059391614	3709288.998723	2399210.99586243	211949.238676666	33533429.3105624	70191.6848121531	12986676.7612081	7427683.79379145	1256601.27656833	415787.659193308
"723U"	8497843.56410844	474465.035999382	4640159.61099575	31692.8990989664	762852.25840544	7951223.17643037	1406717.05630129	4213294.18209932	94746.5050548952	456318.916815982	16069770.3356983	1502659.86466062	912811.145480645	385838.036471594	62852.9846522724	738126.345439834	2372735.80093609	1140297.32489651	5009838.23360661	325850.898817677	5217850.72647066	5416113.37393467	1370134.19882836	1174659.7821542	210640.695008571	2012642.26439249	897010711.312121	397448.133034553	89949.062473745	328233.136971978	253367.203665788	5687578.14405761	647869.257924087	887415.84453572	20081131.0304933	152622.561300384	1581100.04042317	461725920.56536	790506.925174061	1111465.00447298
"724V"	4181082.76496935	1929596.59295418	498983.639625784	310037.33038386	177306.164014131	51544357.1775608	475229.595153126	1122869.97291178	733934.890837167	1621744.00756081	107705.756882894	1436722.98843235	1717794.23692682	1088073.29278607	382479.079181877	5818407.73634243	2024191.5380033	18102720.1989099	7679945.46308393	180231.725966049	232463.068384306	115781.252871115	226941.705911002	10065240.1957334	172815.989846317	1172351.12305523	73640734.4383371	238624.187986466	17550.210153065	1090129.64477092	8367515.52598967	52084797.9717688	378424.874732276	1407597.14909182	3282414.83590438	55429.9537006921	16887357.1797807	21531401.7781122	702421.082777502	30683.9516858758
"725W"	9657318.28763553	61178.0899233824	4029431.59356886	110757.310319266	131762.684732059	14454158.7333601	351571.002654086	433856.101377221	512568.24410102	128821.099546405	736234.826254841	23709854.5373677	345211.657030582	191282.135885109	213936.418884323	1153725.08659362	245742.551932693	8390325.44740123	1145648.64460344	2869606.45071965	175634.914232276	339381.837471949	2260494.30826763	338589.39598897	762376.553957995	272408.474557261	58664193.3071176	522974.335212781	1351608.84127897	2538664.27883374	11653561.1534432	54420011.6866804	974988.658910018	74070.0549306502	3445946.34792542	111351.766792315	16319444.1397039	1272195.07564623	3046327.05192418	537127.592726312
"726X"	650191.936784116	3094687.1967237	145940.753549517	64951.6325132464	131905.456261568	1448395.45443718	66288.4685581719	395771.110690715	636610.262865669	127629.644547957	194796.873914161	22259910.9745337	1143872.19504328	2644699.6678536	15121.8417400204	306123.803293318	3255379.05976844	2405158.63276392	1433084.87572874	401398.619007322	687174.641914171	5239856.27321019	713296.910408415	1215679.4982709	20366.3713929648	515105.099260154	4308360.37336311	1502998.42812292	48731.9549074435	665899.25655399	743230.182596246	1593568.32635157	2436453.00630642	260370.076606537	4502306.39619435	1624440.97606699	2570138.67998949	1672688.07881119	3275110.5511797	2017991.18685399
"727Y"	360135.613495511	849623.457478003	3338476.89446948	142701.260865974	133767.472027567	7896026.79105493	59028.1612980017	1051375.04436108	117518.681202787	71333.1965992396	506947.262042755	464544.198766861	412914.791185472	8076917.40464337	315529.959523661	592602.775633354	154448.164857351	2227213.02675072	2069137.57168362	306611.465257832	1099984.77353162	357807.433796057	22188.1237112506	1101981.57224005	352748.220306826	297646.564165319	17398164.6790336	942883.350604557	326258.300762593	1278714.51645403	1027964.67590083	5113168.36819782	5528744.67144425	429986.063541608	101283983.779773	55273.8265231094	14102903.3318631	2712412.17290413	1046175.45473889	279209.150348079
"728Z"	1245015.22315861	127885.018432158	3768214.65306276	672350.127568284	123636.007583554	6189588.20349849	52516.4105414284	210062.01901995	12725.9279437917	965398.808740762	53132.5672605784	785127.034521721	215591.347272724	1742409.38063694	547038.331156917	1423329.63680403	396639.830244928	748868.292283434	4281931.58297739	532382.029552743	1189115.51380778	225461.534199843	1447526.29271283	1577399.70934213	15199.0779730654	3911134.75919435	129775745.462289	1782837.10974737	247413.050434943	3236060.1010296	654099.146056356	34739668.0073297	221053.453052592	1186696.60870216	14486997.597195	115035.891773667	2069681.25394362	152205794.313611	789754.016245009	314048.010142149
"729A"	1484022.0632848	398417.625046099	10577008.3682371	71867.796921363	138580.934124091	890330.735699209	155027.186048817	285965.070416035	74845.308421763	5430171.57487328	486690.795019075	4626503.11009607	58805.7512326915	165158.583986813	438951.278049045	3095334.6006364	3527272.7033936	921324.794906309	1068485.40205767	130970.428792716	1619352.16548641	130161.454993584	8633499.45303452	5449977.8741663	225066.863709691	748830.893262644	254723587.686104	567409.069071709	30407.4733977028	2042226.09110578	3332149.22213336	11171602.9381157	3804191.87768335	116696.306969429	1210986.09019288	39174.6681893726	45156521.5203443	1177692.27124066	1520622.43671525	55172.8419551288
"730B"	682101.658926537	1210493.81918199	9264685.09532702	2143734.23302199	426511.787622246	49857619.2661695	1337895.36245317	1698654.7354086	97679.7318218148	402018.191256186	56688.813155429	773300.098679032	355038.758262414	637616.240155691	27065.0957158956	4292418.09064307	4453661.68241754	1174559.61742019	34750684.3550414	1029807.94702057	2393126.48211678	674637.345321646	969843.994722448	7880368.31606171	7658995.61277873	1985401.16310774	55486555.706631	774142.881511339	54742.385989291	1543876.9042744	1431944.88387995	55077119.7173053	3766173.56613636	304119.949140559	27405871.4797879	20152.5367263498	1095688.51922618	4685480.4568698	624805.677191661	397395.018115576
"731C"	384357.398848576	733453.771530247	432933.143096836	12741.6001329753	494748.157683074	6357062.14796653	9077.40056401648	58402.0277786331	58174.3105934628	1327912.087024	26469.3652976264	204972.065029511	351542.631822307	592087.436002706	25281.3659132425	2051031.62148158	693830.036107765	2390948.76497261	3060807.80147808	109694.100126041	2624184.58270532	695847.890399964	2098344.20090849	373796.58126034	652981.49124011	3078813.40823806	30791149.9679011	7491910.60023712	44148.3802859261	5267951.93332421	100966.780717583	4064502.44162824	2136775.2650209	202052.183346839	9269464.18389598	122505.177557026	773610.278998456	5443911.58009386	360917.064567618	992977.467269774
"732D"	483511.933316934	30319.601978476	2024315.43647163	110266.69276706	74303.2371731209	35021112.9409571	710064.539608627	10839369.1194716	2705573.41785684	801696.774778993	92322.0015740264	839801.655309818	753074.866275474	422780.831179085	1153674.6756195	1841696.22054784	5300544.75315455	899082.358975899	18084841.0030169	86723.3419504161	2110920.48618071	948339.651657973	7731298.85319706	464099.433825925	289301.804230421	589019.999950564	4254682.95981847	1241757.12238455	10654.1349450217	6214621.83047024	561617.977332297	16902533.1665342	1519027.46646234	899823.702635745	11085533.631485	213152.809654897	12538362.8028967	2882036.84953648	879613.165410956	49174.1140811713
"733E"	590670.8669005	4324.64250180054	12409010.1063644	115640.599001544	249392.359569039	50142666.2833718	30610.6942962574	24985.5895723913	83545.7591832406	1170311.60152455	103517.401148294	28743442.6180453	938875.795477576	4045265.61340998	23538.7984668426	335702.422307746	917382.56468909	24835252.2348399	9516338.59261182	376585.93568326	854038.692452152	643480.456782749	146220.692662453	12354409.6176058	166488.92646357	767570.823229545	72711015.3782247	472189.689356564	26422.0677818081	10891298.7952111	266995.036362931	39974861.5505495	4346713.84265295	4223006.68628353	46140028.1671923	184244.929189067	40088266.2399393	6441373.33954539	4065556.57148264	86514.7660897021
"734F"	8409632.68475558	284018.447652949	1703089.54102256	123107.746106091	291101.850564737	1683749.8231972	463791.275820758	273345.65221636	491040.472327475	342634.85584205	104900.740654843	563189.39798742	9913461.17391353	154922.467693255	54768.5375907849	2108355.31862188	237973.540041159	6069176.59207948	1842754.34101952	96981.4004616137	279059.129351441	2229921.16528736	199246.302284182	4148069.88874271	330936.030887418	1243449.38957572	179680088.857297	4287742.10155019	163812.732074875	1079881.91510144	232712.447758266	3048067.54762063	1774045.45182566	6035305.15974966	6835604.05930069	38563.2285961784	9250552.16356739	9824604.12956517	2575908.59104499	1384291.22845467
"735G"	365931.735141105	3615068.80812445	6874014.86494508	74453.4239563265	109674.526589368	1435674.09490549	642253.870357791	109065.319269076	310013.751438956	1219526.91648308	471846.590682689	1178904.75235638	207747.193005081	518252.144908893	508220.7106721	133956.849187874	415534.83110151	3430390.12452069	1749491.19138822	318225.873056112	394937.591434869	5550493.92180054	722398.20566599	1816703.62475744	170439.546260616	3435166.65319887	131407746.18404	1331493.77100914	91323.020236882	1190823.4879589	1453266.92702869	3162745.05735475	9859262.60374476	4148949.77701376	8885088.00745233	1308355.28872982	7956519.38864965	27079233.5639591	380432.741591107	1441994.79960077
"736H"	334823.327436928	53010.2250391677	2982191.28556433	70287.8974526364	146058.719126765	4538119.88714351	98461.3492053838	172701.416344483	19587.4290051823	1900246.44047955	688297.076377369	2201121.09058628	1737156.43970197	259970.861611192	6647.02334598436	1871312.9309125	1865700.63217757	2167174.14520099	1774261.56636159	704588.91685	1498640.40045353	560453.305691376	274669.829566025	3617653.71462206	16227.4710958989	5253521.9408172	21644616.9667342	2802847.06382185	2834405.02890469	3013430.83059506	1052528.75851106	24520480.4086719	1624516.43043253	3112605.65179617	55403912.9782147	925701.014068152	24996474.0640119	596150662.382542	2176697.04185638	116143.965693922
"737I"	7984570.27028829	28504.2569999956	944570.327864107	68554.9707207078	326466.897359341	7681458.55176111	196062.465263939	1052041.61120311	31609.571045332	7827478.83629425	72760.5981165257	452610.129335694	447484.36383039	1100941.01472842	339763.946862006	255618.5275893	6502432.04125876	470896.423080197	6895646.91097851	198037.676088684	3783698.70499581	352000.214017455	310890.259577915	646940.353721004	42026.3420321174	2753080.74340733	85816677.2597168	3140290.56689955	77151.2354774822	1414298.07698282	867617.65518556	1535288.19565982	1760016.57471719	229849.767127672	6772662.40772914	16619.5721572069	2252870.81618668	2692219.14074733	1148362.49417586	13851.3420876985
"738J"	3870108.87019892	466542.349307861	4534355.2503452	3310.53513568181	268035.061514272	5031655.46549481	183988.211672326	2481577.67970976	471252.445122705	1241875.70606631	698554.375814905	531472.185996845	680495.797485365	505220.524522239	162733.221694859	16496838.6008663	10404450.209397	272071.947600245	2692817.35728514	88550.2173212046	380135.386734033	281945.073352036	3885959.66138838	1136960.38164254	1540244.73395426	1227070.72540606	131583095.830159	1335116.35683281	54967.7163395569	405367.588752249	152565.654218403	3011194.09299545	1686192.7620873	52834.7027394373	2164706.69031594	75264.7621301436	9983241.8223282	4996788.01956229	1842687.00301039	1113247.21276015
"739K"	236685.155745435	293933.671248636	14082149.5207359	56496.2613178094	439971.231542108	3699693.27260995	335016.800982053	305858.235146493	806533.084065939	1091572.82085422	188370.458663315	4029908.93039527	5454280.9081938	2524485.9797434	115048.284990731	1205714.84290101	1944593.53456163	1850223.51277262	5996017.7958259	52489.523264568	6959121.33194147	302541.832486619	211407.094355394	12530237.2243935	1042761.7945645	8261807.86687076	10381845.015348	159864.765693834	216478.942645674	232962.016955724	240967.788039195	86768036.4992917	47638.2372649769	717767.788885561	32307740.6569904	2070795.38535124	2987194.98199162	6302367.49993633	575539.227273474	628213.238639163
"740L"	526165.792064539	24490.8846893587	124038694.067757	22037.3804647972	543790.799380829	103665650.42737	499221.610647641	322786.255515144	43361.9192552586	642564.163057121	52356.9158143035	3351423.26872265	121597.719108371	1062190.0935963	104932.927258081	1827756.31772775	1548165.91849743	5385937.73294771	1530593.78774409	346160.369514755	2119013.91522659	910437.770863083	75085.2616410762	967978.051481223	292619.70597035	320096.338174845	19890581.4918551	4038341.96111109	204883.238242036	4515014.55885297	621438.856631006	14942614.0457494	4777318.30601388	172509.232308755	23925634.2357517	52469.9540477529	6952143.03234984	1413967.71364524	2620381.25495751	6366023.51405863
"741M"	29077180.0882821	165709.907088893	2911942.08983647	43943.514593407	24882.0654468694	1029342.68970321	472830.018225102	267674.035658042	162918.798441755	693446.232401103	12412730.9918651	7062201.77062464	640196.147627519	632974.849730142	96814.4239688301	2585708.67241795	2505744.88118234	10247117.4949173	484943.351826699	1058385.63098293	70850.1496264655	42444.304772342	325822.604262071	2858562.2131092	214028.611641665	13242922.1630536	104083713.009967	83781.2031919623	191560.724132998	434017.519487468	3890535.70838189	6224868.6090922	263931.356117341	116091.748108769	18023466.0452107	39998.4918061867	2750678.04322089	70776210.1743188	1148127.19914072	337134.340179245
"742N"	2826715.20734209	1429357.06760258	7689178.90684498	68775.6800692616	92008.3042881417	10442403.6574797	314937.630320381	3020016.01675592	730119.390453104	135511.466714678	172073.854692728	602796.180848412	1389318.49805039	10529326.4080711	8152.87115041935	3499068.86503365	44701929.155598	6593139.29153521	2673834.1018415	131413.280438542	29766138.9881218	311248.802281274	1062380.27935554	130262297.953368	234433.753339267	3794117.49946215	11534028.1253766	332848.528251027	104572.731955692	3328468.92466268	789450.652510064	7653205.96223432	6302328.14873614	174063.850338131	16989250.1139911	52111.5874616028	4561104.57804921	11985666.3459748	158499.927386423	110418.658482687
"743O"	1768683.6167059	394100.757280561	7503649.14913519	27484.3026281907	80254.377719318	3494635.49418621	344782.261289804	1038751.16040343	597410.242574814	1326269.72655033	597183.300944635	3075688.92774741	818442.721909994	6123858.51034581	98753.4497957437	272210.814550912	3901516.72658261	10541119.7041735	1662733.94373804	143802.800506516	815904.05795185	2097299.27501836	4823379.12920562	3780215.25147031	42545.2921087075	3124540.48670921	11916231.4638356	828888.887844391	62425.405466612	2141540.18861568	1215616.4132379	4729664.02725032	12140550.2356208	125452.933608563	2457082.70324856	473137.279580821	270874.393537977	4371597.83372206	2183378.23785145	2699026.95542916
"744P"	3128520.99649245	1287682.08176389	8417213.95417199	13827.6852308018	428102.362457863	1833175.530066	93236.2827792086	1264257.84390184	150783.258863604	388042.887279292	53502.6977042685	2607088.02879962	932135.528526098	588913.833896042	26079.7607397388	3054433.83599827	121522.458144495	1691984.51935942	40703950.9244187	510089.178953812	12708287.4275238	483937.124268815	365959.060691308	19305254.292312	25147.8358165888	5834447.65704071	38078685.6940007	518922.970093835	97562.8050435508	755350.336833987	587510.249623797	651301.291497736	1443207.31936673	6099271.59266897	22713545.5543565	43602.6390879114	708260.978349194	13490924.2777368	5643717.35406349	85787.4009007096
"745Q"	1518146.06593642	244921.545213441	2801016.57764228	276757.672241549	149888.044761731	9366073.5642095	1445272.61656167	6851938.57342403	119780.658293952	2106229.85447566	19018.0008104338	9360587.93242162	1392771.72581403	517185.595066024	9640.77411596054	25455663.5423738	452956.466425015	27416849.070599	224431.894727294	137943.383700414	142179.16064029	3989279.23685145	947406.336541366	3390025.06457763	265174.664141979	18147429.8829741	2512218175.82561	1660152.82657492	59905.8858595709	5681927.268743	2424431.85052929	56220590.3578487	4683863.45333668	160854.140944096	5820692.50724454	226813.289873148	1435532.35060724	2584847.57949035	9406090.32870341	75411.4563670812
"746R"	270079.186594864	259012.780580355	14645614.7544874	71113.1520613925	122391.981622592	6954184.66943593	506201.257156109	506084.194324777	108406.795315433	198993.064130549	746351.237740387	47578.8349502403	635210.890361866	3293602.74793485	134611.329365662	646010.165189888	766312.97151978	5191735.29027129	1124462.34077147	230119.827489845	1261051.3693907	222261.89188772	636401.095806453	35047764.3189699	66582.4619270481	193860.446650832	17207973.5625896	10216575.1121083	110796.140594909	424473.691672935	1260024.95808293	137379905.368049	4750635.42786953	24188.3338471888	2613272.90216841	110498.756028354	16570815.2272622	885415.444094902	370565.310683827	39727.560382066
"747S"	919527.759396837	162097.401986343	7037633.4563763	92585.35792288	897533.897484437	3671743.40138095	540995.50383383	792102.656384472	54623.9943993395	400889.288215243	617177.800886537	1365427.62359221	339000.742553107	167246.048551788	564895.756161556	371133.152048849	1243786.48757278	2760046.44267461	1240764.60242411	860285.780938716	837599.623922316	1080238.33199564	783843.874606177	14703570.3555206	21732.3928391651	3703367.73342824	45047764.2305788	19618033.5836549	1762977.08553353	372277.286123374	119578.445307239	7878140.56142651	1181374.71011461	125463.985520049	13233636.7880963	108692.98944731	886236.680075625	14948429.3571288	1005499.49287165	107795.384772944
"748T"	581725.529337967	34510.5872799733	86131425.6071303	73207.1207181121	1966019.2841501	46086735.0078343	268570.415810087	8440235.90733368	106114.403625705	1123974.61800009	223364.764546589	921049.961208144	191809.568665336	94833.507181382	563937.788622831	305057.302646429	5914509.74382578	13415694.1088902	169499.748934728	73682.9341436886	3428867.3560678	194674.755611556	582464.574401394	610428.468980355	460657.015880987	2550694.05073483	1069802518.51341	2224905.50926361	110973.221172797	2997634.00948137	16422363.6108246	9028593.98149865	538633.516276253	3160177.34189181	30480004.541609	272742.375711712	116890.667187014	12156778.8281673	6360570.99020689	217333.366807492
"749U"	383907.927409312	38628.3667539031	341208.396586562	128890.757152212	249177.847665006	4112008.09366699	129214.910108829	961945.994802167	8354.43424164619	1087457.99730113	417564.296158567	1728292.11241801	989663.865868007	296761.895490751	71657.1254098017	1302644.71662245	203930.622035084	222833.835277876	1932309.19391565	170968.870471224	752590.223452315	36496.3441542739	831340.985762288	2144151.59486989	503693.940748563	453204.815212613	102361819.786275	74752.4545277437	248745.851987307	998236.095033074	4072260.09995525	102049836.972739	3123881.90447529	3826733.92963197	4654600.02203709	24755.3383064647	74753615.8228543	1654706.60087691	552424.708473126	1010847.67813463
"750V"	543385.899900382	113947.282287747	2057922.63352091	12696.9045484089	2208665.61094894	1212756.48136485	113921.634701678	1212977.86761955	128864.617365536	2220842.07314355	165119.937103157	4356773.82307406	1681195.11035214	472865.910437451	22343.4853853044	366792.448814606	849131.352751289	455613.851455005	4095876.4847803	195486.358190016	274209.435288372	4098753.00033724	188805.736414038	4374824.83680814	296461.880047552	4587717.66086304	87839773.0200992	408623.426896983	88323.8355076156	7733481.85804679	2619946.43281207	8126164.92527421	402309.257765079	1230764.22102191	9256529.47785828	171476.153905741	21336458.7948294	15801303.0539507	200353.47826955	186943.627453914
"751W"	1333790.51275603	885391.492616276	176454.551077387	1869.01781489342	620898.464311622	5996254.3363376	2703795.46868125	957326.89190692	322186.095113903	1178201.02025232	44004.2434560405	1703746.61499063	7251761.5420296	282238.34675366	64908.0175336578	3489566.14637974	155803.158768673	117341574.195732	6876956.66546796	274966.723159535	323931.647235852	1311427.80613147	29207.2047342507	15078098.6701933	57376.2440090415	423892.930064327	665613767.867877	316346.792330742	101414.056317049	43500329.4051223	894677.158712577	5437212.22211272	6713457.06479986	695113.048488935	55343164.7617756	66815.5110112494	7158984.77100565	5020470.21595926	2013388.0239706	624341.695121412
"752X"	875450.861934529	9821154.74816051	8359169.32559875	35452.4316627084	66700.0544347238	36103094.3904035	88838.5801608177	87222.9673145564	75919.5044674812	2857126.04713204	133845.104970286	852120.121760708	1311990.66704448	510534.021444531	343901.947655309	259058.906814886	127715.111645654	1197302.54211308	218435.919380454	1675397.7225266	138354.148087746	225003.065104155	549605.838041031	939638.358926132	629363.487957691	1020337.3646424	82647118.362882	31570269.7397817	42644.0638102825	713433.572150837	1111069.10239831	9187429.90900277	1006835.12963993	23564.6388190701	18886730.9729657	147602.88083088	12603002.3508533	1520136.93693928	3835067.4045009	167602.945089155
"753Y"	678608.987601545	242672.794982931	5502205.11967175	8249.50928265126	641123.582341409	2801915.90170457	122047.087984058	1003282.22303335	11534.1467385556	3833780.84753121	3656959.09451199	289452.808643695	2585792.92343417	1362988.19717294	73617.6248415022	451749.001019665	477398.33496544	1691477.04614327	7878948.13200163	54219.4925563947	28929.0039220892	643316.173327085	121917.67582694	1324621.00685461	1019733.03469655	3124167.18897169	17172350.3372816	196469.640858742	244508.054576693	480335.133742642	587772.944264962	2494288.6188697	18707142.4147523	69345.7510494126	42956434.1877908	72688.0463082475	73407813.6930794	39989655.6091133	1439513.79508932	1532737.53586134
"754Z"	1473764.58106045	15549264.5294217	1009471.30569183	23489.1762510633	2513198.7549491	6477957.52428747	512712.539743128	175476.645790327	1816268.37610446	272385.06672356	46701.8525946072	1649008.12337144	1204940.62852321	1032951.24299683	71291.8103773485	64039.0270727279	117660.959566508	578958.306602422	1441340.85784839	1905663.7141248	204113.428777058	119221.004928752	334364.911725106	6592244.588334	726699.485059438	6055658.12549498	51741356.0899355	401419.810232278	49925.0619333596	994100.988599726	1464719.20315861	197805811.979111	4211952.19619037	763288.158832618	245484966.129203	315578.02592949	375076.669198696	96818105.600552	743737.238145193	14095.6258831382
"755A"	29202247.1541738	112387.237844221	2434875.88178499	16083.5423376191	1720021.65925964	3126001.70705754	645477.283922356	230522.590994502	255439.804047515	10839857.3028244	1184898.9771988	3474162.53331327	2530918.107853	2639980.64787929	356154.952016575	8563219.0771084	855615.305302554	18179258.7973198	811843.309968721	121057.764186061	1901077.94270393	445215.143749363	1399906.5795609	1129300.44685449	941537.717664357	14750141.2780345	53535822.5070298	125413.110619062	2316042.24541961	3358757.66806351	10380794.3950537	38437558.5594682	1853996.79807273	1358338.67538062	35585625.8141573	84784.456787099	816663.978414716	16799213.0438418	1745673.48452351	62008.3463272995
"756B"	1315560.45996247	453050.091083368	427117.916668897	84441.1352403305	2250813.01658479	37049694.8452022	122720.991014012	236932.327156758	80908.0118775662	1620772.1281691	490975.238153377	4694950.06058049	4627038.3928715	4448496.74107531	10752.3954625653	255731.073292661	742889.927079252	26466117.4131392	3861519.12015916	280948.662460527	121394.942651216	619729.070876014	1905986.29709888	1709627.60821709	550949.447787085	5885732.69967214	39457421.4307107	3799888.42521881	290754.613277302	68436.8982722215	480881.840864654	14187380.9643346	9890056.94491563	55662.6983815404	6777434.92914818	24744.009433345	618589.849901547	10478304.209906	2550160.22999537	1301734.88200062
"757C"	2056135.25334102	41980.8221224967	6741747.88382895	231471.418762427	239182.514321308	2465415.89492931	280319.555390805	531481.569682381	179809.236354977	5953201.72734726	134834.375399925	5984822.60496734	4489870.07186781	1299221.08847543	1292660.09974891	8029740.9977729	1656488.11000936	3611422.27750909	5872741.77678151	47276.4575556948	12707556.784028	915277.938334967	1190624.28038658	106437.570321815	451218.170502387	3239093.16266476	161445887.847418	11327581.4991191	271767.019110429	1155207.71214348	60851.1932311513	7863678.11194898	4478773.24927858	5629037.13707556	5878689.16462271	327580.756372766	7843137.06533802	2443133.0692104	745111.5676663	352679.213960862
"758D"	240249.530700114	260003.480844957	130939.027119519	22856.8245459691	1197731.40540165	492425.137142233	817922.800471332	1607807.03245995	25679.4810449226	567832.595937901	224653.035945701	1081944.38617558	3283685.09673047	194177.164510721	94722.8674371143	195227.379355591	450833.706016482	1154051.50673247	3188675.42545286	2700440.25255519	5449892.71200629	7200797.5755515	2529659.41784324	1587194.90549331	729739.938228042	4750226.16346018	451495548.702145	2202046.02001888	215924.412853708	2945256.46359794	2530445.32927736	6438120.907012	4239740.85365008	2557314.23691768	41684827.0541253	27011.2969145216	2761934.40180972	16199339.6714891	2599312.13724382	782985.744099874
"759E"	3569368.33858635	58986.7627722562	13260178.2530158	204307.259591759	513684.810612018	3683896.84415635	228846.436564642	159699.863118317	23329.8175510801	1086792.22582356	506945.709259626	5516405.16467955	21188718.2756882	89961.5930554614	149619.620463901	1021258.82503537	375358.455162254	1690380.61916111	981066.382471222	1460360.92820559	120786.446115212	1084221.78647613	1134735.3903729	861728.640876619	290743.117498598	2122610.87107757	211068203.482749	4026554.53539432	215504.563710388	605218.339885852	658969.797284283	3898847.50346123	207665.353740746	248829.447536693	12576325.9276301	135086.284494166	6280810.59152913	1855906.09349849	283065.324182822	43967.0034987679
"760F"	3123299.03419122	835848.333693933	622501.885775958	56538.9669078006	619845.743061017	7975810.89636209	92293.6358229972	502522.669973689	177372.077747042	2284331.45757395	83563.7073027407	716223.572592457	139059.46482429	1348396.8502032	70235.8740423954	324859.496875438	3412429.53422551	1852096.66697393	2052975.49731781	162405.025084239	94886.4336650348	6453009.5181575	612955.789334622	4629503.86722804	195696.527372924	1734315.44428599	17604172.8347137	1000148.55774346	36424.651341876	1706404.24510372	2891924.55999755	2213197.27894176	587403.024365528	647155.910492355	12729277.267457	126248.690110664	1418207.25267049	3431329.08572097	954063.398375334	283783.943656652
"761G"	1975567.12908398	362123.813815669	6931795.67326024	76064.1181964949	247240.264196927	31045846.3289078	9719.54021158443	161750.082402279	43821.8913604133	1024826.56866176	392369.222366765	8842413.91447129	2960827.48974293	677803.970874364	55333.480135485	1052945.42878663	2667913.59720945	12465946.8538293	1536027.47411982	4308084.54525743	1780931.82487291	1442367.4826689	406113.243615475	5973944.87228385	241873.206002462	4945924.48474644	34987070.2129857	3417210.80926205	54745.7871855843	1862432.85622835	651445.923103994	30468901.6652295	1260849.44653147	313994.327016699	65431600.7291406	18937.796393196	3518677.0300833	20592563.4449183	1752505.8155634	147001.968423809
"762H"	592021.337894092	103465.198802531	51045960.5735645	88020.0552425282	458930.050380884	643155.001820559	128480.571057079	465397.171529294	63293.7748333677	577824.291662781	60308.685646849	813804.862344102	2381551.35986392	776637.160410416	197649.841874943	2520186.26930463	1488508.68361685	258077.696370644	6704195.80913011	673070.621516773	2687452.78336949	703722.497887513	843228.470186821	350394.427776791	165037.120209147	636851.922660887	28062383.6477102	136399.705867554	725122.463401437	916286.605650542	1527305.15473408	14341916.9478457	9525611.22706451	332691.743372364	20840977.1411066	121709.027620749	14327027.0443962	2515376.41835286	607421.389619406	289465.385659744
"763I"	8382091.22438939	528024.935999381	2525292.35949399	839122.529946408	17255.4900399511	235399.473080892	1943877.55965209	631491.672270015	111762.361754355	1493323.36250715	150163.599730003	710050.289951307	1834432.24519551	822098.616229947	2331918.86719105	142227.148072404	474245.722449798	3209024.95034598	4948880.50176154	226730.54637981	443822.800576714	1404260.84597306	5929096.02933183	58230.5032236817	474997.180795463	1160380.59461032	47717147.6258401	246734.366608294	205771.03789374	11195493.8635417	2847521.11005487	23049853.0516477	3243647.86156743	143117.843003828	1089296.80420247	47636.901483036	3847114.6901281	8539657.56571764	814185.202515735	205776.670849748
"764J"	25137.5245559808	641984.901012657	2550604.26853385	212978.969316855	3610783.98126261	2549244.87048401	452011.388585562	984202.456265964	277520.625305613	100993562.233833	907593.891606651	5247564.78821767	216803.14294873	409986.06166653	54438.6210371139	52262.6946327131	3274615.06273416	9049957.79527585	2931326.82206411	93857.2781257226	311320.644138686	851060.562998404	52334.5010124186	39553141.2686916	1086051.10704666	1414341.78906127	1075337195.8663	789814.304699348	55277.2305858763	9844555.22404483	1842427.35631418	7810307.85814057	1573489.39984081	474885.161195315	10606727.1429884	528913.013025364	12525939.551725	1379888.28330264	167367.363711397	1144892.18226444
"765K"	197353.092334077	326141.265372831	495528.368590999	319138.491503314	1452579.89515472	4504790.88579801	100692.521351878	5790500.67072502	108919.838648391	2920464.00992748	738464.093664306	1841575.84361165	350435.587917725	166300.604462828	2721745.37885157	1755768.42886708	1262381.92467797	18373671.4638028	262160.796620851	2930249.24827181	1655114.14477442	434790.649385983	269487.790696779	396002.205044258	208636.93611249	306785.681881959	39480870.782041	477293.192339405	133742.410824844	1922818.08690912	707454.760962251	67226995.9822787	9408414.37403871	924689.250156373	160689067.099974	673858.753236173	20547692.959581	4107515.95661714	56532.8299984648	659110.478230536
"766L"	881367.839847408	584442.407880628	588731.513397674	13791.792097659	1057646.72490833	3390845.52664752	84746.496185045	280627.979789855	82313.5336745003	311845.485391706	69957.0622243191	15031894.8358388	3516990.08921168	757284.962439484	103353.823513185	1081289.71714932	850599.72651223	2835723.76989499	386860.409643858	70169.3662924947	405114.078929179	2172787.15364462	2289744.14792993	926572.407517602	269716.07979946	91059225.1011555	411403000.627014	2159002.87697174	11444.7228162494	10230086.7856829	4311904.11034808	452351847.801313	3937117.08518148	260531.363328738	45604448.6665185	217606.109529578	7580390.44975611	88721438.4817593	1131458.46192439	81322.5518790391
"767M"	1258713.67781354	2386720.09220659	602493.563562565	186445.630211419	332075.221823233	2583875.40216647	60786.6541665866	1045966.40931554	118311.966343447	4930777.70539209	100024.619403798	6740032.64530232	170364.537603515	119222.323782103	2442132.52164586	724487.591218339	2942125.66575316	3695735.25863116	1066792.93751533	463880.074796665	535521.591866608	899111.937211233	97973.330769806	1829459.77877426	439826.14342293	218367.680655308	208459493.479857	1871594.20136944	80906.0302488964	602103.259220585	2214907.46650602	5129384.00890057	913995.257750512	1895128.14265605	8138872.99472672	7243.6124308848	18253931.0141805	2703790.6079654	5660990.70722195	13640.621866387
"768N"	3620737.95420478	171656.35746197	4880278.27640782	54349.2439436078	356412.328958709	22365020.7614288	55095.5268260011	3786158.86079571	172391.306590678	1406419.9214982	288405.878053156	308922.040401459	1171355.71628652	1418272.07337801	83750.6971300456	1585520.78756932	665073.05458546	3596006.97866751	36240471.8404111	163854.464245356	2153845.03407339	459020.264903401	25217.0544365127	1650259.63599191	801428.457405247	2001911.08354254	6327024.27814981	3042143.49170821	2477664.73545276	2087907.35123561	1858514.8134257	94972886.5560835	2034840.60296569	26101.7716499696	1842878.21971444	254067.787970421	6683186.34375047	16165176.0869901	590967.81197959	1319786.28118186
"769O"	751522.281253248	920591.953530759	31856659.5898438	35648.0332564876	9330647.47101737	10550782.2784442	100130.760339085	291845.450947338	81866.5607544646	1182901.32756134	522346.716588609	2265730.76434232	129866.659002306	92734.5080133139	88417.0945854808	704060.86111118	4001131.26906761	8666254.19557	540337.908095795	253471.133346986	1365695.44490177	436959.822169102	37090.9616087695	947846.591856433	458046.525136301	1644820.65152576	121407251.733123	180808.026347819	58545.1792230492	909612.481460111	111690.952702914	5598678.37515627	11210655.1737543	859213.029083597	85087735.4247423	107528.182297367	5771761.47034604	18813108.6533186	385211.084606797	308959.599013471
"770P"	6526179.19342603	235033.350048051	531592.214561248	127319.212032806	1586387.26316543	3620719.74940756	34387.3872338593	7651.12256608283	426014.194184708	1852706.43657396	14596.7340222207	4107677.19450537	9562196.5932892	495055.30841602	932532.453401322	2269629.09093881	264365.960844148	2344545.6879185	1499865.4546347	89946.3375951189	578136.361983493	273282.794514582	903195.788422349	776271.353747595	636427.588131926	68745017.4758082	89213845.9218388	17339.969528972	388745.026038244	1310902.80367047	325507.994690542	2471421.80231345	310256.484896749	52074.3555822826	31806691.7633736	98442.9815989283	10566300.8562411	6215281.77478991	1925653.21729846	311356.976542102
"771Q"	1575040.04684922	162175.13168075	19442667.6649078	129760.143806837	584281.295705322	3739660.6704545	831365.034399655	1117928.49367621	15983.3195457506	227076.81913579	6584983.53688877	1756473.70041601	1858299.89572984	945557.112675049	211122.514486092	2182030.77596552	3159299.53825439	710997.93888296	10635394.1569797	134554.739039103	1227738.50625077	172037.310880457	514739.688208172	1368780.09184489	113994.604318676	5465772.16633046	146401629.249705	250919.98375291	21553.7791006031	5591886.93829306	967577.263067262	87073199.8323585	19237929.8587672	63764.0619567182	1333881.81124237	70530.5265528781	590503.486569914	14731063.7015326	88793.8254038306	188208.473159285
"772R"	166180.927047304	304312.543965661	2287423.93588829	100142.468780781	250904.880831359	29917500.5253698	270708.91493728	347459.305014713	2911115.32930684	1667551.81666281	287165.427685361	478517.130745055	1237369.69944646	10634441.162657	38608.5638306896	1390335.32515631	885027.292370651	219169.512378417	3151046.76556529	60467.0332487734	2743850.67035056	254973.873924247	1385407.18964067	1752327.9754544	120585.67493266	2817988.34431396	42256268.8110067	25766.2252593973	39385.4093202078	1739214.8645464	9296170.81052425	3912715.08241258	15718364.9733194	7035233.13556087	16029754.3154618	76994.7954476717	9052138.87823983	240642018.109995	1275451.45173703	692125.751121191
"773S"	2097300.84070656	143071.318547095	29552669.2217418	40112.4752717538	1439890.10561586	1033078.21935543	46348.472700357	14854763.3051597	57280.9173961997	518893.584667863	1018798.69909674	1038609.37964968	4002096.28388732	659275.75723115	807796.8838239	1358405.0649154	332056.961035659	5524919.82048033	810798.967192559	787192.719307119	141992.14019216	931193.963588514	531126.710894615	2900371.2137704	316901.950352065	869278.402954016	414073422.166968	1289779.23616689	88997.3843806683	5944435.22510105	1761379.99842791	4051343.3066145	2446970.8268722	107970.382870545	51610906.2743504	488872.524415058	9437295.60117222	9373129.32053942	462432.156908619	206510.490507951
"774T"	468828.871964487	246269.393382351	450252.307870067	1461615.90802194	27528.0922033186	3777578.13383292	219654.99372757	1025299.44843916	36506.3245306443	1412922.58760233	154080.159920921	5591503.87470079	2202321.13636897	5114331.84075341	325157.925652833	232139.056626206	18479467.7138597	1733420.49541007	37284834.8721928	4911552.61108632	402398.293337995	552844.358820838	373002.036809799	1119245.18500431	94291.5824989642	1403959.7005067	520446910.193793	389022.370141255	647773.566191366	6382624.68841469	20942448.6467558	9751467.35465836	1358223.77511464	1720350.79653139	20470080.6944239	58480.0655593104	6417125.03528987	6302422.50325487	4386389.82089829	7909.63580652715
"775U"	3088885.73568356	692903.57470897	584109.524227573	71461.5603573814	285149.518704081	18078438.3351015	53022.5172148054	372014.683780096	2530503.47619211	1534605.88318919	2890811.57347951	8836380.31559249	490449.027585593	1104746.34617992	118498.082635172	3951275.55033354	897156.669113375	19732404.0107711	275280.711037659	488897.354427757	1935216.33171722	340379.346777846	375169.614087544	1049594.45222853	102028.730681162	1334933.23507655	554499359.000106	325077.629663918	1084624.98917855	312478.172960413	1650545.89090327	3329228.88234837	3109401.02243037	371874.449121021	622246.175776639	75341.6129522024	651750.08776713	6006704.84826861	1496365.44078956	77223.3581619914
"776V"	863774.213920383	155384.256201219	1207745.26334882	401221.742700398	2322650.49687047	1272248.7717855	1586502.86987353	8697814.79453916	13377.5105114721	113968.010343456	375475.752600375	419959.694236331	1835194.37804567	363626.877880281	40704.8531351872	62393141.6163159	4922026.88621845	13074353.0702662	3398593.28186667	238476.073093106	290130.885543702	1077000.19053683	1109239.57178228	2983770.47792192	630408.88226969	2594576.12635022	21368526.1387131	3505558.34059626	49815.1615374456	1167511.57346352	7938371.45362362	2818916.60939481	1175841.38949403	883492.721466513	114587952.155221	137284.508876676	718824.767638852	136258401.202704	38028.1895800249	476760.363874659
"777W"	6641728.81531992	107137.781204605	2448263.67236764	95030.3143837049	5032319.52955323	2615534.38016201	381243.318378535	1156917.70281933	408169.452836848	421098.226670592	1292250.75250252	2353175.36264662	14638361.091864	1864487.9030787	51126.0795538822	1343240.77014289	1311322.67833197	3924740.72132797	1119425.64307488	692541.750578655	52967.1484129696	201017.3769711	140507.113481737	404883.849561795	583085.751849799	458933.516889548	219378995.594317	555901.189888756	47461.0405035184	2346287.22905084	1686988.8827309	2664087.06121491	1574039.33914559	526045.355571853	123474037.930691	85163.3747959249	255548.22746694	157665452.520758	833422.837259533	110576.826054982
"778X"	1587615.99188443	622045.377437953	1274790.79299593	1088804.01578015	299109.748979971	3471156.03779559	196221.489558583	191333.808449195	365882.617816501	412692.70067024	630301.344665734	673253.051470668	330203.539090149	1841731.49419301	473225.259994566	603216.521903029	6174792.87466915	17815776.1036963	1642414.00631741	314564.734322681	1139224.90475844	800544.728139849	6619479.48042247	1276117.20587695	2546666.59886925	6273301.3635784	19695236.5078579	30949.2187347335	2290223.4180589	228527.379911434	401055.478857686	28055418.9602525	1968188.88860914	2143900.57635629	40163228.1717123	13306.0062626995	53407170.4907232	920709.751819655	706291.353374628	728895.250239466
"779Y"	6905420.39247429	101263.225112382	3129570.83119022	36656.8718094501	852699.756077921	292838.479163309	92355.9821855326	189180.498939494	391000.779586898	119882.338301562	2110959.71207771	771234.138094351	2123837.3588967	7816598.33694102	305185.876957024	987652.052135519	864358.340038306	6592089.01144776	397535.698462639	2145827.40383364	109662.290589737	2794317.15400736	775865.970696851	1185441.39355719	61450.4138828822	4675326.27636931	806659545.474253	1843085.3153654	1018642.04517018	10103953.1023513	187695.840102022	63169473.0841131	6115857.6945093	424268.113725905	44610444.4885153	99734.7172489148	31445939.8652518	6271232.84903269	5647903.19283917	238987.18542413
"780Z"	1356758.82206452	913447.034523616	279490.35028756	155719.861579803	46058.0307809239	1928567.79955573	897848.232247617	1402785.70511322	20680.5234300121	8889950.09717134	140808.72297612	1816585.3254728	297607.408275143	473967.111975433	2718480.85365841	11484835.8271801	8998814.16602895	938269.987228114	2985013.02026033	234444.616077824	1267131.0357884	521624.592555212	75860.8891800126	5789331.32742477	62969.3691870953	1046558.57707623	7120639.89173208	1194186.42209114	9415.52302473584	3524765.97219584	206255.608037017	107474604.368142	5345116.44284715	19793.8945613129	83270189.1121097	352209.758287018	16317049.1475847	21305836.0180404	1979301.21469932	1278194.00505926
"781A"	8146571.61023276	219727.223052527	2970875.11756251	82955.0506612516	135998.971554327	1005496.97558885	139797.724910823	739206.903257772	940178.537404489	2399268.92141555	82688.8349201034	10814389.7545285	9237909.06296431	8658683.89768201	67553.1780355486	8612236.56264232	834647.293927162	560444.941351974	2638903.31376248	164571.794672811	32812.9827540788	5320945.54342531	151759.495181197	975346.689220292	218522.694674671	10995787.5051464	39045355.2653354	711424.143412556	97395.4630627053	12321660.7394044	264310.311145099	5948947.96766224	936618.24801498	172196.082396184	7775861.77054357	67719.5208563759	642996.266423812	2498037.89183225	566773.853697627	502680.131249766
"782B"	5859432.40409645	77233.4134156585	3231903.92913716	26776.0301903432	418024.998107079	3260447.72039083	174419.159876462	148610.861628955	39259.6715066866	676251.022204562	705491.096105874	1158022.30629273	3713710.31195548	1203031.57399745	7096.32913001936	4608340.90390332	55953.0025749547	1148373.85977033	3934981.61239361	45122.1285375005	6559134.7884098	527672.084764717	21398.4422663631	223432.493082729	509483.547938812	1555734.03551176	77289826.8631823	202567.488473941	35717.772671855	5480893.32571856	78687.8075211495	36597471.872654	684091.660026716	8822038.09050938	2135432.58278109	51280.6475975635	46522950.0648848	3736213.0686014	3373482.79015897	688255.121484596
"783C"	544212.464924613	2220371.98153429	2205528.96533506	297813.976939377	397863.664687978	6452615.00635073	546520.581522698	1821177.7792273	198162.750908463	27557559.8357176	1423279.57666946	2465637.08392477	1223875.10122935	510359.760659282	907380.762977449	161477.537883754	177113.650506881	13427039.5059492	762911.322338468	115357.802486514	59033.9176604862	17764.0901021521	607682.511440543	1966035.65831686	180559.782837224	365204.302535752	139418932.48501	547854.57089043	160573.752174049	926761.87813178	86969.0377688863	13898765.9184863	4644345.09580874	1074758.667884	35571890.2463424	333075.371129872	10659922.355552	1829299.21296505	290364.961242242	385950.885583445
"784D"	7147359.52732729	141287.28956499	30729699.7922302	354426.165911098	80905.873083443	2727506.32679997	712034.135239036	1109841.89590053	172012.089321606	907476.165520207	301823.725706307	290892.353302195	1388406.56656974	14521900.7011348	864650.420557755	551046.279154412	351760.825729935	924151.031223567	794614.597674562	52307.628376408	49752.3812077997	1814882.05798337	907824.501950134	496798.077286465	398767.605143473	61762970.1106846	54197644.9240843	314606.106591423	206622.842067807	633181.574169288	583986.008382272	71993972.0959018	4630025.84741813	37078.0951459133	10212887.7764365	40021.2761608181	3002546.82230523	1602090.94426669	2579352.50306318	45011.8355260319
"785E"	5042585.8739111	472548.361935003	6063125.26746678	1229217.23926352	457883.992778309	2298120.10239095	114975.36863646	1535617.15587998	47401.5996663951	1775153.93540029	44254.5253674336	955082.453249859	115235.772323731	3300676.06837349	21389.5349944038	4928062.55786143	1936194.47320097	3104648.52494951	8791033.59843576	400453.792410875	1025469.50106942	517299.894638009	115807.950670113	1103648.45227752	361012.238539694	519113.95800544	8610438.23432237	1644792.94299469	12152.7367976913	4541077.32753284	255598.674892048	4978569.339618	1733253.2797233	277877.15863616	83620915.9770245	170750.056153402	18919799.8325019	2532502.63380616	4824731.98984333	690211.504788007
"786F"	337409.691457769	1156502.0647755	3098944.09633399	24177.33835859	885642.778646756	396128.930574509	176445.831607577	2864782.81012195	378159.532090553	4545572.18785179	270527.591009095	7660131.36283794	482482.125471669	2955400.34559875	5289379.84184817	9149242.44328544	13626097.3336638	2051664.16239378	1656030.52609254	67534.8022009683	209440.884348422	884559.79574881	256587.125333889	5254357.40331333	741680.079173136	15284010.3813002	193268878.444663	378063.89898179	638290.124910573	1257158.71309589	127957.944359134	3201383.82422517	883603.333686441	1197906.48781926	486383.350567096	1437672.37789495	2248111.81145341	75761481.9883045	121016.492906577	209576.587086946
"787G"	1841799.5108368	1363264.71120456	1636811.09935443	109474.192899577	2226260.62979821	59071203.7978013	111993.355217	4126608.59143785	8346.10538415794	289123.83667683	129341.365978849	9859862.78946977	1362021.82068404	440295.204493248	320252.046176139	8489827.40928729	279687.057269128	4782729.38488874	1192818.11657857	419657.612731198	1553228.16997623	820261.200324599	1528818.33932409	6519459.75964946	181278.67419942	3316249.48270798	15051827.693237	1712994.02167171	135049.356435701	398521.098802865	3103127.66884226	3885876.80117115	690665.883804674	12960395.5796264	180839950.515759	704729.289952586	2506673.90479999	294568392.220137	11860021.2777439	1393895.76493256
"788H"	6194220.17895847	853618.700316356	28295756.8593259	1139.04457842297	499794.290247547	2835429.06257144	153982.275512185	482459.577402457	5863.49017334716	421091.66837019	47825.7495478026	1430647.14259669	45042.7024372165	118906.00713415	461120.02567276	9129639.75556377	5170018.736199	4735124.99705189	31104200.6723285	46962.6880631725	950423.468799763	469938.823350344	74679.391898877	7577713.44766745	776013.903940642	3235725.7910092	295455554.263704	2583360.1557187	289453.054194042	804472.723850752	1816701.62558608	4597853.14018423	1342371.20966199	1534380.13834856	14180203.0684941	58052.0974689204	6691807.0724631	1247203.19041653	67472.0278287095	6023083.48338318
"789I"	1884230.397908	871460.334572811	6508997.42522859	85616.0504167942	232720.805626779	2749417.45203829	380245.132284872	1722137.05566248	659990.015810528	5187718.96013968	502394.638377086	584318.913688816	219104.411390385	2313407.50983081	423608.021036796	361485.118021969	26294443.8180544	2508502.55922415	5845792.2613018	136223.976048825	18716.9587334078	156389.179867161	11416242.1480928	488827.101151219	397271.465311908	1938818.72398054	2221860.86699754	489112.820397896	302499.246672076	2129509.65192094	1756109.76682028	15338932.2523898	806462.605772843	3209585.40298814	149114767.617393	551822.458047106	6101032.42584575	2738464.35446587	3015871.55061811	262384.501978962
"790J"	4323602.95743903	699391.484493353	9798227.92283669	151130.621383493	194770.133500166	13661027.7413759	6372394.75850854	300994.194149629	183305.234991939	402430.426251032	1131542.6103289	1564046.10906229	1702851.4457986	243269.206351512	41959.2104184545	233113.830433882	8391978.87651653	4764528.98408118	2701627.90416141	270361.188264931	38324.3798744372	2730679.55638694	152197.617570332	7746835.95396213	322954.169313493	252880.133416649	2572878941.82118	2561270.12087578	47113.0242148424	7774505.46606841	1481161.45062968	6435584.2488824	1847115.2421801	187491.864284187	660357.355362705	66246.3003162761	1358457.16933472	2388538.27613312	6198113.35205274	39998.0238306373
"791K"	1175075.28924372	134219.506367845	874550.288249715	277296.723842225	272415.066098416	1587810.74178686	39951.9459452685	69670.5274424804	489571.15907868	143966.428661346	290280.460825958	13230323.0821655	3711722.964893	246960.386402461	73846.995224736	1380746.2273199	860808.551759702	1915615.85476418	3375928.06836423	1116081.49542374	616595.300000867	254870.028478392	1937233.9318068	3921073.60278518	151106.945282822	7346135.00865077	113190556.322822	688168.51075517	219775.252541201	494220.839314794	11257648.1251654	4228597.39508237	5191812.71897094	360454.301623478	4218928.61506362	30759.1945768199	27522698.5226238	5506652.11790288	7123332.94459238	573460.315837747
"792L"	2795081.78067515	635757.676079388	2373562.38869691	49791.4396554908	36700.0166161416	4557263.12229108	1270323.92314214	581237.316866418	1519741.37914071	210151.924668463	181913.845794265	7461487.68709073	1312408.06694576	321208.491225259	7335.37402710799	2145855.52307327	406214.846524889	15555748.4581952	3466978.83751786	327080.499629646	1434256.98251829	1048756.54207441	1348111.20498056	2003131.98469883	367635.482426288	484330.196676501	30175601.1932266	2112808.95306935	1364414.98214812	594103.09566285	3954298.27834936	167930337.190988	1040889.57182811	72630.3538939568	90846211.7284595	50356.3462091517	3897480.05491812	11012301.4611394	674845.651159782	6640233.8130146
"793M"	2646415.60824418	33724.6665693891	541492.113930603	14118.3926819353	93299.7525850574	6874979.20471629	56074.3296214257	60034.1945710511	136036.134973154	301290.260574777	91490.8655374028	151862.728908642	371590.302461777	301924.021131519	406955.172895136	13352798.084618	106198.154203538	17125684.4474498	6129277.88064909	195091.482593296	2940500.51218724	117306.439855254	239606.814293592	395498.057220896	972498.401266591	942134.895149171	519853491.476196	711239.920872164	112535.189217627	1638840.24884874	825340.085355895	35704917.2422018	2117350.91571198	336604.640354073	2033023.70072877	158672.126602212	2261878.95673025	25293952.1119246	406333.513694509	211932.183904409
"794N"	763481.473921794	55570.9517895791	27434472.7064935	41809.4263677305	762561.620923207	7035223.75374445	179942.685503583	173856.087941389	299987.634278329	226868.503141453	65058.5147471061	6599964.26594472	1684246.66713951	517365.619477501	16760.5253157458	446410.573869874	609931.490152628	4006877.69010493	5570069.47188731	162202.373344504	1477468.9184872	222623.077480649	37633.5928430453	176432.973374146	548019.231328183	1952306.06230034	10041094.6943609	1252131.26141295	730442.615532177	281906.017923578	473786.189874375	67641803.3056496	3675018.6506054	443080.482911362	28934817.5109345	273573.205346239	1297593.97649899	13652956.1787682	3096693.91514466	1814026.37932075
"795O"	167616.422576902	63577.3316327596	21432111.1884799	106271.3306219	1475607.9660253	483593.506953056	109539.818091786	360876.869842014	93611.5772580158	110388.792596859	147275.799346206	186734.899916158	2154977.82263033	42405951.0009669	422352.108633352	2021455.57912057	728300.63571181	1994621.25813496	4025493.65084728	89467.4558572841	1320521.1452424	12214508.0705804	203391.983984244	7615364.54803298	2857905.38065646	538123.859268508	80940587.9113638	145008.051102205	386981.151901047	11878794.7853507	1349380.38909194	160306296.679922	1464472.32142102	132751.847392361	15170849.2769296	99352.3384901572	3753055.67702975	8732658.42359905	612630.53012129	586087.917448847
"796P"	102593.731453808	169440.247894318	1110842.42213137	92655.8300400973	432042.698585511	20119986.6662717	6095378.9482678	107314.496180317	111943.009837806	318488.984193017	608558.603217558	399051.751358148	680651.55208881	131257.708799964	568133.143389308	3300711.37894615	1561271.3544658	918137.384872626	1888069.38039039	660024.40136528	624245.163308271	538146.234675277	87381.108665799	8544812.47895285	75876.1787152285	10529524.6752319	47055500.1441993	1458204.30679556	3051733.89901862	944607.736526312	813843.821735884	7523749.07559173	3700646.48599836	260218.860946961	143950083.103519	26438.8987529524	4024058.64702179	4781640.25972379	1206005.21012972	248783.651192188
"797Q"	1087699.27104543	198128.548052205	8156195.84303579	53937.6572626148	536393.311375836	1516903.56569463	19625.6226981801	154316.806048119	161840.774498684	2429247.10678629	226064.680426237	521112.633392226	1397328.45301107	239163.604486224	820137.640811066	2896318.3706014	1396121.48797912	4211150.09923384	5800409.73032918	273540.623153903	411132.877631254	347949.243653878	357098.718269146	299152.616466477	500295.408662544	273415.87418363	79081563.2486058	253839.425187896	176902.791090945	53912736.0142936	400422.973660392	2561934.18985981	6985553.12685781	759515.4094137	8582909.30992073	765752.689475125	5692571.58639024	4825936.9765142	1027062.11332585	2019075.31427354
"798R"	184155.990095117	231285.730239316	21991687.8253567	114630.194533696	70184.7485695737	1539550.75669227	815990.239007917	306276.736377479	89851.0543329571	168539.665124775	119602.926471907	258212.922816	2247845.99624005	1260261.39856482	986307.247713367	1181669.16316448	462094.728172344	7902101.04143536	1216864.20843995	192812.348731441	12739.659888193	547458.85642657	866135.706937756	3181806.56574453	6434564.24666674	642837.300094435	543039958.568055	3284021.35641896	68874.0202614546	9690725.32230091	2459091.10711945	7787503.6928293	375466.332072721	1910495.76724046	17054789.8015426	70297.064708616	7450018.24926647	3890698.05730868	8557666.01591796	47976.7793119367
"799S"	216415.111806478	1111784.81038116	4545553.82650778	95860.9324495074	453066.878417039	3029057.61359052	12494.096234423	1767741.63617584	162137.078815117	2547765.34624524	651064.739918741	8923863.56964954	150580.665349319	565424.232443961	68450.1997084044	145157331.163749	685528.785616736	55851614.235414	3331066.12556871	224556.210009218	173975.885716783	319314.819350673	553095.645252347	1746600.80925399	171999.646624512	2442661.45645101	429342341.684125	1142128.40908071	72026.2393911965	2436794.29471086	634677.733247705	17897850.5377365	673526.823221565	392280.858909658	688888314.621921	525341.684842802	11087192.0551574	2459073.63576726	1578045.58664482	108786.693198338
"800T"	375580.846339142	1095299.03407487	111160.500710061	22677.3341475212	1060865.09165916	6826973.08866077	1257560.21892081	5728695.75415082	355257.204433708	280620.190409186	4741089.76196057	712364.738687032	397677.659895395	259076.268133228	119711.273740121	170116.911060871	2075711.19152472	4112209.25922892	5544805.71271857	1308775.32569993	147553.147740202	2999294.90630533	252542.13378498	14609422.0962802	2306501.2110909	1394938.8938514	131306391.877399	116413.964438007	316541.880642223	271318.442893567	1825275.1442694	233956321.254102	1213440.2856859	1578213.13692646	6192597.45955679	51060.1930801425	29431978.9921944	2720467.67378681	414980.001693828	401820.820180671
"801U"	117205.926865499	131564.291827236	769206.747890743	11288.8929195331	109207.448564271	417669.9964867	2736480.98561863	1043739.18831568	150075.676506606	4243187.94908505	732076.887355312	8159502.82032811	2103352.9557303	322986.53630306	807857.616694746	959297.270230688	2385683.1152754	266475.477961825	5511660.70045969	327552.719937281	2474229.85084919	767953.629695564	958283.666857434	957395.397700306	754028.536173716	7069431.27720882	64856155.4430227	1080917.05794965	898627.571104524	4408533.81412575	288782.902990925	51163571.9955105	5286396.14478379	652661.574515722	64693889.6255712	718351.749635215	943595.107137253	2840733.80724013	4076025.14672938	25796.5573628093
"802V"	230092.148417016	315640.31150065	8466798.28596725	210946.532878249	124730.753460745	4321396.96682446	259436.047787729	3031624.50530947	70209.7572796815	9715565.93840886	428181.280729168	3115641.09504492	297581.162342243	1481506.13918416	542006.857783675	953215.70944718	5422059.8123453	7657467.27758495	4177146.14293163	94476.3477623557	13974513.4178646	707509.973274423	1547236.12042072	162563.570338848	1162314.85909786	7037650.22785132	199953902.17629	1494668.4280373	1641164.60114224	5320656.04037598	265768.950172346	39691064.5673642	9756778.76130306	135051.089169643	42205338.2590644	170099.007982616	4176998.40913091	2649523.79314077	324687.185657214	1896300.61351401
"803W"	3163273.19416559	164872.857323905	750368.743642775	282762.743626294	281427.701853664	1445904.36557454	88239.7825530463	586985.612206761	292167.247012761	8127473.58426002	2225885.85062475	2167913.52036073	3098299.5484369	4534135.95215971	36011.51469509	6515496.78555949	5608355.34682635	2764880.16217206	6680358.21784718	1458862.17362989	2880986.88242942	706404.868319201	532689.460863365	234046.652007089	2390257.06745124	32048988.3337358	186787564.319533	126401.437943793	335287.825482882	45362419.0428732	1909519.09466433	3788359.43356124	2699652.05603645	243029.612035905	3971189.36344588	752311.048306497	3769567.48885068	9175548.52999623	305555.97351396	749975.180458824
"804X"	1554967.47953183	1208948.5916235	8684101.80371607	51065.023814955	158344.405638222	615121.530237549	153057.357595108	568998.856322194	140703.578060997	468856.43900866	301605.202021606	2900076.68672343	1197707.61162033	265997.168993949	141976.748604916	974024.917840828	1166961.2117127	30514338.0686792	931474.844481093	607186.834370347	434968.276422643	1131979.72732645	1464760.95421117	1291986.89226309	10916.8173551518	1409392.36004759	262699114.174637	609087.338823023	94071.9770720703	5821909.68726053	70096534.177121	154894841.017405	2468371.8045729	165488.325027464	61635848.2022818	73170.7686119043	24573249.3663027	25671704.2683243	2314152.1249596	147024.798765803
"805Y"	13638409.0462746	1626044.81379518	11016627.0295849	29528.4731541491	1239619.96933475	1338662.38645856	78650.0828104143	942605.432412925	545451.948254523	3044600.55354851	612809.914630554	4516486.97267788	3995807.85572657	182087.869844782	73400.3907391323	887239.215100111	5792930.69982854	22753489.4633824	3599871.87574315	115799.551331747	1666634.50005507	68963.8220157139	1641522.63880466	267204.870646521	288819.31015994	509629.329406594	39890666.614042	118646.741657278	84119.2220903773	2006146.72513159	1819857.71481984	33501159.2295556	2554303.24479712	41359.2592913455	4228391.99261184	1836352.01211935	13945394.363825	1269304.81966992	1735783.65948298	326675.776180156
"806Z"	502819.790512273	60968.3133680894	257902.446207823	423736.628666743	94605.0009022152	9551599.53745624	519682.060855811	1702410.20418592	45273.382225097	132989.661548105	346259.12133236	10855138.8226207	12566.2873547742	198473.719158896	2069381.51769811	487628.480207325	5106850.40805791	2715422.22782164	896937.56805545	118284.461148927	1676163.09375052	793581.611525578	610409.448573077	397749.265002563	2250258.93120241	9758027.79375489	380839179.59168	341382.233997958	215753.504153593	1074198.70568041	920296.132672083	14032585.3140265	34984091.1848242	345665.845000398	22108696.9774029	77734.8845416626	5255188.04141108	453220.695619264	1624452.40324612	305240.167818533
"807A"	981563.431118929	69685.4611320033	1041477.59901398	39918.4400239446	859266.129694271	3866808.81283445	816966.246357906	8311493.93019595	163142.634668496	5619195.6848469	307528.352530748	17221425.1510375	296959.626614916	5010569.1843522	736768.659202183	2712420.52379841	77773.3722644856	1121341.83385446	1205437.86909844	1151218.36184974	416374.383797068	537520.626734374	5002672.2751814	1723180.88385852	105351.552089606	11544072.479936	54983435.8442754	181029.822611564	143682.95544254	11080420.6952142	2025080.5066584	4032992.07811845	10717900.6569693	200576.482240094	5283595.61680002	5508.37752433839	4729682.92752149	4499086.26830186	2826552.42661066	106260.211960426
"808B"	5104011.16885179	189649.47498806	462114.812596427	271649.109136763	39541.7892318268	456736.347850323	41994.0826230345	1022394.25342746	877414.058102189	5285536.1055568	530700.758921806	1512693.41586099	2224019.45972259	3297114.25717138	187896.104424932	3376078.26238925	1006196.9791766	1385761.77032768	3482741.7438155	1145675.57220362	361728.19553708	66002.6796290833	53252.1184371017	4320958.98306831	142013.364009473	6580717.48407608	151718138.721706	281792.537333529	139783.494932163	1522516.04878484	5908974.20527726	1468551.24208498	8599577.6810415	4125517.31341114	9612785.44505033	81114.2987113542	1489170.16484587	22156839.0262071	1393293.34254019	130037.42833805
"809C"	13975974.1061528	960007.723534045	69747374.0573001	56164.9984134935	20082.8410110163	18500862.8832686	78969.6613660762	545166.10748463	208710.087430491	2243188.60664333	136879.562947539	1157536.1373501	3272409.14060122	4623076.05550717	560170.98907964	381372.832730589	759992.794945771	4550482.93757905	11442679.4049815	650186.892725073	88175.0828143438	21646.2793621307	5825031.6337119	5598325.33723749	25003.9817734931	1096638.6441624	51559952.1972892	2579294.18709964	20040.6337818805	3515789.16952921	691318.996556014	1914185.51464961	4899501.93834984	2666442.38725586	6025543.1713484	767416.672270026	2618221.77286165	1079527.5895775	1819145.70125236	6846690.93400602
"810D"	40701750.3818158	10921231.5600348	61120954.9873467	25638.2472042727	782886.894630442	43992231.2240633	518137.583091496	4771841.39473917	3278420.99549131	2323386.36738561	1166616.47613807	188857.086308648	4135712.05284257	1756483.82393543	45700.8080751898	730543.994606635	360327.965238261	14318145.9116227	14319439.2238999	281609.749521316	384175.851061706	4246809.82842528	599437.311340689	17019459.0237773	65665695.796434	3117190.0142143	25483082.0068758	609172.473677208	256173.677880996	2516869.10983528	1733552.48980784	2593589.5402485	1246710.253486	239593.794341014	257649153.180657	633023.530013425	585762.874259618	31476122.2885624	1520211.80219779	1036957.03420883
"811E"	3713825.56756172	237497.519839977	4480208.76259327	8443.68178499997	3422485.07364658	29054154.9709932	252871.88319762	275405.864250404	231634.096288709	1766619.75013316	1755893.98588217	7078230.51649024	3430070.28999045	21993058.5786687	577515.083242793	862511.89172728	71792.0949930842	1897774.09160427	11576248.5819483	111734.630641704	540233.090475331	2736112.69148355	180236.799384028	1706505.19076558	1021462.99808648	18580191.6341262	101814909.336471	207808.620807447	70976.1710610376	22438560.2315757	190948.573416754	10867192.8316169	4424646.22906445	1581082.27309579	113953122.171707	73166.0924889528	19826222.57713	47095240.1636923	1004836.96510477	196109.160140761
"812F"	10579179.0088775	1363695.50111416	490370.769966335	140181.545041922	1858922.15767914	7358695.59435654	403131.623661718	1023620.38128355	38064.2267483142	858994.970907651	862535.460669056	673456.075701841	3221408.89997889	4655471.43809536	37269.4560823825	7349148.06735979	12980934.4594726	278235.952583731	1929351.82856464	80543.2549139685	1739963.13387497	70077.5254940906	297913.88257567	2104375.35682144	1355625.29996999	3074048.72426009	752968042.713212	8414731.21485296	137422.540691693	536708.335989354	309903.41547786	9868363.44776408	20062409.1161341	406104.074539754	11659214.8346692	702609.933077044	4354231.16246361	7581855.32557966	3381589.48315542	27038.1155579148
"813G"	5353955.0005438	408381.237731597	22091289.0533473	21995.1893996402	1119283.08916917	4855014.66850276	186803.011900058	23401753.2412363	28458.2548347158	864915.313364577	263193.210535867	2013954.76657938	655350.251876961	2375487.23311184	577206.019536963	857793.707469623	435712.825362421	1341382.69044683	154019.633329862	1576734.44130441	764937.254785956	168959.728503195	3446069.31827395	2189236.4584457	23788.0429166345	908077.03467007	14512215.4591866	4355231.64955196	142030.397217486	1669995.38447515	4982980.42275117	100774394.893929	270769.996812308	50429.1726876231	4037247.89262932	154908.454065565	483294.226980977	14706012.1666057	3184371.238086	5853306.78712253
"814H"	115727.796819147	542991.981901579	4939736.94379299	97872.821373926	1946918.24558764	1191931.90362304	1370033.69814154	197764.055900585	84606.6613321216	3880166.66469729	6049277.33592371	17239078.7591821	29492801.0609516	1560419.25379546	70450.9376796446	2369094.61581308	8316638.08119792	10358552.0993635	238513.089757253	577185.743212196	288045.881947804	7052773.18251639	121726.42812915	849820.4368168	127607.160146709	10509235.2331937	9108988.44102602	1495723.19441676	349258.107507208	20665700.2803968	216272.522253594	3998461.38634629	12990550.648976	108388.634793294	29682230.695185	31253.0480852399	1734190.66452998	17070243.0589512	65254.9681372285	726849.817874705
"815I"	9322.47753964437	174280.151250672	1491307.66182103	153772.730986606	300459.815358896	1421676.85753422	758030.167359111	148386.660088149	15138.677991118	520519.903005488	119443.700235227	5232674.48807199	5244328.3773489	640167.047158136	69080.0970421384	205774.875043581	1912452.2475362	2076498.64111628	2524665.64244526	92485.6416273673	203431.565817721	695527.686036745	420426.556363289	8765977.36616673	137243.025228611	268221.521417297	10994612.5345298	808440.383343023	107381.254368397	7598012.31022768	886899.335623086	4204656.32894616	13271945.379268	334696.614998419	1095215.15939906	39945.5321371038	15565932.9242442	5412752.80071805	397312.987486902	266356.732357696
"816J"	919638.093287924	2020578.44935391	2753110.33668115	830966.611860988	6773567.78070866	3443803.81190474	522394.785071864	794871.717930874	33726.6730520102	2083488.77697509	1096725.14442802	1460096.30857337	469594.358468999	590008.285993759	375585.745931185	532525.832564435	123187.491497212	132946401.708936	275247.76377753	704604.531012988	1552263.98044247	165578.407730742	1715047.51051351	5141093.36305074	456280.403604841	2786264.54432964	13591865.0010224	783182.555456262	53520.4491129946	504023.522002667	23065477.2993078	181075411.74773	5451332.45949728	196874.37151262	11895733.0830455	232624.927322814	1085744.64644651	18840910.9759915	1255956.78946742	393877.654558346
"817K"	413161.699504503	198819.154953609	1390264.41051333	22674.0655276926	294189.145671341	1572821.71456554	779922.524886588	221576.666066082	661284.101582517	1074025.34243272	451681.66311559	468133.966971069	112323.95233861	84844.8070486598	17558.0850623649	805632.553757657	303857.001328317	395301.136532966	3219739.27679253	195348.786067055	248575.634861098	12455919.153958	2755815.33956082	576383.375913258	243574.079931232	1768885.92949034	19924303.1305651	545280.608202353	938664.93337639	2124707.96848552	559926.825815883	24238191.4464092	3962956.71764519	937509.603213269	1367170.1217873	66203.5435990989	3750366.04679614	3902314.501279	19107687.0526267	33897.3019467873
"818L"	25928252.6713214	545348.416284939	4105298.52566457	419530.944889182	867319.841084807	10921530.0691216	33119.3890740132	6614478.66881176	10007.4519891241	231813.029974883	91587.5160645955	465197.976036436	469384.287233765	629359.35853022	150310.074088818	567497.685994326	31659923.5092888	8348242.81764179	4393249.48756535	1250391.378583	3377570.2282875	90268.2341853512	113544.916380137	164516.451478356	3399897.84526111	442113.724726666	39214902.8810206	6451501.39165865	9595.30522224845	2025014.14434722	8040724.26928656	1223158.04524041	5727595.86628686	375326.12426013	24865053.1717764	11434.3308854493	680183.040174156	5813717.08335155	1913766.78745233	52550.6558528512
"819M"	4636947.79094991	388842.854023883	1451629.76577417	47034.7785719611	412559.665056776	355425.610158957	235932.752249285	852964.729761244	155795.905808464	3616760.07774897	115120.00693131	18827177.8003062	12563528.9627125	490196.328155543	28280.9588036473	12070921.3698602	5099961.01096815	20011259.4423803	2720573.10098649	365859.297474696	443638.116939834	3220083.29602822	489367.756567739	2132712.52598095	84438.0697081802	10707602.450879	36934956.3703272	1087194.76028634	148548.793324161	1795651.42897303	2708671.92099024	1181056.07868408	1421768.37737019	938407.593326831	8298165.28223717	309188.958993174	7149336.33612421	30676549.4398381	2812972.793151	638794.101182993
"820N"	3366188.15066681	8504.61708763165	791535.354721456	33360.9283266966	73074.3570699265	12558736.7782596	33400.0507154847	6516225.92882458	4883.00695082262	240128.836927079	2924098.16426128	342038.394291383	1675222.68317598	7787739.29878918	98664.0316561286	2479205.83554091	439862.379831594	1729690.85674375	34559856.4608703	60717.5651323408	122046.995748113	664010.483665021	5403486.10793057	2753955.32755989	499741.206743914	3040312.8105387	84679139.9496546	115389.515290145	277075.981612157	2014969.76377979	9879009.30761116	14715023.2729268	3579452.19380356	789879.192651429	33235982.6668547	135498.504749022	1500534.88521725	30854644.5545003	1169650.611539	813136.419080205
"821O"	1283810.69341348	58403.0840763739	387776349.985058	43458.0286401721	12082986.8599267	3055064.93981117	96081.627400223	1723113.01768233	27656.5025126776	2472119.54891593	2536853.58818213	5062658.23269181	343018.413260848	44139.5792682848	127064.791811572	227783.351681323	2759346.92710149	1852397.89363885	5623216.04147971	269422.952313203	75427.4532218495	25341.0677169458	1477125.40546384	26647882.1367821	103052.053592003	4352799.73648577	104202149.929095	238582.470849339	119157.699701748	3979740.32665952	4162666.89227952	5404238.86055778	17926103.810857	2401342.23342703	137322419.018278	141081.579327366	6997221.79481082	20330811.3208771	61197.784509146	368519.496225444
"822P"	5322802.05308325	174613.417291281	8399182.6742829	103722.690651473	1219004.82533942	2717927.53993096	455495.724306584	197505.957762973	16559.7516133784	15191608.5542496	1011656.18855487	253327.068368642	6693949.20114483	290339.681112058	1180524.19043892	313976.612053699	6363285.71485932	3324485.64195659	387495.758177567	5759732.31544422	1394528.33925603	2316746.397571	1612368.0062656	225038.312083576	254628.405555379	6912592.00056811	96892218.7212475	3242260.93918797	23179.5330577527	494526.129304654	5185413.27144315	3929602.09924859	5286337.9643943	1638975.29523965	196884655.672008	5008.36216337338	812130.426826735	19187454.0580057	1000002.45463088	453338.453780889
"823Q"	3515218.08959574	43192.3539112505	2928615.88275118	176733.003004871	495720.478836209	481820.717264041	45678.2829471174	249009.049195777	34145.910368525	356916.497371298	365543.714255462	7665399.19237481	9823454.89766762	580051.194844708	136203.77882455	24854070.617176	259391.499617143	854407.247821395	1323812.08265791	70163.3681412971	1527149.44238792	717986.161396164	2355679.71525437	8128942.20395056	922264.912151826	13418135.1028065	9936744.66519081	2245873.45295645	41563.966140465	695624.197624124	3752468.40537147	1180226.32651109	3097892.47706272	601614.837259347	19472179.3919331	23030.0178940476	757194.612691328	15256009.3877238	4021578.46430166	67856.6314411396
"824R"	1291605.19652912	11604.6014589497	981770.204822008	849526.877497901	1039965.6120014	9540498.1351477	1482975.38996439	227408.750476122	64666.8136820259	6009166.42749416	3369106.74911903	856109.483876688	246839.461338192	282354.267272305	145764.828117255	113432.432090565	433132.49145726	15238498.4835808	1711083.13997601	40944.0447916206	334542.254383361	3701390.44579045	47666.5127928371	589726.526622375	5305891.17160248	279359.206518218	50731383.1762195	53416.771924772	92798.73726921	1180157.94791996	188196.917529663	9632014.28391835	316769.231841184	185130.862407471	3270222.04357126	111510.122681384	41805377.3351048	34813047.3769545	11407831.2823952	144770.29613579
"825S"	3169013.75937062	7400746.17778243	6238732.31665802	118636.00204529	1950755.73962585	30171350.8226123	59899.5030926583	215729.412817315	87690.5494035938	246036.402018262	510409.904459744	589977.552531934	305244.270968628	1793298.85685683	18495.2589776921	178217.98200427	22910831.0352084	1337927.29034889	3448364.79413021	12559.5609800066	212790.813473834	2455594.54268594	1408155.69751135	18493509.5396181	85120.5781974654	8705442.00971292	144814316.537072	201192.508765554	232244.128616096	1303643.79640435	2595962.69569158	1863219.73145482	2863190.62150618	9272545.02295055	26167788.598954	192382.316304888	15484253.9343123	5118788.16618938	1811493.62201735	407911.092212827
"826T"	472593.50685996	155644.026877849	793474.596156873	3352231.38876555	618799.690645084	2494784.53652085	1798688.66679346	56399.6190431188	46891.0944309594	1479740.50430596	1173481.61225038	1643000.62003019	212765.108902045	299892.000756584	56365.1746829461	1988422.79622156	3265529.20923292	5925749.85865773	676394.78101618	396052.976003633	2919668.61955431	677989.374501145	1460820.01196732	3080805.17391232	107545.694214905	151920.195487204	2142545673.70101	174614.773034781	4477.58091299468	4312644.63095967	382282.545493748	2595169.16617302	3290018.15418402	1178209.93752053	18173522.9452951	416515.766787558	21245496.2424632	23672528.3249441	1773886.49851309	54357.4298127118
"827U"	934207.969002808	79302.6470634671	844280.150191662	102191.263206321	1416210.35937339	15641748.3058123	180528.085510008	1047161.29233877	146351.330772247	78090.9732800249	458438.779840733	2361852.66482506	967797.68038505	1752794.78679794	842057.248219313	7866666.07976391	9402702.34119491	3453591.75797573	1904068.74426539	2663013.45201071	181147.376404065	19363544.2934353	10182.6893978866	21897575.3868645	757450.592705049	6098812.90106744	9510360.66795167	725421.952528563	334437.121539253	2081260.67577903	3142008.81146944	7541372.65321836	57033258.7405727	24767.1503777052	94594222.3956903	204841.780875132	1111145.58161768	22081592.8819406	946472.303044077	999243.636979177
"828V"	769595.541704012	339453.253859164	6089011.68307542	44530.4556449555	91807.9594799904	3789684.20164385	1458648.63082494	3340557.33722761	102429.727024892	634849.10158736	2107523.46618264	452813.765671925	5752711.82788064	1938341.31391724	143462.318421699	5009109.6322838	944942.998149119	580120.646121582	171287.656093308	961462.525582347	226556.130671657	2595259.74715063	676776.445426585	2240252.26041397	177035.999426853	635375.386724913	111865846.137995	233124.239092724	399432.459406557	5679366.83876697	3522202.94450756	8528707.12576071	7418804.94492488	21218.3453228561	26492105.9245206	46651.6500990483	19509344.5225663	4173680.79363793	219080.805318105	13616.7305320854
"829W"	1401586.22691487	279376.899313072	4725472.15215657	88877.3097755175	29403.4113167715	36915774.7364932	6965063.71399762	9179927.60343581	129461.258458156	636714.184066441	165038.366539815	26323412.3419749	4576823.35522029	854014.520356326	1774707.8501408	236267.895032143	4167480.68046973	2766367.2767575	442555.305788253	315790.219977069	278263.932387815	437293.055021552	503020.214723399	943094.107212748	512024.248117042	434134.658213683	515835956.043417	211598.621691715	88582.5880062346	664121.836902268	2578992.43894856	9685612.34470971	1063141.01940299	987690.43447934	26344543.280356	135430.811903311	4275804.74167099	2908510.57807936	3630621.07401139	1110182.17818
"830X"	37954883.655067	1038904.49423126	778516.613215869	232467.477889622	565215.549504883	31096234.8479145	351967.060578682	1757966.2179087	4197.8987439099	1013696.15678151	436683.010169083	259935.796066421	187405.855314561	544362.953710487	23619.0562921561	5206452.00584845	3882513.66089993	4975209.14578713	2152914.76243533	641972.803504682	1602997.85278689	655500.734548967	1876886.80428829	577305.746324012	16485.9533548655	5963632.05818624	112151343.943431	1347901.90588855	215218.526583395	13717196.5729921	775037.895707722	12525669.8548528	2178600.87400114	5828214.46931671	32277345.6571037	63923.0288953843	2860418.66467345	13771462.6799083	22097220.3149319	3551889.67276613
"831Y"	15653396.93114	534315.912273186	4982440.73940864	81102.4458342667	228795.30248269	9713919.79983534	28792.3818701718	569095.683877598	146703.63003461	46931.5922359382	444992.851086795	8138860.11453372	2922661.59242374	247356.78107164	1751.45546546784	8096606.13604005	1292829.8825688	14451803.2490646	1827556.14311693	241887.7510741	332027.515357111	69561.7427709411	1876437.17554867	2869756.52931683	4014.99710941867	13232100.4917281	44537345.3388808	218358.888146598	737526.913715927	517498.555154352	666714.19045251	6230199.88173757	313528.623582367	225278.488167711	4401673.53230416	483355.942200452	2663071.36641979	1163782.76025959	354656.868457522	371141.429374276
"832Z"	424130.952492578	764078.303501654	11214428.0826099	93596.6102565379	215019.838601913	4645620.88553162	1032910.47402574	191947.850141691	41951.4368459628	1019935.63677369	279013.759351	481847.787905039	565957.858513468	336557.664964579	147208.564244909	502064.57522664	5523339.37488439	9222374.84359482	2714686.1734134	1125908.64291179	3019341.35505195	980981.997958601	2744255.74245697	3030606.14203763	198213.095840356	476822.265226598	30290136.7237524	7459760.32931825	112025.226978573	1009966.80619242	342193.949451872	15778752.0273763	2541691.57966156	451427.307956314	12424421.4498203	326551.034951075	3121110.43866112	2225888.09308557	567833.082541291	3284476.62464317
"833A"	3536024.40623093	698167.779966179	6378288.17059517	247541.389813061	132627.541920571	7022735.47424363	1277174.76058064	451699.202550877	67097.3270126886	2445841.25533924	1331805.37621733	7897578.32405944	8155579.01888351	6956718.50156854	174171.501085761	1964200.81753814	512113.560223291	914516.586255387	198400.328659689	304258.978976719	936893.119903304	307523.432320209	464312.829382217	688749.156414059	1196769.54971759	2334524.37229467	14695666.1819437	96194.2256299418	24642.3375624267	2977901.90170432	429437.032925791	7665398.41404759	50442490.2400541	60522.822244822	6910733.96900529	109952.811269712	308763.119946047	33239721.4225008	34804.9427000773	14750867.1625094
"834B"	1406515.4194881	1259088.00580439	5104763.66735902	12016.511563024	143336.181412666	21296840.4324262	98708.84944194	323591.601480331	229399.073149591	911370.088281215	7463.39540149558	953963.265528571	329858.860492491	603382.525280685	373014.379167255	16252002.0123637	718921.188905042	2732547.08159384	21970163.6275083	188036.699373155	2819797.8208695	1278516.11334308	123557.158190341	2664621.87640927	4019327.16491654	2698066.24182353	6881505.1579699	965700.752512951	392820.008017177	1400742.37213795	1108364.52445524	60341063.3278175	3254891.04051927	909004.414925653	3186536.53198076	119457.175031135	2434491.41371219	1801482.41968638	1388732.14924626	473842.731512943
"835C"	35858.4349426223	415314.277278626	13439088.2352306	54135.8380139559	189602.095290768	6547000.62064996	14992.2823223323	5702549.61794756	227037.447222311	3590579.18408298	34865.6976514679	1935583.49063814	5217832.53805561	21326.5927602736	293506.795097379	7337505.57261642	162123.274186605	5495364.46886346	4127417.57775688	146862.427731808	567544.417838592	320367.968609974	2385292.33135008	37795031.656815	423739.882404789	339622.053253574	220464887.774638	7516836.15686901	51562.381158582	1157504.44593986	5698810.67592759	3004816.11280817	12802534.4130027	706812.159527774	22294801.81615	195791.288656106	1435357.66312437	6271586.68986442	1440321.6828739	986158.412457157
"836D"	1418444.77434909	283221.595315663	9924906.69484828	496932.651007629	129847.476743264	602041.425466866	84430.5005121106	1703944.95702682	127968.320378472	329095.689428795	514680.032319268	8534749.00809145	441693.599433283	811856.304275119	109414.302274651	5386167.93706183	14046257.287093	5705238.88713833	3401522.85764844	369913.721295605	360479.300034132	647238.705421857	8964134.32669152	2223350.8341656	514087.673757921	4556216.40344302	34173608.1304142	2517265.69489084	54650.2904464352	2486310.61607494	171630.483666541	7154932.23179743	2031562.93834626	1595801.46507555	60949026.1204598	469535.436365826	2813150.80476308	64433969.2570826	623802.672852881	323274.651451555
"837E"	8255906.50836429	371761.276384018	22034897.5820926	5582.16627501334	52449.9382225919	1313960.76525435	856495.161674951	2087290.81191716	142782.087280039	667561.103344647	215314.104594739	6978959.94181494	3006385.82801528	90549.0853767071	3183311.36529817	4179468.50902868	1556482.65492303	68987525.7382191	2553132.57172686	157999.703481158	1077438.17009705	2108924.54400549	855993.517493809	24123336.2239415	263436.456604958	655670.736691356	86915277.5783321	1744646.86384134	124096.14027483	673124.7421113	2309381.56009636	6451350.33749632	6830532.33056403	345697.82908313	31397874.4136979	98545.7162763726	1000566.58689061	1901267.14066397	321460.174935201	236333.469386711
"838F"	2328649.17072112	19326.5714374192	4642098.93042546	97417.21835241	2391780.18916883	5507490.28493514	1011846.94874974	659558.746747655	18569.70817975	1725827.8968085	84458.4270028991	365515.705287954	400698.169016385	342383.895427419	202458.453684084	4000393.56099555	1802816.00963282	3834798.22416045	2403581.98542075	11449137.3295656	878718.406983056	833722.917215067	1334567.85111442	10212121.7301996	47316.8313484608	285641.323905698	349741608.245934	353176.063943244	12191.1314846626	11238634.05587	6828483.92364432	18174200.0197458	1424556.15557812	7352243.16266108	20445793.8649416	323468.475065936	8287618.52664511	29721195.9864972	2554395.73060634	178476.880211162
"839G"	218285.708089458	147808.184237631	2630505.4667917	69897.4150538373	197486.679358098	6484536.23555403	38095.0025569029	636476.592153603	16417.0709698863	406046.77993569	320416.378903693	515572.657707845	943985.685974593	282477.654070434	282194.191959385	289637.887562561	1074355.48708168	8656953.7910072	16864398.6319824	2903395.92690968	615673.380600367	3429784.76575626	317178.456296015	3196734.98782965	708945.82597154	2203056.00563217	111108688.881257	335396.631362359	1210425.66974637	44769.6810708282	7087261.47027039	3138454.53597792	14556836.8806679	1854221.12226759	119352294.063091	328850.596456219	4827797.47572105	3312512.74910017	2087701.79497927	397551.669490486
"840H"	1574666.15714852	342526.194241471	383106.506810343	5188.24752077847	100361.453306183	5619618.8093698	964550.49366538	742871.181236741	14081.9746248238	150162.858733021	1684941.76969709	1512838.54860842	5580645.41308056	281848.904565941	85934.441164412	64471.3711736986	5704001.64210307	4718223.02121123	2915434.84378341	204639.137761474	1438678.16897432	7128905.98555554	15130293.7575251	3253525.33225563	325725.210975237	2020700.77687331	32118764.1619977	1043929.15694127	199696.490175663	966396.433814664	236207.389681164	23129849.0293969	2123278.11297754	905424.717966463	10045953.1560436	594270.741922447	55629121.6790023	1046030.48601785	3603557.07332974	112290.325702538
"841I"	14486598.8804409	1186061.93651533	4903433.64005703	197097.884531155	38044.4373625057	1647724.1912816	203930.827870821	16572767.0541573	212163.536726955	33742313.0474226	161885.434355045	2184098.01527781	14825955.7103219	4006324.1981822	108817.860063932	37973.2691538223	1559130.32492448	1049824.66719412	5062798.51709499	53357.4678087869	836338.43382456	71828.0667168552	98770.0160700468	5904968.35884364	599258.753548668	641978.731767874	144493931.958154	381595.919958308	44252.4404911074	1908086.43896671	639929.079974187	1313075.84339387	6106575.03832009	181015.277677528	28338922.8838425	71364.2376216188	14670967.4024561	7545000.68277392	287063.935534593	103718.749037306
"842J"	762455.968336595	233396.251160816	1053893.13513462	79500.9947765794	10844.4595172305	1052886.11579449	10283.6613740404	130696.486879034	70444.9976129337	906015.207706219	635214.269066434	4004085.1159108	5454939.68229919	2021139.64623436	37271.6127977951	399697.196152853	587907.172937235	23921013.6951632	55681670.3998779	92335.7321665753	399493.717062727	1530417.58609136	201648.475976581	801062.364788664	899343.602476075	2189209.90456717	85834542.4314545	2009241.82413967	621063.013927543	3026421.57296249	2811932.06543342	8690464.68083805	791354.876775283	89649.8054386653	30923274.7108771	212671.151895221	11269437.1116349	28240390.06842	180252.247644976	1024799.26710825
"843K"	1317788.03955552	477766.440168768	7767969.49760519	66265.071059067	237962.437948594	4853669.93993233	72931.5837386107	529696.237510227	71888.358324235	2483608.32614387	29848.0122503254	18032005.34526	4497028.4398177	67517.0691804733	158163.898420755	1382434.05034135	638886.574668673	2276989.64900939	697196.073371274	752040.224596156	1206980.02696035	642121.060229717	28547.7419308942	5084374.76624567	452175.252965151	2445647.69141718	857218594.72767	891725.914377709	179210.081942898	175513.881536989	671929.233845525	39314934.8021033	324248.791290105	429540.561008852	2038337.0549135	215345.419324524	13284225.3098368	55934159.4926016	5043832.61930515	84915.3839743865
"844L"	1935759.92174676	850607.176171208	7661514.12543467	53926.3799089494	139695.426272801	57226262.0435751	11305.539763148	3996575.9201197	1433100.72242874	711722.322702002	304690.557738854	1463272.82280261	13547514.0080335	158494.390319729	318812.736199517	9788258.06052459	329952.007515106	782286.670562516	1351621.24899711	11599742.2715504	177692.550511647	9680784.25728616	731733.87396893	535855.518328586	170104.396643515	5779010.23530146	10411823.497056	395710.107959776	104734.287058518	8258767.88601411	3827729.70028172	1047490.07851475	5522783.38817943	702655.532787051	33645709.8288775	575225.854682367	5271247.89386348	10121758.5610429	2217388.6332107	341294.983977961
"845M"	1036466.26754551	342668.490429578	192467.945750843	60128.0749431872	29268.7471250372	3601461.63691799	528397.193959455	1209284.60233	241253.101745882	111567.680295037	6324846.14193649	3700288.76718708	2090735.64489264	1458086.79082958	129178.461155523	1069419.23893925	288022.709089521	5633696.80225779	5888288.07503836	3560620.24088584	251218.811424051	168696.788948164	104573.148239384	1926686.39755634	964583.521449229	113596.882085859	502268471.411425	1385185.68777874	96568.0954410186	1006477.58213059	323446.324247855	203684.838847123	11642492.5868539	234293.691183306	37430436.9598566	70503.6016269244	4229663.78129999	12566312.4889513	1402671.09138441	400695.163818471
"846N"	384869.337392912	640579.514954356	437042.690857911	751642.793858403	2023030.61465429	7089490.56823871	138849.45977254	264769.244963126	80064.6890504181	938797.825468146	96538.0724415741	655500.69623488	530212.581815384	1146335.01811647	95766.2985549345	653553.804966846	302597.616791667	2866898.54242135	1305458.90474112	1203823.86812455	63677.3473373177	411342.663866467	2040367.75723561	963484.487713182	29284.6517692935	792612.965501886	246680927.600772	1894248.02516984	223294.546163083	2802027.832983	616258.436188817	13680217.2566105	1348795.00371863	191506.050617832	28106363.9305679	60241.6210652211	56332667.6669539	20591137.4440219	9457305.9286783	53402.8886146276
"847O"	30359044.1169863	150636.867792974	104740.867839667	73063.1638618104	772815.76077763	9980069.05619611	62284.946651423	1099991.33557656	103314.990853631	31301.2936056389	46453.7385304038	1212392.07065505	2794528.65552144	4011808.1967502	485379.363930129	116602.085164654	577815.330040175	1533701.7948452	3416041.1736124	540845.185702612	70701.9280836955	916476.301251288	189298.904924509	999033.028446972	932207.164209034	19657242.2835625	49988810.4362604	506630.634330411	129927.468817275	651388.161718724	555936.574329458	16708369.3108919	3494172.05791004	49456.520137291	433651657.444319	20207.9434084292	11337960.1597517	3140970.80203809	6864013.62292122	112399.083826893
"848P"	98226.5589330426	148906.981803726	2638553.57307855	109998.552278005	69896.7003856546	1278095.80124524	144256.795475348	3903582.8262504	182993.720538346	3433548.6674957	259697.713861138	7457300.30960002	66766502.6445152	574688.422096896	42004.7262081678	9181004.52724122	738183.00358631	23164062.8355002	285247.858429531	1840908.80115616	1906223.43021825	2821436.42506661	820658.857615628	106387.357777476	14490.2260920578	138127.332960842	98707377.7363952	543170.753092045	28874.6996694241	1959348.47008771	116379.782142967	31813665.9188174	18311717.2177568	102071.817980374	19405501.3157422	382938.969775152	14579131.1759631	2887334.81404034	1093681.75960967	804840.144049521
"849Q"	1047432.88101287	72063.3646325314	3037014.93102563	50153.4830795318	41758.3199858238	21857717.7897564	337986.023290415	205761.536547383	31180.7107357828	3959045.60496861	2241916.60688433	5374949.80117077	193224.455150161	837123.79943252	359778.703785153	469662.483005839	7434135.73105454	8788755.25807072	391454.057880495	133179.667016997	2238371.92859783	1161802.12995253	293154.598636794	756876.181368695	80625.0209463563	564992.865628247	40334032.8570941	1333580.08028817	275916.68335294	1466380.42200448	1853873.44206074	35518006.8474605	12581385.6203696	961458.045344353	30514488.2362035	87237.3184831899	621248.641808059	822409.279695755	1797142.86316279	287070.744808526
"850R"	864971.608376192	6879057.17833324	11929670.2658626	83025.2511578104	416259.974572512	2616785.2487238	125682.504628784	2430812.7524358	393897.103375496	1009874.57355448	1010953.05594854	2184027.12868825	1746504.61694828	1543729.39727396	208240.127699234	12785572.5251007	317261.654981275	3437584.77213712	3168824.17085409	3421999.88852443	547310.923969627	7380874.7321209	82770.0788813317	11419627.1016362	901173.349000613	3614075.13832896	330790791.680511	1160908.64349859	57092.5513568755	321817.280097667	183662.878684903	27576632.2432638	1549997.76709356	490983.416767949	13992206.2120567	1355221.22313495	7867180.7306038	1886589.09218928	203996.094531075	19629.0823659219
"851S"	376581.297284995	133517.492433324	693979.880892936	57501.8296389891	824919.813423648	4351229.36330341	1493970.00354207	1462075.64597616	52446.1351126362	761132.00927065	307247.703586529	1528045.22212157	591965.499006757	1279959.39770846	73390.6529176178	1897658.7511222	351353.118767899	8226022.50567095	677726.51491887	2447598.24441361	458011.964026364	591523.039749166	7309548.69566714	3733145.29717856	190547.906049405	500155.342569003	219685106.902011	760945.956522079	82007.9868714003	28801641.1849763	434701.369320073	8313335.19683453	8801083.20046273	77980.0778410886	571109.821063907	95426.8203658196	37306070.7286787	23629039.2731135	227744.610800175	24713.5178152065
"852T"	7137435.5353651	571518.104965357	897316.126194896	321643.564458553	1586964.57421513	7628279.97545249	1435765.55311222	294134.08109898	187318.642272994	3684079.56627173	1858906.42245459	579870.158494363	969446.218899951	2850700.96692691	301171.586859055	2414379.57734363	2720613.81884724	526114.638393092	315430.130908941	159315.816891936	1094752.42489714	263989.818952932	832602.291936961	3546363.23300713	49767.8723457156	1618084.15454633	144058892.058001	960494.184653369	29989.4422689214	4177514.34351185	1265872.42426833	8128320.74567327	2114382.30812408	276678.348559099	52742118.4943616	48479.5091193625	2185109.32293655	43216975.8129671	2200569.91797749	1476144.95556107
"853U"	1517879.81238133	230850.223404995	2086055.96194389	127701.596314169	107864.591204902	15329546.0625466	37589.9979908323	18087306.3311697	1074646.19018229	10187086.918708	117631.805108257	921305.308677396	901965.911746452	315264.861935883	9650.64180046642	3132069.14611731	1151022.43290798	5193814.7715862	2133149.45504993	116597.205817261	2069343.51233513	1520371.45973389	742913.776477835	1189102.5083913	386005.161897156	365326.540533476	71810077.8460183	1200926.26975917	361881.959770168	606594.240924637	2057620.19508768	1292216.36589605	4330310.99541725	157057.848732881	9221599.3546701	197224.90140952	629352.896395811	2063984.76169115	789053.634697875	1233228.91402748
"854V"	1610300.16742123	421558.451695068	5662314.0152591	660128.461719532	463474.238696329	8920352.44130258	1234345.50771179	839384.949646885	126486.506957303	178554.927558272	602510.231172737	1405257.94854803	927061.662656255	159838.695709954	143260.239712929	205371.54010346	140663.89301222	273839.809345625	136275.800924204	105849.777085081	3725599.25453539	512299.978322874	3539019.82916142	6954324.02037364	352335.688666466	4241306.70183371	3591750.13327773	422187.887794425	132643.681826606	6190510.30421878	506905.677198764	9060723.82721202	142942.068042461	268736.866560528	11002991.5998578	189450.216766782	7605717.84773323	2599373.65411595	474527.02696652	7733854.45119814
"855W"	175375.965221996	318784.996333205	6364976.178901	222293.388947811	918453.252990936	12790352.9846656	70775.557053475	1673190.29747913	196871.266574017	878053.282530416	1123703.20745919	398069.411232042	1004832.97706107	33993.7780163602	13678.1752433503	834026.654855956	83094.1040308717	380703.876706657	2899747.24439057	157114.864440538	1295272.31639163	3666032.56364659	512109.916574139	11894249.9424541	145145.162064535	664803.311522954	335259297.018591	2311375.176408	191440.89979291	5351417.35942466	201730.240206864	7670672.2393495	668438.519072988	528507.871411603	5176042.69008188	4831.1750661771	4210379.50658792	1952023.96794651	985714.67852188	902472.550785856
"856X"	358046.654154493	453835.182957529	1009132.05187019	483908.189925072	294715.953714887	5256963.12749801	621904.382650025	18586411.9244291	1820043.51613371	117279.210568993	788197.686619442	3941786.88455729	2704241.46527039	1537564.36399302	333256.246626995	903698.225921155	748056.069868748	2587614.67673538	15095787.8313105	269369.403536787	451673.888219529	114404.115149266	2356561.62642384	1230034.52488121	5438093.487382	116193.427441308	44165119.2996056	248780.929748528	312360.334788135	1601675.39779529	1682244.4653281	740392.996005841	3167067.80325913	1724150.14163797	40267262.6445741	8139.82465263067	2762935.54030033	13934166.264269	228504.327968096	1114923.76867147
"857Y"	161401.87217566	107529.656143152	1731832.33667601	130263.872396933	57005.577176999	1798601.57932001	390563.397619896	1206631.7375424	487382.433972726	796106.555152701	168882.758055535	862299.580606804	351409.341818951	188297.270269709	75044.2298100385	10682402.8359907	327306.697185964	50909135.3601737	2365850.88704593	540564.52320566	657647.264165673	450535.602070546	149369.54491973	886156.909486593	152568.997916388	4053916.96063913	15680304.9126285	338525.689277259	612274.560346284	202334.04232622	1329902.93559006	135544462.248414	43887179.8392708	652960.084846817	13799525.1800899	216021.509217686	6269705.91996906	1999629.6072496	1237139.80378416	6046749.22298606
"858Z"	3762638.12623172	1155345.575617	8456927.28093664	5549.41740953182	632610.637388818	3234064.7115653	2506242.11919888	1919203.96953509	83351.4303940737	565856.118669794	153357.620636475	872304.811385664	1455405.62296285	93316.3446275645	674113.847305555	2017068.13042801	2265754.6229199	9719556.07406199	133459.532438502	652123.566492052	178061.42409153	320170.869951566	260494.70369386	3742896.86217165	238376.151877642	3276746.34902798	80289652.8442924	6088893.39635065	168545.061279999	12128222.9134546	1406645.483808	1648184.9875135	15095789.8265294	132863.334312566	98725808.981765	210932.821542962	12054118.6974581	35792479.4428864	3306446.90920634	50871.0902357875
"859A"	1734689.09050433	212366.357110309	3313229.70374989	303416.704373705	19726.7662578753	43842965.412673	203081.726085145	2439425.19785752	135309.954974527	444099.237167412	1519740.15404945	478756.300886463	179787.561280877	114110.840884353	484462.216080791	3334908.75956706	4121852.26513501	8303230.28597	4346527.44013289	5406948.27401193	5154402.4217797	1798896.37503497	1798701.42751688	637696.650415983	135349.659039707	1777665.67435936	168150044.089483	6496317.37430413	140591.916242853	3798609.35819508	1337720.91711422	5402749.4577605	3625154.59157655	916992.520204059	46085418.9424219	105215.967820995	3098345.70710938	6585647.35803698	334849.449763836	536561.669904671
"860B"	9298410.08463202	630780.799086396	4940326.42462655	124047.263202132	262809.943422706	1621619.57838317	83997.6374715482	844857.269929679	123249.494096426	4879332.07525077	80396.013036462	6104461.04865856	973855.864569008	272330.218051583	379316.616281714	1955142.03742781	303753.998320895	13924410.5397353	14556972.3079484	162288.579843948	129190.342029125	2060422.86006318	1036483.01514159	377329.842100138	29126.9377187534	44756079.200654	138372198.160328	163895.857044672	83173.8410284938	255496.811439092	2354909.00151269	3975209.93202151	3329412.21989245	533329.113952088	20026489.7326423	134014.29407361	1467023.93845228	2521788.50617319	248406.862363105	764000.318635243
"861C"	22445374.8784476	51563.2140365515	5394345.00735268	266788.616460797	356096.181321007	1878026.63843462	248642.180835397	198860.86101864	355930.611450686	1037249.46691971	4601414.3309753	9204806.44874332	762002.593013331	1746880.45968818	10667.7108950345	771509.627511483	8770142.85192222	71536857.3556164	7349391.37630859	186894.685073284	1546319.0621679	483784.795909306	1258864.07156279	1159213.88203249	337252.345944699	1708994.54031346	601870710.064936	3288290.13003558	2581.64271942374	281948.097578545	294916.172489628	8101055.75805618	125740724.566442	192989.871149854	23655924.7903664	28196.3445106896	11135864.1348714	5918684.86951608	3710178.09171554	349692.544462149
"862D"	3230728.03897018	101914.779415339	1296475.10251345	4192.57167091607	77913.0554813476	2729131.36695118	88097.2029985759	523585.518483897	409885.387881968	1346050.93941803	81684.307286894	15174510.9369373	3812698.71570814	667443.69065797	2253384.70669687	1203950.90931396	1402802.53771036	5759316.79100932	143179.397338591	644423.919630036	905877.354956076	132753.363421679	56279.6222572279	197607.873736697	142049.788452939	1187232.78227644	168537196.212514	5116777.81845743	22945.3208934232	4279063.28444741	445610.576559341	9230441.47631125	33152922.0304135	798376.915056798	16237549.0205286	334130.443648101	2568141.01706833	85535836.7145259	2533944.69314219	1755535.87367191
"863E"	1717879.52135178	42412.6243943725	3845309.78889972	36465.6308241293	6567522.28646451	745767.578382448	21524.2249274468	446045.194259299	174692.759708059	2592801.22269986	1619213.2736234	5352960.84792875	1462075.55398238	1214886.77353513	129514.859001329	135918.929863575	18098182.0900229	33827753.8542405	252715.050500341	990612.799682632	390962.753214826	563672.903851466	216228.032660591	423817.926054511	2066350.91547603	7752540.88848268	396688303.952301	4861282.68826424	6331.62510986967	1283318.25184118	1989782.06432492	9680843.62330969	2200249.99765352	367678.287608722	247310.08261882	9268.45183182124	3884407.64858857	10081232.8817994	911857.783777692	154516.303895714
"864F"	2739067.92576999	539684.36626544	4921828.09401696	76872.3576946697	3855702.86038358	5874307.39472564	112116.963057161	3445066.72988947	157504.461292738	1413094.46077715	956264.161278837	7649479.60234146	4650084.56432204	2687462.38744181	47355.6791895245	1216365.00398961	1892503.91497919	3069975.1180176	1591326.29611246	139427.748316812	909305.120975676	1043101.97541179	1790139.02216709	154636.382787423	51087.8526513573	7557644.53079218	147243584.216587	408744.265850467	1345740.71106434	267385.038565631	12882650.9137814	8569562.1662854	2615469.15555352	306733.437653407	7790873.22966812	238293.502007018	8292694.59276265	6170938.70178632	2885463.72156853	966234.234025295
"865G"	129378.686133545	319470.475678184	1939750.23407644	24596.0214437247	615057.850201391	7590248.11475689	1274966.32078675	3403955.15933414	1205458.08951427	1373304.84867335	14487.1019934004	144408.893626496	7581757.42847686	976743.613857281	513485.766400047	3166728.06989776	3842879.56312116	2529663.79305118	10494017.4667028	865143.935210835	3652888.81101859	995447.399048853	195437.997234454	3129638.97307881	790904.623588085	9886856.94889934	23884476.4486134	171797.846395484	96034.3992734164	13720190.5580122	977684.424547091	17446844.1566567	1670796.43162348	683745.744602221	5295794.44145812	71923.0461759886	2714561.06864238	8939978.80390206	14717717.5871863	533137.189910744
"866H"	5455509.50050789	11716.1873761215	6948578.64037973	106817.853134559	798184.827516334	540531.087726253	46852.9507923594	275838.20029895	212103.241266	1007088.98621132	594934.545103571	211880.940180292	1999386.46147418	686741.118966281	72001.0563339061	619713.172572266	6229303.63171186	16049198.8402497	2175057.43124472	1237293.13871213	471826.409716818	104355.562991297	317615.597446209	13573456.2956572	62975.8181333035	386321.147889303	63649869.2828644	1665874.97997516	253625.764347953	21688647.3341035	12041947.2879508	13559608.1575701	15745198.3352452	729097.320914707	11121893.8562273	241289.468935634	5108704.50462636	19684856.4106727	7160198.19690293	5092584.05230318
"867I"	643220.50516944	1567199.67092299	4371946.71122197	17775.7312056509	443587.668648485	1641793.31541012	55293.9796671561	467086.447719731	753619.701392199	212000.608181735	111381.532020766	446637.095586281	341668.445250894	162037.305597246	639920.218463857	733140.274410403	821857.210962833	1486191.40113306	3766545.80138173	201640.611670162	1198178.54823906	59763.489560161	1267462.58566465	642475.423931476	21790.8571103195	14358254.5056779	1940132.41058758	17082764.2437782	222549.788647662	680006.329125721	1336247.20643277	8040088.39437826	812913.837666095	1042281.95631189	8762358.41817592	72231.1233741626	2072907.37859915	1390270.68157864	9727354.77457036	411862.438631963
"868J"	1371776.70137844	78987.676539358	45428268.8952664	93534.7178160879	3036586.33383095	3654348.6531771	55422.2826267079	488164.179204141	160266.970928237	3466379.78730806	207071.055488408	759648.540139796	3622167.32834702	250219.187587172	109217.437722456	4762585.47957093	2525320.17383911	14149215.5476485	530777.736666305	678393.043444906	4349588.52142105	7763441.43303732	239723.87388773	1239177.72869342	47793.068120196	2777682.61616381	74480579.9949439	3692228.86903596	37280.0845744775	3737365.12005709	62511.4257730076	3411755.76533905	1480340.53699814	4970844.8998877	13249117.8112854	12370359.5168246	2283303.06835594	2940291.47419411	611959.989632062	180940.487524187
"869K"	484555.15291059	1233269.59754517	59536852.4333289	419127.976666409	948753.486917303	14188689.4943046	18169.990848385	2397120.02694545	357247.991538573	675473.70416781	1521246.68997307	3812790.40796585	1184331.32578893	192312.786424667	573385.590414629	167236.420192767	81221.6435938941	568822.412590048	921832.442669103	221749.347753993	3451559.30073954	289701.73592064	64098.0163452473	121644.219561277	222941.557916553	10934602.9860589	55448830.9142863	453354.266359353	45721.898803281	17722558.2395068	191362.186364954	2288258.1467957	3287373.05116871	501076.523268291	42772477.9399316	45856.6987613096	4744528.09397627	295429.233371193	1177393.29054769	635442.582181407
"870L"	801559.412607144	76390.6087144365	1314461.9947938	255711.029721615	512767.746687562	6075958.80939004	4208417.96168161	5802003.38107651	349305.662376632	3315767.9508997	1792664.03424171	870139.82694783	177186.165859023	626486.537505032	258500.411480724	7652490.29837738	1653495.27478835	3460812.74200776	962591.764208901	485677.106224975	1124955.556677	2119245.15914204	204659.723903644	2931973.59766703	569345.699615671	555585.327596219	55042602.7588229	3178773.16954295	3020209.21824745	1776038.32006856	1544962.30061362	19132236.3175865	18492198.9522212	329720.652237397	55799665.8956598	24124.0341582176	1417982.25098142	11959308.3291728	407786.440214253	23739.1102031795
"871M"	200282.573109465	4966546.5731269	2638279.74235159	34842.120385823	135936.890914646	2514900.20444359	609639.457861433	1663181.2749888	8014.48662806228	144959.96221538	47412.2894254815	4053156.08515099	25672670.1541697	4437089.30940857	355804.128672002	22169995.705208	261248.224323121	3857900.11640457	46718.0470912185	8313804.94189012	1335720.17527288	2195831.57491951	377617.384710639	1783068.43785904	466918.722433739	7126900.65954105	89492436.2834554	54033.4436593296	138215.646817381	1426681.19781768	1328547.14460116	53164930.7157654	337796.233048647	458813.956466737	10524783.3451978	116711.378889604	10972224.6787155	4322484.38587231	816048.802184269	120258.102125187
"872N"	720886.531243838	805942.709494064	498589.842726935	561316.605770474	95883.6945982016	11332605.3958124	283717.38770129	491445.199719653	197313.329393565	3538181.60146542	109489.005797252	837723.667783329	5286152.80085744	1002640.7729877	159604.859802384	960205.987467149	267733.100628986	5402007.66771967	5980615.93650814	171294.182760953	1019151.7804903	313690.564489061	498410.456695911	1032794.68466878	190363.805550053	2562315.3482406	34806183.0969696	2970938.55196723	266318.850981702	1708707.62042308	1109531.05046605	12268170.6126118	303529.518368439	44845.5390486882	42745544.7759332	200063.62479396	4060193.70432203	30759921.5797564	1852904.74018673	168576.037203352
"873O"	384636.609619662	87995.8012677948	6419429.81235012	93881.3515674286	791726.131869019	554173.891124791	51804.9106652266	149403.363312691	30765.745132538	348455.303098413	34716.9709007081	2882919.6101451	500435.492252707	272280.951251467	670890.364193705	1212476.11953652	423135.116016267	5623938.28923918	2026341.62238251	51577.2911322124	239563.479394795	166282.112355147	882462.175207785	7399668.36911736	457868.168283372	3555920.69260223	82302837.0876339	563204.919192246	27667.9608259376	2217441.31847485	338155.547228207	2526828.25352609	859417.509756574	172880.909740852	7628560.88666914	31534.0298828624	8619460.40006553	14748518.9136606	1105213.85036073	7826988.17852263
"874P"	70295.2579529049	372324.558264891	4293719.30878654	16218.7434200266	1854091.64086438	2478451.55529964	174889.316359893	12139936.7705708	38024.5974811684	1950185.63534852	245868.094643601	7470380.56655715	336754.921525529	1302061.25643362	118866.090468952	227974.969561676	6999252.84474457	7521003.04776107	5718270.4347728	314030.679163091	220968.548256555	141162.350630077	169159.637625451	1398628.84204181	246756.568223404	915455.017329644	41835257.5495295	508439.940839495	322047.184746523	1309275.62375419	313558.859511812	2298938.11882125	735864.923939129	303118.713147902	1798883.44152712	95247.3348144129	33023930.8020546	35127759.0924211	745494.022148161	199419.517696032
"875Q"	5871507.7388079	869685.023201187	2207762.55421976	216545.280160011	7540814.83385254	4646365.31283309	365976.503742867	1341738.68603954	18054.8146206545	1814837.15831941	21872.6970355582	6755731.27551407	1106094.2363878	747102.736148425	57831.5675683415	359544.566042312	851232.014336443	4154974.192809	139954.556500537	478216.476209562	521624.81418537	182408.837790465	251136.274171418	470495.339049874	897642.095658901	2448283.95777583	192262584.996697	8813284.24954515	63743.9308110934	23584416.8149055	97879.4203369579	12060162.9532059	1428484.39125069	2903724.41407676	1084304.8051234	516410.811609024	2939694.65206083	13494408.5640561	1134814.48012056	803701.883853241
"876R"	241027.6971331	169981.267621763	5984781.54443457	17025.4934339873	50926.8675364864	5417751.16286866	163957.050738422	7801588.74745472	191521.151936544	111097.830059569	33735.098242026	23663522.1274726	381966.417199083	371720.078394028	423451.329936946	89512.2307527158	1597937.74556276	5606672.46372306	7548138.44772957	738203.353620082	1333645.3309893	368457.837873876	449943.924962783	1059784.43877514	384946.535509889	2367857.07184723	83473713.8869842	4652627.68682909	89408.9407001647	2213623.47323967	2407604.28699367	91104588.735381	4314892.08568376	232128.432458813	13001099.2186472	2988079.93366153	6463498.38418704	2522281.17355956	756482.36273714	221658.462069344
"877S"	187244.68543197	505575.711869622	1371037.76129976	84917.1409837282	318003.651099699	5364761.7182955	59797.9714626148	15214921.536275	243008.471780715	3622902.11971187	1925772.12072154	2484686.58590163	1187664.60762142	7201960.72048122	22594.1687045487	6026946.87816977	1444118.67435596	80946.6857283331	625764.558159785	3214576.00640229	746127.111214066	5298449.3923798	182464.064735137	92760.1101788252	303588.551911377	856124.605240443	194606625.526851	7617766.48174743	616138.149830146	48622.2535170467	509857.574960763	22250498.1407186	4027136.944655	2243432.61436062	34651844.7444181	956989.666113977	597115.499760742	8063426.10287254	1009828.64217054	102003.126565675
"878T"	2493342.66228993	326635.403767015	217918.757168976	6880.95405708193	539817.132903675	3359933.17594635	69852.3467700666	1064564.27083967	401091.978151352	20888427.7889084	724402.908083728	2407085.30462966	755908.824659852	134873.855831633	10470.0658422312	25499023.3023473	66242.5313612006	5747041.18324112	1348495.85944251	1187972.55596535	1156831.20163091	6457201.27774088	1447748.53943872	206602.272768017	183263.61360054	5324395.33660402	4122657.03820914	606207.506146943	579354.582174347	2297959.22849968	5905858.6067142	3706803.14391003	2070041.32406639	1063579.42294663	51500355.0453339	991632.382276279	1290713.78311991	7337056.41985161	2595318.4000912	125266.649891167
"879U"	178219.449606325	130058.756875536	39525784.9668197	95712.7845486393	1101985.11361688	3857401.35217954	38109.8181967315	937604.792850467	5009.52192220521	6775331.92248592	46512.4733926033	1599504.07989731	559485.832149711	920820.552798451	28945.6564105217	2892296.32482265	585231.678517155	1223432.78317255	8152917.62260712	163289.500095094	9896693.1092209	73387.3511159067	289865.406441223	3488554.7998242	62254.1055287513	2615391.84656175	86005474.9057565	590569.197697512	1043793.1932096	2138251.37909939	1157965.0379739	42249773.3624084	1020663.27486565	100301.698988151	1718161.94704255	24156.8742059953	2469790.78950686	3549799.00189112	24052724.4366297	75405.3344362187
"880V"	1169506.51918693	2509100.50886353	1032875.36711597	28848.9042631795	343615.345069568	8854401.13075277	148937.019228873	803112.106318045	418509.242497146	1581971.27126496	121832.341720163	1275778.0940993	1899962.64234149	2906741.21366586	11225.6942234604	328163.123956144	53133.1381665176	60075974.3951468	13161604.1538	1521493.94153422	147172.497267819	292086.339583769	717514.379067798	13090141.4131339	1225188.31615899	580862.487834684	226190574.047906	783146.015653365	255215.849884052	1170436.5668876	4540103.2820779	10650543.6232134	4121004.91236706	923279.41648733	40924010.5757182	224193.048032955	786010.753137548	52994587.2210438	594408.148018931	135527.69748444
"881W"	3665719.95312297	23839.8451759722	16232834.2582399	267877.064309721	424184.816082439	18738550.0141587	69332.5803116399	2810205.58254332	9974.6712264761	88704.9317722578	87341.0273772865	92539.9249960778	214900.749658169	521780.2193847	91282.6355627378	4568544.29579228	483846.198395602	1371173.54099272	5296320.58422225	287766.307906457	266967.91825782	6561310.70192276	434748.574537698	878447.597795063	367865.146071608	438424.355459359	48224057.5943793	155054.598111422	741027.862323079	685667.09421357	1529198.4504092	8577649.09611602	1193099.73251836	270052.456263037	32348552.8597983	231707.129972253	54640843.6133136	35037533.5471332	271981.002691772	141535.933976296
"882X"	2478327.24278176	187392.263680847	278303.514140451	7582.3252060039	374655.257448231	11528567.0885281	490901.293083246	978736.933449266	155749.703976596	75881.2714219757	189398.656585288	774157.99747953	1611184.34819473	658775.301538989	30444.4663129653	170291.238837272	366026.455022676	9384562.87840123	788368.132640289	113592.386201424	514526.25788623	1757401.28302661	390662.077887519	888166.56258408	25005.690689404	75193.4317731928	180938340.447114	1708602.59067361	560220.336020178	50594197.2699241	190358.751338733	7723317.1544213	4069409.22548103	10512324.3724854	8741126.06389731	71939.127484531	1710549.50033652	2486601.69662777	517320.900685857	117656.110174956
"883Y"	787295.01747324	77627.2170445049	6916637.69619802	90858.1064879355	228980.407054496	14273229.6283325	6678358.98782506	195842.168762654	344297.668185137	168584.197406555	224364.814085288	765097.617124417	820689.674253117	668663.229439825	2127057.65329427	1811132.42062868	1299576.02888945	909136.647003228	838765.558388099	984539.009772936	199319.136579528	679727.661513226	14184053.8048215	5503173.06504377	102832.586736834	2084748.93817742	6202665.26548098	495877.066012944	152701.737966467	556168.648359347	2528910.42187245	14022009.7452144	823837.959474252	298538.121312854	8694887.1270264	575297.449598326	3017710.49780608	1783325.06327542	140599.64456278	1052137.51628481
"884Z"	420285.678201141	220290.18133083	5796216.99945522	23203.8052818493	327422.251898887	2368460.09832338	47536.7095325728	837312.174894733	1732616.55279541	7116298.51397485	8550642.32487734	3255445.80075541	221719.412348117	1163095.91106098	123356.358487828	567015.301014138	164143.44365437	6286142.95571031	225573.744374222	771983.267672641	2931329.17405913	712505.992374816	794135.823792022	6575088.27456622	35568.3417923558	10236534.7427723	213206163.670753	3601406.51088488	101175.661192571	528574.356003596	1248777.11154207	3091042.60030392	1786181.26365405	1548078.35465818	2527571.36132102	69773.4419606214	4232368.25449955	4616753.22737842	6970616.1750843	1106772.99466001
"885A"	281885.490288099	1139203.13423258	41136549.2654577	14031.0226715572	522294.074617688	1574022.63765148	2442608.28255048	926638.660903793	2346051.442059	4168510.27986169	1606440.76185638	337341.050886898	1105422.78175786	32743.8661336384	107540.190398249	5843443.11213826	1011132.97379354	10138457.6069242	2345317.90905623	149884.793880443	3301066.67972067	606065.270864637	490959.230297251	4772791.88512019	444258.508073902	541004.383399954	30206537.2679301	278479.109292189	37392.1365924255	167398.711627857	623219.373434805	5400621.01901186	3301328.79882103	380197.280063107	28691085.4107055	847825.048557595	39865695.1533162	16983443.328731	304639.645831295	142947.239278205
"886B"	1681513.63748098	174470.230455999	932590.100512609	1062806.58884769	1919034.38427146	2844731.72970717	5746260.44118954	4146256.68864589	155392.018573031	581774.530530634	171450.67283934	982547.558357248	10686983.6632506	404684.847443271	25985.9846854273	868146.300496327	1535418.68530607	133478159.342135	1196468.39292139	2832074.56492051	495864.713596089	3517879.7305962	206552.746316144	125087.871750888	204333.090189411	1362834.53686484	133026536.613304	4593242.2065854	246771.031253227	2107019.034236	479707.756582974	1521087.65358392	2465396.49106163	361991.471864907	5697965.88163587	79990.4157847583	4479410.32972628	91293122.4000263	4480312.76597398	103069.667471398
"887C"	3591888.36960699	1162876.40711792	13202773.5835887	5029.29596979458	91258.3457898268	713873.705128201	141105.799962052	3431814.64429257	14530.9763745674	994334.038643366	22618.6292251605	6901363.54899119	72524.2591537725	2346406.17670499	145283.003364065	165240.476604494	2176987.88514087	659681.271273216	3019257.50004172	2147995.87615994	1220675.53119981	13892561.7475006	194449.184932467	404218.767914279	374039.300553331	1745576.69726408	40560279.8360363	1746828.25989781	616805.000299479	15905845.055922	351713.320506977	12338664.4318833	543700.544032119	192650.140604754	62562403.1561167	98641.8489491222	21689760.3006262	25363927.7005289	10931439.1448984	109695.578488634
"888D"	96496.8218856231	612273.595666514	243538.392889501	30279.4576962326	758921.868077626	1158702.88050919	767704.183388183	53965.0217762573	247700.904266326	9015196.07389293	241776.635597425	418461.119749212	1698543.37333237	1398840.61139427	35970.1371857463	174949.462164831	2218216.95699223	4956928.83542177	1476956.90533105	112448.915502976	40302.0365142217	47409.5584903686	352808.041744566	8024300.22437847	117924.827608188	6425502.40435569	35183537.7828725	1843180.86153864	54195.8061889539	124149.806406787	4527307.58495211	10274945.6699176	2293563.97862985	210290.729415683	154037284.077898	624650.984026898	1069202.58059648	10162896.2819893	2207500.27772619	249907.446643096
"889E"	15039247.7840114	225251.011836278	1823093.04758425	96117.0991441471	492103.343076956	4321208.94721829	115519.231095078	1099506.59962229	20993.6942559103	77937.5597914672	513284.277919136	2866828.57835104	453548.636883987	5819171.39117391	556063.460001207	8665266.01359257	541154.01861804	2984800.20350702	3167260.4121542	902300.632992113	1517997.374573	1273215.47991225	140387.401428112	2564035.39440892	9748.40357184745	6066550.05457287	296626649.014256	747185.889865604	220118.283963116	5409960.75407162	5969711.83688535	6225229.16796552	1437888.87454129	153174.601450482	1255464.34542302	361640.539646191	395763.838333501	1820344.65185379	2600430.36286177	1178177.32448474
"890F"	2386893.84654078	1109826.97370308	4053864.40530906	56200.5730409228	80143.8126352682	276357.629983881	351727.50046098	1716367.53795419	350262.680773075	412454.627872298	321871.359530727	47134331.689144	10456253.5333196	61601.8076807918	1120135.49745387	528992.755908789	385838.862085741	3394429.95460948	480178.342728788	518774.316592476	362194.154627575	1502486.71615843	635751.806575802	1708740.64233126	457593.507786906	11860395.8529022	126449446.157799	342187.395625944	37624.5439073395	32112188.9915221	1644598.32443056	27710280.5369313	16010351.2694346	1052546.99266431	156405716.304323	1118528.54343899	1980355.25763468	7759002.56716043	1053118.76469446	977279.716953123
"891G"	471037.784608233	26736.6940789192	2871984.5205713	78854.5353883776	774030.808489172	37707860.9595243	100688.122499249	4009742.11098772	63760.6819850492	442220.210179182	302337.576382229	6589382.82419353	563738.576312492	194387.794132367	56465.6476514574	3642965.55308013	564269.126210852	2602899.17017132	1664631.57908224	67843.2211470154	195844.479353097	2842345.4182497	41796.3735425818	3850312.03614015	181023.312546896	88210459.2990096	60233170.5978206	191380.595790411	203076.013838496	3697753.53530116	166666.156635414	67200759.5355135	624121.051887637	237711.281326069	229553273.901116	253900.190193098	8782586.69126559	12606368.3152117	312621.075638122	193233.543489117
"892H"	943864.77838498	41544.8149704706	2443412.62005995	20732.364332613	691556.940476093	631393.709444025	85649.6638181252	259823.733355144	84151.066272498	85023.426212333	246954.464646186	6641591.70995668	1381490.48933791	2242180.90646263	48324.6481009125	2983408.32321166	1863823.8133998	6483540.8435942	1772636.28596676	57664.6201736198	146538.55896183	726194.771390426	8198924.92188085	2341973.89872512	175018.061232821	3975652.79987907	26713773.5928088	237976.603178603	112279.984274688	2072507.34349954	884410.641811243	15474028.0893814	4753483.584671	121436.307128236	9024487.40017319	63382.5207878567	1321780.76384334	3898917.65164439	1737861.05311756	310829.03426645
"893I"	4083977.05398204	82547.3410035224	3127615.43540872	57363.8461828987	489400.574175695	5941086.60963118	554211.96518824	13117631.2748564	78607.496874408	194225.443655553	66369.2157044648	77460.5264949172	1091496.12004413	106277.264103763	238838.061686897	164486.861234464	277834.605720619	428112.285924241	56510604.1661184	639792.109160208	1201939.46606215	136926.985441804	2178471.48424421	1282276.2712579	366367.132160634	3506925.01391892	16997782.3421612	524967.410424249	145305.692676983	9768551.27498192	6445958.59996858	24535226.4480298	7266307.96624803	850392.634091397	17573222.9854425	81864.8829223842	12493952.7338729	23138203.9044891	1936136.40914205	1274654.81769351
"894J"	4658951.5528622	113095.165124334	41079423.5362158	856557.028688854	516553.90058673	10422128.6044798	359910.201562932	385823.773102652	59470.4859120059	706942.822073319	110968.505893446	8620089.56659689	1703862.87531623	543508.730523943	1695494.76362663	140750.683088432	1141249.58057798	7150266.73993263	533106.246844257	1271377.57202496	1551192.63987207	1760504.59580243	116665.082275895	2596225.37554627	246304.468617386	56363197.3605784	94335254.4901943	52620286.7827312	49604.6915150994	4923579.88723079	5273157.31866463	77135072.6606896	5483362.21354988	723254.677173323	37143224.351806	208048.363987112	2042107.43767868	1031640.19309689	589509.199004842	371426.002489901
"895K"	1076290.62497996	96970.3119187736	7099495.94715888	335138.360007995	296511.324466837	4100286.87918936	345284.107553223	939311.960379843	1448222.17076703	10449350.095551	45027.5620625279	1384513.81693185	1344947.60080788	1489055.97057469	801234.814743437	1556191.2556442	369931.904736027	4168526.4085819	870309.250693458	1594195.15398806	827327.576358572	208793.524505346	3583291.51710168	521811.423436001	121123.863294626	5299448.77554017	27470069.5919807	242948.323571026	516125.016149376	1810882.92999965	444837.769403417	46207944.8537093	1633272.04300815	131065.349284405	2601996.10114307	285862.851054291	6531465.66149567	8469081.78652562	764606.668337162	671805.206840374
"896L"	539452.982031939	465840.724306877	4887752.71114046	174296.174650023	1201789.21678473	6449399.88195026	332589.579052488	262293.869927148	120483.530363346	280066.526454795	2336367.74588231	582213.744304722	352497.185355332	151825.786265736	358021.402822635	1914071.11470976	152163.696024034	8390318.66792429	327309.296955839	3673566.32065406	374194.911992477	773731.6838388	1288599.06488848	11940589.3079319	6433113.12467927	496996.853769276	5206253.01014658	1063070.04370647	41453.2890296262	15126177.1826808	3596577.06979003	43887704.2423816	630685.261336749	53522.9454362281	10626657.0226152	18193.0330274028	1290626.62062974	1441464.61683871	132677.134983604	227459.494986943
"897M"	2416967.87998962	77050.2333601034	1158085.72239134	97546.7198774881	630953.356789703	1329765.19035103	124558.478582433	1294950.36206446	251873.764824248	463883.213006995	59566.1630692626	4894910.31263596	1012829.43366761	441371.965197266	149322.923893351	4328861.88428857	891269.915288276	3550581.94010991	1990445.93531112	74902.7350436272	2408246.06122129	2781409.1147968	600176.647135608	1075538.34134319	531414.630459397	2229542.6969147	169779353.87679	713408.266582082	26344.1706088919	1389914.74088779	2403686.56167426	8572481.31986446	5254545.13989965	8250055.28669773	108730405.97109	874673.278736981	13588783.9535558	1532345.5962779	67903.5565975227	664479.60463407
"898N"	871612.657206496	978602.663217776	1375231.45357104	44832.2427540638	811511.468385568	471481.53957344	103081.622318972	420269.362086189	44820.9911978531	946987.722364789	167100.763000865	3334986.16314132	829076.938661256	144722.506883879	209054.296922893	1888449.14232792	4762523.57563316	2540647.5358062	2634264.99105348	51734.1427557687	17459559.5004963	5507145.48791155	21494.1919459307	1637651.77745569	373108.112834597	78820905.1800238	71283658.0822304	294351.001357252	260222.032328539	10161867.2980543	1860369.42158272	29671554.382781	1817818.14088838	502229.778079235	7705454.28509161	194928.837633309	790916.606808137	4426868.70752317	1742450.65536659	171928.128323048
"899O"	11386606.1434574	624113.97083216	39125878.0546179	29743.9356627115	88600.4651733043	31082100.9504366	600245.712945014	802152.125509308	332435.883227374	263888.622778672	268071.382790671	1230959.57124334	7621631.50060055	1774582.328728	196580.226754377	278303.216637049	3208383.0340995	1406283.1181026	10472296.5721611	8043786.6272581	1005057.619047	532835.252890497	3963729.76375004	4914824.23876178	71794.9659311847	919642.312480478	169394301.596375	585828.394979024	71864.3776009856	3111804.22912896	101303.792251109	5763139.07636751	3780778.22334607	41805.0469527148	2236807.33155352	1037376.12342531	3081470.46935344	174267415.405046	502505.560281176	853511.146547961
"900P"	2257064.26218043	414919.174348342	623384.442248039	58160.0947604792	1661674.94674211	2138553.80622785	22859.1543074516	958255.028911883	1709810.56299206	1884408.64237177	939457.842455525	2746054.29249889	160508.259540095	514061.531672168	66024.2485856222	2917936.6692935	20845380.3254496	541083.128764734	7595915.85327694	172401.493296287	653485.219974313	995869.193379518	1895376.49323748	431485.577394524	87184.3496238282	1670633.01859173	47179805.4348172	208120.207103935	41613.8890352996	4130950.56606082	303745.091270157	18252274.3784319	1665540.71162185	211269.951507929	58583874.3687564	390922.302661305	1443452.10764775	3018659.12812563	230865.676192052	3801138.72493587
"901Q"	5871730.41693896	931506.280683808	11229959.0166055	61344.9130710796	629315.744698097	16151756.2392158	45498.0852073417	446798.566275091	53020.0274469684	4140250.92490248	281865.70438134	2238380.86284865	398478.187338305	1289447.91937207	63457.0962030215	479106.288913943	260940.557925162	708451.20531256	4282990.03811952	5013614.65249283	117997.722282659	2030937.28114558	1023371.73208818	187152.237127122	190229.327779871	699245.503996589	11781384.7043468	656499.692955601	149051.230435439	1168350.10022334	2263949.5084917	20226412.0308468	903124.38614888	600398.936130675	24265901.9684907	67277.5599085799	6155312.68292973	13975931.8121501	3895591.12320335	936827.339352599
"902R"	771391.641674837	1374831.03373452	10084668.411226	19331.756650686	216364.187051284	4016940.34716624	818873.996354792	2233799.87555926	279981.982620903	336290.860588692	3602625.96177135	761755.730957732	1310403.94175843	2784140.40482859	633928.4281983	2567022.82897933	4281341.19729562	5060567.05738657	1634139.28697872	165824.332252069	1326794.78326718	552932.418747882	1749213.0487766	1805618.24707979	312583.652987641	2889939.6963693	34494152.4929803	222437.239198207	111926.598650457	539504.726115	2916480.31297222	6101909.16401197	4795886.0240408	177070.546202412	1647680.46572491	427884.08105071	1211107.89759006	12993909.0136975	3633263.23216802	1534686.86693882
"903S"	1088737.75514049	453417.263685712	330610.22616194	15269.4972570187	279451.016838755	2745455.9791963	234582.508677979	429131.345574798	173901.744845888	463581.692722922	257604.700699291	4121958.10596697	461317.587929374	170481.04316282	31415.0624333979	2340883.06298823	68603.9483066855	261391.676449374	12994414.5078313	97714.2707913791	2542461.3128144	8695886.25917686	442514.325037467	1264141.76105688	149924.138565148	746513.924434651	1966172171.04938	253483.893438161	27880.9937999851	5216457.83798594	197791.014671025	19663105.7473639	414267.712893131	33591.1667243733	40119952.3585547	19296.912227784	903285.811810129	2872904.534791	10893004.563635	107791.689411956
"904T"	878171.298558046	852742.934549454	1310008.80479511	12319.8211927473	234513.999834853	34248001.0006162	224298.746695483	3016923.33976512	106625.555044699	733442.243533563	3293115.9568908	266468.447260629	120735.914222216	1754286.73372737	2207639.57362382	5311824.03793859	1221296.84460806	8533629.07186047	144918.490308498	233325.644128982	326830.115712923	29195089.8386837	195833.720447815	2228838.66084332	982769.255897482	1292897.85597483	239302627.53698	1463958.90991207	20460.9134795258	1027898.95362015	1662112.93273826	97141661.5471811	2352446.80371185	3983472.63876102	5431247.90266727	2390373.55653696	857529.439131068	4882026.71201457	650777.384199244	252638.494443634
"905U"	528921.013964971	6862689.94317704	129813059.477762	22415.339781363	2692770.01721149	1115358.00902539	221392.987678228	142626.437555337	477488.799763329	1661300.70770032	447178.80054661	2140998.57640609	8159307.53466811	615911.003312885	3378844.42086996	4418437.49149288	2668782.00843955	2837750.93633353	415156.280039861	89250.8241717122	499203.246639293	929996.689909306	269143.003256886	1381611.85507295	197414.192101546	2596431.8676912	1252578953.82499	57130.0059292246	2096319.42586188	126168.281056802	167737.307298749	2427256.42030598	7135103.77443312	86435.9950270045	8878057.42136164	119660.947438561	2993994.8806746	26027413.1180816	467191.894076445	9721030.46557019
"906V"	1194778.84006892	812011.792753971	6371947.11618296	68227.1237908459	376812.631977161	2345191.44374394	1112914.30623465	239938.070736555	129728.325348559	475259.855606814	214536.115724516	1672314.84517051	9484168.76381362	172584.542752067	265770.612866418	716218.463612334	890551.709499867	6768812.51168772	249828.986992823	3317017.98975114	133967.224821903	2142061.29101258	2837867.64347541	6289736.45913558	80262.8167752516	4340647.49227982	42842552.499138	894351.683258889	61624.0385447676	733977.142647794	384631.920380651	84347038.3551157	1797451.91146838	706841.336936449	81355236.6980896	2373166.72975285	1503775.95350314	2360008.76818038	1291749.8391741	302511.575518546
"907W"	1569485.49070943	95014.879674708	340475.860909709	20313.1645610802	132794.162899961	10221044.0291711	2288092.8633507	149341.986935804	355930.971521995	1519637.76569134	1172582.336251	352509.688190161	428702.754994019	8468093.47238939	726639.493582348	5370701.09132971	263357.832338901	1260923.74234042	6135677.23267731	336894.024236834	1654511.96863185	824204.544723205	1153715.55109499	1639452.6916835	91722.636673669	3586530.1987933	132926636.619814	1983572.92739444	168992.399839775	7435294.53047939	67887.6276261997	3667145.9324537	21221170.4519111	2516424.95784277	96140309.6395167	375292.385834072	8064661.0253307	1960638.6528858	1666239.92444273	1105560.53453422
"908X"	2503491.9370443	406841.046556936	895366.696809788	703033.586066737	118042.556350012	1474807.73151061	17531.8524532887	147817.52747204	84099.9465504172	2484217.50276883	141538.531726651	748739.690847219	2072666.77161258	489621.357103309	629828.575886438	157648.266658716	929427.817893516	7007228.91695451	4426654.98989477	593928.353785483	694423.334462141	245391.373849801	133362.352148556	311935.179171385	4909244.04899071	2071102.59372709	35172186.1115841	7669808.45183597	317441.736184943	1037251.53654259	816214.522753386	10772358.0437106	5007631.79183785	963400.034953111	2869719.37078854	65395.8597607082	4133272.18305339	45063099.562627	579715.774572553	89759.831496512
"909Y"	716293.837996571	144364.758662636	3126553.71020882	30206.6559920643	83580.2097054188	40703149.3465614	2732502.03157508	539944.464965297	1098265.74975951	2359709.25511756	750971.204456427	2433055.89968854	1465159.59303773	669573.966069613	139461.470106869	177184.774223745	822412.997868268	4356683.62510318	103159.723579092	1025017.17451304	298730.982682546	4260568.80359656	749711.729746187	39747.4651706574	312596.631005419	4894383.15499188	45057808.4049323	449702.257785442	72534.2811886007	439650.336110612	7157922.98791922	36847664.3149461	3472600.52531822	1104786.14258585	16969520.3260218	192027.277030969	11860274.0587591	4924979.25647959	3527552.48487509	474734.969219218
"910Z"	2828540.07352066	514169.100132663	1454134.03914107	39770.1881448385	1926089.13593386	14306207.2909523	652606.543531673	255324.190396849	240637.837396463	167926.455020169	12364.4964896283	1385985.60182437	1230503.24923742	918913.884621601	108535.410215115	652692.311242529	37658296.777894	4100340.78929688	1894176.46794417	2142676.01452946	3827378.61817576	4722363.18639075	403074.820347837	556719.666980063	404541.068899309	3613827.428442	90368392.5921171	752844.935563308	121100.57982048	7251231.39298393	4006970.50177837	1975945.84708705	340729.472671185	160462.272725258	6942031.23338085	50945.1899976917	13076199.9375009	937859.58896778	285360.796518485	263827.237979547
"911A"	724450.964904182	751640.478295439	3946489.73661666	230908.813886814	1735935.57012899	1637828.389557	88721.811033261	2192182.37243979	8802.7583432989	2138089.96383204	880770.114222867	4431403.25436833	1055655.27412671	5657557.61844213	16204.6937671741	103506.225325119	15814909.8112451	5897597.16899366	14229686.0294742	1032146.24179511	45815.2177867304	45741.9106499101	13437407.3704125	2462889.07328349	526528.174483327	2487478.3954445	50811768.2939587	170349.510846677	1069991.76873691	210471.437648148	329465.690707032	33845703.9963769	365458.074660028	114518.338168086	11086200.9373356	131555.72331239	13634414.6687371	7591742.92427596	1009200.27140112	9141.62193536504
"912B"	984424.887182362	238784.078812615	3037317.48276425	9189.64765070834	1574424.68387577	1777749.98103435	27435.0107858981	26649448.4619653	3010.51076896834	1585393.96380282	600962.145508569	4869347.30354541	294772.406273094	1594355.16694611	325692.313848863	9244849.3501146	1319448.23398857	5806122.67412152	147553.646501804	270308.612799959	5570054.96357068	450965.910554317	379771.067858868	180653.497256195	785240.944241232	1411869.5554179	76095395.4404363	1847911.06157445	201339.509396511	7138608.78685976	4742266.43118838	11859277.5280364	13643257.0352425	34114.753587542	30800254.3309986	62412.8830646695	3235091.46858529	14748220.826466	2628975.86138168	2074616.37166015
"913C"	3770174.55989035	113914.626949235	937377.791607847	75334.4463077028	45844.7636119307	1627834.88058491	405869.714785154	11258804.0598678	175301.04187462	870687.59585471	1370098.43227258	4046769.73550263	190160.073192553	406125.248628515	185394.793419105	3475368.60562476	1825318.57899768	1093340.99447815	1240674.09288494	378916.705754966	6537186.30908269	2383885.79444856	4219783.48885254	3359317.60415067	20821.5097660964	5577448.85359726	6453237.16800966	174319.851438203	144989.863354935	28352900.4059649	696419.273482595	16561751.3891774	1061638.67270169	897098.377741769	9639454.89180027	58357.1119621974	2724467.72208933	45756507.3937719	42373.21345951	57087.3121817639
"914D"	2239526.40198919	166449.215509933	6891821.90930538	130832.302717847	823222.097016824	439330.652678365	43136.7914823545	4832432.34319535	88782.4359824079	442265.412685049	463522.607477386	5997499.11145741	1162788.12258313	744203.862627236	17713.5265821726	1571805.76548656	2786189.61839054	916504.428736443	2559368.79371369	1459313.5274816	1942482.13959588	3807892.44544431	1319570.34494826	3650606.85446813	796468.531671351	1297242.24407772	41981366.3421658	829494.550158221	824556.985327547	3328566.61915944	1602166.89129632	6224993.22822067	613741.16203676	4352041.81649057	12092136.5074215	22618.1550115281	22173601.4488012	5675933.62419561	82853.7587859269	4194376.96548375
"915E"	3009717.76949987	237565.154153996	34634993.1910543	54464.5502361907	56877.6482973472	1013829.64510143	893754.797887648	339466.565090774	273391.567793867	447783.239321981	26721.2511625915	1110728.22192256	575271.761048453	526587.391694305	6180.77742447945	5712928.33763514	5705123.42783977	1597637.91985709	53415316.3590032	235210.082133917	321751.333387083	871680.951861664	1177302.89496793	1460933.88279909	514071.627475691	2203052.15666803	138898074.770203	124157.905212985	21363.0580599299	1839482.47038324	7193198.33906534	17094654.3949686	14327203.6558924	38415.7218738998	11438465.3313485	201895.680002945	1531878.99735127	10217575.3099132	28199.3821307294	54758.2678349295
"916F"	466940.799990271	373209.160357057	2123681.65427423	67977.8374296884	73889.3345198016	2462457.94615962	645462.984383292	4119510.06504417	294025.168081112	1074656.86422354	130466.224198597	171733.250543458	919500.391622364	7482227.78959831	223312.748653679	2818530.39353822	2786779.41633801	3604723.30990094	3483913.66779941	7376794.6031387	250556.55362559	1243727.65563897	295397.711684092	799931.790853074	82911.5484093129	2051387.5001472	135663004.345349	1147423.68467943	1039087.5997524	3995583.96734861	73934.9551116096	10874609.4457002	7766582.14694769	117481.809898818	98844184.9226754	281255.954485487	24122223.3942524	33741322.9380216	493970.373575256	300459.576092386
"917G"	1764324.93768111	85330.7357709612	53471563.7360309	73011.4257173304	1148262.46157634	3735010.63263608	75977.9859096406	96994.441086024	59257.3935713209	1121087.82681548	800288.785998722	4961102.32570035	323113.218611209	5929752.17629221	74015.9910722303	1970804.95366388	1356747.99043874	46034330.4870967	3220800.16235933	75435.2113555939	6232474.89552274	797695.026667164	624295.741652912	357962.075911633	323068.665478304	2485490.42315962	266056296.540614	1685520.80139454	39268.2364947518	155488.831175842	139405.644150772	5643178.85211365	10280203.3279788	776041.349535435	333096556.840549	152176.986919892	22924459.3640342	8968204.77461994	1087524.55812682	113001.143858181
"918H"	5095740.57287902	102650.042011266	2128292.56129851	11643.2595739122	239505.120832363	20597282.74411	6199828.25104382	956736.795114112	12451.0176716076	1883206.55158767	121212.319736179	8646213.47917575	423856.774505093	18644336.890471	292384.9610475	302080.399842614	14476240.9875683	6877755.67089971	3147833.47540355	382453.808594939	626387.806255765	2887846.54621293	101408.189149231	385323.029305654	498317.693956082	256264.372459831	449918182.980885	1207515.49890534	189814.479144308	392557.232951642	6145890.43993396	6522417.25130323	2064287.53775832	134999.657362958	7490891.53080344	1104908.08564504	14259773.4517269	53653620.6238825	740545.951510643	300416.926358284
"919I"	684439.57895423	2193569.21347509	7498035.6662891	78295.4576095653	526700.269829563	5488936.36123128	58261.2409317406	2462723.03052413	153680.192424799	168493731.821594	313574.464088117	1445274.72887904	1081490.32781852	108122.542076583	68694.7282460852	1461823.40409193	2692949.12823625	3295384.3045206	2563871.65621956	55133.7114268731	1021281.63432514	3455610.55858071	1792410.18322968	298162.66077318	237442.592955309	1182937.48472149	113159948.683427	798543.183238737	381867.619064224	1719458.04932728	706408.696808452	32713475.0635901	235459.382722955	918836.211064917	27979836.1851649	52784.7297485484	17894293.3691952	5174836.24686355	3154846.3021318	355762.848737873
"920J"	6235581.94291122	27728.8033929553	476051.619823017	121493.957368172	1897317.51015015	1973192.5350311	616634.45338491	79008.0148430687	64582.2563977575	939033.440974039	46848.6765989737	735403.486112293	8306265.33574359	86399.8670533317	493396.300168646	7929667.49722558	1707584.75238757	6481039.87310656	430149.13568589	6950723.05616789	1471295.99834874	1890552.2413429	1882576.42222612	327531.373807102	394560.640557974	2727719.31825651	18260858.9200786	6011053.83165096	395696.361630933	6352648.46836945	655481.919298572	5849699.43807918	959183.840470976	83392.4441026789	21254560.0875889	197991.638794662	3947197.27935459	12621936.6614192	376870.08620264	203465.700616635
"921K"	541262.589393051	129346.081319438	20909856.5701293	3710.97036650124	274828.322524909	4348256.89778089	493789.804346897	6458373.8053069	1863574.35159244	272212.389946331	47534.384677234	2118378.24510316	4247648.7414049	490398.886075127	25873.3919792071	1253306.54646472	2944655.70639132	2013889.9133708	94716.3189615843	574600.099279124	419762.059690018	108453.519517923	2488602.11820365	1205508.82436917	246145.219491701	746063.953311148	12709642.6417298	6634507.07626254	140006.029231203	3580591.11062997	1407324.71506475	3294949.07156845	2507366.19073915	463893.893482391	12377526.7683781	631366.261050724	1727165.03435777	22455297.4762593	851344.814843818	2403701.49453898
"922L"	3170782.5904177	143199.258953275	3099209.67769039	13679.619156949	119988.33633876	18893370.0122518	76733.6419027507	3498759.8496521	913771.949040038	1465344.06325865	2422854.3632698	30962297.6820046	7338805.7872473	956763.911781344	264821.760377657	343117.860875937	829499.309990914	2988979.52051265	4313536.42302457	39324.1428963031	853178.76231629	179695.842126504	125851.251086315	3044947.68537605	186342.953140787	3439211.42238683	550917583.518597	2718538.07825288	20184.7521183712	2727628.11061969	1209362.65578767	24721945.6879643	493702.277744384	3898387.24196865	9080598.65658255	3741686.71068218	4457561.34930589	17220076.5914032	702718.661411609	1201722.30425882
"923M"	2710864.73210214	141185.715429116	11430374.7150097	16614.0312506569	862293.620772008	26201011.0160033	921744.173383428	2067792.47851597	1467.65792938096	32707281.9422698	180708.186960429	183476.464836561	228824.039533581	335795.109326189	741448.339327794	609927.991359825	361053.188633541	38701938.4427325	1969025.39396287	60247.7177961281	688253.452518759	479401.131350259	368070.346421736	774721.910419938	917529.048814559	222139.241913214	61647783.7328942	1479691.96638608	97376.6078234785	3027881.60575434	186741.461647518	1024023.86369967	492199.060953731	280368.902153468	64014089.9524428	239522.625308167	6525739.8374508	7657664.45536932	780097.168966075	125181.914317046
"924N"	5664923.37042905	89307.2083152796	2773493.28643989	229983.683485333	126136.020456912	20077792.6089891	297619.800652789	692708.385041195	186724.107693679	1371199.99762358	327638.400545091	711458.906831159	137548.742599936	473788.973057188	112389.515894296	1192546.97284033	2968849.31244603	4244840.1568881	5047157.40598406	315003.943388959	402082.510707663	1032361.94614448	2059234.57957232	908372.689160399	32133.9366163371	541378.725014407	149314340.536753	77232.1838848045	222040.210105957	2670132.62256921	1260266.93997279	32652528.6658956	30657664.2625209	87005.5670718251	173386973.815342	12504.55595088	1191374.15329266	4140463.25860351	624288.641352219	720159.327365549
"925O"	3987924.12555309	605529.112436959	371060.685542319	184183.446056815	104966.464340582	858465.702412804	1241911.33161569	814607.497438004	283497.621266516	16968271.1417722	739744.043218247	4513047.74543153	844576.187632291	2082533.31608099	95600.4992423622	501233.844008764	307187.284214112	3867408.8364624	398019.712750815	1380019.64889097	218222.555147235	1083646.40503605	34171.0474772216	9492184.07597476	120537.527365154	4008713.07421291	23978311.8474036	204747.765289478	131461.442919422	4839735.98432486	2992159.28021046	6682447.58596012	2229381.07733734	365765.062729805	2294443.10962792	111695.014871573	10556320.4289643	8613537.80522634	1334846.96864941	143968.804115131
"926P"	225437.594053892	1084579.28300808	3695040.18383372	24595.5317137616	70365.7349668678	11348714.2205123	377833.013708036	957089.123682764	98451.2827031724	47727.9853490044	698393.036868621	1204932.70619283	396931.757790229	581665.507675509	86544.2399596381	1608403.32373432	809029.797050975	2259438.13881241	9291341.2568232	1479919.63345684	163417.624048405	53411.6489819086	66615.6542725956	239527.313800436	590565.79427567	2039303.98920769	12281957.3616151	2625812.30270045	301790.152650931	8774173.37074038	760488.211727518	15254953.8848499	6473546.78411901	2362665.19883578	6529607.90322341	227355.901464038	1235900.34299639	4935289.08982659	14052104.2597823	496241.513159854
"927Q"	1148789.0219332	49422.2417968293	1211411.00271073	189819.336855526	784223.979136313	18228089.6559993	37301.7173682929	1549535.63222417	62513.302210115	71728.2761037909	975178.570363669	558967.375248423	494189.878871532	3342823.6003569	22719.732984897	2643426.55317513	1666385.56865552	879325.18390082	2243833.5262051	19525.4975760061	1111637.59618832	301470.246419205	9310279.93047911	2994987.40926772	161241.987521891	6689565.39696126	16400193.2838684	900086.869057091	358945.517632393	3906850.09781071	121264.580842291	41960658.2011036	995381.090093083	398400.277437254	32547148.959608	179965.953979246	6528865.32918224	1870079.05374436	242161.164245561	2059267.86181712
"928R"	6355584.71830031	60615.0175353251	6367443.8828752	327865.555012985	880354.476346461	234511.173543667	1680070.70347801	549511.839466152	23994.1636694068	1045304.79639187	256607.845974781	6008937.14858361	566375.353679526	2579965.16706414	155344.796876242	1568778.07603548	319233.817507967	5670223.57572555	194589.498076102	55471.4294340678	113671.43856174	54269.8187257702	1106044.20099409	2174726.42360486	207611.64396549	61513878.8819613	30032547.9049194	1425360.75663954	38999.9625349267	3921991.20899855	318453.077533504	3826724.37959959	2826268.50725709	84372.8186547886	11906236.2885377	58595.7455460648	2100770.65898802	3218383.41664195	21962.1235904299	6171554.42483135
"929S"	785629.302729952	48963.3770805363	423750.149301651	128362.005517727	339394.02903244	57052560.0737674	96806.5479135138	36012.3894254233	1031797.06004785	1541508.98703298	1493198.23168888	24910690.0734459	760311.704455163	654041.204838969	158827.123382396	1277718.0302729	5228889.80761	3560910.72222904	978751.215096855	164394.233036478	7605007.99922064	297357.757671681	300403.351795692	1148783.27768957	45654.1373389565	3882045.56857494	62093742.3591346	416177.967861756	60163.7806936669	756437.445188328	208082.878820981	9673999.24413217	74485783.9475972	372574.952829223	15255474.4565783	1478016.81294133	10723319.2038018	2658464.4979676	205311.812922307	348561.07731562
"930T"	2821058.77947026	586666.44039495	1619762.25258001	114677.128420799	2688102.38411699	9805490.89740492	168332.237482807	826523.986520182	361592.107005042	1203419.7384312	148912.181702604	1757385.1116316	401478.770046773	1087625.00104153	73132.2154381946	335659.577399404	927851.945747697	651396.080587753	1290889.6654534	105587.412361483	1178638.49714286	2038531.53630098	1039097.14534081	2841813.77762042	86361.6153622816	10452231.3687483	335818207.663475	89438.0408750924	139828.570592364	1069138.3256684	2679254.67555145	3899107.6004213	6298721.45802282	196635.938099913	458672.725600216	1649187.59472202	93323425.0574061	46832453.9796397	5356835.59195784	174535.422450126
"931U"	121162.421645109	253374.545524923	21859317.2161099	27571.5653318617	120040.321607317	33275503.6853073	304121.786816283	420525.597705113	15835.4303295743	1375532.88149622	429970.115139177	5347513.62910373	5423483.37179094	180132.16160993	61422.7491777721	1447044.97938228	245650.169336409	11031054.769961	5425919.9334324	115812.344730429	1291657.13380709	6715918.96971339	314733.184620103	2936132.56379291	419047.634309329	284050.807178743	32787920.1215433	189348.4519089	730139.269211107	1325550.65811419	1087807.67475484	5908749.33888541	391745.959597152	256803.366387233	66653531.5866263	194365.390635722	1805984.20316357	46087377.2947006	3768130.10137917	81513.9119321281
"932V"	3288685.71741681	200929.040917508	1702890.49485672	355393.831974841	87105.6890798077	1956740.33899727	34264.4397126075	341816.342180451	86510.8584377903	404991.929259977	122590.616268974	673601.800881705	731435.838200787	161136.063970706	53991.0484285664	437873.315645148	8366432.02584516	414656.306155281	196458.585792257	52234.498683685	64600.8753460662	324043.469007626	1691103.91306121	7938102.68600824	39751.2692945679	271071.485205042	2416732.78312737	403222.450895813	1228475.29332183	10017050.1283067	13413283.0270156	3221284.72252112	10092270.4198401	134738.074178247	1942101.57537524	136956.01661104	22761392.0018009	216840779.133642	18274503.6756703	12029.0865288913
"933W"	857127.290175972	453390.017343294	8859638.79683559	108574.99657601	805004.25315866	21487749.5862674	23661.2531575801	597744.019847885	42256.7437588515	3580847.88171259	243226.570678424	6544342.70766402	227842.660362038	969877.276353396	1087631.04912132	54576.2306079332	2106978.08910508	743201.616888241	5351105.14438055	313439.431314235	2792684.58138241	1971642.48676464	796091.951551784	678434.998293677	206027.431678646	356416.142719283	66150163.1079902	202119.456652542	172266.655549519	269772.623116909	1334246.96973126	13362198.4469891	2852275.95207171	174546.194881228	3262701.84683934	221216.289871759	3578880.7092499	20223524.0141554	2127173.04990618	263906.413835306
"934X"	580882.735270461	196271.417457164	2910609.08873979	19917.4463461744	166397.897406128	750244.172913065	21507.0057066967	1644583.74435969	44789.3530265114	773160.386565836	318938.195253192	5533098.40268068	235279.485843104	1797597.59416727	2115505.60263383	1614038.91747447	3469471.17834415	141935.337842009	7516761.30686335	129397.676575999	193850.853702795	239503.636124612	1016654.33208378	5678663.23513524	32252.0860416139	1607464.58740792	15603548.4243184	1246342.51720728	18026.2711438273	256413.793703298	338169.563969866	14252809.7021966	2404390.59496388	412654.192641721	1200148.23904016	271797.522629645	22328829.1427882	1284814.09659434	7967311.00334025	1400840.27916748
"935Y"	1162119.15575863	2226524.14643774	1854145.08169625	75372.6375518636	855686.299542962	1358531.89098036	153044.647480108	1194922.85240535	181773.42495574	92456.314946003	601922.246113361	2188607.40500906	237150.973366868	153374.844731383	209465.525188249	18833361.1933611	1370191.37861181	2071621.73404029	2698883.45365583	3778507.83088914	552649.696149937	285246.132111449	693093.163359097	1745683.58683392	2245963.72492086	3700343.47910303	15479140.0306078	1386394.89058992	326941.873734788	1560745.00607299	320219.003748877	36219376.0630345	2068344.87270516	7578961.38176616	14297153.9168834	5894845.47086437	48193025.6851065	818850.368305812	12862844.2522237	203993.381295743
"936Z"	585917.209569154	715017.968264982	2470953.3751478	170651.293671483	484379.75512325	13078767.9571301	186176.619189422	377062.635284698	267789.8042824	1357552.97845127	264686.281150421	4345152.13236397	6365443.50887114	2774276.19809457	76078.373716496	1441170.08089453	594128.07020617	977517.267211421	1297180.21794169	96979.510151973	2818189.12307696	2183103.01336514	719269.936904746	6695171.54258718	1241751.03955121	7870637.81485312	503929299.574677	279082.293872154	86723.6340941332	5276737.06585865	720776.017063855	4374549.17928104	23542339.524442	509421.947747491	7239052.35265019	448169.990702126	2394981.61242648	5554266.08046842	1575519.97720228	82384.2754537033
"937A"	575431.78999629	41945.0677721193	146139.767794883	10730.8569363922	1040581.16971688	3861146.12776328	4248062.94212508	454080.174338038	64924.4302269635	1446913.61774666	156347.043022968	3677882.27968845	760017.885215736	4426525.92097689	167729.140047844	721456.080072718	653189.122846648	67265498.5489668	2046947.14197111	26796.6480447627	317628.354298341	288284.237060847	4496794.21593913	3133460.12966297	702270.580844702	2450012.9297637	55424799.1572183	636074.207740737	58428.4972429355	101722.454391813	761263.579727921	13541592.8530856	1025632.39130271	2319167.55389268	13308472.0093244	77409.1745038855	27861004.7966672	40566248.4449672	1253664.5358116	517703.955953206
"938B"	68584375.0636342	867314.600819737	572817.573446331	50572.4684184397	8447321.02125277	5857027.08930834	909837.92979252	3459854.22040204	62871.7530489047	6042160.58218645	46552.9034326257	4250699.78026826	628082.43770778	1022516.40414315	113922.253280178	5511716.41741203	265102.423989763	789907.885183306	1543215.35361514	26571.8355853917	932184.060263157	8357061.39730168	9827736.77271857	5198605.71825849	25114.671461163	1407235.2418382	39988202.3247023	11562254.6150834	67217.1595816298	789820.428044084	4097742.51326109	9590284.39481798	5842206.171334	2542775.19404476	40800102.7421223	119439.106435012	3931992.47948316	1325846.86286392	177993.875062375	155394.217632117
"939C"	743698.246454846	610269.777444706	1006599.90269136	515394.993129042	98298.1883160093	28092757.7164916	126228.778634922	567771.816897325	80626.0393830228	155163.762685436	170115.745107626	168277.250694439	1389470.70155944	4360303.63959499	240200.631924415	501925.560304954	7053453.53782525	27317484.3659485	1042401.4206009	1100986.54466462	7424453.87676554	10855448.9549443	661165.400280431	541344.482344687	45217.4350448928	899630.697757948	90029583.847665	337276.560769551	159397.352634599	3822113.81022155	3761224.26357006	13807255.5304732	1146517.08895375	338142.910768183	6489840.50489763	496245.848426208	2941599.50063363	38664550.2595844	480155.12341578	691525.867398847
"940D"	220648.366050715	241936.713325188	8047897.03230279	460235.047565218	1434541.2400773	2027892.90078757	115993.290157414	3293073.06203616	9044.06295798533	3132333.16390933	2505261.96399014	3435504.84033042	6206119.31123854	858209.455761242	804609.353913453	4210799.06177818	1324161.57246196	4418358.19798409	626133.071582101	1057244.51769962	2576364.64531089	756049.557891093	776472.539341202	1006295.99828347	1206873.07712534	2985719.66390971	11386719.2566406	1364539.88321549	4144582.27362185	495242.468481536	337675.362873736	3132046.83611022	12780773.3994458	106476.565597833	250692558.525151	69367.2189629272	1092389.21614691	14563181.2442156	435246.68413569	78744.4566314473
"941E"	674036.514881779	1174025.06010219	1554437.32226799	633120.103137329	390161.644251493	10624012.2286259	246452.019494946	152204.798497706	531037.716378391	413677.056988088	365441.724732842	39348347.835736	2703709.33324546	2274371.67798402	249827.102604694	445444.72611741	133020.576121244	739451.602233234	2118367.92539443	686396.06007348	117184.05923626	275062.350646049	169031.022708875	314268.487103394	786881.746023404	8040597.93101784	52352442.2136144	430531.961695622	240476.475485626	1408017.85804997	538313.621434279	38856172.9274528	16460141.9303644	118173.027279785	3527623.65822488	862230.761146518	1689920.89980554	816318116.962961	124900.701044857	583074.104565866
"942F"	504768.152812978	174621.47750902	2865550.58647849	64971.9485009878	125310.171440537	1108025.03828633	113704.024389396	378098.72641332	372849.693885695	667931.207243253	817100.052972969	554445.099413896	3282476.9511524	332869.691996352	41087.8446701587	7672444.26494768	16388318.4183599	2517251.1948969	4557111.64002635	564980.037179457	272225.732015948	69481.4222101702	2816000.16935908	667848.391143061	518791.309260205	242188.486459879	105634649.835001	1617386.79012121	53658.1999751547	41152178.1210206	237194.122009062	9252204.94070665	1235439.27375468	4534569.81548428	34011847.5253148	127222.460766083	2037193.08266999	4492416.99965425	114092.846651291	83054.4953578264
"943G"	438403.172784539	18146.2399795325	2625612.52661196	1790.31991493267	169730.684346997	1229342.21859579	323205.260832634	806686.65972625	70304.3123204469	4151436.8358512	1746084.54221484	1563013.87401747	4325013.49106477	137152.379901345	360815.958836751	1756290.91770817	8162262.81158882	5339982.1924898	972634.558064669	1682113.09118097	243706.238870012	186004.450256405	338875.377794547	4247346.52457011	17381.4537991949	2019389.10540133	3153191.71284241	2569935.67241659	15149.0142015793	1212849.08147786	1369979.26109755	23139626.4356929	4627241.44712285	617690.463200996	3714414.84386515	5065262.83115118	15443551.4523128	240805398.293472	1063750.82446473	486285.272670897
"944H"	1215531.02575893	78613.3295035562	2473795.98033828	166393.750201549	513913.576669879	4025075.12822291	122173.406111218	77049.8268855179	286668.789099003	12446365.2242952	6202892.70120157	1141417.7770633	209257.753192932	244007.96411991	257393.99790352	49063.5667551577	149469.052761657	11941991.2154252	3451091.35751423	49375.3884229953	4415421.39714648	5590902.89186934	4650.90637011864	4076452.97891653	192302.819591047	2408494.79320251	28032702.2086205	74268.1859508293	86014.7228437226	433509.710651573	315365.38919118	18131977.7059276	1338198.17272174	115608.535837074	52700150.964613	158228.221912616	577552.194682084	3534059.11400807	1293636.56394745	124946.599992002
"945I"	4692050.69673819	231836.030046724	239045.24200811	689678.412401981	76791.1554600793	38095290.5999705	159681.25806064	96693.1939197465	268797.279939924	18484994.350387	33446.3756779392	509854.769437498	16796697.2483728	1816753.43293129	114375.517509803	475261.078874519	1122062.04707745	3263926.30576529	279699.701766086	129950.786048283	224702.966627358	10623587.2058653	845234.700200214	459107.026758529	111331.484645947	921641.128595434	80683237.0430488	49490.9538712313	138158.325735061	21306323.9043374	1797268.49592236	108239382.660335	6127993.13834306	393723.650698414	40665787.8930077	152633.147885848	3194062.0453515	29980873.3314708	1719919.42987294	102680.489270667
"946J"	1447637.98331648	1216806.24791657	4046365.29721151	10643.5678124517	203703.967046835	2695988.20331003	605931.717521128	487933.379585131	346854.792634571	4963469.93045808	393749.930195956	2759088.32630352	2084394.6902985	1443163.89874288	224037.195542398	779718.926412409	1246439.35287777	5011104.45934247	395743.26311521	231618.901700539	471079.795781636	6283.25136503557	3251957.18505032	11643634.0876192	153168.285600368	604350.958209146	1239045052.23303	239315.539184265	241482.904108893	11786813.2205528	66151.3444890731	18823925.5238786	868447.713926258	384976.750538852	6096190.55669955	513933.454544233	6384549.3408454	1536691.08266347	220666.809857285	5661920.1841804
"947K"	11824652.9727657	33453.2023628987	32416837.8508656	122002.443094637	5280818.15837388	7924618.07651866	491021.191310832	405611.951537646	43553.0027867735	1709786.08259366	1011685.80208122	3435857.47452744	359836.670857462	380975.374650197	162899.156492499	6595680.3697491	658971.830955361	880314.290952064	1553126.70400249	740734.106955272	7409674.40456064	553891.584424068	1038192.30628268	477509.794684076	288428.732448795	2232586.66172338	220132245.146304	156296.585166054	1733917.33396328	449122.336732249	1317218.24356859	5097560.47289702	3300107.33693737	2569665.59851279	1445321.866646	1000585.5103375	871247.889873876	2525894.90240621	2780317.59089883	1255149.00457848
"948L"	3730623.35432762	1131707.34810794	1363665.71227921	48795.0932531146	105979.708403785	2436771.97062453	293365.155829502	4454993.69488936	198270.945151721	134927.371381943	213686.684402498	9566521.44131703	182465.662658324	1277168.21142093	41022.9324486305	886138.769395121	446028.814220391	3197223.97488269	6781678.61074433	836921.964823201	976499.979568622	5199005.99272079	3321646.12481387	6535115.48299079	108770.368932925	10473419.6220207	23399185.1882916	5662190.16041016	19072.6748174102	1100683.67354484	118392.200506284	637076.972880266	11233748.4030807	138919.599535313	4885486.77871905	23352.1486326392	810757.01610446	9194841.50184056	1016813.3171925	156151.492848584
"949M"	99816.6653999731	440349.181940717	4888998.24433311	83826.2365611091	728103.128545258	12501259.1906799	340565.437175973	324822.03574011	157981.208505134	565303.139620444	203526.656119668	414847.237998841	2515050.17191291	247561.692225883	20297.7369647993	530812.405764043	4587244.18739573	5273976.76003961	3015852.6679356	475984.783650445	161773.281005079	2679014.50425199	290062.830530067	49155.3770100284	356671.018939393	2527129.89367481	23640574.862733	190959.50583641	3387636.50650772	631196.722119369	16502250.1672498	26506967.2815911	1768864.16486412	563924.811000358	10620215.0505488	9210.84033573962	7348184.05767959	14751144.2713628	245460.328729881	761930.389196623
"950N"	4126275.32228274	440825.830427667	1155757.30124674	85001.4124157769	269592.179681104	29956774.8219927	50403.2078857026	224704.107172134	267077.678364136	2702057.598841	11766.2764651793	74012.5036297974	314366.955776044	558941.175875291	129570.907974602	16732078.9609327	690717.118223798	7265221.76420982	5973899.74853548	56470.0546737674	648945.141203363	990606.691723246	103770.461148749	318260.964971313	705963.289025501	1091947.90793539	411306522.169244	40525.4057844872	61816.3146228735	1109088.98884193	364493.765846532	17258411.6954029	8577890.78044576	105491.275695012	11238635.2022129	172160.957324751	4176415.8881931	143228928.614538	3994812.22512009	3030484.59836957
"951O"	2353228.10224407	12630.0700066287	684474.470601806	63158.3683755627	53744.6197800731	3213435.38743399	260786.257068298	1124546.29335183	28487.1240729815	372886.714362484	218691.752730459	2532185.6099468	553019.526215553	7824003.06556044	38309.5796242587	12654120.2587001	12117980.5842456	7343321.51673017	26313878.8049298	326542.357362844	1199918.06381423	18742367.660576	234710.159458275	1166290.80775956	487602.502118379	2007863.06999533	18136646.5327186	699562.001996121	1887872.38314759	4642912.9508356	6240011.85809206	25722109.7761637	3555236.70716323	1067989.64388978	9734006.66452243	38646.6141713904	60895386.6374112	12002852.4235383	4061729.74356039	417633.997968437
"952P"	4115737.23106965	2704865.37988733	15239604.380366	20149.4030046046	788107.980249581	31843642.5142909	266285.332920973	172964.923013507	50002.1910584068	1282796.09308187	54434.8975266949	31954.4559110497	2092011.41422261	1990001.17161954	213646.784735785	26021372.6089661	5152644.26617511	1285222.37687017	15723807.9501318	291929.209078454	377521.388415033	545930.603999385	914923.687251172	55863371.302432	3187401.51223784	9321359.44265992	169963923.522929	65360.6457992638	118960.471812437	1178923.89716944	163831.334652063	11314198.9154012	82022.8561004772	497730.051175844	1398085.21248793	30136.3626097352	1559298.24375426	7288468.91856282	5031674.33226576	527795.546520322
"953Q"	21710748.0790632	23554.3172720913	1508538.37600334	160695.268810251	43739.383675591	2182442.66838491	1353518.59021294	946153.350026851	77930.7756612104	5784153.34083329	105440.890003069	5374852.80327119	191975.878943241	1801119.90923673	1093433.48317565	1496452.44827489	2958241.8987102	3459522.02666764	396609.055283736	279194.984319638	918500.614640153	1210575.7593881	1922057.09879538	1349908.9967915	49625.9821182628	26974591.0506624	117940093.353901	1622643.67380375	4398.12208079917	12946455.2999185	1165890.50641203	233219.885153918	3714786.9058013	1472209.11788281	42289503.6101906	75194.5457550065	721271.656606252	1085776.86953517	1121447.62806146	12651.3849851494
"954R"	3208536.10167705	428021.714898287	39397177.88669	315907.976554768	97591.6647510784	421030.564685777	1512444.54745384	164617.759632532	102786.641085265	272041.743787404	1519350.3329453	271673.614427413	471220.184583808	895403.08858653	81487.8027466488	1781094.16078679	4265026.31900199	748713.877240565	9689563.24553173	381936.98782475	423853.589067032	347634.687183464	3602737.13490263	14331823.1605883	44332.5822636208	2586658.63769276	429665065.04135	11396778.713487	49416.626848306	1331410.48547452	536793.344850184	14651646.6032196	991556.869193067	292577.494261702	3790372.30620749	932803.850643946	2620412.3397278	3373230.44911544	840654.780244111	573495.194432882
"955S"	6635781.63059075	399558.577499826	11185213.7971931	45376.704721542	154656.434088672	13757413.6651131	638168.242846628	911846.026931349	76079.0597047037	1060972.74700717	111171.353317512	1231667.62139041	1027303.06195548	72691.5735752446	2605135.1212006	417170.316109214	1108314.71753769	643696.887646381	454453.650086557	114853.615904518	1888468.40709829	1059816.58188293	311918.757032065	836725.671765532	48674.7367309027	8338665.70270591	10316557.1905052	1001451.67697961	352873.090462538	5907891.64846993	1919653.30180136	21096380.1902831	185452.537082111	146187.620973207	20449820.1953587	56232.6744590479	230234.084268656	7599487.5346805	216513.088969403	249179.773041658
"956T"	1091226.59731367	74038.5510706421	3079966.68987635	428569.60006505	626707.169857283	5922419.27279355	20526.6854610691	1379443.44475892	275208.949842282	6417563.85879778	80613.8376561268	4820904.61812834	134827.388215332	3226740.00832996	294870.363876894	546699.844749027	1942059.96628616	10155435.8908334	401367.107507575	90959.4080471813	1005257.49105641	1419139.33594417	305515.826583936	2504481.14637447	219746.427963217	137422232.313926	5505140528.59763	293036.484424229	78957.6418136818	6207668.09016294	8545946.47895182	3250471.29805531	3110736.9169534	423968.47102749	1018265.75963727	14265.9767866332	1071684.74241183	894323.477737408	675879.910546182	6643059.51562385
"957U"	581474.629398247	51787.8540848426	1062915.61961929	7834.9344747733	202841.032898779	107453010.906435	126226.766275637	198749.226574731	130012.790055109	2095291.42803941	295722.400817264	1275706.62773788	96938.0473081943	342183.867598492	189719.945868857	3377500.08736081	3419328.94362841	893954.028762124	8319886.94965052	260285.5670794	638026.405287903	2523334.41095271	15487151.6227949	11431944.5364981	3175974.34042105	5125848.68044113	253964683.192344	323569.039720817	64182.9602052448	1426154.88703206	1485317.16411685	65687629.8110578	2667079.37484822	98719.2292703368	4702874.41564537	1217667.58690338	21286299.2810385	8237247.44100255	1012669.71223713	70531.3858844035
"958V"	787043.728859309	41625.8054224805	1789092.89636079	50934.9927195474	109919.313286103	8970845.69137205	25775.2575640572	51809.7212563152	93475.9448086054	808740.479092917	313801.93893597	119772.425791224	1097577.32840748	331480.452143444	26143.6693079462	1294476.31342979	317077.990239043	12493451.7622707	659051.104238672	1594201.79019505	158460.866711189	3040143.02118689	5007.28298740486	4061202.75771687	115555.687392112	9232525.46851647	26624444.5781084	970582.478790271	99564.4527053372	4389372.29365855	82006.9049782055	424278.92655092	2522908.2432364	7095212.84873157	17598843.3369538	11607.5942880836	6327392.15579759	27724197.464246	1317919.19573662	393359.031401589
"959W"	549157.293315249	1251453.63632063	1466870.77154257	67358.1700321099	3000503.84691735	8019371.71817276	4963309.84229994	1390800.13626736	418254.616047281	664531.615690306	1113360.2279679	2517191.86335075	1058661.47083654	1078454.97931639	1167446.63325802	657608.652043219	2131037.72432323	4226351.13233052	1055857.61547124	619416.501147924	268359.210661206	643032.101735386	177855.678094617	5472490.61454674	40859.4117158274	2018086.85120833	11631253.8872796	930142.612461565	11743.2993893795	246237.50840846	455822.19865077	41617057.4012471	9553757.47166604	25233.9966272215	526568419.155838	109340.366540911	2177458.67959969	74752614.0224137	1148969.67698266	475349.34283989
"960X"	135168.04548699	81215.2161056697	8265409.72300332	435361.324211858	3066879.39750933	88628175.1715027	154242.323255918	1380322.76278393	224065.901606195	2847905.42295602	726266.533632389	598865.007082839	605286.977619858	2668390.97747503	369691.77148086	999649.543977039	221925.537654497	5791525.53813734	55562643.5238237	1625760.42449219	803078.707206856	3829221.47976734	3067268.01632597	2744583.31985034	123289.132849632	949542.34852266	53281112.0905562	160391.754167592	29988.405653314	11700786.7699749	2602254.42689828	4720085.6221621	567130.611810109	407692.862239472	20810629.322177	115986.03400098	3024077.84615331	5619306.11956527	67902.3481163179	329569.210777931
"961Y"	275937.997675822	19621.3142973502	934454.943649392	388349.799920957	318863.153940882	780161.58674901	1006142.7536073	3822298.97804556	919855.434642705	9248276.63127921	130841.739421311	1690460.21103075	13151237.7903804	548505.125924692	643861.067036377	229525.456599224	2126305.99891282	84922448.5134802	862707.37479463	84979.5601613901	4895140.8258873	760635.545817097	432310.044515004	4678561.43802468	490323.698926728	2554661.52141494	15280000.4130125	176836.552689065	82869.3805257476	2491818.38660969	4010712.23515879	29633036.8954134	1589295.30063662	528242.847501066	41459538.5245226	153101.027163377	2211362.22534502	512088680.72772	245249.957054534	183664.435683987
"962Z"	1898167.18427128	274607.023454911	2258762.74919981	223470.214539962	53800.2268598064	4111627.326134	765186.27821397	897631.203805732	254329.889482504	29230.9413444626	59569.7776471569	77698958.5653534	6709512.68084888	855594.841436013	42883.5936719983	498837.724726583	475184.657271605	19395858.8650432	392345.885291025	2402260.30348625	154676.20441553	2305252.79236362	258000.991393616	2129507.14839525	145424.115729306	24084307.3597882	52910614.7606472	54978.9007871595	462472.819942652	1026550.02151637	5578991.76236887	8970635.29133913	1245768.16215309	413818.126266143	2319863.65018397	756933.82915056	17427187.6265695	10200875.5627768	2817307.25505792	317807.682864371
"963A"	6093451.41727568	3426628.96009044	1312909.72476804	143332.081877099	50236.0466662776	1068275.74201397	125006.141992379	2878341.16788419	136888.555186441	1286715.56431818	36723.5920222543	4967462.19114566	383322.384794186	2515146.63288058	108282.703553294	323119.771807788	1887398.22804725	429749.059080411	12647998.4557999	159753.335012742	618468.134669736	860872.477533843	292505.148230505	627381.317677271	16002.8077361878	372731.998391915	13659412.4553713	507172.33585424	714805.938726338	44707468.028024	2682207.61331529	41129931.4658375	19411531.5090697	23837.4634177213	4181075.80587918	42033.6009390177	5598517.91515077	2331387.88476942	17182747.203921	417732.85578995
"964B"	245503.386859667	117621.815692513	2472062.98088468	391194.361767563	1141123.56961336	781506.038849022	1469089.52560916	40522.5296377029	93764.4131021075	7282214.57704255	876218.680652473	311091.83932	179238.343899397	3130742.51874526	612122.229918432	367430.002727408	5715747.31251757	1575233.83518323	649278.090261022	1708462.81242011	202867.333706866	26387.9919035899	1539012.74958456	1390207.5010699	52267.7430650861	1822019.32146818	16741176.2157048	1303314.41007387	1295300.97553102	3337546.41867818	2914258.14604999	10419498.8708621	1496512.52875484	98066.0184281413	14597710.1677639	357334.368742271	10295941.7035071	11198096.6283486	1295430.44582872	73972.1573855908
"965C"	828706.328934531	360523.673189339	2665162.03603133	42996.4620768661	57381.2640189659	738203.612034245	22277.1545203502	603511.036759363	16454.0991810981	34688.5167261899	1202040.1764521	3313990.338272	1743756.55354844	589774.809010572	148601.310228487	1037289.40718151	1786137.78630661	2321874.31240113	2041626.98185864	76167.3770342347	608118.567486821	642976.744333973	318665.071753779	386142.272661218	4154.99238244194	7398387.4147501	59296780.3930133	1770839.7115402	63005.5056954833	8725456.60279992	94378.2301901096	68371106.7088491	1129103.70533592	4963867.7608508	23000190.6569185	521705.542782922	29295439.6817819	29109824.1313891	3851518.03641149	1122849.74218405
"966D"	251747.923545245	44654.86128437	58355091.0082222	13102.7458303721	1131173.4020471	850399.910959635	270637.605937097	598007.193511865	202408.555672687	23484831.2562195	275855.014435532	2431646.01060775	889531.878860727	3071987.23441361	276894.671034364	147834.055952124	259645.071950749	18764683.5437222	2122179.7514929	727961.661706801	430061.832094725	1559125.64330574	675436.051874253	174188.816327655	315255.833804251	20799944.8886201	792770472.15848	654582.343856108	33733.8949463106	12736259.6775592	155651.609726431	45435456.1606562	1555712.86636117	1402407.78003586	91441136.4494888	132386.986245142	11780132.1777634	13033090.2086929	413258.944336125	693740.998426843
"967E"	205636.549581773	174345.403561635	3961792.88308869	1027908.74633778	1293785.00069411	385229.161245699	117659.600844837	301133.043182217	433090.721729204	360919.529359396	2854350.84627045	6309335.13477275	725885.436412797	11695897.988716	482894.828242082	2838472.91107134	550906.036109854	1104077.69098818	2291799.12665836	469590.704269102	177964.445479991	6294997.2351817	262600.593663055	4447783.17604413	124670.691008228	25242199.4200298	91107645.6902219	3634605.05818632	1673854.17222558	33917627.2482475	2321705.80782373	189452321.990828	654135.541970328	227077.519346419	25375076.0832509	1345768.54875112	25769684.0056016	9618607.28463494	684076.334851448	483015.007007808
"968F"	6533660.47565877	76374.9072405999	10879530.420787	87112.0934348111	1500547.0168369	333437.50868407	149050.046474171	2065375.3024378	470462.846314467	24847024.6981728	281737.675792283	11305491.1832973	644909.13849004	1901340.11143633	21384.9385827909	1113202.20784734	946393.44472802	5918485.81691359	6998048.58936699	95869.0708269341	295461.769757274	1255468.55728878	343807.219099133	126062.970705694	135402.076698314	4759292.13505873	86958792.0001426	695430.051281089	457347.310063013	5824076.97431167	3743680.60416609	42342901.5913015	25202396.0456874	84063.2751342511	6993475.18422885	896212.014122205	4663960.2214829	163878734.444212	1134989.37178362	6219.29737929125
"969G"	82241867.2254775	2157512.05227192	2484721.50065196	1372.26469897268	265007.677594646	14107264.4928814	277404.512304118	2029296.35148432	191650.829027553	580679.184107228	126508.071656983	362664.626355737	1842628.20056571	112555.309870388	20946.5804365312	1110540.95684652	309397.544462399	16264520.6380235	3375907.92551818	974509.083031902	770474.772600749	200645.987764892	9124543.82280264	3232297.04166126	128918.370269837	4030263.1001078	50993845.139665	70422143.8845437	478841.969054025	1989765.65677122	60263.8573981753	2831056.44445289	572886.138847455	495954.213596307	14031232.4097269	514393.492576892	3390073.41778789	6178870.40720955	2621234.95023395	30471.5748797888
"970H"	225696.169362529	295270.718807709	411416.657171813	97928.102577647	81506.9916406714	3453674.60144704	758894.735147562	4426791.65754504	83173.1201713165	360775.58833449	411752.598686156	5323845.63836939	4941046.02934654	953258.498533338	306443.664247748	1300378.87595942	5866984.78199949	6973564.49093341	3543181.65462523	6155.67521780079	205648.940963779	223814.229951917	736601.072723816	539143.208986787	73585.3798245927	595901.823020044	8079698.3046259	2476609.27837475	97679.5437466638	8278519.98044156	360206.283020254	399505.249535339	1846099.98509428	1204561.23057118	3034994.79169414	95982.4513205846	3814291.74902275	6444349.77439819	111242.221736432	2156977.91369872
"971I"	518304.226111412	214909.185913864	268090.222115877	1094262.25462044	168729.956015315	412247.143689551	113840.932961462	1135821.88683187	65388.2460783914	402488.204774816	266243.630906431	29105.7274764926	1798225.49180267	3412732.51109404	113995.114088474	711618.209836487	128777.721217375	31006118.1486417	7285035.73380115	213409.133559146	166808.999518632	1130750.7427386	710277.014870226	688010.243123843	162220.985813906	4127966.46882226	236140374.85195	45772.0464235503	550782.457433369	1433174.6059543	640212.696008854	13879883.2563307	19905977.9482195	188254.548860127	5712493.70557488	208380.691603477	3343702.74978096	235871.275018091	1660733.55048134	153825.040860233
"972J"	996050.379059832	16494.056303916	916601.527268062	43243.5669183525	2922968.06339495	4209483.89742905	531341.979399195	3714583.25054391	1041167.07608263	2004094.99829583	135843.481255871	8728130.53467285	1116323.55794586	35357.91699816	253712.169488927	10411073.9180843	1405258.5186147	215353.982431609	327380.093086589	399005.080268971	228823.056627591	822959.044638586	823929.487215801	153901.139376941	47996.1296705946	1063795.90452392	100629367.50506	50190.0913486411	532363.439065258	2100798.92465064	430595.39480925	6728278.49562636	5082039.18518614	265480.364461348	3216943.68189505	9730.68964439369	12100181.3357006	8507804.67107647	394749.146459924	1354875.37872053
"973K"	3925607.55073019	473778.930640639	6661111.33240852	90894.6275607799	118414.330550932	4596545.4995299	1227820.74416363	4401559.28212321	451588.322606204	2697855.44378207	110504.65049734	1020307.61533037	123820.690583975	185658.458572039	98414.538831698	1144813.11613088	4327044.66748002	1776047.54225665	968864.559915533	119210.904457661	464735.984711759	561024.477495948	453419.899615092	550646.465111992	569151.721622479	1861496.60437796	356104359.062553	1627376.96520111	226688.010039322	470142.267671517	6386487.53558511	1840553.35299728	671685.456845609	116065.503336737	1011735.87872114	104564.213805297	6713558.51890914	2105388.23467112	2243772.50477835	2390301.81225871
"974L"	994354.514594076	953835.921655406	567559.074309597	54111.0990668659	543594.575199632	7054852.79813463	44765.4544844538	198931.622192051	77438.2417711186	2866192.58446092	159305.841851197	1554097.14927041	766309.270106625	873866.187489763	33621.4438242253	448107.642515078	3378116.02904037	894085.446267858	1442971.84634985	938252.604702136	9476434.68777548	23866966.8038032	1250464.3091375	1008691.46900396	7892.42354574081	171263.361748845	6878565.74514541	36031.9886804456	293104.275264693	600182.084049448	25932541.676312	3113930.60600616	1126211.64228586	446733.685682042	3746426.35676754	53237.1985093979	20803895.6208747	2148267.44342925	292771.413548067	598732.762984053
"975M"	188292.105621417	214660.242206425	3614909.47715574	59469.5525772835	210736.068450048	1771615.52060719	541437.83260863	718856.862359418	206647.185067576	2395741.58358419	1576762.38901599	2433248.07734487	6909711.77334142	4258156.67687949	65688.9840815169	5904459.06706453	405542.573345233	7656699.69756663	4417543.86809505	101475.249815143	1283322.04783433	3262580.48253879	1725938.94963322	6156224.98678478	942367.911903172	266576.735274471	26088769.6999614	267036.074762527	69893.320889574	2570436.91624892	776493.219473452	13160769.9167953	3624550.84920112	1349612.71460442	11079586.0417028	684546.999815053	13695299.0004837	15004910.5996967	243353.594966371	650430.129984002
"976N"	397146.890854638	195990.914844344	3094559.9000369	103571.314974686	764614.886858468	1244992.8148481	194612.556214372	17575423.4829076	369265.420475543	1526512.701657	93602.8451294983	10196937.1253326	4470186.39066013	481227.933561782	8427.163622353	1754832.01446476	851871.409283821	14962762.6426843	2371596.88930503	3410635.79030789	758700.323127864	123786.66538235	691851.783198134	1344159.17115448	85050.4858773756	18922988.49066	18285982.7134476	421112.825893333	72424.1716914037	1914180.3702311	2409813.15555383	61455971.7519256	473275.762906087	2867084.66570857	14110577.4214545	172307.768350269	12128750.6959808	9908467.96315923	230933.10202017	946931.309658762
"977O"	9158088.79452343	1930541.02044501	9111305.02686052	77009.2466983982	49012.2098482476	10467992.3188143	491641.808917348	1779134.5694983	70941.1343163167	639255.845114473	1166596.30161733	615119.104418135	968724.4645256	2318475.35204926	484936.512323862	998597.674721523	165962.062350757	2075394.37454254	38779330.0247093	11645506.0987921	5294455.55974103	1591284.79425464	860771.277237381	226645.785077717	264022.5296067	17724028.6981559	96323627.984665	4007867.46773289	700093.587668894	2184796.06319828	5657896.15841946	53887852.4511748	4387821.73765016	983925.291123001	33362081.3482455	595231.909367957	1478353.02476467	16039022.1248018	120126.03273968	5326451.47628401
"978P"	1207613.21794841	200475.817751965	2214643.95823193	78998.8315693952	32240.4334500541	309921.696246819	142869.767392223	67053.2507088382	34433.8500198448	150234.062757724	100391.336535684	706405.702112534	5708692.25110984	2485941.6888872	450093.754795285	274631.836584695	1776811.84019433	778063.10199381	723919.42715663	4190323.61430331	1573558.25408492	1020017.99280283	3295657.55302003	3024374.70963858	439238.175619872	366267.074930202	150998985.784001	7158069.32458023	484126.540359078	220259.722663681	1178664.30134914	86293754.6936492	1137900.0963943	785462.271756094	350692.402732601	1034290.91359352	14526390.7968529	61873760.4165126	407227.818254815	362219.271386715
"979Q"	557024.717927877	76375.7424141363	4614908.85436551	48019.5604770223	1195939.58632292	630196.804568601	90127.9164018065	2528241.573806	376592.19730037	157331.783789881	188818.743581005	550708.319241236	2883156.33398345	2175516.72287595	390736.115690456	422042.867202581	2051837.87264104	47295390.8071589	16821778.6658588	636652.71820722	22463396.6132374	2464079.1222318	105755.111303904	1507154.03956318	573732.562783467	283707.40540852	174964051.164309	449757.223943906	146181.236315154	7861462.58064628	2537278.51080245	7494327.53461846	218169.596741656	630300.712074124	931296.06740361	379812.960535385	8720469.79669543	35171208.2503757	318954.117575352	126855.181494373
"980R"	255780.206112129	41299.0534764893	8057286.42420557	229751.845682334	4356743.51771148	2389078.79394476	2193768.80948808	793817.381758345	120965.745767197	1102431.69916079	209035.691841975	905634.94668178	1813671.63556383	1254769.66755589	17009.9547980908	1212376.3856766	3539217.27990237	2611016.24938472	1199236.80216101	213447.174080471	252799.752550263	788786.564621467	48772.2360554915	715601.777229617	987207.406786333	6186564.81022723	31450884.2902258	1633807.23971145	1395259.17354182	1698198.39027381	2125292.81465449	5173792.31048256	7985954.09750201	34348.5690072181	25968208.0131943	83938.2876624251	1294120.27907899	6898488.89421844	94450.0114019216	357488.945884468
"981S"	500257.878311325	189453.144932157	203942.859738737	207934.966496783	351044.330403256	1159919.62030509	272509.207319625	659831.136498249	2521129.47591213	1491956.50440187	1173437.77310344	469872.282091571	1379843.47401484	144586.212421666	70361.2062251595	1465899.6409178	2228543.56336931	10236964.0147393	8201244.9011275	1612376.59300856	3656519.27805218	1785403.68921187	316967.662102418	2783587.17719958	39408.5236572249	2988377.00021513	94151120.0651942	193490.161638351	7080532.68611664	1921986.51219271	4264550.58752706	9953671.14787314	11164465.381087	210385.46756307	623592.524698998	19716.4400570692	2267761.55281701	3324883.60535906	322551.920932007	4285800.97867659
"982T"	520190.163072862	80157.1225818014	7573432.32078508	35597.2069642682	79620.75187166	2070492.14034769	229737.346814413	2519669.36476581	271684.491745851	2836922.25427465	97290.557579124	459002.993707332	1228791.85626246	636858.545876328	216442.213569863	530290.134700603	2403650.12265916	921104.843377208	448086.124865245	801419.247763893	234101.232467163	1210242.84205112	574768.588389317	4173423.26573144	414264.091661865	279401.790117969	119781047.813634	215131.419357021	43263.706771277	1704867.14390458	645562.672476961	774362.204346852	293032.018767096	78132.4024055597	221103311.267066	9358.27761564975	9784536.47112924	8958758.43509489	3737863.07982177	307767.717162008
"983U"	3298281.4669962	81844.3807225095	3811405.06291966	296483.714745721	806677.068135599	1842113.35002414	5856352.02162696	648848.205595861	69056.8117112817	5130001.44399481	42864.3160048202	268922.435058452	174311.415552636	301507.262411243	429458.585857903	1716519.15648875	19421062.2979272	2495744.28401545	403346.609116793	640241.693105235	417496.090285819	910485.785798219	2321141.1753526	1383947.20120819	20517.4050434188	12813796.0300134	97470463.0500666	227879.565455533	152134.835992769	633430.890693298	241961.896252363	1587128.73218761	461492.449773512	493333.6118245	106273498.869408	2067311.30734925	362309.160124613	1907867.50359785	9028787.27725706	89206.3178916931
"984V"	2302565.13441299	1621990.73822435	535067.064853026	22561.2376171064	334161.608420465	1812516.89103979	62243.4157586538	42270.7419771429	103220.271504554	827060.645266044	653411.366961597	81675.5070803911	1390263.51177586	270857.098605629	1295440.85691034	203520.310980336	1193069.77597047	3895489.99961027	3464997.45602132	72335.2752638629	1281308.04834575	4901202.28279488	107440.297851606	2592185.16355732	737607.283565559	2098018.35351449	31880756.5707794	2161107.83192979	29447.3805386785	5127971.38918949	887802.621572328	36181642.1559734	1240540.0110983	602889.849471083	1258277.33950836	490089.471991351	2701306.39912336	13194856.3328961	663862.338305814	440723.894374426
"985W"	19076805.0648965	83120.5012555327	1870102.219587	760565.637412879	289710.381611569	3878936.98916716	367452.405105461	342013.253134122	8260.45513269336	12390155.9307975	267012.249964107	468941.893983245	7919109.64088871	16105729.8852553	427577.855358758	1816875.07810846	1971706.76391642	1179312.42575542	5157986.13651578	1862452.41678494	1325553.18970074	262351.091462751	5898636.15802324	501795.939725868	171136.895829382	969176.624372884	368345505.017836	272895.65283977	13156.5296851895	1338052.25447291	45693803.9146561	12937634.9169987	3386639.17572108	78662.6910427258	11685856.7586403	24687.3796848591	3171748.7540997	592938.1408125	6245044.30690084	4652623.84814816
"986X"	1317377.55504358	111152.59387081	10469134.6993344	125663.20683265	142837.455973763	380509.076361645	23838.7424440841	261451.222257148	189559.397833681	4983711.1486053	207168.565901181	744982.983430947	249941.559051045	4335395.32634449	59784.5074258602	1660801.90023653	3335400.42119287	6210592.82913497	11327689.6817802	2560278.46354982	217272.750728808	106708.613346268	888187.597525782	1114441.30337516	58270.0562687261	9704604.8995779	9559874.06749304	986966.932031309	45230.1546183526	6277292.41102445	1333427.20295329	4113488.49492722	1340206.39387536	356949.388635775	9329503.80636866	10532.5960993318	28972877.7177793	1828877.61795309	644425.140686562	293836.249939831
"987Y"	2801434.58392844	623500.910638596	1334462.60784446	130883.598840366	3230253.06989818	4485097.38407714	133585.865941368	78032.2981609174	169090.123905144	3378000.00179653	95923.9225751021	326654.527703192	107157.63935127	1898828.84697326	26237.9907875257	479592.761619425	1235131.85321896	2446445.22394606	1825509.02159469	116005.941802081	158394.378567428	541728.379105787	2118454.50554226	1210091.87339161	62377.0700823215	442142.687229781	27242024.1573375	235178.641548843	13001.0324033815	1727492.00328419	5583378.75078922	11972561.6090249	3950095.0433681	1005485.10210563	5013318.26400474	463099.991121567	622453.303472087	1974841.20040406	363578.75940154	1256243.85544728
"988Z"	396846.155740794	39323.592062573	35272706.8360625	2328677.4982488	479177.007241144	2653218.86153353	9059283.88100451	2917778.59305321	5553.19687279808	1553878.74854237	66333.357269374	1415971.90378934	3451907.26989294	3133650.86053449	1234271.95384964	1068929.23726234	831969.205540769	1459349.38814743	6718182.83791283	231483.308619232	346073.108610309	1413661.82015523	485210.609545755	1846534.91076213	258549.165835429	1095334.79717531	11054266.2745318	1068853.1454427	38441.4360177631	918780.021691716	5346099.76063746	22039461.5996893	447831.204006506	154367.591690689	201668501.007556	387606.61729195	831018.627480579	13543643.5671785	770970.926527439	78432.5636215129
"989A"	413989.368611247	200948.730388115	534250.313822059	80039.7923362324	232863.884452569	1067969.87887195	300497.050251089	492757.92222376	100244.030268223	1456348.66390569	4070025.15838285	5706069.33107434	10486377.8578274	189738.558358709	839688.385915794	59321.4173802155	683723.55568779	3046763.23738228	4863512.13261713	685279.808799775	2123763.04358911	66690.8482648773	310835.452619061	6187682.13572832	117167.834382468	385217.185329183	1103058911.83084	692100.955457909	78263.7043929882	92400.4594632561	21888.3910717718	13623108.4286694	9316096.97772795	118438.918812892	7334645.9838229	320545.903050103	6357201.8275821	4579980.20668663	303927.292507784	2647729.32142932
"990B"	985220.415161929	249635.094272674	7654227.97796133	265652.196003157	3946450.86054445	433929.272525652	224445.801975984	144819.554114875	131563.436961263	5340107.81712657	49108.2002008725	5833616.3675856	662914.563506163	7233428.62729555	330145.645432445	689449.177793579	884834.235750035	72759483.9159042	3999950.56689474	521992.573477912	93880.4507228174	2259289.2629574	742519.328000498	67182.6942205854	53351.4167868933	4004568.16830997	38518240.1820277	165801.715784762	180105.735742766	2947566.42808593	3261085.17607755	4452307.89704675	4132944.4322752	286297.098209243	70189342.2034748	61848.3294099786	1370940.4591479	18107951.903923	3116780.08748291	107160.919865602
"991C"	2065997.13653134	145183.422578847	2849122.88017078	14822.7350150146	790277.024550222	16011996.9205579	71945.6046141252	140900.469651015	62631.0247323354	6451690.65714845	301317.222012643	274323.466521475	8485793.66857809	1164237.50577089	1052735.58980481	14346479.6218158	916464.786182101	816704.802336868	4632074.80905887	1317686.7577901	1187049.6289521	758538.097354493	6501620.99762435	2323545.14083342	50486.5649143185	1524587.6228634	25941994.5942291	10454119.3261448	32167.5536511095	12823843.6603253	286437.410006151	15097472.989196	2470670.77428758	104986.225563474	1664591.86507553	29635.6595023523	5385482.9104468	2042722.53618784	1581137.45387155	460955.728736439
"992D"	961759.370014581	735096.564099994	5441126.74463897	415910.325606696	532488.338463449	7464647.36235056	515452.539305718	743070.521982477	4705485.47553723	463181.665221507	387947.493703403	2628721.44356828	1343614.12359838	1127594.06840239	476156.222490785	280589.337669159	32314441.1818095	13151994.2049374	952430.344276754	1449978.93059897	2725339.5986559	243242.495675354	205146.690824575	1186743.26282809	1320792.86234197	816074.84756496	89118957.7446124	3485211.23279864	604106.981167563	4273137.56015257	2703342.8064737	5248607.12845007	9714679.6425128	2717564.25683104	8938354.52932955	17890.6744713498	15693074.3420526	9632554.4339037	726426.506089277	867654.045682681
"993E"	1540905.61252385	1000288.50881119	18399750.6693075	69124.4930395892	648528.106135108	345000.141966238	2266524.60155411	5076863.99419738	134051.338366277	1205327.31403363	737976.311459491	851588.563327337	704558.729393675	346428.025873018	281214.417543507	90218.3447787323	3129964.36863808	9505805.57898017	938912.959373649	537620.321095072	134293.064910993	1679320.62175954	163385.085053161	192149.947680133	363770.075153707	514954.351454198	18794139.1037342	382334.396385934	227920.772750463	944040.662822355	3640615.86625257	4736206.88993579	537812.042768644	1797611.26649927	12581309.8585974	67205.3604139325	2018848.37536455	1157317.48791076	137966.659231902	1111724.20618627
"994F"	7736805.70692071	954297.055618813	10051051.7537627	163592.530098707	151440.57119443	1397613.19233448	778034.515541001	495669.957875766	223074.477619389	936524.565524783	251955.778457449	34539.7228047019	811023.51431549	677300.891384189	330313.006138454	5533756.66165715	23729936.2513883	1460699.26425307	109171.602282759	222241.27005672	821083.440904286	8049999.43700524	728936.206738122	869605.489466914	212898.621907337	5586721.13935868	143277976.169644	1336565.47283553	316035.251884276	2512032.34341009	441962.736953587	4150448.22676668	2217800.05797883	123576.120307191	33996483.0908649	36903.535521677	51119459.6988484	925325.208979961	5891641.36077835	144193.938882174
"995G"	1738021.67556797	14259.6066972886	15048627.5900628	62259.6916631248	662076.310854813	465256.343704235	91730.0187982845	3088588.49285513	56651.2814572859	2293458.90079328	412872.918405019	10158492.6431586	1397603.40018763	2586340.46647434	2975949.393768	809364.173475353	188856.826550565	4409571.88919537	360046.685764164	4223553.27319995	952494.406015292	570431.146172341	3220532.39792591	559892.244328548	527462.8029224	1021323.67943404	146047082.520822	5922725.86128043	28064.990150289	2716924.67435229	480355.400565377	4418367.97318474	2037477.53368705	429429.516331485	5607785.1885138	537875.368821415	925852.660429808	9332449.25625958	2102769.14215337	102591.14557955
"996H"	3244062.49811092	2379349.61061684	3241733.5397354	369489.030499077	241707.868911055	1617945.21669063	798518.373727467	249657.446830473	1238206.10567828	464718.515090926	169026.008763115	5227027.01857823	173044.010904019	311858.658263138	90314.3441531051	2082791.17094703	494508.533060084	1095503.64154361	4478800.83674317	339411.247757358	222331.854884186	1711927.64419403	455030.833313911	4978447.74737505	45936.590386608	2453208.36360817	328025248.045476	348937.267704858	205637.558194212	207576.759898271	128047.639321776	23666245.2277836	5825135.42875139	639678.246189776	35723541.3295744	37467.9717872801	9787410.71889588	5222434.65251009	813341.962323391	141865.403025071
"997I"	87305.0694364392	293276.899377134	274883.840873085	58550.4228730925	314757.778992792	3051136.77025974	37174.1424420652	850930.946521551	26394.5199500413	388058.011138441	415927.299209928	7364713.58398747	632655.275673572	4943617.09440291	252028.678424737	3010091.93505945	1125997.63881317	6672501.06900153	5540054.93211756	39979.814627145	5246627.66952714	500531.94316422	589716.354143752	5992305.41729085	63833.9505159945	1134384.96805011	17224692.3069534	897020.80398922	321487.683842382	1768689.39543931	1607111.98322629	2739177.55447906	637379.327490041	1729618.04716788	51553977.7846163	78427.9583230574	15255994.55889	4436116.00110568	1471691.84536391	1625178.40861843
"998J"	309394.749276855	373732.348230006	575130.632520871	18203.0283205325	920126.159738312	10113311.1741495	64561.8379638368	93895.8438427497	364151.75143898	462613.647579582	201139.489931415	2751306.56681895	2524665.6835433	916365.737341476	217429.884607934	3205975.62189081	270740.13756364	4296589.59964989	271484.51967789	108788.430153972	838321.992716665	284157.446814281	1163779.44888133	394346.990517145	524489.797083425	2360358.40616617	159345990.292203	1208260.42076729	271086.480370271	8249574.10738304	757548.555085653	5498706.61338129	4193447.02968908	422068.831991629	18074078.517042	17919.2294196155	3770906.58102106	7784186.92367422	995257.285552763	162759.368069535
"999K"	15126522.1441265	89765.8866388851	43356798.1688563	42098.668927301	34790.5391154152	110131.792807944	199589.991255088	708994.37897815	216023.478979056	7933259.42875815	87461.7812744517	10981705.9186078	2511908.88041279	81443.4006501791	48609.8711722797	1834126.07100839	61411.7979644151	1755170.84341804	450842.692648803	1802883.68719133	81685.0159324294	1383549.55567199	75454.4876268197	8984098.99040663	44156.9382416148	1617196.36643399	206274215.296167	279691.557280123	555658.237448063	303789.515155243	1675353.87063272	7669405.2882472	1031537.72483361	2972342.95432419	146438664.360288	149411.210045663	1333344.72534781	11676184.377054	1500220.26842327	41663.08567191
"1000L"	1116077.7314932	625461.433719602	293690.729950219	91221.695045221	229138.147636537	3975742.13757452	36135.1243401468	974807.031603212	114774.695847984	2954922.45732553	401959.810162234	227656.318303607	2178014.88847595	541836.752759875	220607.496296866	274155.589981214	2023501.03513377	4949025.82190896	1977317.77753095	514008.747385017	1126658.22479148	537215.100454533	1397458.06098561	2565143.57461454	1899957.41830902	6347539.62954909	70564012.5828039	4696252.7910377	575712.491901864	1197008.59558743	420463.014534103	30200118.5710461	42999430.4565844	30879.5703034864	15892829.3437265	77603.6289950199	1988630.31256787	903824.255974068	995831.694380255	235472.661511899
